[
  {
    "client_msg_id": "19957c1b-dd90-4560-aeee-9d02bbbce25c",
    "type": "message",
    "text": "What new problems will technology create by 2023?",
    "user": "U03UHB8CXDY",
    "ts": "1667977535.531309",
    "blocks": [
      {
        "type": "rich_text",
        "block_id": "jhYbP",
        "elements": [
          {
            "type": "rich_text_section",
            "elements": [
              {
                "type": "text",
                "text": "What new problems will technology create by 2023?"
              }
            ]
          }
        ]
      }
    ],
    "team": "T03U4J8HMUG",
    "user_team": "T03U4J8HMUG",
    "source_team": "T03U4J8HMUG",
    "user_profile": {
      "avatar_hash": "374fee609510",
      "image_72": "https://avatars.slack-edge.com/2022-09-30/4159182498980_374fee609510e6ff1526_72.jpg",
      "first_name": "Yvonne",
      "real_name": "Yvonne Gonzalez",
      "display_name": "Yvonne Gonzalez",
      "team": "T03U4J8HMUG",
      "name": "Yvonne",
      "is_restricted": false,
      "is_ultra_restricted": false
    },
    "edited": {
      "user": "U03UHB8CXDY",
      "ts": "1667978445.000000"
    },
    "thread_ts": "1667977535.531309",
    "reply_count": 5,
    "reply_users_count": 2,
    "latest_reply": "1668593758.380499",
    "reply_users": [
      "U03V785NLSU",
      "U03UHB8CXDY"
    ],
    "replies": [
      {
        "user": "U03V785NLSU",
        "ts": "1667978564.112459"
      },
      {
        "user": "U03V785NLSU",
        "ts": "1667978892.698929"
      },
      {
        "user": "U03V785NLSU",
        "ts": "1667978898.119379"
      },
      {
        "user": "U03UHB8CXDY",
        "ts": "1667993270.334719"
      },
      {
        "user": "U03V785NLSU",
        "ts": "1668593758.380499"
      }
    ],
    "is_locked": false,
    "subscribed": false
  },
  {
    "client_msg_id": "2879f124-4693-4839-b158-7b153e644d4c",
    "type": "message",
    "text": "probably deepfake crimes.",
    "user": "U03V785NLSU",
    "ts": "1667978564.112459",
    "blocks": [
      {
        "type": "rich_text",
        "block_id": "VX7",
        "elements": [
          {
            "type": "rich_text_section",
            "elements": [
              {
                "type": "text",
                "text": "probably deepfake crimes."
              }
            ]
          }
        ]
      }
    ],
    "team": "T03U4J8HMUG",
    "user_team": "T03U4J8HMUG",
    "source_team": "T03U4J8HMUG",
    "user_profile": {
      "avatar_hash": "48d5c88821e9",
      "image_72": "https://avatars.slack-edge.com/2022-08-21/3993277785968_48d5c88821e922581e17_72.jpg",
      "first_name": "Ashley",
      "real_name": "Ashley Hamilton",
      "display_name": "Ashley Hamilton",
      "team": "T03U4J8HMUG",
      "name": "Ashley",
      "is_restricted": false,
      "is_ultra_restricted": false
    },
    "thread_ts": "1667977535.531309",
    "parent_user_id": "U03UHB8CXDY"
  },
  {
    "client_msg_id": "fb184b85-a140-4df6-8f42-d6b97b7cf2ef",
    "type": "message",
    "text": "training more AI models will increase carbon footprint.",
    "user": "U03V785NLSU",
    "ts": "1667978892.698929",
    "blocks": [
      {
        "type": "rich_text",
        "block_id": "jTB",
        "elements": [
          {
            "type": "rich_text_section",
            "elements": [
              {
                "type": "text",
                "text": "training more AI models will increase carbon footprint."
              }
            ]
          }
        ]
      }
    ],
    "team": "T03U4J8HMUG",
    "user_team": "T03U4J8HMUG",
    "source_team": "T03U4J8HMUG",
    "user_profile": {
      "avatar_hash": "48d5c88821e9",
      "image_72": "https://avatars.slack-edge.com/2022-08-21/3993277785968_48d5c88821e922581e17_72.jpg",
      "first_name": "Ashley",
      "real_name": "Ashley Hamilton",
      "display_name": "Ashley Hamilton",
      "team": "T03U4J8HMUG",
      "name": "Ashley",
      "is_restricted": false,
      "is_ultra_restricted": false
    },
    "thread_ts": "1667977535.531309",
    "parent_user_id": "U03UHB8CXDY"
  },
  {
    "client_msg_id": "297e8b40-f9de-4f5b-92bc-f4cfd0ade4dc",
    "type": "message",
    "text": "space junk",
    "user": "U03V785NLSU",
    "ts": "1667978898.119379",
    "blocks": [
      {
        "type": "rich_text",
        "block_id": "/UJxg",
        "elements": [
          {
            "type": "rich_text_section",
            "elements": [
              {
                "type": "text",
                "text": "space junk"
              }
            ]
          }
        ]
      }
    ],
    "team": "T03U4J8HMUG",
    "user_team": "T03U4J8HMUG",
    "source_team": "T03U4J8HMUG",
    "user_profile": {
      "avatar_hash": "48d5c88821e9",
      "image_72": "https://avatars.slack-edge.com/2022-08-21/3993277785968_48d5c88821e922581e17_72.jpg",
      "first_name": "Ashley",
      "real_name": "Ashley Hamilton",
      "display_name": "Ashley Hamilton",
      "team": "T03U4J8HMUG",
      "name": "Ashley",
      "is_restricted": false,
      "is_ultra_restricted": false
    },
    "thread_ts": "1667977535.531309",
    "parent_user_id": "U03UHB8CXDY"
  }
]