[
  {
    "client_msg_id": "8E10F2BF-E1C3-41E0-973E-53DDC8D7266F",
    "type": "message",
    "text": "@Ada suggested Sam Harris to understand awareness as a soft skill.\nSolving Problems -- from the Waking Up app. Click on the link to listen now.\n\n<https://dynamic.wakingup.com/course/44abdb?source=content%20share&amp;share_id=B123A032&amp;pack=PKWAVC|https://dynamic.wakingup.com/course/44abdb?source=content%20share&amp;share_id=B123A032&amp;pack=PKWAVC>",
    "user": "U03V785NLSU",
    "ts": "1663160633.297899",
    "blocks": [
      {
        "type": "rich_text",
        "block_id": "rTa",
        "elements": [
          {
            "type": "rich_text_section",
            "elements": [
              {
                "type": "text",
                "text": "@Ada suggested Sam Harris to understand awareness as a soft skill."
              },
              {
                "type": "text",
                "text": "\n"
              },
              {
                "type": "text",
                "text": "Solving Problems -- from the Waking Up app. Click on the link to listen now."
              },
              {
                "type": "text",
                "text": "\n"
              },
              {
                "type": "text",
                "text": "\n"
              },
              {
                "type": "link",
                "url": "https://dynamic.wakingup.com/course/44abdb?source=content%20share&share_id=B123A032&pack=PKWAVC",
                "text": "https://dynamic.wakingup.com/course/44abdb?source=content%20share&share_id=B123A032&pack=PKWAVC"
              }
            ]
          }
        ]
      }
    ],
    "team": "T03U4J8HMUG",
    "user_team": "T03U4J8HMUG",
    "source_team": "T03U4J8HMUG",
    "user_profile": {
      "avatar_hash": "48d5c88821e9",
      "image_72": "https://avatars.slack-edge.com/2022-08-21/3993277785968_48d5c88821e922581e17_72.jpg",
      "first_name": "Ashley",
      "real_name": "Ashley Hamilton",
      "display_name": "Ashley Hamilton",
      "team": "T03U4J8HMUG",
      "name": "Ashley",
      "is_restricted": false,
      "is_ultra_restricted": false
    },
    "edited": {
      "user": "U03V785NLSU",
      "ts": "1663161807.000000"
    },
    "attachments": [
      {
        "from_url": "https://dynamic.wakingup.com/course/44abdb?source=content%20share&share_id=B123A032&pack=PKWAVC",
        "image_url": "https://d2uk1wgjryl0y1.cloudfront.net/packs/images/2084_b8d8f05b-d8fc-46d8-9a5e-54128de1d760",
        "image_width": 250,
        "image_height": 250,
        "image_bytes": 575918,
        "service_icon": "https://dynamic.wakingup.com/apple-touch-icon.png",
        "id": 1,
        "original_url": "https://dynamic.wakingup.com/course/44abdb?source=content%20share&amp;share_id=B123A032&amp;pack=PKWAVC",
        "fallback": "wakingup.com: Solving Problems | Waking Up",
        "text": "Open the door to a deeper understanding of yourself\u2014with guided meditations and insights for living a more examined life.",
        "title": "Solving Problems | Waking Up",
        "title_link": "https://dynamic.wakingup.com/course/44abdb?source=content%20share&share_id=B123A032&pack=PKWAVC",
        "service_name": "wakingup.com"
      }
    ],
    "reactions": [
      {
        "name": "+1",
        "users": [
          "U03U1FNPEUX",
          "U03U9DB7REG",
          "U03UG4Q7V42"
        ],
        "count": 3
      }
    ]
  }
]