[
  {
    "type": "message",
    "text": "I hope this is our next job trip!:thinking_face:",
    "files": [
      {
        "id": "F04ACBXE6PM",
        "created": 1668084632,
        "timestamp": 1668084632,
        "name": "image.png",
        "title": "image.png",
        "mimetype": "image/png",
        "filetype": "png",
        "pretty_type": "PNG",
        "user": "U03U9EJR362",
        "user_team": "T03U4J8HMUG",
        "editable": false,
        "size": 62746,
        "mode": "hosted",
        "is_external": false,
        "external_type": "",
        "is_public": true,
        "public_url_shared": false,
        "display_as_bot": false,
        "username": "",
        "url_private": "https://files.slack.com/files-pri/T03U4J8HMUG-F04ACBXE6PM/image.png?t=xoxe-3956620599968-6240746766294-6247387524178-110fc6768eefd7fcb909c4550875ed49",
        "url_private_download": "https://files.slack.com/files-pri/T03U4J8HMUG-F04ACBXE6PM/download/image.png?t=xoxe-3956620599968-6240746766294-6247387524178-110fc6768eefd7fcb909c4550875ed49",
        "media_display_type": "unknown",
        "thumb_64": "https://files.slack.com/files-tmb/T03U4J8HMUG-F04ACBXE6PM-a18baeac1b/image_64.png?t=xoxe-3956620599968-6240746766294-6247387524178-110fc6768eefd7fcb909c4550875ed49",
        "thumb_80": "https://files.slack.com/files-tmb/T03U4J8HMUG-F04ACBXE6PM-a18baeac1b/image_80.png?t=xoxe-3956620599968-6240746766294-6247387524178-110fc6768eefd7fcb909c4550875ed49",
        "thumb_360": "https://files.slack.com/files-tmb/T03U4J8HMUG-F04ACBXE6PM-a18baeac1b/image_360.png?t=xoxe-3956620599968-6240746766294-6247387524178-110fc6768eefd7fcb909c4550875ed49",
        "thumb_360_w": 287,
        "thumb_360_h": 360,
        "thumb_480": "https://files.slack.com/files-tmb/T03U4J8HMUG-F04ACBXE6PM-a18baeac1b/image_480.png?t=xoxe-3956620599968-6240746766294-6247387524178-110fc6768eefd7fcb909c4550875ed49",
        "thumb_480_w": 383,
        "thumb_480_h": 480,
        "thumb_160": "https://files.slack.com/files-tmb/T03U4J8HMUG-F04ACBXE6PM-a18baeac1b/image_160.png?t=xoxe-3956620599968-6240746766294-6247387524178-110fc6768eefd7fcb909c4550875ed49",
        "original_w": 543,
        "original_h": 680,
        "thumb_tiny": "AwAwACahRRRTAKKKKACiiigB6RO6syrkL1ojieQMUXIUZNNDkAgEgHqBSq5UHBIzwcUAEcbynCKWI54puKckhQ5UkH2pAfYUAK0boFLKQGGRnvTae0rMADyF4Ge1N3ew/KgBKKKKACiiigAooooA/9k=",
        "permalink": "https://10academybatch6.slack.com/files/U03U9EJR362/F04ACBXE6PM/image.png",
        "permalink_public": "https://slack-files.com/T03U4J8HMUG-F04ACBXE6PM-7d118f7bd8",
        "is_starred": false,
        "has_rich_preview": false,
        "file_access": "visible"
      }
    ],
    "upload": false,
    "user": "U03U9EJR362",
    "display_as_bot": false,
    "ts": "1668084831.672939",
    "blocks": [
      {
        "type": "rich_text",
        "block_id": "CHH=r",
        "elements": [
          {
            "type": "rich_text_section",
            "elements": [
              {
                "type": "text",
                "text": "I hope this is our next job trip!"
              },
              {
                "type": "emoji",
                "name": "thinking_face",
                "unicode": "1f914"
              }
            ]
          }
        ]
      }
    ],
    "client_msg_id": "bb434286-3f91-40f4-ab2f-743c81f04ecc",
    "thread_ts": "1668084831.672939",
    "reply_count": 1,
    "reply_users_count": 1,
    "latest_reply": "1668142812.024599",
    "reply_users": [
      "U03UHB8CXDY"
    ],
    "replies": [
      {
        "user": "U03UHB8CXDY",
        "ts": "1668142812.024599"
      }
    ],
    "is_locked": false,
    "subscribed": false,
    "reactions": [
      {
        "name": "raised_hands",
        "users": [
          "U03V785NLSU",
          "U03UVHCV6KB",
          "U03UG0YHAUT",
          "U03UJN29Y4C",
          "U03UG1Z21JP",
          "U03UAKATQ22",
          "U03UG5VFN03"
        ],
        "count": 7
      },
      {
        "name": "raised_hands::skin-tone-4",
        "users": [
          "U03U1HAG9TR"
        ],
        "count": 1
      }
    ]
  },
  {
    "client_msg_id": "130A8BAF-082C-467A-8885-D43629E67D66",
    "type": "message",
    "text": "Good view ",
    "user": "U03UHB8CXDY",
    "ts": "1668142812.024599",
    "blocks": [
      {
        "type": "rich_text",
        "block_id": "lQdjI",
        "elements": [
          {
            "type": "rich_text_section",
            "elements": [
              {
                "type": "text",
                "text": "Good view "
              }
            ]
          }
        ]
      }
    ],
    "team": "T03U4J8HMUG",
    "user_team": "T03U4J8HMUG",
    "source_team": "T03U4J8HMUG",
    "user_profile": {
      "avatar_hash": "374fee609510",
      "image_72": "https://avatars.slack-edge.com/2022-09-30/4159182498980_374fee609510e6ff1526_72.jpg",
      "first_name": "Yvonne",
      "real_name": "Yvonne Gonzalez",
      "display_name": "Yvonne Gonzalez",
      "team": "T03U4J8HMUG",
      "name": "Yvonne",
      "is_restricted": false,
      "is_ultra_restricted": false
    },
    "thread_ts": "1668084831.672939",
    "parent_user_id": "U03U9EJR362"
  },
  {
    "client_msg_id": "aa0de6cd-068b-4d66-aba0-e10f9b668a91",
    "type": "message",
    "text": "Author *Rebecca Solnit* on growing whole rather than growing up:\n\n\"Growing up, we say, as though we were trees, as though altitude was all that there was to be gained, but so much of the process is growing whole as the fragments are gathered, the patterns found. Human infants are born with craniums made up of four plates that have not yet knit together into a solid dome so that their heads can compress to fit through the birth canal so that the brain within can then expand. The seams of these plates are intricate, like fingers interlaced, like the meander of arctic rivers across the tundra.\n\nThe skull quadruples in size in the first few years, and if the bones knit together too soon, they restrict the growth of the brain; and if they don't knit at all the brain remains unprotected. Open enough to grow and closed enough to hold together is what life must also be. We collage ourselves into being, finding the pieces of a worldview and people to love and reasons to live and then integrate them into a whole, a life consistent with its beliefs and desires, at least if we're lucky.\"",
    "user": "U03UVHCV6KB",
    "ts": "1668145604.667999",
    "blocks": [
      {
        "type": "rich_text",
        "block_id": "z+t",
        "elements": [
          {
            "type": "rich_text_section",
            "elements": [
              {
                "type": "text",
                "text": "Author "
              },
              {
                "type": "text",
                "text": "Rebecca Solnit",
                "style": {
                  "bold": true
                }
              },
              {
                "type": "text",
                "text": " on growing whole rather than growing up:\n\n\"Growing up, we say, as though we were trees, as though altitude was all that there was to be gained, but so much of the process is growing whole as the fragments are gathered, the patterns found. Human infants are born with craniums made up of four plates that have not yet knit together into a solid dome so that their heads can compress to fit through the birth canal so that the brain within can then expand. The seams of these plates are intricate, like fingers interlaced, like the meander of arctic rivers across the tundra.\n\nThe skull quadruples in size in the first few years, and if the bones knit together too soon, they restrict the growth of the brain; and if they don't knit at all the brain remains unprotected. Open enough to grow and closed enough to hold together is what life must also be. We collage ourselves into being, finding the pieces of a worldview and people to love and reasons to live and then integrate them into a whole, a life consistent with its beliefs and desires, at least if we're lucky.\""
              }
            ]
          }
        ]
      }
    ],
    "team": "T03U4J8HMUG",
    "user_team": "T03U4J8HMUG",
    "source_team": "T03U4J8HMUG",
    "user_profile": {
      "avatar_hash": "gc9619121f99",
      "image_72": "https://secure.gravatar.com/avatar/c9619121f998ee4a7e46177f2a5729de.jpg?s=72&d=https%3A%2F%2Fa.slack-edge.com%2Fdf10d%2Fimg%2Favatars%2Fava_0002-72.png",
      "first_name": "Travis",
      "real_name": "Travis Butler",
      "display_name": "Travis Butler",
      "team": "T03U4J8HMUG",
      "name": "Travis",
      "is_restricted": false,
      "is_ultra_restricted": false
    }
  }
]