[
  {
    "client_msg_id": "46553d91-ce84-469e-8e23-6293279bb4aa",
    "type": "message",
    "text": "Let's think about it:thinking_face::thinking_face::thinking_face:\n<https://youtu.be/ifRuWG98ATY|https://youtu.be/ifRuWG98ATY>",
    "user": "U03UG0YHAUT",
    "ts": "1665004310.176159",
    "blocks": [
      {
        "type": "rich_text",
        "block_id": "y/ulV",
        "elements": [
          {
            "type": "rich_text_section",
            "elements": [
              {
                "type": "text",
                "text": "Let's think about it"
              },
              {
                "type": "emoji",
                "name": "thinking_face",
                "unicode": "1f914"
              },
              {
                "type": "emoji",
                "name": "thinking_face",
                "unicode": "1f914"
              },
              {
                "type": "emoji",
                "name": "thinking_face",
                "unicode": "1f914"
              },
              {
                "type": "text",
                "text": "\n"
              },
              {
                "type": "link",
                "url": "https://youtu.be/ifRuWG98ATY",
                "text": "https://youtu.be/ifRuWG98ATY"
              }
            ]
          }
        ]
      }
    ],
    "team": "T03U4J8HMUG",
    "user_team": "T03U4J8HMUG",
    "source_team": "T03U4J8HMUG",
    "user_profile": {
      "avatar_hash": "e7b0c8269999",
      "image_72": "https://avatars.slack-edge.com/2022-09-20/4099393715542_e7b0c82699998d3b3ade_72.jpg",
      "first_name": "Daniel",
      "real_name": "Daniel Brown",
      "display_name": "Daniel Brown",
      "team": "T03U4J8HMUG",
      "name": "Daniel",
      "is_restricted": false,
      "is_ultra_restricted": false
    },
    "attachments": [
      {
        "from_url": "https://youtu.be/ifRuWG98ATY",
        "thumb_url": "https://i.ytimg.com/vi/ifRuWG98ATY/hqdefault.jpg",
        "thumb_width": 480,
        "thumb_height": 360,
        "video_html": "<iframe width=\"400\" height=\"225\" src=\"https://www.youtube.com/embed/ifRuWG98ATY?feature=oembed&autoplay=1&iv_load_policy=3\" frameborder=\"0\" allow=\"accelerometer; autoplay; clipboard-write; encrypted-media; gyroscope; picture-in-picture\" allowfullscreen title=\"The Twin Paradox: Visualised in Special Relativity\"></iframe>",
        "video_html_width": 400,
        "video_html_height": 225,
        "service_icon": "https://a.slack-edge.com/80588/img/unfurl_icons/youtube.png",
        "id": 1,
        "original_url": "https://youtu.be/ifRuWG98ATY",
        "fallback": "YouTube Video: The Twin Paradox: Visualised in Special Relativity",
        "title": "The Twin Paradox: Visualised in Special Relativity",
        "title_link": "https://youtu.be/ifRuWG98ATY",
        "author_name": "The Rest Of Us",
        "author_link": "https://www.youtube.com/c/TheRestOfUsChannel",
        "service_name": "YouTube",
        "service_url": "https://www.youtube.com/"
      }
    ]
  },
  {
    "client_msg_id": "344f6f8a-7714-44c7-9c00-9997e4cbbb11",
    "type": "message",
    "text": "<https://www.youtube.com/watch?v=YCw9r1cW3wk>",
    "user": "U03UUR571A5",
    "ts": "1665004374.957939",
    "blocks": [
      {
        "type": "rich_text",
        "block_id": "rbAS",
        "elements": [
          {
            "type": "rich_text_section",
            "elements": [
              {
                "type": "link",
                "url": "https://www.youtube.com/watch?v=YCw9r1cW3wk"
              }
            ]
          }
        ]
      }
    ],
    "team": "T03U4J8HMUG",
    "user_team": "T03U4J8HMUG",
    "source_team": "T03U4J8HMUG",
    "user_profile": {
      "avatar_hash": "g95c5cde44bc",
      "image_72": "https://secure.gravatar.com/avatar/95c5cde44bc023bd369920b7e1ed0c94.jpg?s=72&d=https%3A%2F%2Fa.slack-edge.com%2Fdf10d%2Fimg%2Favatars%2Fava_0017-72.png",
      "first_name": "Amy",
      "real_name": "Amy Leon",
      "display_name": "Amy Leon",
      "team": "T03U4J8HMUG",
      "name": "Amy",
      "is_restricted": false,
      "is_ultra_restricted": false
    },
    "attachments": [
      {
        "from_url": "https://www.youtube.com/watch?v=YCw9r1cW3wk",
        "thumb_url": "https://i.ytimg.com/vi/YCw9r1cW3wk/hqdefault.jpg",
        "thumb_width": 480,
        "thumb_height": 360,
        "video_html": "<iframe width=\"400\" height=\"225\" src=\"https://www.youtube.com/embed/YCw9r1cW3wk?feature=oembed&autoplay=1&iv_load_policy=3\" frameborder=\"0\" allow=\"accelerometer; autoplay; clipboard-write; encrypted-media; gyroscope; picture-in-picture\" allowfullscreen title=\"\u12a0\u1275\u12ee\u1332\u12eb \u12ab\u120f\u1275 \u1260\u1323\u121d \u1325\u1242\u1275 \u12e8\u121c\u1273 \u134a\u12da\u12ad\u1235 \u132d\u1295\u1245\u120b\u1276\u127d \u1218\u1200\u120d \u12a0\u1295\u12f1\"></iframe>",
        "video_html_width": 400,
        "video_html_height": 225,
        "service_icon": "https://a.slack-edge.com/80588/img/unfurl_icons/youtube.png",
        "id": 1,
        "original_url": "https://www.youtube.com/watch?v=YCw9r1cW3wk",
        "fallback": "YouTube Video: \u12a0\u1275\u12ee\u1332\u12eb \u12ab\u120f\u1275 \u1260\u1323\u121d \u1325\u1242\u1275 \u12e8\u121c\u1273 \u134a\u12da\u12ad\u1235 \u132d\u1295\u1245\u120b\u1276\u127d \u1218\u1200\u120d \u12a0\u1295\u12f1",
        "title": "\u12a0\u1275\u12ee\u1332\u12eb \u12ab\u120f\u1275 \u1260\u1323\u121d \u1325\u1242\u1275 \u12e8\u121c\u1273 \u134a\u12da\u12ad\u1235 \u132d\u1295\u1245\u120b\u1276\u127d \u1218\u1200\u120d \u12a0\u1295\u12f1",
        "title_link": "https://www.youtube.com/watch?v=YCw9r1cW3wk",
        "author_name": "RiseUp Ethiopia",
        "author_link": "https://www.youtube.com/channel/UC_wASU3LElacZPMNF1ZyMUg",
        "service_name": "YouTube",
        "service_url": "https://www.youtube.com/"
      }
    ],
    "thread_ts": "1665004374.957939",
    "reply_count": 2,
    "reply_users_count": 2,
    "latest_reply": "1665004674.203289",
    "reply_users": [
      "U03UVHCV6KB",
      "U03UUR571A5"
    ],
    "replies": [
      {
        "user": "U03UVHCV6KB",
        "ts": "1665004615.247709"
      },
      {
        "user": "U03UUR571A5",
        "ts": "1665004674.203289"
      }
    ],
    "is_locked": false,
    "subscribed": false,
    "reactions": [
      {
        "name": "white_check_mark",
        "users": [
          "U03UVHCV6KB"
        ],
        "count": 1
      }
    ]
  },
  {
    "client_msg_id": "f3da8895-b3ca-49ae-b3be-b91ac95d0410",
    "type": "message",
    "text": "betam new mimechegn ehe sew",
    "user": "U03UVHCV6KB",
    "ts": "1665004615.247709",
    "blocks": [
      {
        "type": "rich_text",
        "block_id": "TaxOm",
        "elements": [
          {
            "type": "rich_text_section",
            "elements": [
              {
                "type": "text",
                "text": "betam new mimechegn ehe sew"
              }
            ]
          }
        ]
      }
    ],
    "team": "T03U4J8HMUG",
    "user_team": "T03U4J8HMUG",
    "source_team": "T03U4J8HMUG",
    "user_profile": {
      "avatar_hash": "gc9619121f99",
      "image_72": "https://secure.gravatar.com/avatar/c9619121f998ee4a7e46177f2a5729de.jpg?s=72&d=https%3A%2F%2Fa.slack-edge.com%2Fdf10d%2Fimg%2Favatars%2Fava_0002-72.png",
      "first_name": "Travis",
      "real_name": "Travis Butler",
      "display_name": "Travis Butler",
      "team": "T03U4J8HMUG",
      "name": "Travis",
      "is_restricted": false,
      "is_ultra_restricted": false
    },
    "thread_ts": "1665004374.957939",
    "parent_user_id": "U03UUR571A5"
  },
  {
    "client_msg_id": "a16cd5f1-4ec1-4a74-b831-bf83e270629b",
    "type": "message",
    "text": "Yeaa besmam I wish I was thought physics by him",
    "user": "U03UUR571A5",
    "ts": "1665004674.203289",
    "blocks": [
      {
        "type": "rich_text",
        "block_id": "l3y4",
        "elements": [
          {
            "type": "rich_text_section",
            "elements": [
              {
                "type": "text",
                "text": "Yeaa besmam I wish I was thought physics by him"
              }
            ]
          }
        ]
      }
    ],
    "team": "T03U4J8HMUG",
    "user_team": "T03U4J8HMUG",
    "source_team": "T03U4J8HMUG",
    "user_profile": {
      "avatar_hash": "g95c5cde44bc",
      "image_72": "https://secure.gravatar.com/avatar/95c5cde44bc023bd369920b7e1ed0c94.jpg?s=72&d=https%3A%2F%2Fa.slack-edge.com%2Fdf10d%2Fimg%2Favatars%2Fava_0017-72.png",
      "first_name": "Amy",
      "real_name": "Amy Leon",
      "display_name": "Amy Leon",
      "team": "T03U4J8HMUG",
      "name": "Amy",
      "is_restricted": false,
      "is_ultra_restricted": false
    },
    "thread_ts": "1665004374.957939",
    "parent_user_id": "U03UUR571A5",
    "reactions": [
      {
        "name": "raised_hands",
        "users": [
          "U03UVHCV6KB"
        ],
        "count": 1
      }
    ]
  },
  {
    "client_msg_id": "99547bda-f44c-4099-9b8b-c57b4247c945",
    "type": "message",
    "text": "<https://youtu.be/ifRuWG98ATY|https://youtu.be/ifRuWG98ATY>",
    "user": "U03UG0YHAUT",
    "ts": "1665004710.315159",
    "blocks": [
      {
        "type": "rich_text",
        "block_id": "mmg",
        "elements": [
          {
            "type": "rich_text_section",
            "elements": [
              {
                "type": "link",
                "url": "https://youtu.be/ifRuWG98ATY",
                "text": "https://youtu.be/ifRuWG98ATY"
              }
            ]
          }
        ]
      }
    ],
    "team": "T03U4J8HMUG",
    "user_team": "T03U4J8HMUG",
    "source_team": "T03U4J8HMUG",
    "user_profile": {
      "avatar_hash": "e7b0c8269999",
      "image_72": "https://avatars.slack-edge.com/2022-09-20/4099393715542_e7b0c82699998d3b3ade_72.jpg",
      "first_name": "Daniel",
      "real_name": "Daniel Brown",
      "display_name": "Daniel Brown",
      "team": "T03U4J8HMUG",
      "name": "Daniel",
      "is_restricted": false,
      "is_ultra_restricted": false
    },
    "attachments": [
      {
        "from_url": "https://youtu.be/ifRuWG98ATY",
        "thumb_url": "https://i.ytimg.com/vi/ifRuWG98ATY/hqdefault.jpg",
        "thumb_width": 480,
        "thumb_height": 360,
        "video_html": "<iframe width=\"400\" height=\"225\" src=\"https://www.youtube.com/embed/ifRuWG98ATY?feature=oembed&autoplay=1&iv_load_policy=3\" frameborder=\"0\" allow=\"accelerometer; autoplay; clipboard-write; encrypted-media; gyroscope; picture-in-picture\" allowfullscreen title=\"The Twin Paradox: Visualised in Special Relativity\"></iframe>",
        "video_html_width": 400,
        "video_html_height": 225,
        "service_icon": "https://a.slack-edge.com/80588/img/unfurl_icons/youtube.png",
        "id": 1,
        "original_url": "https://youtu.be/ifRuWG98ATY",
        "fallback": "YouTube Video: The Twin Paradox: Visualised in Special Relativity",
        "title": "The Twin Paradox: Visualised in Special Relativity",
        "title_link": "https://youtu.be/ifRuWG98ATY",
        "author_name": "The Rest Of Us",
        "author_link": "https://www.youtube.com/c/TheRestOfUsChannel",
        "service_name": "YouTube",
        "service_url": "https://www.youtube.com/"
      }
    ]
  },
  {
    "client_msg_id": "dc13962b-7ad9-4af5-8967-ac1a78824501",
    "type": "message",
    "text": "A THOUGHT FOR TODAY:\nIt's said that \"power corrupts\", but actually it's more true that power attracts the corruptible. The sane are usually attracted by other things than power. When they do act, they think of it as service, which has limits. The tyrant, though, seeks mastery, for which he is insatiable, implacable. -David Brin, scientist and science fiction author (b. 6 Oct 1950)",
    "user": "U03U93GNNVB",
    "ts": "1665037860.759609",
    "blocks": [
      {
        "type": "rich_text",
        "block_id": "eYWm",
        "elements": [
          {
            "type": "rich_text_section",
            "elements": [
              {
                "type": "text",
                "text": "A THOUGHT FOR TODAY:\nIt's said that \"power corrupts\", but actually it's more true that power attracts the corruptible. The sane are usually attracted by other things than power. When they do act, they think of it as service, which has limits. The tyrant, though, seeks mastery, for which he is insatiable, implacable. -David Brin, scientist and science fiction author (b. 6 Oct 1950)"
              }
            ]
          }
        ]
      }
    ],
    "team": "T03U4J8HMUG",
    "user_team": "T03U4J8HMUG",
    "source_team": "T03U4J8HMUG",
    "user_profile": {
      "avatar_hash": "a49779ad093d",
      "image_72": "https://avatars.slack-edge.com/2022-08-22/3994045204528_a49779ad093d4fc39a87_72.jpg",
      "first_name": "Katherine",
      "real_name": "Katherine Foster",
      "display_name": "Katherine Foster",
      "team": "T03U4J8HMUG",
      "name": "Katherine",
      "is_restricted": false,
      "is_ultra_restricted": false
    },
    "reactions": [
      {
        "name": "raised_hands",
        "users": [
          "U03UUR571A5",
          "U03UG0YHAUT",
          "U03UFV7HFNF"
        ],
        "count": 3
      },
      {
        "name": "100",
        "users": [
          "U03UG5VFN03",
          "U03U1HAG9TR"
        ],
        "count": 2
      },
      {
        "name": "heavy_check_mark",
        "users": [
          "U03UVHCV6KB",
          "U03UD68RQH3"
        ],
        "count": 2
      }
    ]
  }
]