[
  {
    "client_msg_id": "6a95639b-5c12-4462-8054-d832c556e458",
    "type": "message",
    "text": "<https://www.theguardian.com/world/2022/sep/09/a-new-way-of-life-the-marxist-post-capitalist-green-manifesto-captivating-japan>",
    "user": "U03U93GNNVB",
    "ts": "1662780848.195009",
    "blocks": [
      {
        "type": "rich_text",
        "block_id": "0vpD",
        "elements": [
          {
            "type": "rich_text_section",
            "elements": [
              {
                "type": "link",
                "url": "https://www.theguardian.com/world/2022/sep/09/a-new-way-of-life-the-marxist-post-capitalist-green-manifesto-captivating-japan"
              }
            ]
          }
        ]
      }
    ],
    "team": "T03U4J8HMUG",
    "user_team": "T03U4J8HMUG",
    "source_team": "T03U4J8HMUG",
    "user_profile": {
      "avatar_hash": "a49779ad093d",
      "image_72": "https://avatars.slack-edge.com/2022-08-22/3994045204528_a49779ad093d4fc39a87_72.jpg",
      "first_name": "Katherine",
      "real_name": "Katherine Foster",
      "display_name": "Katherine Foster",
      "team": "T03U4J8HMUG",
      "name": "Katherine",
      "is_restricted": false,
      "is_ultra_restricted": false
    },
    "attachments": [
      {
        "from_url": "https://www.theguardian.com/world/2022/sep/09/a-new-way-of-life-the-marxist-post-capitalist-green-manifesto-captivating-japan",
        "ts": 1662719906,
        "image_url": "https://i.guim.co.uk/img/media/23593db3f79d166bef776226888ddaf15f0c965e/0_392_6000_3600/master/6000.jpg?width=1200&height=630&quality=85&auto=format&fit=crop&overlay-align=bottom%2Cleft&overlay-width=100p&overlay-base64=L2ltZy9zdGF0aWMvb3ZlcmxheXMvdGctZGVmYXVsdC5wbmc&enable=upscale&s=2cfd3edc8c1829594cce95ef254a7f7e",
        "image_width": 476,
        "image_height": 250,
        "image_bytes": 197017,
        "service_icon": "https://static.guim.co.uk/images/favicon-32x32.ico",
        "id": 1,
        "original_url": "https://www.theguardian.com/world/2022/sep/09/a-new-way-of-life-the-marxist-post-capitalist-green-manifesto-captivating-japan",
        "fallback": "the Guardian: \u2018A new way of life\u2019: the Marxist, post-capitalist, green manifesto captivating Japan",
        "text": "Kohei Saito\u2019s book Capital in the Anthropocene has become an unlikely hit among young people and is about to be translated into English",
        "title": "\u2018A new way of life\u2019: the Marxist, post-capitalist, green manifesto captivating Japan",
        "title_link": "https://www.theguardian.com/world/2022/sep/09/a-new-way-of-life-the-marxist-post-capitalist-green-manifesto-captivating-japan",
        "service_name": "the Guardian"
      }
    ]
  }
]