[
  {
    "client_msg_id": "61457D40-966C-480D-A7E5-B39F4F73C726",
    "type": "message",
    "text": "\"Success is not measured by what you accomplish, but by the opposition you have encountered, and the courage with which you have maintained the struggle against overwhelming odds.\" \n\n(Orisos Swett Marden)",
    "user": "U03UHB8CXDY",
    "ts": "1668192890.014249",
    "blocks": [
      {
        "type": "rich_text",
        "block_id": "qxaYo",
        "elements": [
          {
            "type": "rich_text_section",
            "elements": [
              {
                "type": "text",
                "text": "\"Success is not measured by what you accomplish, but by the opposition you have encountered, and the courage with which you have maintained the struggle against overwhelming odds.\" "
              },
              {
                "type": "text",
                "text": "\n"
              },
              {
                "type": "text",
                "text": "\n(Orisos Swett Marden)"
              }
            ]
          }
        ]
      }
    ],
    "team": "T03U4J8HMUG",
    "user_team": "T03U4J8HMUG",
    "source_team": "T03U4J8HMUG",
    "user_profile": {
      "avatar_hash": "374fee609510",
      "image_72": "https://avatars.slack-edge.com/2022-09-30/4159182498980_374fee609510e6ff1526_72.jpg",
      "first_name": "Yvonne",
      "real_name": "Yvonne Gonzalez",
      "display_name": "Yvonne Gonzalez",
      "team": "T03U4J8HMUG",
      "name": "Yvonne",
      "is_restricted": false,
      "is_ultra_restricted": false
    }
  }
]