[
  {
    "client_msg_id": "0821329d-4d17-4c67-b6c9-a16d741d0493",
    "type": "message",
    "text": "<https://techcabal.com/2022/10/12/google-partners-with-coinbase-to-accept-crypto-payments/>  Will this have any effect on stock prices in the coming months?",
    "user": "U03V785NLSU",
    "ts": "1665664718.241179",
    "blocks": [
      {
        "type": "rich_text",
        "block_id": "5y3L",
        "elements": [
          {
            "type": "rich_text_section",
            "elements": [
              {
                "type": "link",
                "url": "https://techcabal.com/2022/10/12/google-partners-with-coinbase-to-accept-crypto-payments/"
              },
              {
                "type": "text",
                "text": "  Will this have any effect on stock prices in the coming months?"
              }
            ]
          }
        ]
      }
    ],
    "team": "T03U4J8HMUG",
    "user_team": "T03U4J8HMUG",
    "source_team": "T03U4J8HMUG",
    "user_profile": {
      "avatar_hash": "48d5c88821e9",
      "image_72": "https://avatars.slack-edge.com/2022-08-21/3993277785968_48d5c88821e922581e17_72.jpg",
      "first_name": "Ashley",
      "real_name": "Ashley Hamilton",
      "display_name": "Ashley Hamilton",
      "team": "T03U4J8HMUG",
      "name": "Ashley",
      "is_restricted": false,
      "is_ultra_restricted": false
    },
    "attachments": [
      {
        "from_url": "https://techcabal.com/2022/10/12/google-partners-with-coinbase-to-accept-crypto-payments/",
        "ts": 1665588441,
        "image_url": "https://x7d4c5z5.stackpathcdn.com/wp-content/uploads/tc/2022/10/google-cloud-1.jpg",
        "image_width": 444,
        "image_height": 250,
        "image_bytes": 52065,
        "service_icon": "https://x7d4c5z5.stackpathcdn.com/wp-content/uploads/tc/2018/10/cropped-tcbig-180x180.png",
        "id": 1,
        "original_url": "https://techcabal.com/2022/10/12/google-partners-with-coinbase-to-accept-crypto-payments/",
        "fallback": "TechCabal: Google Cloud to begin accepting payment in crypto by 2023 | TechCabal",
        "text": "Google has teamed up with Coinbase to facilitate payment with cryptocurrencies for its cloud services.",
        "title": "Google Cloud to begin accepting payment in crypto by 2023 | TechCabal",
        "title_link": "https://techcabal.com/2022/10/12/google-partners-with-coinbase-to-accept-crypto-payments/",
        "service_name": "TechCabal",
        "fields": [
          {
            "value": "Ngozi Chukwu",
            "title": "Written by",
            "short": true
          },
          {
            "value": "2 minutes",
            "title": "Est. reading time",
            "short": true
          }
        ]
      }
    ],
    "thread_ts": "1665664718.241179",
    "reply_count": 7,
    "reply_users_count": 2,
    "latest_reply": "1666095633.021589",
    "reply_users": [
      "U03U93GNNVB",
      "U03V785NLSU"
    ],
    "replies": [
      {
        "user": "U03U93GNNVB",
        "ts": "1666075707.453729"
      },
      {
        "user": "U03V785NLSU",
        "ts": "1666078984.769709"
      },
      {
        "user": "U03U93GNNVB",
        "ts": "1666081625.304549"
      },
      {
        "user": "U03V785NLSU",
        "ts": "1666089891.102699"
      },
      {
        "user": "U03U93GNNVB",
        "ts": "1666095618.512909"
      },
      {
        "user": "U03U93GNNVB",
        "ts": "1666095627.106499"
      },
      {
        "user": "U03U93GNNVB",
        "ts": "1666095633.021589"
      }
    ],
    "is_locked": false,
    "subscribed": false
  }
]