[
  {
    "client_msg_id": "acb44f04-74bc-4bb3-a14d-e1927b203444",
    "type": "message",
    "text": "<https://freakonomics.com/podcast/what-problems-does-crypto-solve-anyway/>\n\non how feasible mining cryptocurrencies is: i found this podcast episode really useful when i listened to it.\n(in the short term: probably feasible if you're not in it solo. in the long term: probably not since laws are being drafted around this. also the return on investment doesn't seem the best :neutral_face:)",
    "user": "U03UD5B7C3X",
    "ts": "1664359667.485969",
    "blocks": [
      {
        "type": "rich_text",
        "block_id": "MIBo",
        "elements": [
          {
            "type": "rich_text_section",
            "elements": [
              {
                "type": "link",
                "url": "https://freakonomics.com/podcast/what-problems-does-crypto-solve-anyway/"
              },
              {
                "type": "text",
                "text": "\n\non how feasible mining cryptocurrencies is: i found this podcast episode really useful when i listened to it.\n(in the short term: probably feasible if you're not in it solo. in the long term: probably not since laws are being drafted around this. also the return on investment doesn't seem the best "
              },
              {
                "type": "emoji",
                "name": "neutral_face",
                "unicode": "1f610"
              },
              {
                "type": "text",
                "text": ")"
              }
            ]
          }
        ]
      }
    ],
    "team": "T03U4J8HMUG",
    "user_team": "T03U4J8HMUG",
    "source_team": "T03U4J8HMUG",
    "user_profile": {
      "avatar_hash": "gb4893f68d1b",
      "image_72": "https://secure.gravatar.com/avatar/b4893f68d1b3098aa61b283721cedfbb.jpg?s=72&d=https%3A%2F%2Fa.slack-edge.com%2Fdf10d%2Fimg%2Favatars%2Fava_0005-72.png",
      "first_name": "Elizabeth",
      "real_name": "Elizabeth Hall",
      "display_name": "Elizabeth Hall",
      "team": "T03U4J8HMUG",
      "name": "Elizabeth",
      "is_restricted": false,
      "is_ultra_restricted": false
    },
    "attachments": [
      {
        "from_url": "https://freakonomics.com/podcast/what-problems-does-crypto-solve-anyway/",
        "image_url": "https://freakonomics.com/wp-content/uploads/2019/08/Freakonomics-Radio_3000X3000-scaled.jpg",
        "image_width": 250,
        "image_height": 250,
        "image_bytes": 192712,
        "service_icon": "https://freakonomics.com/favicon.ico",
        "id": 1,
        "original_url": "https://freakonomics.com/podcast/what-problems-does-crypto-solve-anyway/",
        "fallback": "Freakonomics: What Problems Does Crypto Solve, Anyway? - Freakonomics",
        "text": "Boosters say blockchain technology will usher in a brave new era of decentralization. Are they right \u2014 and would it be a dream or a nightmare? (Part 3 of \"What Can Blockchain Do for You?\")",
        "title": "What Problems Does Crypto Solve, Anyway? - Freakonomics",
        "title_link": "https://freakonomics.com/podcast/what-problems-does-crypto-solve-anyway/",
        "service_name": "Freakonomics",
        "fields": [
          {
            "value": "1 minute",
            "title": "Est. reading time",
            "short": true
          }
        ]
      }
    ],
    "thread_ts": "1664359667.485969",
    "reply_count": 1,
    "reply_users_count": 1,
    "latest_reply": "1664359847.357719",
    "reply_users": [
      "U03UD5B7C3X"
    ],
    "replies": [
      {
        "user": "U03UD5B7C3X",
        "ts": "1664359847.357719"
      }
    ],
    "is_locked": false,
    "subscribed": false,
    "reactions": [
      {
        "name": "+1",
        "users": [
          "U03U9DB7REG"
        ],
        "count": 1
      }
    ]
  },
  {
    "type": "message",
    "subtype": "thread_broadcast",
    "text": "(the whole series,\"What Can Blockchain Do for You?\" was quite insightful actually)",
    "user": "U03UD5B7C3X",
    "ts": "1664359847.357719",
    "thread_ts": "1664359667.485969",
    "root": {
      "client_msg_id": "acb44f04-74bc-4bb3-a14d-e1927b203444",
      "type": "message",
      "text": "<https://freakonomics.com/podcast/what-problems-does-crypto-solve-anyway/>\n\non how feasible mining cryptocurrencies is: i found this podcast episode really useful when i listened to it.\n(in the short term: probably feasible if you're not in it solo. in the long term: probably not since laws are being drafted around this. also the return on investment doesn't seem the best :neutral_face:)",
      "user": "U03UD5B7C3X",
      "ts": "1664359667.485969",
      "blocks": [
        {
          "type": "rich_text",
          "block_id": "MIBo",
          "elements": [
            {
              "type": "rich_text_section",
              "elements": [
                {
                  "type": "link",
                  "url": "https://freakonomics.com/podcast/what-problems-does-crypto-solve-anyway/"
                },
                {
                  "type": "text",
                  "text": "\n\non how feasible mining cryptocurrencies is: i found this podcast episode really useful when i listened to it.\n(in the short term: probably feasible if you're not in it solo. in the long term: probably not since laws are being drafted around this. also the return on investment doesn't seem the best "
                },
                {
                  "type": "emoji",
                  "name": "neutral_face",
                  "unicode": "1f610"
                },
                {
                  "type": "text",
                  "text": ")"
                }
              ]
            }
          ]
        }
      ],
      "team": "T03U4J8HMUG",
      "attachments": [
        {
          "from_url": "https://freakonomics.com/podcast/what-problems-does-crypto-solve-anyway/",
          "image_url": "https://freakonomics.com/wp-content/uploads/2019/08/Freakonomics-Radio_3000X3000-scaled.jpg",
          "image_width": 250,
          "image_height": 250,
          "image_bytes": 192712,
          "service_icon": "https://freakonomics.com/favicon.ico",
          "id": 1,
          "original_url": "https://freakonomics.com/podcast/what-problems-does-crypto-solve-anyway/",
          "fallback": "Freakonomics: What Problems Does Crypto Solve, Anyway? - Freakonomics",
          "text": "Boosters say blockchain technology will usher in a brave new era of decentralization. Are they right \u2014 and would it be a dream or a nightmare? (Part 3 of \"What Can Blockchain Do for You?\")",
          "title": "What Problems Does Crypto Solve, Anyway? - Freakonomics",
          "title_link": "https://freakonomics.com/podcast/what-problems-does-crypto-solve-anyway/",
          "service_name": "Freakonomics",
          "fields": [
            {
              "value": "1 minute",
              "title": "Est. reading time",
              "short": true
            }
          ]
        }
      ],
      "thread_ts": "1664359667.485969",
      "reply_count": 1,
      "reply_users_count": 1,
      "latest_reply": "1664359847.357719",
      "reply_users": [
        "U03UD5B7C3X"
      ],
      "replies": [
        {
          "user": "U03UD5B7C3X",
          "ts": "1664359847.357719"
        }
      ],
      "is_locked": false,
      "subscribed": false
    },
    "blocks": [
      {
        "type": "rich_text",
        "block_id": "RXq",
        "elements": [
          {
            "type": "rich_text_section",
            "elements": [
              {
                "type": "text",
                "text": "(the whole series,\"What Can Blockchain Do for You?\" was quite insightful actually)"
              }
            ]
          }
        ]
      }
    ],
    "client_msg_id": "0e3c51e7-713c-497b-90cf-d431178e8988"
  }
]