[
  {
    "client_msg_id": "0f6a2414-e0e1-40a4-838c-22e5c229da6c",
    "type": "message",
    "text": "<https://www.theatlantic.com/podcasts/archive/2022/10/signs-of-addiction-success-workaholic/671690/>",
    "user": "U03U93GNNVB",
    "ts": "1665638630.786919",
    "blocks": [
      {
        "type": "rich_text",
        "block_id": "krJy",
        "elements": [
          {
            "type": "rich_text_section",
            "elements": [
              {
                "type": "link",
                "url": "https://www.theatlantic.com/podcasts/archive/2022/10/signs-of-addiction-success-workaholic/671690/"
              }
            ]
          }
        ]
      }
    ],
    "team": "T03U4J8HMUG",
    "user_team": "T03U4J8HMUG",
    "source_team": "T03U4J8HMUG",
    "user_profile": {
      "avatar_hash": "a49779ad093d",
      "image_72": "https://avatars.slack-edge.com/2022-08-22/3994045204528_a49779ad093d4fc39a87_72.jpg",
      "first_name": "Katherine",
      "real_name": "Katherine Foster",
      "display_name": "Katherine Foster",
      "team": "T03U4J8HMUG",
      "name": "Katherine",
      "is_restricted": false,
      "is_ultra_restricted": false
    },
    "attachments": [
      {
        "from_url": "https://www.theatlantic.com/podcasts/archive/2022/10/signs-of-addiction-success-workaholic/671690/",
        "ts": 1665399600,
        "image_url": "https://cdn.theatlantic.com/thumbor/7MryzHkRTNY7eU8JqSdAqAVw77w=/0x40:2000x1082/1200x625/media/img/mt/2022/10/Happy_Life_episode_art/original.jpg",
        "image_width": 480,
        "image_height": 250,
        "image_bytes": 117315,
        "service_icon": "https://cdn.theatlantic.com/_next/static/images/apple-touch-icon-default-b504d70343a9438df64c32ce339c7ebc.png",
        "id": 1,
        "original_url": "https://www.theatlantic.com/podcasts/archive/2022/10/signs-of-addiction-success-workaholic/671690/",
        "fallback": "The Atlantic: When Virtues Become Vices",
        "text": "When addictive behaviors override our desires, it may be a sign to investigate the gap between what we crave and what\u2019s really good for us.",
        "title": "When Virtues Become Vices",
        "title_link": "https://www.theatlantic.com/podcasts/archive/2022/10/signs-of-addiction-success-workaholic/671690/",
        "service_name": "The Atlantic"
      }
    ]
  }
]