[
  {
    "type": "message",
    "text": "",
    "files": [
      {
        "id": "F043HUBMQ6B",
        "created": 1664217231,
        "timestamp": 1664217231,
        "name": "image.png",
        "title": "image.png",
        "mimetype": "image/png",
        "filetype": "png",
        "pretty_type": "PNG",
        "user": "U03UVHCV6KB",
        "user_team": "T03U4J8HMUG",
        "editable": false,
        "size": 69001,
        "mode": "hosted",
        "is_external": false,
        "external_type": "",
        "is_public": true,
        "public_url_shared": false,
        "display_as_bot": false,
        "username": "",
        "url_private": "https://files.slack.com/files-pri/T03U4J8HMUG-F043HUBMQ6B/image.png?t=xoxe-3956620599968-6240746766294-6247387524178-110fc6768eefd7fcb909c4550875ed49",
        "url_private_download": "https://files.slack.com/files-pri/T03U4J8HMUG-F043HUBMQ6B/download/image.png?t=xoxe-3956620599968-6240746766294-6247387524178-110fc6768eefd7fcb909c4550875ed49",
        "media_display_type": "unknown",
        "thumb_64": "https://files.slack.com/files-tmb/T03U4J8HMUG-F043HUBMQ6B-bd58f38825/image_64.png?t=xoxe-3956620599968-6240746766294-6247387524178-110fc6768eefd7fcb909c4550875ed49",
        "thumb_80": "https://files.slack.com/files-tmb/T03U4J8HMUG-F043HUBMQ6B-bd58f38825/image_80.png?t=xoxe-3956620599968-6240746766294-6247387524178-110fc6768eefd7fcb909c4550875ed49",
        "thumb_360": "https://files.slack.com/files-tmb/T03U4J8HMUG-F043HUBMQ6B-bd58f38825/image_360.png?t=xoxe-3956620599968-6240746766294-6247387524178-110fc6768eefd7fcb909c4550875ed49",
        "thumb_360_w": 360,
        "thumb_360_h": 193,
        "thumb_480": "https://files.slack.com/files-tmb/T03U4J8HMUG-F043HUBMQ6B-bd58f38825/image_480.png?t=xoxe-3956620599968-6240746766294-6247387524178-110fc6768eefd7fcb909c4550875ed49",
        "thumb_480_w": 480,
        "thumb_480_h": 257,
        "thumb_160": "https://files.slack.com/files-tmb/T03U4J8HMUG-F043HUBMQ6B-bd58f38825/image_160.png?t=xoxe-3956620599968-6240746766294-6247387524178-110fc6768eefd7fcb909c4550875ed49",
        "original_w": 570,
        "original_h": 305,
        "thumb_tiny": "AwAZADDQJO44zSZPqf8AP4UrH5j938RTcj0X8h/jQAuTnqf8/hSkn1NNyOuF/If40Z9l/L/69AC5Pqf8/hTh2yT+VNyOwX8h/jTgxJ6j6UANY/Mf8f8A69Jn3/X/AOvUhooAjz7/AK//AF6Cff8AX/69SUUAM5PTp/n3pwU5zmnDpRQB/9k=",
        "permalink": "https://10academybatch6.slack.com/files/U03UVHCV6KB/F043HUBMQ6B/image.png",
        "permalink_public": "https://slack-files.com/T03U4J8HMUG-F043HUBMQ6B-c2cbb0b5f9",
        "is_starred": false,
        "has_rich_preview": false,
        "file_access": "visible"
      }
    ],
    "upload": false,
    "user": "U03UVHCV6KB",
    "display_as_bot": false,
    "ts": "1664217234.496159",
    "client_msg_id": "20008798-de8c-4f9a-8997-674b31b16cd5"
  }
]