[
  {
    "client_msg_id": "c26f53b2-29dc-4a29-a7b5-005c6eec6fed",
    "type": "message",
    "text": "<https://medium.com/geekculture/why-i-stopped-using-jupyter-notebook-and-why-you-should-too-f5a3b00e90a6?li_fat_id=fb6d1210-7f73-41b6-8830-a4882b22d37b|https://medium.com/geekculture/why-i-stopped-using-jupyter-notebook-and-why-you-should-too-f5a3b00e90a6?li_fat_id=fb6d1210-7f73-41b6-8830-a4882b22d37b>",
    "user": "U03U1HAG9TR",
    "ts": "1666452783.647959",
    "blocks": [
      {
        "type": "rich_text",
        "block_id": "9yi",
        "elements": [
          {
            "type": "rich_text_section",
            "elements": [
              {
                "type": "link",
                "url": "https://medium.com/geekculture/why-i-stopped-using-jupyter-notebook-and-why-you-should-too-f5a3b00e90a6?li_fat_id=fb6d1210-7f73-41b6-8830-a4882b22d37b",
                "text": "https://medium.com/geekculture/why-i-stopped-using-jupyter-notebook-and-why-you-should-too-f5a3b00e90a6?li_fat_id=fb6d1210-7f73-41b6-8830-a4882b22d37b"
              }
            ]
          }
        ]
      }
    ],
    "team": "T03U4J8HMUG",
    "user_team": "T03U4J8HMUG",
    "source_team": "T03U4J8HMUG",
    "user_profile": {
      "avatar_hash": "4e4331305ef1",
      "image_72": "https://avatars.slack-edge.com/2022-08-20/3980783297649_4e4331305ef102cc4346_72.jpg",
      "first_name": "Robert",
      "real_name": "Robert Carter",
      "display_name": "Robert Carter",
      "team": "T03U4J8HMUG",
      "name": "Robert",
      "is_restricted": false,
      "is_ultra_restricted": false
    },
    "attachments": [
      {
        "from_url": "https://medium.com/geekculture/why-i-stopped-using-jupyter-notebook-and-why-you-should-too-f5a3b00e90a6?li_fat_id=fb6d1210-7f73-41b6-8830-a4882b22d37b",
        "ts": 1661081758,
        "image_url": "https://miro.medium.com/max/1200/0*RhcOgijnMfcHO-ZX",
        "image_width": 444,
        "image_height": 250,
        "image_bytes": 295859,
        "service_icon": "https://miro.medium.com/fit/c/152/152/1*sHhtYhaCe2Uc3IU0IgKwIQ.png",
        "id": 1,
        "original_url": "https://medium.com/geekculture/why-i-stopped-using-jupyter-notebook-and-why-you-should-too-f5a3b00e90a6?li_fat_id=fb6d1210-7f73-41b6-8830-a4882b22d37b",
        "fallback": "Medium: Why I Stopped Using Jupyter Notebook and Why You Should Too",
        "text": "Exploring the shortcomings of Jupyter Notebook and its alternative",
        "title": "Why I Stopped Using Jupyter Notebook and Why You Should Too",
        "title_link": "https://medium.com/geekculture/why-i-stopped-using-jupyter-notebook-and-why-you-should-too-f5a3b00e90a6?li_fat_id=fb6d1210-7f73-41b6-8830-a4882b22d37b",
        "service_name": "Medium",
        "fields": [
          {
            "value": "8 min read",
            "title": "Reading time",
            "short": true
          }
        ]
      }
    ],
    "thread_ts": "1666452783.647959",
    "reply_count": 4,
    "reply_users_count": 2,
    "latest_reply": "1666454215.495979",
    "reply_users": [
      "U03UD68RQH3",
      "U03U1HAG9TR"
    ],
    "replies": [
      {
        "user": "U03UD68RQH3",
        "ts": "1666453140.037039"
      },
      {
        "user": "U03U1HAG9TR",
        "ts": "1666454064.232089"
      },
      {
        "user": "U03UD68RQH3",
        "ts": "1666454107.929979"
      },
      {
        "user": "U03UD68RQH3",
        "ts": "1666454215.495979"
      }
    ],
    "is_locked": false,
    "subscribed": false
  },
  {
    "client_msg_id": "c523fb54-5d30-4e96-8f8f-6e25aa63da98",
    "type": "message",
    "text": "have u tried it?",
    "user": "U03UD68RQH3",
    "ts": "1666453140.037039",
    "blocks": [
      {
        "type": "rich_text",
        "block_id": "qC98",
        "elements": [
          {
            "type": "rich_text_section",
            "elements": [
              {
                "type": "text",
                "text": "have u tried it?"
              }
            ]
          }
        ]
      }
    ],
    "team": "T03U4J8HMUG",
    "user_team": "T03U4J8HMUG",
    "source_team": "T03U4J8HMUG",
    "user_profile": {
      "avatar_hash": "20cf1bb98890",
      "image_72": "https://avatars.slack-edge.com/2022-09-19/4112933864561_20cf1bb98890146c716f_72.png",
      "first_name": "Brady",
      "real_name": "Brady Rhodes",
      "display_name": "Brady Rhodes",
      "team": "T03U4J8HMUG",
      "name": "Brady",
      "is_restricted": false,
      "is_ultra_restricted": false
    },
    "thread_ts": "1666452783.647959",
    "parent_user_id": "U03U1HAG9TR"
  },
  {
    "client_msg_id": "7474d06c-5d4f-47f8-84e1-3cd13baa68cd",
    "type": "message",
    "text": "No I haven't but it got my attention",
    "user": "U03U1HAG9TR",
    "ts": "1666454064.232089",
    "blocks": [
      {
        "type": "rich_text",
        "block_id": "opte",
        "elements": [
          {
            "type": "rich_text_section",
            "elements": [
              {
                "type": "text",
                "text": "No I haven't but it got my attention"
              }
            ]
          }
        ]
      }
    ],
    "team": "T03U4J8HMUG",
    "user_team": "T03U4J8HMUG",
    "source_team": "T03U4J8HMUG",
    "user_profile": {
      "avatar_hash": "4e4331305ef1",
      "image_72": "https://avatars.slack-edge.com/2022-08-20/3980783297649_4e4331305ef102cc4346_72.jpg",
      "first_name": "Robert",
      "real_name": "Robert Carter",
      "display_name": "Robert Carter",
      "team": "T03U4J8HMUG",
      "name": "Robert",
      "is_restricted": false,
      "is_ultra_restricted": false
    },
    "thread_ts": "1666452783.647959",
    "parent_user_id": "U03U1HAG9TR"
  },
  {
    "client_msg_id": "d10947c2-f681-47a4-b4f5-9a30717aaf0f",
    "type": "message",
    "text": "oh cool... I'll try it maybe on monday",
    "user": "U03UD68RQH3",
    "ts": "1666454107.929979",
    "blocks": [
      {
        "type": "rich_text",
        "block_id": "JXoY",
        "elements": [
          {
            "type": "rich_text_section",
            "elements": [
              {
                "type": "text",
                "text": "oh cool... I'll try it maybe on monday"
              }
            ]
          }
        ]
      }
    ],
    "team": "T03U4J8HMUG",
    "user_team": "T03U4J8HMUG",
    "source_team": "T03U4J8HMUG",
    "user_profile": {
      "avatar_hash": "20cf1bb98890",
      "image_72": "https://avatars.slack-edge.com/2022-09-19/4112933864561_20cf1bb98890146c716f_72.png",
      "first_name": "Brady",
      "real_name": "Brady Rhodes",
      "display_name": "Brady Rhodes",
      "team": "T03U4J8HMUG",
      "name": "Brady",
      "is_restricted": false,
      "is_ultra_restricted": false
    },
    "thread_ts": "1666452783.647959",
    "parent_user_id": "U03U1HAG9TR"
  },
  {
    "client_msg_id": "d8db83f5-80ca-4fa5-9500-f4a600004d21",
    "type": "message",
    "text": "I hate the fact jupyter notebook file is so big and it makes 90 % of  your language stack notebook :joy:  so selfish of him",
    "user": "U03UD68RQH3",
    "ts": "1666454215.495979",
    "blocks": [
      {
        "type": "rich_text",
        "block_id": "BFY",
        "elements": [
          {
            "type": "rich_text_section",
            "elements": [
              {
                "type": "text",
                "text": "I hate the fact jupyter notebook file is so big and it makes 90 % of  your language stack notebook "
              },
              {
                "type": "emoji",
                "name": "joy",
                "unicode": "1f602"
              },
              {
                "type": "text",
                "text": "  so selfish of him"
              }
            ]
          }
        ]
      }
    ],
    "team": "T03U4J8HMUG",
    "user_team": "T03U4J8HMUG",
    "source_team": "T03U4J8HMUG",
    "user_profile": {
      "avatar_hash": "20cf1bb98890",
      "image_72": "https://avatars.slack-edge.com/2022-09-19/4112933864561_20cf1bb98890146c716f_72.png",
      "first_name": "Brady",
      "real_name": "Brady Rhodes",
      "display_name": "Brady Rhodes",
      "team": "T03U4J8HMUG",
      "name": "Brady",
      "is_restricted": false,
      "is_ultra_restricted": false
    },
    "thread_ts": "1666452783.647959",
    "parent_user_id": "U03U1HAG9TR",
    "reactions": [
      {
        "name": "joy",
        "users": [
          "U03U1HAG9TR",
          "U03UG1Z21JP"
        ],
        "count": 2
      }
    ]
  }
]