[
  {
    "client_msg_id": "3d6c39b2-cdc4-4778-8e88-525ad65377bc",
    "type": "message",
    "text": "<!channel>\nFInd the updated list of quake books here.\n<https://quixotic-viola-881.notion.site/Quake-books-1a622f5c9a1f4a418126fcc4ce05aa01>",
    "user": "U03UVHCV6KB",
    "ts": "1664528519.867869",
    "blocks": [
      {
        "type": "rich_text",
        "block_id": "+gfo",
        "elements": [
          {
            "type": "rich_text_section",
            "elements": [
              {
                "type": "broadcast",
                "range": "channel"
              },
              {
                "type": "text",
                "text": "\nFInd the updated list of quake books here.\n"
              },
              {
                "type": "link",
                "url": "https://quixotic-viola-881.notion.site/Quake-books-1a622f5c9a1f4a418126fcc4ce05aa01"
              }
            ]
          }
        ]
      }
    ],
    "team": "T03U4J8HMUG",
    "user_team": "T03U4J8HMUG",
    "source_team": "T03U4J8HMUG",
    "user_profile": {
      "avatar_hash": "gc9619121f99",
      "image_72": "https://secure.gravatar.com/avatar/c9619121f998ee4a7e46177f2a5729de.jpg?s=72&d=https%3A%2F%2Fa.slack-edge.com%2Fdf10d%2Fimg%2Favatars%2Fava_0002-72.png",
      "first_name": "Travis",
      "real_name": "Travis Butler",
      "display_name": "Travis Butler",
      "team": "T03U4J8HMUG",
      "name": "Travis",
      "is_restricted": false,
      "is_ultra_restricted": false
    },
    "edited": {
      "user": "U03UVHCV6KB",
      "ts": "1664528802.000000"
    },
    "attachments": [
      {
        "from_url": "https://quixotic-viola-881.notion.site/Quake-books-1a622f5c9a1f4a418126fcc4ce05aa01",
        "image_url": "https://quixotic-viola-881.notion.site/image/https%3A%2F%2Fquixotic-viola-881.notion.site%2Fimages%2Fpage-cover%2Frijksmuseum_jan_lievens_1627.jpg?table=block&id=1a622f5c-9a1f-4a41-8126-fcc4ce05aa01&spaceId=e0cc3bf5-204e-44bf-b444-af09d295cdaf&width=2000&userId=&cache=v2",
        "image_width": 333,
        "image_height": 250,
        "image_bytes": 201018,
        "id": 1,
        "original_url": "https://quixotic-viola-881.notion.site/Quake-books-1a622f5c9a1f4a418126fcc4ce05aa01",
        "fallback": "10X on Notion: Quake books",
        "text": "The list of all the quake books of people who were attending the hot seats of 10Academy during batch six.",
        "title": "Quake books",
        "title_link": "https://quixotic-viola-881.notion.site/Quake-books-1a622f5c9a1f4a418126fcc4ce05aa01",
        "service_name": "10X on Notion"
      }
    ],
    "reactions": [
      {
        "name": "raised_hands",
        "users": [
          "U03UD5B7C3X"
        ],
        "count": 1
      }
    ]
  },
  {
    "client_msg_id": "654182C2-B286-43E1-BFB2-7257B3A437E2",
    "type": "message",
    "text": "<https://www.theverge.com/2022/9/28/23375691/google-search-multisearch-visual-keywords|https://www.theverge.com/2022/9/28/23375691/google-search-multisearch-visual-keywords>",
    "user": "U03V785NLSU",
    "ts": "1664538506.734379",
    "blocks": [
      {
        "type": "rich_text",
        "block_id": "n8mSA",
        "elements": [
          {
            "type": "rich_text_section",
            "elements": [
              {
                "type": "link",
                "url": "https://www.theverge.com/2022/9/28/23375691/google-search-multisearch-visual-keywords",
                "text": "https://www.theverge.com/2022/9/28/23375691/google-search-multisearch-visual-keywords"
              }
            ]
          }
        ]
      }
    ],
    "team": "T03U4J8HMUG",
    "user_team": "T03U4J8HMUG",
    "source_team": "T03U4J8HMUG",
    "user_profile": {
      "avatar_hash": "48d5c88821e9",
      "image_72": "https://avatars.slack-edge.com/2022-08-21/3993277785968_48d5c88821e922581e17_72.jpg",
      "first_name": "Ashley",
      "real_name": "Ashley Hamilton",
      "display_name": "Ashley Hamilton",
      "team": "T03U4J8HMUG",
      "name": "Ashley",
      "is_restricted": false,
      "is_ultra_restricted": false
    },
    "attachments": [
      {
        "from_url": "https://www.theverge.com/2022/9/28/23375691/google-search-multisearch-visual-keywords",
        "ts": 1664387491,
        "image_url": "https://cdn.vox-cdn.com/thumbor/TtTHdaUTydJYVvyE25jnxGiQlIQ=/0x0:1600x1200/1200x628/filters:focal(800x600:801x601)/cdn.vox-cdn.com/uploads/chorus_asset/file/24060030/Searchgoog2.jpg",
        "image_width": 478,
        "image_height": 250,
        "image_bytes": 77081,
        "service_icon": "https://cdn.vox-cdn.com/uploads/chorus_asset/file/23989710/apple_touch_icon.png",
        "id": 1,
        "original_url": "https://www.theverge.com/2022/9/28/23375691/google-search-multisearch-visual-keywords",
        "fallback": "The Verge: Google is trying to reinvent search \u2014 by being more than a search engine",
        "text": "The future of Google is more visual, more proactive, and more interested in helping you find new stuff \u2014 kind of like TikTok.",
        "title": "Google is trying to reinvent search \u2014 by being more than a search engine",
        "title_link": "https://www.theverge.com/2022/9/28/23375691/google-search-multisearch-visual-keywords",
        "service_name": "The Verge"
      }
    ]
  }
]