[
  {
    "client_msg_id": "1dc83d64-94a4-4b59-bb79-0e105a7651e1",
    "type": "message",
    "text": "<https://www.linkedin.com/posts/huggingface_hugging-face-inference-endpoints-announcement-activity-6976218402637922304-fOZo?utm_source=share&amp;utm_medium=member_android|https://www.linkedin.com/posts/huggingface_hugging-face-inference-endpoints-announcement-activity-6976218402637922304-fOZo?utm_source=share&amp;utm_medium=member_android>",
    "user": "U03U1FQKEMV",
    "ts": "1663279292.650809",
    "blocks": [
      {
        "type": "rich_text",
        "block_id": "NoW",
        "elements": [
          {
            "type": "rich_text_section",
            "elements": [
              {
                "type": "link",
                "url": "https://www.linkedin.com/posts/huggingface_hugging-face-inference-endpoints-announcement-activity-6976218402637922304-fOZo?utm_source=share&utm_medium=member_android",
                "text": "https://www.linkedin.com/posts/huggingface_hugging-face-inference-endpoints-announcement-activity-6976218402637922304-fOZo?utm_source=share&utm_medium=member_android"
              }
            ]
          }
        ]
      }
    ],
    "team": "T03U4J8HMUG",
    "user_team": "T03U4J8HMUG",
    "source_team": "T03U4J8HMUG",
    "user_profile": {
      "avatar_hash": "g6eee7df1d92",
      "image_72": "https://secure.gravatar.com/avatar/6eee7df1d92577aa5637983ea403f886.jpg?s=72&d=https%3A%2F%2Fa.slack-edge.com%2Fdf10d%2Fimg%2Favatars%2Fava_0026-72.png",
      "first_name": "Steven",
      "real_name": "Steven Garcia",
      "display_name": "Steven Garcia",
      "team": "T03U4J8HMUG",
      "name": "Steven",
      "is_restricted": false,
      "is_ultra_restricted": false
    },
    "attachments": [
      {
        "from_url": "https://www.linkedin.com/posts/huggingface_hugging-face-inference-endpoints-announcement-activity-6976218402637922304-fOZo?utm_source=share&utm_medium=member_android",
        "image_url": "https://media-exp1.licdn.com/dms/image/C4D22AQG9KKHoNTtNTw/feedshare-shrink_2048_1536/0/1663260069664?e=2147483647&v=beta&t=Xd5vKKUCiQLGbSxc8w8d7JjTmNJhscWZbEguQSfB3Fk",
        "image_width": 478,
        "image_height": 250,
        "image_bytes": 64338,
        "service_icon": "https://static-exp1.licdn.com/sc/h/al2o9zrvru7aqj8e1x2rzsrca",
        "id": 1,
        "original_url": "https://www.linkedin.com/posts/huggingface_hugging-face-inference-endpoints-announcement-activity-6976218402637922304-fOZo?utm_source=share&amp;utm_medium=member_android",
        "fallback": "Hugging Face on LinkedIn: Hugging Face Inference Endpoints | :hugging_face: Announcement and demo | Hugging",
        "text": "Transformers in production: SOLVED :white_check_mark: Tune in on 9/27 to discover our NEW inference solution: :money_mouth_face: pay as you go - only the compute :racing_car: from zero to endpoint...",
        "title": "Hugging Face on LinkedIn: Hugging Face Inference Endpoints | :hugging_face: Announcement and demo | Hugging",
        "title_link": "https://www.linkedin.com/posts/huggingface_hugging-face-inference-endpoints-announcement-activity-6976218402637922304-fOZo?utm_source=share&utm_medium=member_android",
        "service_name": "linkedin.com"
      }
    ]
  }
]