[
  {
    "client_msg_id": "984c4097-b96b-4b31-8613-b6b028bb3aa3",
    "type": "message",
    "text": "I always listen to this stroy like its my first time.\n<https://www.instagram.com/reel/CkiwOlaD-CZ/?utm_source=ig_web_copy_link>",
    "user": "U03UVHCV6KB",
    "ts": "1667715260.610329",
    "blocks": [
      {
        "type": "rich_text",
        "block_id": "uUdG",
        "elements": [
          {
            "type": "rich_text_section",
            "elements": [
              {
                "type": "text",
                "text": "I always listen to this stroy like its my first time.\n"
              },
              {
                "type": "link",
                "url": "https://www.instagram.com/reel/CkiwOlaD-CZ/?utm_source=ig_web_copy_link"
              }
            ]
          }
        ]
      }
    ],
    "team": "T03U4J8HMUG",
    "user_team": "T03U4J8HMUG",
    "source_team": "T03U4J8HMUG",
    "user_profile": {
      "avatar_hash": "gc9619121f99",
      "image_72": "https://secure.gravatar.com/avatar/c9619121f998ee4a7e46177f2a5729de.jpg?s=72&d=https%3A%2F%2Fa.slack-edge.com%2Fdf10d%2Fimg%2Favatars%2Fava_0002-72.png",
      "first_name": "Travis",
      "real_name": "Travis Butler",
      "display_name": "Travis Butler",
      "team": "T03U4J8HMUG",
      "name": "Travis",
      "is_restricted": false,
      "is_ultra_restricted": false
    },
    "thread_ts": "1667715260.610329",
    "reply_count": 2,
    "reply_users_count": 2,
    "latest_reply": "1667801241.745569",
    "reply_users": [
      "U03UG0YHAUT",
      "U03UVHCV6KB"
    ],
    "replies": [
      {
        "user": "U03UG0YHAUT",
        "ts": "1667788743.248809"
      },
      {
        "user": "U03UVHCV6KB",
        "ts": "1667801241.745569"
      }
    ],
    "is_locked": false,
    "subscribed": false,
    "reactions": [
      {
        "name": "white_check_mark",
        "users": [
          "U03U1FNPEUX",
          "U03U1HAG9TR"
        ],
        "count": 2
      }
    ]
  }
]