[
  {
    "client_msg_id": "4e3bd687-9bcd-42e3-8b4d-409b2ca968f1",
    "type": "message",
    "text": "*So, we believe that web 3 is about power.* It\u2019s about who controls the technologies and applications we use every day.  If that is the case how does an entrepreneur in this area(web 3) benefit? If I am giving more power to the users, then how will I profit?",
    "user": "U03UJGRN5E0",
    "ts": "1664289348.048449",
    "blocks": [
      {
        "type": "rich_text",
        "block_id": "Nugik",
        "elements": [
          {
            "type": "rich_text_section",
            "elements": [
              {
                "type": "text",
                "text": "So, we believe that web 3 is about power. ",
                "style": {
                  "bold": true
                }
              },
              {
                "type": "text",
                "text": "It\u2019s about who controls the technologies and applications we use every day.  If that is the case how does an entrepreneur in this area(web 3) benefit? If I am giving more power to the users, then how will I profit?"
              }
            ]
          }
        ]
      }
    ],
    "team": "T03U4J8HMUG",
    "user_team": "T03U4J8HMUG",
    "source_team": "T03U4J8HMUG",
    "user_profile": {
      "avatar_hash": "35b05758f532",
      "image_72": "https://avatars.slack-edge.com/2022-09-30/4156429070997_35b05758f532bdef5b5f_72.jpg",
      "first_name": "Katie",
      "real_name": "Katie Dickerson",
      "display_name": "Katie Dickerson",
      "team": "T03U4J8HMUG",
      "name": "Katie",
      "is_restricted": false,
      "is_ultra_restricted": false
    },
    "thread_ts": "1664289348.048449",
    "reply_count": 3,
    "reply_users_count": 2,
    "latest_reply": "1664346834.980449",
    "reply_users": [
      "U03U93GNNVB",
      "U03UJGRN5E0"
    ],
    "replies": [
      {
        "user": "U03U93GNNVB",
        "ts": "1664344135.078629"
      },
      {
        "user": "U03U93GNNVB",
        "ts": "1664344223.558239"
      },
      {
        "user": "U03UJGRN5E0",
        "ts": "1664346834.980449"
      }
    ],
    "is_locked": false,
    "subscribed": false
  },
  {
    "client_msg_id": "5a9bb578-53ae-4a9f-aa51-1048eb524a52",
    "type": "message",
    "text": "start with the use case, and look for shared benefit",
    "user": "U03U93GNNVB",
    "ts": "1664344135.078629",
    "blocks": [
      {
        "type": "rich_text",
        "block_id": "XOTgx",
        "elements": [
          {
            "type": "rich_text_section",
            "elements": [
              {
                "type": "text",
                "text": "start with the use case, and look for shared benefit"
              }
            ]
          }
        ]
      }
    ],
    "team": "T03U4J8HMUG",
    "user_team": "T03U4J8HMUG",
    "source_team": "T03U4J8HMUG",
    "user_profile": {
      "avatar_hash": "a49779ad093d",
      "image_72": "https://avatars.slack-edge.com/2022-08-22/3994045204528_a49779ad093d4fc39a87_72.jpg",
      "first_name": "Katherine",
      "real_name": "Katherine Foster",
      "display_name": "Katherine Foster",
      "team": "T03U4J8HMUG",
      "name": "Katherine",
      "is_restricted": false,
      "is_ultra_restricted": false
    },
    "thread_ts": "1664289348.048449",
    "parent_user_id": "U03UJGRN5E0"
  },
  {
    "client_msg_id": "4b416648-5818-4e27-823b-032fb5663be8",
    "type": "message",
    "text": "for example, water is free, but there is still a business to be built around\n-Clean water\n-Cold water\n-Water which is ready to drink\n-Water when you want it\n-Flavoured water\n-Water with gas in it\n-Hot water",
    "user": "U03U93GNNVB",
    "ts": "1664344223.558239",
    "blocks": [
      {
        "type": "rich_text",
        "block_id": "/HR",
        "elements": [
          {
            "type": "rich_text_section",
            "elements": [
              {
                "type": "text",
                "text": "for example, water is free, but there is still a business to be built around\n-Clean water\n-Cold water\n-Water which is ready to drink\n-Water when you want it\n-Flavoured water\n-Water with gas in it\n-Hot water"
              }
            ]
          }
        ]
      }
    ],
    "team": "T03U4J8HMUG",
    "user_team": "T03U4J8HMUG",
    "source_team": "T03U4J8HMUG",
    "user_profile": {
      "avatar_hash": "a49779ad093d",
      "image_72": "https://avatars.slack-edge.com/2022-08-22/3994045204528_a49779ad093d4fc39a87_72.jpg",
      "first_name": "Katherine",
      "real_name": "Katherine Foster",
      "display_name": "Katherine Foster",
      "team": "T03U4J8HMUG",
      "name": "Katherine",
      "is_restricted": false,
      "is_ultra_restricted": false
    },
    "thread_ts": "1664289348.048449",
    "parent_user_id": "U03UJGRN5E0"
  },
  {
    "client_msg_id": "ed239eab-a4c1-4646-b6c1-cae070150091",
    "type": "message",
    "text": "Thanks, <@U03U93GNNVB> Sharma. That is actually a good example. So, the idea is entrepreneurs should find a way to build a business on this decentralized system.",
    "user": "U03UJGRN5E0",
    "ts": "1664346834.980449",
    "blocks": [
      {
        "type": "rich_text",
        "block_id": "i6O/i",
        "elements": [
          {
            "type": "rich_text_section",
            "elements": [
              {
                "type": "text",
                "text": "Thanks, "
              },
              {
                "type": "user",
                "user_id": "U03U93GNNVB"
              },
              {
                "type": "text",
                "text": " Sharma. That is actually a good example. So, the idea is entrepreneurs should find a way to build a business on this decentralized system."
              }
            ]
          }
        ]
      }
    ],
    "team": "T03U4J8HMUG",
    "user_team": "T03U4J8HMUG",
    "source_team": "T03U4J8HMUG",
    "user_profile": {
      "avatar_hash": "35b05758f532",
      "image_72": "https://avatars.slack-edge.com/2022-09-30/4156429070997_35b05758f532bdef5b5f_72.jpg",
      "first_name": "Katie",
      "real_name": "Katie Dickerson",
      "display_name": "Katie Dickerson",
      "team": "T03U4J8HMUG",
      "name": "Katie",
      "is_restricted": false,
      "is_ultra_restricted": false
    },
    "thread_ts": "1664289348.048449",
    "parent_user_id": "U03UJGRN5E0"
  }
]