[
  {
    "client_msg_id": "3476c94c-e446-45e0-b598-b9ee6475c014",
    "type": "message",
    "text": "<https://lablab.ai/event/cohere-thanksgiving-hackathon?utm_medium=email&amp;_hsmi=233620246&amp;_hsenc=p2ANqtz-9HZwfBXHbnEB-lmtuu432oTxAPTWUEj83MgkVjOoIuQFoSh2lPRiuE6Xt5V5KuUOY5ko0urC0N2dolQ9lYQdz1sLg2uQ&amp;utm_content=233620246&amp;utm_source=hs_email|https://lablab.ai/event/cohere-thanksgiving-hackathon?utm_medium=email&amp;_hsmi=2336[\u2026]rC0N2dolQ9lYQdz1sLg2uQ&amp;utm_content=233620246&amp;utm_source=hs_email>  For anyone interested...",
    "user": "U03V785NLSU",
    "ts": "1668326916.374399",
    "blocks": [
      {
        "type": "rich_text",
        "block_id": "mSiM",
        "elements": [
          {
            "type": "rich_text_section",
            "elements": [
              {
                "type": "link",
                "url": "https://lablab.ai/event/cohere-thanksgiving-hackathon?utm_medium=email&_hsmi=233620246&_hsenc=p2ANqtz-9HZwfBXHbnEB-lmtuu432oTxAPTWUEj83MgkVjOoIuQFoSh2lPRiuE6Xt5V5KuUOY5ko0urC0N2dolQ9lYQdz1sLg2uQ&utm_content=233620246&utm_source=hs_email",
                "text": "https://lablab.ai/event/cohere-thanksgiving-hackathon?utm_medium=email&_hsmi=2336[\u2026]rC0N2dolQ9lYQdz1sLg2uQ&utm_content=233620246&utm_source=hs_email"
              },
              {
                "type": "text",
                "text": "  For anyone interested..."
              }
            ]
          }
        ]
      }
    ],
    "team": "T03U4J8HMUG",
    "user_team": "T03U4J8HMUG",
    "source_team": "T03U4J8HMUG",
    "user_profile": {
      "avatar_hash": "48d5c88821e9",
      "image_72": "https://avatars.slack-edge.com/2022-08-21/3993277785968_48d5c88821e922581e17_72.jpg",
      "first_name": "Ashley",
      "real_name": "Ashley Hamilton",
      "display_name": "Ashley Hamilton",
      "team": "T03U4J8HMUG",
      "name": "Ashley",
      "is_restricted": false,
      "is_ultra_restricted": false
    },
    "attachments": [
      {
        "from_url": "https://lablab.ai/event/cohere-thanksgiving-hackathon?utm_medium=email&_hsmi=233620246&_hsenc=p2ANqtz-9HZwfBXHbnEB-lmtuu432oTxAPTWUEj83MgkVjOoIuQFoSh2lPRiuE6Xt5V5KuUOY5ko0urC0N2dolQ9lYQdz1sLg2uQ&utm_content=233620246&utm_source=hs_email",
        "image_url": "https://storage.googleapis.com/lablab-static-eu/images%2Fevents%2Fcla18g51p0000356jomdqhth9%2Fcla18g51p0000356jomdqhth9_ds13jf9_imageLink.jpg",
        "image_width": 478,
        "image_height": 250,
        "image_bytes": 376980,
        "service_icon": "https://lablab.ai/favicon.png",
        "id": 1,
        "original_url": "https://lablab.ai/event/cohere-thanksgiving-hackathon?utm_medium=email&amp;_hsmi=233620246&amp;_hsenc=p2ANqtz-9HZwfBXHbnEB-lmtuu432oTxAPTWUEj83MgkVjOoIuQFoSh2lPRiuE6Xt5V5KuUOY5ko0urC0N2dolQ9lYQdz1sLg2uQ&amp;utm_content=233620246&amp;utm_source=hs_email",
        "fallback": "Lab Lab: Cohere Thanksgiving Hackathon",
        "text": "<http://Lablab.ai|Lablab.ai> is so excited to invite you to participate in the Cohere Thanksgiving Hackathon. This is the perfect opportunity for you to give back, build something to express gratitude and spread the joy! We encourage you to reflect on your year. Met a mentor? Had a life-changing experience? Passionate about a cause? We want to hear your story! Join us as we provide you the platform to innovate and use these experiences to give back, support and uplift others in the community. It could be a business idea or a social cause, the theme is up to your interpretation! Join us to build, create, and innovate with other like-minded people! Not to mention our incredible prizes!",
        "title": "Cohere Thanksgiving Hackathon",
        "title_link": "https://lablab.ai/event/cohere-thanksgiving-hackathon?utm_medium=email&_hsmi=233620246&_hsenc=p2ANqtz-9HZwfBXHbnEB-lmtuu432oTxAPTWUEj83MgkVjOoIuQFoSh2lPRiuE6Xt5V5KuUOY5ko0urC0N2dolQ9lYQdz1sLg2uQ&utm_content=233620246&utm_source=hs_email",
        "service_name": "Lab Lab"
      }
    ]
  }
]