[
  {
    "type": "message",
    "text": "",
    "files": [
      {
        "id": "F041CDYCKCZ",
        "created": 1662297923,
        "timestamp": 1662297923,
        "name": "image.png",
        "title": "image.png",
        "mimetype": "image/png",
        "filetype": "png",
        "pretty_type": "PNG",
        "user": "U03UVHCV6KB",
        "user_team": "T03U4J8HMUG",
        "editable": false,
        "size": 2497,
        "mode": "hosted",
        "is_external": false,
        "external_type": "",
        "is_public": true,
        "public_url_shared": false,
        "display_as_bot": false,
        "username": "",
        "url_private": "https://files.slack.com/files-pri/T03U4J8HMUG-F041CDYCKCZ/image.png?t=xoxe-3956620599968-6240746766294-6247387524178-110fc6768eefd7fcb909c4550875ed49",
        "url_private_download": "https://files.slack.com/files-pri/T03U4J8HMUG-F041CDYCKCZ/download/image.png?t=xoxe-3956620599968-6240746766294-6247387524178-110fc6768eefd7fcb909c4550875ed49",
        "media_display_type": "unknown",
        "thumb_64": "https://files.slack.com/files-tmb/T03U4J8HMUG-F041CDYCKCZ-267976af63/image_64.png?t=xoxe-3956620599968-6240746766294-6247387524178-110fc6768eefd7fcb909c4550875ed49",
        "thumb_80": "https://files.slack.com/files-tmb/T03U4J8HMUG-F041CDYCKCZ-267976af63/image_80.png?t=xoxe-3956620599968-6240746766294-6247387524178-110fc6768eefd7fcb909c4550875ed49",
        "thumb_360": "https://files.slack.com/files-tmb/T03U4J8HMUG-F041CDYCKCZ-267976af63/image_360.png?t=xoxe-3956620599968-6240746766294-6247387524178-110fc6768eefd7fcb909c4550875ed49",
        "thumb_360_w": 360,
        "thumb_360_h": 51,
        "thumb_480": "https://files.slack.com/files-tmb/T03U4J8HMUG-F041CDYCKCZ-267976af63/image_480.png?t=xoxe-3956620599968-6240746766294-6247387524178-110fc6768eefd7fcb909c4550875ed49",
        "thumb_480_w": 480,
        "thumb_480_h": 68,
        "thumb_160": "https://files.slack.com/files-tmb/T03U4J8HMUG-F041CDYCKCZ-267976af63/image_160.png?t=xoxe-3956620599968-6240746766294-6247387524178-110fc6768eefd7fcb909c4550875ed49",
        "original_w": 551,
        "original_h": 78,
        "thumb_tiny": "AwAGADDRAyTRt96F6mnUAN2+9G33p1FADdvvRt96dRQB/9k=",
        "permalink": "https://10academybatch6.slack.com/files/U03UVHCV6KB/F041CDYCKCZ/image.png",
        "permalink_public": "https://slack-files.com/T03U4J8HMUG-F041CDYCKCZ-c2907c68b3",
        "is_starred": false,
        "has_rich_preview": false,
        "file_access": "visible"
      }
    ],
    "upload": false,
    "user": "U03UVHCV6KB",
    "display_as_bot": false,
    "ts": "1662297926.120789",
    "client_msg_id": "1b25eaba-a10e-4a6f-b855-b92002034574"
  },
  {
    "client_msg_id": "a8e8c737-2401-4ab6-be05-aea8e790227b",
    "type": "message",
    "text": "<#C03TEQM38HH|all-ideas>\n*<!channel>* \n\nMaybe you don't have the time to watch this, maybe you do. But no matter what you chose to do about this video just know this for sure.\nThis is not only worth your time but it is also one of the most underrated sources of wisdom in this day and age. This is true wisdom.\n\n<https://www.youtube.com/watch?v=6BCVv7hctEA&amp;ab_channel=DailyStoic>",
    "user": "U03UVHCV6KB",
    "ts": "1662309743.131559",
    "blocks": [
      {
        "type": "rich_text",
        "block_id": "=20xV",
        "elements": [
          {
            "type": "rich_text_section",
            "elements": [
              {
                "type": "channel",
                "channel_id": "C03TEQM38HH"
              },
              {
                "type": "text",
                "text": "\n"
              },
              {
                "type": "broadcast",
                "range": "channel",
                "style": {
                  "bold": true
                }
              },
              {
                "type": "text",
                "text": " ",
                "style": {
                  "bold": true
                }
              },
              {
                "type": "text",
                "text": "\n\nMaybe you don't have the time to watch this, maybe you do. But no matter what you chose to do about this video just know this for sure.\nThis is not only worth your time but it is also one of the most underrated sources of wisdom in this day and age. This is true wisdom.\n\n"
              },
              {
                "type": "link",
                "url": "https://www.youtube.com/watch?v=6BCVv7hctEA&ab_channel=DailyStoic"
              }
            ]
          }
        ]
      }
    ],
    "team": "T03U4J8HMUG",
    "user_team": "T03U4J8HMUG",
    "source_team": "T03U4J8HMUG",
    "user_profile": {
      "avatar_hash": "gc9619121f99",
      "image_72": "https://secure.gravatar.com/avatar/c9619121f998ee4a7e46177f2a5729de.jpg?s=72&d=https%3A%2F%2Fa.slack-edge.com%2Fdf10d%2Fimg%2Favatars%2Fava_0002-72.png",
      "first_name": "Travis",
      "real_name": "Travis Butler",
      "display_name": "Travis Butler",
      "team": "T03U4J8HMUG",
      "name": "Travis",
      "is_restricted": false,
      "is_ultra_restricted": false
    },
    "edited": {
      "user": "U03UVHCV6KB",
      "ts": "1662309950.000000"
    },
    "attachments": [
      {
        "from_url": "https://www.youtube.com/watch?v=6BCVv7hctEA&amp;ab_channel=DailyStoic",
        "thumb_url": "https://i.ytimg.com/vi/6BCVv7hctEA/hqdefault.jpg",
        "thumb_width": 480,
        "thumb_height": 360,
        "video_html": "<iframe width=\"400\" height=\"225\" src=\"https://www.youtube.com/embed/6BCVv7hctEA?feature=oembed&autoplay=1&iv_load_policy=3\" frameborder=\"0\" allow=\"accelerometer; autoplay; clipboard-write; encrypted-media; gyroscope; picture-in-picture\" allowfullscreen title=\"5 Usable Practices From Stoicism | Ryan Holiday Speaks At Ole Miss\"></iframe>",
        "video_html_width": 400,
        "video_html_height": 225,
        "service_icon": "https://a.slack-edge.com/80588/img/unfurl_icons/youtube.png",
        "id": 1,
        "original_url": "https://www.youtube.com/watch?v=6BCVv7hctEA&amp;ab_channel=DailyStoic",
        "fallback": "YouTube Video: 5 Usable Practices From Stoicism | Ryan Holiday Speaks At Ole Miss",
        "title": "5 Usable Practices From Stoicism | Ryan Holiday Speaks At Ole Miss",
        "title_link": "https://www.youtube.com/watch?v=6BCVv7hctEA&amp;ab_channel=DailyStoic",
        "author_name": "Daily Stoic",
        "author_link": "https://www.youtube.com/c/DailyStoic",
        "service_name": "YouTube",
        "service_url": "https://www.youtube.com/"
      }
    ]
  },
  {
    "client_msg_id": "b3b80aee-e720-4965-af9c-c4d2e47db7b3",
    "type": "message",
    "text": "<https://qz.com/ethiopia-is-thwarting-crypto-cybercrime-1849467649>",
    "user": "U03U93GNNVB",
    "ts": "1662358849.553209",
    "blocks": [
      {
        "type": "rich_text",
        "block_id": "gtQHq",
        "elements": [
          {
            "type": "rich_text_section",
            "elements": [
              {
                "type": "link",
                "url": "https://qz.com/ethiopia-is-thwarting-crypto-cybercrime-1849467649"
              }
            ]
          }
        ]
      }
    ],
    "team": "T03U4J8HMUG",
    "user_team": "T03U4J8HMUG",
    "source_team": "T03U4J8HMUG",
    "user_profile": {
      "avatar_hash": "a49779ad093d",
      "image_72": "https://avatars.slack-edge.com/2022-08-22/3994045204528_a49779ad093d4fc39a87_72.jpg",
      "first_name": "Katherine",
      "real_name": "Katherine Foster",
      "display_name": "Katherine Foster",
      "team": "T03U4J8HMUG",
      "name": "Katherine",
      "is_restricted": false,
      "is_ultra_restricted": false
    },
    "attachments": [
      {
        "from_url": "https://qz.com/ethiopia-is-thwarting-crypto-cybercrime-1849467649",
        "ts": 1661768100,
        "image_url": "https://i.kinja-img.com/gawker-media/image/upload/q_75,w_1200,h_630,c_fill/fff13a8e13864a229b96b863a032caed.JPG",
        "image_width": 476,
        "image_height": 250,
        "image_bytes": 1420907,
        "service_icon": "https://i.kinja-img.com/gawker-media/image/upload/5c943d68a690670f6aa5fba002829593.jpg",
        "id": 1,
        "original_url": "https://qz.com/ethiopia-is-thwarting-crypto-cybercrime-1849467649",
        "fallback": "Quartz: Ethiopia is fighting cybercrime right from the crypto darkweb",
        "text": "INSA has warned crypto players in Ethiopia that failing to register their platforms within 10 days will land them in trouble.",
        "title": "Ethiopia is fighting cybercrime right from the crypto darkweb",
        "title_link": "https://qz.com/ethiopia-is-thwarting-crypto-cybercrime-1849467649",
        "service_name": "Quartz"
      }
    ],
    "reactions": [
      {
        "name": "+1",
        "users": [
          "U03UFV7TUTV",
          "U03UD68RQH3"
        ],
        "count": 2
      }
    ]
  }
]