[
  {
    "client_msg_id": "da82dd0d-cdc1-49dc-ae7f-4def26ed70ac",
    "type": "message",
    "text": "<https://www.theguardian.com/music/2022/aug/24/major-record-label-drops-offensive-ai-rapper-after-outcry-over-racial-stereotyping>\nAlso this is worth reading.",
    "user": "U03U93GNNVB",
    "ts": "1661339444.083019",
    "blocks": [
      {
        "type": "rich_text",
        "block_id": "okzI",
        "elements": [
          {
            "type": "rich_text_section",
            "elements": [
              {
                "type": "link",
                "url": "https://www.theguardian.com/music/2022/aug/24/major-record-label-drops-offensive-ai-rapper-after-outcry-over-racial-stereotyping"
              },
              {
                "type": "text",
                "text": "\nAlso this is worth reading."
              }
            ]
          }
        ]
      }
    ],
    "team": "T03U4J8HMUG",
    "user_team": "T03U4J8HMUG",
    "source_team": "T03U4J8HMUG",
    "user_profile": {
      "avatar_hash": "a49779ad093d",
      "image_72": "https://avatars.slack-edge.com/2022-08-22/3994045204528_a49779ad093d4fc39a87_72.jpg",
      "first_name": "Katherine",
      "real_name": "Katherine Foster",
      "display_name": "Katherine Foster",
      "team": "T03U4J8HMUG",
      "name": "Katherine",
      "is_restricted": false,
      "is_ultra_restricted": false
    },
    "attachments": [
      {
        "from_url": "https://www.theguardian.com/music/2022/aug/24/major-record-label-drops-offensive-ai-rapper-after-outcry-over-racial-stereotyping",
        "ts": 1661321656,
        "image_url": "https://i.guim.co.uk/img/media/7a8d3ba9b40fc875351c1ef85bc504113c1844d1/0_17_2000_1200/master/2000.jpg?width=1200&height=630&quality=85&auto=format&fit=crop&overlay-align=bottom%2Cleft&overlay-width=100p&overlay-base64=L2ltZy9zdGF0aWMvb3ZlcmxheXMvdGctZGVmYXVsdC5wbmc&enable=upscale&s=57613c74cb949ef1af8610dbae3d497d",
        "image_width": 476,
        "image_height": 250,
        "image_bytes": 50609,
        "service_icon": "https://static.guim.co.uk/images/favicon-32x32.ico",
        "id": 1,
        "original_url": "https://www.theguardian.com/music/2022/aug/24/major-record-label-drops-offensive-ai-rapper-after-outcry-over-racial-stereotyping",
        "fallback": "the Guardian: Capitol Records drops \u2018offensive\u2019 AI rapper FN Meka after outcry over racial stereotyping",
        "text": "Label has apologised to \u2018the Black community\u2019 after signing an AI-generated rapper that used the N-word and was shown being beaten by police",
        "title": "Capitol Records drops \u2018offensive\u2019 AI rapper FN Meka after outcry over racial stereotyping",
        "title_link": "https://www.theguardian.com/music/2022/aug/24/major-record-label-drops-offensive-ai-rapper-after-outcry-over-racial-stereotyping",
        "service_name": "the Guardian"
      }
    ],
    "thread_ts": "1661339444.083019",
    "reply_count": 2,
    "reply_users_count": 2,
    "latest_reply": "1661341259.983349",
    "reply_users": [
      "U03U9FWPNCE",
      "U03U1HAG9TR"
    ],
    "replies": [
      {
        "user": "U03U9FWPNCE",
        "ts": "1661340059.801609"
      },
      {
        "user": "U03U1HAG9TR",
        "ts": "1661341259.983349"
      }
    ],
    "is_locked": false,
    "subscribed": false,
    "reactions": [
      {
        "name": "eyes",
        "users": [
          "U03UUR571A5",
          "U03UVHCV6KB"
        ],
        "count": 2
      },
      {
        "name": "smirk",
        "users": [
          "U03U1FNPEUX"
        ],
        "count": 1
      }
    ]
  },
  {
    "client_msg_id": "cfa3ca9e-8174-468f-8a81-b409257af493",
    "type": "message",
    "text": "The work behind AI/NLP is really interesting though.",
    "user": "U03U9FWPNCE",
    "ts": "1661340059.801609",
    "blocks": [
      {
        "type": "rich_text",
        "block_id": "YL/",
        "elements": [
          {
            "type": "rich_text_section",
            "elements": [
              {
                "type": "text",
                "text": "The work behind AI/NLP is really interesting though."
              }
            ]
          }
        ]
      }
    ],
    "team": "T03U4J8HMUG",
    "user_team": "T03U4J8HMUG",
    "source_team": "T03U4J8HMUG",
    "user_profile": {
      "avatar_hash": "2d070dcf37d6",
      "image_72": "https://avatars.slack-edge.com/2022-08-20/3991845605680_2d070dcf37d67d809af7_72.jpg",
      "first_name": "Anita",
      "real_name": "Anita Rodriguez",
      "display_name": "Anita Rodriguez",
      "team": "T03U4J8HMUG",
      "name": "Anita",
      "is_restricted": false,
      "is_ultra_restricted": false
    },
    "thread_ts": "1661339444.083019",
    "parent_user_id": "U03U93GNNVB",
    "reactions": [
      {
        "name": "+1",
        "users": [
          "U03U1HAG9TR"
        ],
        "count": 1
      }
    ]
  },
  {
    "client_msg_id": "b96ec69c-646e-41a6-baee-679b6379b506",
    "type": "message",
    "text": "It's interesting but with great power comes great responsibility.",
    "user": "U03U1HAG9TR",
    "ts": "1661341259.983349",
    "blocks": [
      {
        "type": "rich_text",
        "block_id": "F7+2",
        "elements": [
          {
            "type": "rich_text_section",
            "elements": [
              {
                "type": "text",
                "text": "It's interesting but with great power comes great responsibility."
              }
            ]
          }
        ]
      }
    ],
    "team": "T03U4J8HMUG",
    "user_team": "T03U4J8HMUG",
    "source_team": "T03U4J8HMUG",
    "user_profile": {
      "avatar_hash": "4e4331305ef1",
      "image_72": "https://avatars.slack-edge.com/2022-08-20/3980783297649_4e4331305ef102cc4346_72.jpg",
      "first_name": "Robert",
      "real_name": "Robert Carter",
      "display_name": "Robert Carter",
      "team": "T03U4J8HMUG",
      "name": "Robert",
      "is_restricted": false,
      "is_ultra_restricted": false
    },
    "thread_ts": "1661339444.083019",
    "parent_user_id": "U03U93GNNVB"
  },
  {
    "client_msg_id": "42cc65fb-d3ca-4c74-be50-2df41364bdb9",
    "type": "message",
    "text": "join the session\n<https://meet.google.com/ysb-kjdn-hpp>",
    "user": "U03U9EJR362",
    "ts": "1661346099.245159",
    "blocks": [
      {
        "type": "rich_text",
        "block_id": "RUmT4",
        "elements": [
          {
            "type": "rich_text_section",
            "elements": [
              {
                "type": "text",
                "text": "join the session\n"
              },
              {
                "type": "link",
                "url": "https://meet.google.com/ysb-kjdn-hpp"
              }
            ]
          }
        ]
      }
    ],
    "team": "T03U4J8HMUG",
    "user_team": "T03U4J8HMUG",
    "source_team": "T03U4J8HMUG",
    "user_profile": {
      "avatar_hash": "gc0133e965fb",
      "image_72": "https://secure.gravatar.com/avatar/c0133e965fb5500f9a83b69df54a7dc6.jpg?s=72&d=https%3A%2F%2Fa.slack-edge.com%2Fdf10d%2Fimg%2Favatars%2Fava_0006-72.png",
      "first_name": "Nicholas",
      "real_name": "Nicholas Friedman",
      "display_name": "Nicholas Friedman",
      "team": "T03U4J8HMUG",
      "name": "Nicholas",
      "is_restricted": false,
      "is_ultra_restricted": false
    },
    "attachments": [
      {
        "from_url": "https://meet.google.com/ysb-kjdn-hpp",
        "thumb_url": "https://fonts.gstatic.com/s/i/productlogos/meet_2020q4/v1/web-96dp/logo_meet_2020q4_color_2x_web_96dp.png",
        "thumb_width": 192,
        "thumb_height": 192,
        "service_icon": "http://fonts.gstatic.com/s/i/productlogos/meet_2020q4/v1/web-24dp/logo_meet_2020q4_color_1x_web_24dp.png",
        "id": 1,
        "original_url": "https://meet.google.com/ysb-kjdn-hpp",
        "fallback": "Meet",
        "text": "Real-time meetings by Google. Using your browser, share your video, desktop, and presentations with teammates and customers.",
        "title": "Meet",
        "title_link": "https://meet.google.com/ysb-kjdn-hpp",
        "service_name": "meet.google.com"
      }
    ],
    "reactions": [
      {
        "name": "+1",
        "users": [
          "U03UFV7TUTV"
        ],
        "count": 1
      }
    ]
  },
  {
    "client_msg_id": "deb50eaa-30a8-4817-8c84-d8bf54403f64",
    "type": "message",
    "text": "<https://www.youtube.com/watch?v=SEXLD02Fw6U>",
    "user": "U03UHB8CXDY",
    "ts": "1661348304.950269",
    "blocks": [
      {
        "type": "rich_text",
        "block_id": "7OQWP",
        "elements": [
          {
            "type": "rich_text_section",
            "elements": [
              {
                "type": "link",
                "url": "https://www.youtube.com/watch?v=SEXLD02Fw6U"
              }
            ]
          }
        ]
      }
    ],
    "team": "T03U4J8HMUG",
    "user_team": "T03U4J8HMUG",
    "source_team": "T03U4J8HMUG",
    "user_profile": {
      "avatar_hash": "374fee609510",
      "image_72": "https://avatars.slack-edge.com/2022-09-30/4159182498980_374fee609510e6ff1526_72.jpg",
      "first_name": "Yvonne",
      "real_name": "Yvonne Gonzalez",
      "display_name": "Yvonne Gonzalez",
      "team": "T03U4J8HMUG",
      "name": "Yvonne",
      "is_restricted": false,
      "is_ultra_restricted": false
    },
    "attachments": [
      {
        "from_url": "https://www.youtube.com/watch?v=SEXLD02Fw6U",
        "thumb_url": "https://i.ytimg.com/vi/SEXLD02Fw6U/hqdefault.jpg",
        "thumb_width": 480,
        "thumb_height": 360,
        "video_html": "<iframe width=\"400\" height=\"225\" src=\"https://www.youtube.com/embed/SEXLD02Fw6U?feature=oembed&autoplay=1&iv_load_policy=3\" frameborder=\"0\" allow=\"accelerometer; autoplay; clipboard-write; encrypted-media; gyroscope; picture-in-picture\" allowfullscreen title=\"This video includes key concepts of CRISP-DM and using it in a data mining case study of Airbnb.\"></iframe>",
        "video_html_width": 400,
        "video_html_height": 225,
        "service_icon": "https://a.slack-edge.com/80588/img/unfurl_icons/youtube.png",
        "id": 1,
        "original_url": "https://www.youtube.com/watch?v=SEXLD02Fw6U",
        "fallback": "YouTube Video: This video includes key concepts of CRISP-DM and using it in a data mining case study of Airbnb.",
        "title": "This video includes key concepts of CRISP-DM and using it in a data mining case study of Airbnb.",
        "title_link": "https://www.youtube.com/watch?v=SEXLD02Fw6U",
        "author_name": "SQL Data Ninja",
        "author_link": "https://www.youtube.com/channel/UC34WLMDVUxdqA_tt8ITpc0A",
        "service_name": "YouTube",
        "service_url": "https://www.youtube.com/"
      }
    ],
    "reactions": [
      {
        "name": "+1",
        "users": [
          "U03UFV7TUTV"
        ],
        "count": 1
      }
    ]
  }
]