[
  {
    "client_msg_id": "6495e4db-b221-4cc7-8352-a5696f200592",
    "type": "message",
    "text": "A THOUGHT FOR TODAY:\nThe past is to be respected and acknowledged, but not to be worshipped. It is our future in which we will find our greatness. -Pierre Trudeau, 15th Prime Minister of Canada (18 Oct 1919-2000)",
    "user": "U03U93GNNVB",
    "ts": "1666075690.425319",
    "blocks": [
      {
        "type": "rich_text",
        "block_id": "yx3C",
        "elements": [
          {
            "type": "rich_text_section",
            "elements": [
              {
                "type": "text",
                "text": "A THOUGHT FOR TODAY:\nThe past is to be respected and acknowledged, but not to be worshipped. It is our future in which we will find our greatness. -Pierre Trudeau, 15th Prime Minister of Canada (18 Oct 1919-2000)"
              }
            ]
          }
        ]
      }
    ],
    "team": "T03U4J8HMUG",
    "user_team": "T03U4J8HMUG",
    "source_team": "T03U4J8HMUG",
    "user_profile": {
      "avatar_hash": "a49779ad093d",
      "image_72": "https://avatars.slack-edge.com/2022-08-22/3994045204528_a49779ad093d4fc39a87_72.jpg",
      "first_name": "Katherine",
      "real_name": "Katherine Foster",
      "display_name": "Katherine Foster",
      "team": "T03U4J8HMUG",
      "name": "Katherine",
      "is_restricted": false,
      "is_ultra_restricted": false
    },
    "reactions": [
      {
        "name": "raised_hands",
        "users": [
          "U03UVHCV6KB",
          "U03UD68RQH3",
          "U03UG0YHAUT"
        ],
        "count": 3
      }
    ]
  },
  {
    "client_msg_id": "30397444-b23b-47a2-b4ce-f0416060a27b",
    "type": "message",
    "text": "Why stock prices?",
    "user": "U03U93GNNVB",
    "ts": "1666075707.453729",
    "blocks": [
      {
        "type": "rich_text",
        "block_id": "BYez",
        "elements": [
          {
            "type": "rich_text_section",
            "elements": [
              {
                "type": "text",
                "text": "Why stock prices?"
              }
            ]
          }
        ]
      }
    ],
    "team": "T03U4J8HMUG",
    "user_team": "T03U4J8HMUG",
    "source_team": "T03U4J8HMUG",
    "user_profile": {
      "avatar_hash": "a49779ad093d",
      "image_72": "https://avatars.slack-edge.com/2022-08-22/3994045204528_a49779ad093d4fc39a87_72.jpg",
      "first_name": "Katherine",
      "real_name": "Katherine Foster",
      "display_name": "Katherine Foster",
      "team": "T03U4J8HMUG",
      "name": "Katherine",
      "is_restricted": false,
      "is_ultra_restricted": false
    },
    "thread_ts": "1665664718.241179",
    "parent_user_id": "U03V785NLSU"
  }
]