[
  {
    "client_msg_id": "c0f65d18-3f06-4329-85bf-dbf2f85f8a55",
    "type": "message",
    "text": "A THOUGHT FOR TODAY:\nIf you hire only those people you understand, the company will never get people better than you are. Always remember that you often find outstanding people among those you don't particularly like. -Soichiro Honda, industrialist (17 Nov 1906-1991)",
    "user": "U03U93GNNVB",
    "ts": "1668675135.654179",
    "blocks": [
      {
        "type": "rich_text",
        "block_id": "L2j",
        "elements": [
          {
            "type": "rich_text_section",
            "elements": [
              {
                "type": "text",
                "text": "A THOUGHT FOR TODAY:\nIf you hire only those people you understand, the company will never get people better than you are. Always remember that you often find outstanding people among those you don't particularly like. -Soichiro Honda, industrialist (17 Nov 1906-1991)"
              }
            ]
          }
        ]
      }
    ],
    "team": "T03U4J8HMUG",
    "user_team": "T03U4J8HMUG",
    "source_team": "T03U4J8HMUG",
    "user_profile": {
      "avatar_hash": "a49779ad093d",
      "image_72": "https://avatars.slack-edge.com/2022-08-22/3994045204528_a49779ad093d4fc39a87_72.jpg",
      "first_name": "Katherine",
      "real_name": "Katherine Foster",
      "display_name": "Katherine Foster",
      "team": "T03U4J8HMUG",
      "name": "Katherine",
      "is_restricted": false,
      "is_ultra_restricted": false
    }
  },
  {
    "client_msg_id": "bb153707-a05d-49ae-aa08-cd0f6671b3cb",
    "type": "message",
    "text": "I think we need to have a channel for each track, in order to share resources and you know . . . keep the ball going forward. Imagine having a good resource for DE or MLE or WIII. Where do you post it?",
    "user": "U03UVHCV6KB",
    "ts": "1668751717.223689",
    "blocks": [
      {
        "type": "rich_text",
        "block_id": "ycz7",
        "elements": [
          {
            "type": "rich_text_section",
            "elements": [
              {
                "type": "text",
                "text": "I think we need to have a channel for each track, in order to share resources and you know . . . keep the ball going forward. Imagine having a good resource for DE or MLE or WIII. Where do you post it?"
              }
            ]
          }
        ]
      }
    ],
    "team": "T03U4J8HMUG",
    "user_team": "T03U4J8HMUG",
    "source_team": "T03U4J8HMUG",
    "user_profile": {
      "avatar_hash": "gc9619121f99",
      "image_72": "https://secure.gravatar.com/avatar/c9619121f998ee4a7e46177f2a5729de.jpg?s=72&d=https%3A%2F%2Fa.slack-edge.com%2Fdf10d%2Fimg%2Favatars%2Fava_0002-72.png",
      "first_name": "Travis",
      "real_name": "Travis Butler",
      "display_name": "Travis Butler",
      "team": "T03U4J8HMUG",
      "name": "Travis",
      "is_restricted": false,
      "is_ultra_restricted": false
    },
    "thread_ts": "1668751717.223689",
    "reply_count": 4,
    "reply_users_count": 3,
    "latest_reply": "1668757126.289979",
    "reply_users": [
      "U03TT5KEYCF",
      "U03U93GNNVB",
      "U03UVHCV6KB"
    ],
    "replies": [
      {
        "user": "U03TT5KEYCF",
        "ts": "1668755700.947619"
      },
      {
        "user": "U03U93GNNVB",
        "ts": "1668756609.332609"
      },
      {
        "user": "U03U93GNNVB",
        "ts": "1668756625.309699"
      },
      {
        "user": "U03UVHCV6KB",
        "ts": "1668757126.289979"
      }
    ],
    "is_locked": false,
    "subscribed": false
  },
  {
    "client_msg_id": "d728e046-bc81-4eaa-ad41-7abd846a3e2f",
    "type": "message",
    "text": "<!channel>",
    "user": "U03UVHCV6KB",
    "ts": "1668751727.682939",
    "blocks": [
      {
        "type": "rich_text",
        "block_id": "gNb",
        "elements": [
          {
            "type": "rich_text_section",
            "elements": [
              {
                "type": "broadcast",
                "range": "channel"
              }
            ]
          }
        ]
      }
    ],
    "team": "T03U4J8HMUG",
    "user_team": "T03U4J8HMUG",
    "source_team": "T03U4J8HMUG",
    "user_profile": {
      "avatar_hash": "gc9619121f99",
      "image_72": "https://secure.gravatar.com/avatar/c9619121f998ee4a7e46177f2a5729de.jpg?s=72&d=https%3A%2F%2Fa.slack-edge.com%2Fdf10d%2Fimg%2Favatars%2Fava_0002-72.png",
      "first_name": "Travis",
      "real_name": "Travis Butler",
      "display_name": "Travis Butler",
      "team": "T03U4J8HMUG",
      "name": "Travis",
      "is_restricted": false,
      "is_ultra_restricted": false
    }
  },
  {
    "client_msg_id": "da006ecf-2011-47dd-a773-b1a4f702dcc6",
    "type": "message",
    "text": "Nice",
    "user": "U03TT5KEYCF",
    "ts": "1668755659.049669",
    "blocks": [
      {
        "type": "rich_text",
        "block_id": "MPe",
        "elements": [
          {
            "type": "rich_text_section",
            "elements": [
              {
                "type": "text",
                "text": "Nice"
              }
            ]
          }
        ]
      }
    ],
    "team": "T03U4J8HMUG",
    "user_team": "T03U4J8HMUG",
    "source_team": "T03U4J8HMUG",
    "user_profile": {
      "avatar_hash": "aae36184306b",
      "image_72": "https://avatars.slack-edge.com/2022-08-18/3945210198087_aae36184306bb9e0b018_72.jpg",
      "first_name": "Luis",
      "real_name": "Luis Ingram",
      "display_name": "Luis Ingram",
      "team": "T03U4J8HMUG",
      "name": "Luis",
      "is_restricted": false,
      "is_ultra_restricted": false
    },
    "reactions": [
      {
        "name": "raised_hands",
        "users": [
          "U03UVHCV6KB"
        ],
        "count": 1
      }
    ]
  },
  {
    "client_msg_id": "e24cde2a-bb84-487a-b757-ff3d7508d518",
    "type": "message",
    "text": "on it",
    "user": "U03TT5KEYCF",
    "ts": "1668755662.133509",
    "blocks": [
      {
        "type": "rich_text",
        "block_id": "+ya46",
        "elements": [
          {
            "type": "rich_text_section",
            "elements": [
              {
                "type": "text",
                "text": "on it"
              }
            ]
          }
        ]
      }
    ],
    "team": "T03U4J8HMUG",
    "user_team": "T03U4J8HMUG",
    "source_team": "T03U4J8HMUG",
    "user_profile": {
      "avatar_hash": "aae36184306b",
      "image_72": "https://avatars.slack-edge.com/2022-08-18/3945210198087_aae36184306bb9e0b018_72.jpg",
      "first_name": "Luis",
      "real_name": "Luis Ingram",
      "display_name": "Luis Ingram",
      "team": "T03U4J8HMUG",
      "name": "Luis",
      "is_restricted": false,
      "is_ultra_restricted": false
    }
  },
  {
    "client_msg_id": "6a5fe183-713d-446b-9490-18ada5525d22",
    "type": "message",
    "text": "i read your web3 are world war 3",
    "user": "U03TT5KEYCF",
    "ts": "1668755700.947619",
    "blocks": [
      {
        "type": "rich_text",
        "block_id": "W3P=8",
        "elements": [
          {
            "type": "rich_text_section",
            "elements": [
              {
                "type": "text",
                "text": "i read your web3 are world war 3"
              }
            ]
          }
        ]
      }
    ],
    "team": "T03U4J8HMUG",
    "user_team": "T03U4J8HMUG",
    "source_team": "T03U4J8HMUG",
    "user_profile": {
      "avatar_hash": "aae36184306b",
      "image_72": "https://avatars.slack-edge.com/2022-08-18/3945210198087_aae36184306bb9e0b018_72.jpg",
      "first_name": "Luis",
      "real_name": "Luis Ingram",
      "display_name": "Luis Ingram",
      "team": "T03U4J8HMUG",
      "name": "Luis",
      "is_restricted": false,
      "is_ultra_restricted": false
    },
    "edited": {
      "user": "U03TT5KEYCF",
      "ts": "1668756139.000000"
    },
    "thread_ts": "1668751717.223689",
    "parent_user_id": "U03UVHCV6KB",
    "reactions": [
      {
        "name": "rolling_on_the_floor_laughing",
        "users": [
          "U03UVHCV6KB",
          "U03UG0SFHGT",
          "U03U1HAG9TR",
          "U03UFV7HFNF"
        ],
        "count": 4
      }
    ]
  },
  {
    "client_msg_id": "385ef84c-5162-4992-a422-2dab317cfba6",
    "type": "message",
    "text": "What is WIII?",
    "user": "U03U93GNNVB",
    "ts": "1668756609.332609",
    "blocks": [
      {
        "type": "rich_text",
        "block_id": "T20",
        "elements": [
          {
            "type": "rich_text_section",
            "elements": [
              {
                "type": "text",
                "text": "What is WIII?"
              }
            ]
          }
        ]
      }
    ],
    "team": "T03U4J8HMUG",
    "user_team": "T03U4J8HMUG",
    "source_team": "T03U4J8HMUG",
    "user_profile": {
      "avatar_hash": "a49779ad093d",
      "image_72": "https://avatars.slack-edge.com/2022-08-22/3994045204528_a49779ad093d4fc39a87_72.jpg",
      "first_name": "Katherine",
      "real_name": "Katherine Foster",
      "display_name": "Katherine Foster",
      "team": "T03U4J8HMUG",
      "name": "Katherine",
      "is_restricted": false,
      "is_ultra_restricted": false
    },
    "thread_ts": "1668751717.223689",
    "parent_user_id": "U03UVHCV6KB"
  },
  {
    "client_msg_id": "15c1bebe-f1a9-4e7a-8575-05d842c99581",
    "type": "message",
    "text": "Is that when Marcus Aurelius used BTC <@U03UVHCV6KB>?",
    "user": "U03U93GNNVB",
    "ts": "1668756625.309699",
    "blocks": [
      {
        "type": "rich_text",
        "block_id": "uDFPU",
        "elements": [
          {
            "type": "rich_text_section",
            "elements": [
              {
                "type": "text",
                "text": "Is that when Marcus Aurelius used BTC "
              },
              {
                "type": "user",
                "user_id": "U03UVHCV6KB"
              },
              {
                "type": "text",
                "text": "?"
              }
            ]
          }
        ]
      }
    ],
    "team": "T03U4J8HMUG",
    "user_team": "T03U4J8HMUG",
    "source_team": "T03U4J8HMUG",
    "user_profile": {
      "avatar_hash": "a49779ad093d",
      "image_72": "https://avatars.slack-edge.com/2022-08-22/3994045204528_a49779ad093d4fc39a87_72.jpg",
      "first_name": "Katherine",
      "real_name": "Katherine Foster",
      "display_name": "Katherine Foster",
      "team": "T03U4J8HMUG",
      "name": "Katherine",
      "is_restricted": false,
      "is_ultra_restricted": false
    },
    "thread_ts": "1668751717.223689",
    "parent_user_id": "U03UVHCV6KB",
    "reactions": [
      {
        "name": "rolling_on_the_floor_laughing",
        "users": [
          "U03UVHCV6KB",
          "U03U1HAG9TR"
        ],
        "count": 2
      }
    ]
  },
  {
    "client_msg_id": "66634f07-f6db-4569-83cd-41feb8ea03ef",
    "type": "message",
    "text": "haha, yeah!",
    "user": "U03UVHCV6KB",
    "ts": "1668757126.289979",
    "blocks": [
      {
        "type": "rich_text",
        "block_id": "+fu",
        "elements": [
          {
            "type": "rich_text_section",
            "elements": [
              {
                "type": "text",
                "text": "haha, yeah!"
              }
            ]
          }
        ]
      }
    ],
    "team": "T03U4J8HMUG",
    "user_team": "T03U4J8HMUG",
    "source_team": "T03U4J8HMUG",
    "user_profile": {
      "avatar_hash": "gc9619121f99",
      "image_72": "https://secure.gravatar.com/avatar/c9619121f998ee4a7e46177f2a5729de.jpg?s=72&d=https%3A%2F%2Fa.slack-edge.com%2Fdf10d%2Fimg%2Favatars%2Fava_0002-72.png",
      "first_name": "Travis",
      "real_name": "Travis Butler",
      "display_name": "Travis Butler",
      "team": "T03U4J8HMUG",
      "name": "Travis",
      "is_restricted": false,
      "is_ultra_restricted": false
    },
    "thread_ts": "1668751717.223689",
    "parent_user_id": "U03UVHCV6KB"
  }
]