[
  {
    "client_msg_id": "8ee52546-e944-47a0-b5db-dddc7256aa30",
    "type": "message",
    "text": "<https://www.youtube.com/watch?v=-V_q9MJDrZY>",
    "user": "U03UVHCV6KB",
    "ts": "1664438842.360759",
    "blocks": [
      {
        "type": "rich_text",
        "block_id": "hco",
        "elements": [
          {
            "type": "rich_text_section",
            "elements": [
              {
                "type": "link",
                "url": "https://www.youtube.com/watch?v=-V_q9MJDrZY"
              }
            ]
          }
        ]
      }
    ],
    "team": "T03U4J8HMUG",
    "user_team": "T03U4J8HMUG",
    "source_team": "T03U4J8HMUG",
    "user_profile": {
      "avatar_hash": "gc9619121f99",
      "image_72": "https://secure.gravatar.com/avatar/c9619121f998ee4a7e46177f2a5729de.jpg?s=72&d=https%3A%2F%2Fa.slack-edge.com%2Fdf10d%2Fimg%2Favatars%2Fava_0002-72.png",
      "first_name": "Travis",
      "real_name": "Travis Butler",
      "display_name": "Travis Butler",
      "team": "T03U4J8HMUG",
      "name": "Travis",
      "is_restricted": false,
      "is_ultra_restricted": false
    },
    "attachments": [
      {
        "from_url": "https://www.youtube.com/watch?v=-V_q9MJDrZY",
        "thumb_url": "https://i.ytimg.com/vi/-V_q9MJDrZY/hqdefault.jpg",
        "thumb_width": 480,
        "thumb_height": 360,
        "video_html": "<iframe width=\"400\" height=\"225\" src=\"https://www.youtube.com/embed/-V_q9MJDrZY?feature=oembed&autoplay=1&iv_load_policy=3\" frameborder=\"0\" allow=\"accelerometer; autoplay; clipboard-write; encrypted-media; gyroscope; picture-in-picture\" allowfullscreen title=\"How NOT To Land A Developer Job\"></iframe>",
        "video_html_width": 400,
        "video_html_height": 225,
        "service_icon": "https://a.slack-edge.com/80588/img/unfurl_icons/youtube.png",
        "id": 1,
        "original_url": "https://www.youtube.com/watch?v=-V_q9MJDrZY",
        "fallback": "YouTube Video: How NOT To Land A Developer Job",
        "title": "How NOT To Land A Developer Job",
        "title_link": "https://www.youtube.com/watch?v=-V_q9MJDrZY",
        "author_name": "Tech With Tim",
        "author_link": "https://www.youtube.com/c/TechWithTim",
        "service_name": "YouTube",
        "service_url": "https://www.youtube.com/"
      }
    ]
  },
  {
    "client_msg_id": "585A3D8E-C597-40D5-B4F3-2D3DEE95D4A7",
    "type": "message",
    "text": "<https://openai.com/blog/dall-e-now-available-without-waitlist/|https://openai.com/blog/dall-e-now-available-without-waitlist/> ",
    "user": "U03V785NLSU",
    "ts": "1664442430.323249",
    "blocks": [
      {
        "type": "rich_text",
        "block_id": "/J2DC",
        "elements": [
          {
            "type": "rich_text_section",
            "elements": [
              {
                "type": "link",
                "url": "https://openai.com/blog/dall-e-now-available-without-waitlist/",
                "text": "https://openai.com/blog/dall-e-now-available-without-waitlist/"
              },
              {
                "type": "text",
                "text": " "
              }
            ]
          }
        ]
      }
    ],
    "team": "T03U4J8HMUG",
    "user_team": "T03U4J8HMUG",
    "source_team": "T03U4J8HMUG",
    "user_profile": {
      "avatar_hash": "48d5c88821e9",
      "image_72": "https://avatars.slack-edge.com/2022-08-21/3993277785968_48d5c88821e922581e17_72.jpg",
      "first_name": "Ashley",
      "real_name": "Ashley Hamilton",
      "display_name": "Ashley Hamilton",
      "team": "T03U4J8HMUG",
      "name": "Ashley",
      "is_restricted": false,
      "is_ultra_restricted": false
    },
    "attachments": [
      {
        "from_url": "https://openai.com/blog/dall-e-now-available-without-waitlist/",
        "ts": 1664379572,
        "image_url": "https://openai.com/content/images/2022/09/dall-e-no-waitlist-social-1.jpg",
        "image_width": 444,
        "image_height": 250,
        "image_bytes": 97179,
        "service_icon": "https://openai.com/favicon.ico",
        "id": 1,
        "original_url": "https://openai.com/blog/dall-e-now-available-without-waitlist/",
        "fallback": "OpenAI: DALL\u00b7E Now Available Without Waitlist",
        "text": "New users can start creating straight away. Lessons learned from deployment and improvements to our safety systems make wider availability possible. Sign up Starting today, we are removing the waitlist for the DALL\u00b7E beta so users can sign up and start using it immediately. More than 1.5M users",
        "title": "DALL\u00b7E Now Available Without Waitlist",
        "title_link": "https://openai.com/blog/dall-e-now-available-without-waitlist/",
        "service_name": "OpenAI",
        "fields": [
          {
            "value": "OpenAI",
            "title": "Written by",
            "short": true
          },
          {
            "value": "Announcements",
            "title": "Filed under",
            "short": true
          }
        ]
      }
    ]
  },
  {
    "client_msg_id": "61EEB78A-39A9-45E3-861B-04E65BDA5636",
    "type": "message",
    "text": "<https://txt.cohere.ai/introducing-the-cohere-for-ai-scholars-program-your-research-journey-starts-here/|https://txt.cohere.ai/introducing-the-cohere-for-ai-scholars-program-your-research-journey-starts-here/>",
    "user": "U03V785NLSU",
    "ts": "1664442449.449299",
    "blocks": [
      {
        "type": "rich_text",
        "block_id": "m=qWf",
        "elements": [
          {
            "type": "rich_text_section",
            "elements": [
              {
                "type": "link",
                "url": "https://txt.cohere.ai/introducing-the-cohere-for-ai-scholars-program-your-research-journey-starts-here/",
                "text": "https://txt.cohere.ai/introducing-the-cohere-for-ai-scholars-program-your-research-journey-starts-here/"
              }
            ]
          }
        ]
      }
    ],
    "team": "T03U4J8HMUG",
    "user_team": "T03U4J8HMUG",
    "source_team": "T03U4J8HMUG",
    "user_profile": {
      "avatar_hash": "48d5c88821e9",
      "image_72": "https://avatars.slack-edge.com/2022-08-21/3993277785968_48d5c88821e922581e17_72.jpg",
      "first_name": "Ashley",
      "real_name": "Ashley Hamilton",
      "display_name": "Ashley Hamilton",
      "team": "T03U4J8HMUG",
      "name": "Ashley",
      "is_restricted": false,
      "is_ultra_restricted": false
    },
    "attachments": [
      {
        "from_url": "https://txt.cohere.ai/introducing-the-cohere-for-ai-scholars-program-your-research-journey-starts-here/",
        "ts": 1663862400,
        "image_url": "https://txt.cohere.ai/content/images/2022/09/Cohere-For-AI-Scholars-Program.jpg",
        "image_width": 471,
        "image_height": 250,
        "image_bytes": 456052,
        "service_icon": "https://txt.cohere.ai/favicon.png",
        "id": 1,
        "original_url": "https://txt.cohere.ai/introducing-the-cohere-for-ai-scholars-program-your-research-journey-starts-here/",
        "fallback": "Context by Cohere: Introducing the Cohere For AI Scholars Program: Your Research Journey Starts Here",
        "text": "We're excited to announce our Scholars Program, inviting a class of emerging talent to work alongside our team \u2013 exploring the unknown, together. If you're looking for an opportunity to develop your research skills, your journey starts here.",
        "title": "Introducing the Cohere For AI Scholars Program: Your Research Journey Starts Here",
        "title_link": "https://txt.cohere.ai/introducing-the-cohere-for-ai-scholars-program-your-research-journey-starts-here/",
        "service_name": "Context by Cohere",
        "fields": [
          {
            "value": "Sara Hooker",
            "title": "Written by",
            "short": true
          }
        ]
      }
    ]
  },
  {
    "client_msg_id": "1585b0e0-2144-4371-bee2-eb96dc50cb6b",
    "type": "message",
    "text": "<https://www.youtube.com/watch?v=F0VvtOj6QjQ>",
    "user": "U03UUR571A5",
    "ts": "1664485542.605119",
    "blocks": [
      {
        "type": "rich_text",
        "block_id": "zVD",
        "elements": [
          {
            "type": "rich_text_section",
            "elements": [
              {
                "type": "link",
                "url": "https://www.youtube.com/watch?v=F0VvtOj6QjQ"
              }
            ]
          }
        ]
      }
    ],
    "team": "T03U4J8HMUG",
    "user_team": "T03U4J8HMUG",
    "source_team": "T03U4J8HMUG",
    "user_profile": {
      "avatar_hash": "g95c5cde44bc",
      "image_72": "https://secure.gravatar.com/avatar/95c5cde44bc023bd369920b7e1ed0c94.jpg?s=72&d=https%3A%2F%2Fa.slack-edge.com%2Fdf10d%2Fimg%2Favatars%2Fava_0017-72.png",
      "first_name": "Amy",
      "real_name": "Amy Leon",
      "display_name": "Amy Leon",
      "team": "T03U4J8HMUG",
      "name": "Amy",
      "is_restricted": false,
      "is_ultra_restricted": false
    },
    "attachments": [
      {
        "from_url": "https://www.youtube.com/watch?v=F0VvtOj6QjQ",
        "thumb_url": "https://i.ytimg.com/vi/F0VvtOj6QjQ/hqdefault.jpg",
        "thumb_width": 480,
        "thumb_height": 360,
        "video_html": "<iframe width=\"400\" height=\"225\" src=\"https://www.youtube.com/embed/F0VvtOj6QjQ?feature=oembed&autoplay=1&iv_load_policy=3\" frameborder=\"0\" allow=\"accelerometer; autoplay; clipboard-write; encrypted-media; gyroscope; picture-in-picture\" allowfullscreen title=\"The Future of User Interfaces with A.I.\"></iframe>",
        "video_html_width": 400,
        "video_html_height": 225,
        "service_icon": "https://a.slack-edge.com/80588/img/unfurl_icons/youtube.png",
        "id": 1,
        "original_url": "https://www.youtube.com/watch?v=F0VvtOj6QjQ",
        "fallback": "YouTube Video: The Future of User Interfaces with A.I.",
        "title": "The Future of User Interfaces with A.I.",
        "title_link": "https://www.youtube.com/watch?v=F0VvtOj6QjQ",
        "author_name": "sentdex",
        "author_link": "https://www.youtube.com/c/sentdex",
        "service_name": "YouTube",
        "service_url": "https://www.youtube.com/"
      }
    ],
    "reactions": [
      {
        "name": "eyes",
        "users": [
          "U03U9EJR362",
          "U03UG32J3PC"
        ],
        "count": 2
      }
    ]
  }
]