[
  {
    "client_msg_id": "6BC8EFF8-A2A4-4FC8-BE10-46956761878B",
    "type": "message",
    "text": "Crypto stocks to be specific, I feel like if a big company like Google starts to get into the crypto space, more people will be tempted to invest, which will make the stock prices shoot? It\u2019s just an assumption though, not sure.",
    "user": "U03V785NLSU",
    "ts": "1666078984.769709",
    "blocks": [
      {
        "type": "rich_text",
        "block_id": "FTp89",
        "elements": [
          {
            "type": "rich_text_section",
            "elements": [
              {
                "type": "text",
                "text": "Crypto stocks to be specific, I feel like if a big company like Google starts to get into the crypto space, more people will be tempted to invest, which will make the stock prices shoot? It\u2019s just an assumption though, not sure."
              }
            ]
          }
        ]
      }
    ],
    "team": "T03U4J8HMUG",
    "user_team": "T03U4J8HMUG",
    "source_team": "T03U4J8HMUG",
    "user_profile": {
      "avatar_hash": "48d5c88821e9",
      "image_72": "https://avatars.slack-edge.com/2022-08-21/3993277785968_48d5c88821e922581e17_72.jpg",
      "first_name": "Ashley",
      "real_name": "Ashley Hamilton",
      "display_name": "Ashley Hamilton",
      "team": "T03U4J8HMUG",
      "name": "Ashley",
      "is_restricted": false,
      "is_ultra_restricted": false
    },
    "edited": {
      "user": "U03V785NLSU",
      "ts": "1666079180.000000"
    },
    "thread_ts": "1665664718.241179",
    "parent_user_id": "U03V785NLSU"
  },
  {
    "client_msg_id": "3b9e18d5-fc74-4a16-854f-7f9efcdfe810",
    "type": "message",
    "text": "aren't we mixing ideas of stock prices with Crypto coin values?",
    "user": "U03U93GNNVB",
    "ts": "1666081625.304549",
    "blocks": [
      {
        "type": "rich_text",
        "block_id": "+7X",
        "elements": [
          {
            "type": "rich_text_section",
            "elements": [
              {
                "type": "text",
                "text": "aren't we mixing ideas of stock prices with Crypto coin values?"
              }
            ]
          }
        ]
      }
    ],
    "team": "T03U4J8HMUG",
    "user_team": "T03U4J8HMUG",
    "source_team": "T03U4J8HMUG",
    "user_profile": {
      "avatar_hash": "a49779ad093d",
      "image_72": "https://avatars.slack-edge.com/2022-08-22/3994045204528_a49779ad093d4fc39a87_72.jpg",
      "first_name": "Katherine",
      "real_name": "Katherine Foster",
      "display_name": "Katherine Foster",
      "team": "T03U4J8HMUG",
      "name": "Katherine",
      "is_restricted": false,
      "is_ultra_restricted": false
    },
    "thread_ts": "1665664718.241179",
    "parent_user_id": "U03V785NLSU"
  },
  {
    "client_msg_id": "95ff0fc7-fcef-4380-b76b-f2203e5a6c28",
    "type": "message",
    "text": "My bad, yes, I guess I am. To rephrase, will it have effect on coin price?",
    "user": "U03V785NLSU",
    "ts": "1666089891.102699",
    "blocks": [
      {
        "type": "rich_text",
        "block_id": "SPA",
        "elements": [
          {
            "type": "rich_text_section",
            "elements": [
              {
                "type": "text",
                "text": "My bad, yes, I guess I am. To rephrase, will it have effect on coin price?"
              }
            ]
          }
        ]
      }
    ],
    "team": "T03U4J8HMUG",
    "user_team": "T03U4J8HMUG",
    "source_team": "T03U4J8HMUG",
    "user_profile": {
      "avatar_hash": "48d5c88821e9",
      "image_72": "https://avatars.slack-edge.com/2022-08-21/3993277785968_48d5c88821e922581e17_72.jpg",
      "first_name": "Ashley",
      "real_name": "Ashley Hamilton",
      "display_name": "Ashley Hamilton",
      "team": "T03U4J8HMUG",
      "name": "Ashley",
      "is_restricted": false,
      "is_ultra_restricted": false
    },
    "thread_ts": "1665664718.241179",
    "parent_user_id": "U03V785NLSU"
  },
  {
    "client_msg_id": "95ecb7f4-bc43-479b-8e0b-7026e0f70e37",
    "type": "message",
    "text": "could be",
    "user": "U03U93GNNVB",
    "ts": "1666095618.512909",
    "blocks": [
      {
        "type": "rich_text",
        "block_id": "N=4H",
        "elements": [
          {
            "type": "rich_text_section",
            "elements": [
              {
                "type": "text",
                "text": "could be"
              }
            ]
          }
        ]
      }
    ],
    "team": "T03U4J8HMUG",
    "user_team": "T03U4J8HMUG",
    "source_team": "T03U4J8HMUG",
    "user_profile": {
      "avatar_hash": "a49779ad093d",
      "image_72": "https://avatars.slack-edge.com/2022-08-22/3994045204528_a49779ad093d4fc39a87_72.jpg",
      "first_name": "Katherine",
      "real_name": "Katherine Foster",
      "display_name": "Katherine Foster",
      "team": "T03U4J8HMUG",
      "name": "Katherine",
      "is_restricted": false,
      "is_ultra_restricted": false
    },
    "thread_ts": "1665664718.241179",
    "parent_user_id": "U03V785NLSU"
  },
  {
    "client_msg_id": "3c540b9d-5836-456c-8c47-b0a25f77829b",
    "type": "message",
    "text": "Tesla taking BTC was a positive step",
    "user": "U03U93GNNVB",
    "ts": "1666095627.106499",
    "blocks": [
      {
        "type": "rich_text",
        "block_id": "PlP",
        "elements": [
          {
            "type": "rich_text_section",
            "elements": [
              {
                "type": "text",
                "text": "Tesla taking BTC was a positive step"
              }
            ]
          }
        ]
      }
    ],
    "team": "T03U4J8HMUG",
    "user_team": "T03U4J8HMUG",
    "source_team": "T03U4J8HMUG",
    "user_profile": {
      "avatar_hash": "a49779ad093d",
      "image_72": "https://avatars.slack-edge.com/2022-08-22/3994045204528_a49779ad093d4fc39a87_72.jpg",
      "first_name": "Katherine",
      "real_name": "Katherine Foster",
      "display_name": "Katherine Foster",
      "team": "T03U4J8HMUG",
      "name": "Katherine",
      "is_restricted": false,
      "is_ultra_restricted": false
    },
    "thread_ts": "1665664718.241179",
    "parent_user_id": "U03V785NLSU"
  },
  {
    "client_msg_id": "a67c3bb9-913e-4542-b34d-487023487aa3",
    "type": "message",
    "text": "but it's so very unstable",
    "user": "U03U93GNNVB",
    "ts": "1666095633.021589",
    "blocks": [
      {
        "type": "rich_text",
        "block_id": "+/N8j",
        "elements": [
          {
            "type": "rich_text_section",
            "elements": [
              {
                "type": "text",
                "text": "but it's so very unstable"
              }
            ]
          }
        ]
      }
    ],
    "team": "T03U4J8HMUG",
    "user_team": "T03U4J8HMUG",
    "source_team": "T03U4J8HMUG",
    "user_profile": {
      "avatar_hash": "a49779ad093d",
      "image_72": "https://avatars.slack-edge.com/2022-08-22/3994045204528_a49779ad093d4fc39a87_72.jpg",
      "first_name": "Katherine",
      "real_name": "Katherine Foster",
      "display_name": "Katherine Foster",
      "team": "T03U4J8HMUG",
      "name": "Katherine",
      "is_restricted": false,
      "is_ultra_restricted": false
    },
    "thread_ts": "1665664718.241179",
    "parent_user_id": "U03V785NLSU"
  }
]