[
  {
    "client_msg_id": "0416f232-cb4a-4440-8399-2f1839e9e647",
    "type": "message",
    "text": "Sorry, <@U03UVHCV6KB> but I can't take in any of Edison's ideas, quotes or teachings for all the things he had done to Nikola Tesla who was one of my fav.",
    "user": "U03UG0YHAUT",
    "ts": "1667788743.248809",
    "blocks": [
      {
        "type": "rich_text",
        "block_id": "7/B5",
        "elements": [
          {
            "type": "rich_text_section",
            "elements": [
              {
                "type": "text",
                "text": "Sorry, "
              },
              {
                "type": "user",
                "user_id": "U03UVHCV6KB"
              },
              {
                "type": "text",
                "text": " but I can't take in any of Edison's ideas, quotes or teachings for all the things he had done to Nikola Tesla who was one of my fav."
              }
            ]
          }
        ]
      }
    ],
    "team": "T03U4J8HMUG",
    "user_team": "T03U4J8HMUG",
    "source_team": "T03U4J8HMUG",
    "user_profile": {
      "avatar_hash": "e7b0c8269999",
      "image_72": "https://avatars.slack-edge.com/2022-09-20/4099393715542_e7b0c82699998d3b3ade_72.jpg",
      "first_name": "Daniel",
      "real_name": "Daniel Brown",
      "display_name": "Daniel Brown",
      "team": "T03U4J8HMUG",
      "name": "Daniel",
      "is_restricted": false,
      "is_ultra_restricted": false
    },
    "edited": {
      "user": "U03UG0YHAUT",
      "ts": "1667788769.000000"
    },
    "thread_ts": "1667715260.610329",
    "parent_user_id": "U03UVHCV6KB"
  },
  {
    "client_msg_id": "56146fa0-eaaa-487d-ae7d-bb2dadeb4548",
    "type": "message",
    "text": "your loss brother.",
    "user": "U03UVHCV6KB",
    "ts": "1667801241.745569",
    "blocks": [
      {
        "type": "rich_text",
        "block_id": "3e2Mz",
        "elements": [
          {
            "type": "rich_text_section",
            "elements": [
              {
                "type": "text",
                "text": "your loss brother."
              }
            ]
          }
        ]
      }
    ],
    "team": "T03U4J8HMUG",
    "user_team": "T03U4J8HMUG",
    "source_team": "T03U4J8HMUG",
    "user_profile": {
      "avatar_hash": "gc9619121f99",
      "image_72": "https://secure.gravatar.com/avatar/c9619121f998ee4a7e46177f2a5729de.jpg?s=72&d=https%3A%2F%2Fa.slack-edge.com%2Fdf10d%2Fimg%2Favatars%2Fava_0002-72.png",
      "first_name": "Travis",
      "real_name": "Travis Butler",
      "display_name": "Travis Butler",
      "team": "T03U4J8HMUG",
      "name": "Travis",
      "is_restricted": false,
      "is_ultra_restricted": false
    },
    "thread_ts": "1667715260.610329",
    "parent_user_id": "U03UVHCV6KB"
  }
]