[
  {
    "type": "message",
    "text": "",
    "files": [
      {
        "id": "F0450EE5CD8",
        "created": 1664869873,
        "timestamp": 1664869873,
        "name": "image.png",
        "title": "image.png",
        "mimetype": "image/png",
        "filetype": "png",
        "pretty_type": "PNG",
        "user": "U03UVHCV6KB",
        "user_team": "T03U4J8HMUG",
        "editable": false,
        "size": 34675,
        "mode": "hosted",
        "is_external": false,
        "external_type": "",
        "is_public": true,
        "public_url_shared": false,
        "display_as_bot": false,
        "username": "",
        "url_private": "https://files.slack.com/files-pri/T03U4J8HMUG-F0450EE5CD8/image.png?t=xoxe-3956620599968-6240746766294-6247387524178-110fc6768eefd7fcb909c4550875ed49",
        "url_private_download": "https://files.slack.com/files-pri/T03U4J8HMUG-F0450EE5CD8/download/image.png?t=xoxe-3956620599968-6240746766294-6247387524178-110fc6768eefd7fcb909c4550875ed49",
        "media_display_type": "unknown",
        "thumb_64": "https://files.slack.com/files-tmb/T03U4J8HMUG-F0450EE5CD8-eabc31c57f/image_64.png?t=xoxe-3956620599968-6240746766294-6247387524178-110fc6768eefd7fcb909c4550875ed49",
        "thumb_80": "https://files.slack.com/files-tmb/T03U4J8HMUG-F0450EE5CD8-eabc31c57f/image_80.png?t=xoxe-3956620599968-6240746766294-6247387524178-110fc6768eefd7fcb909c4550875ed49",
        "thumb_360": "https://files.slack.com/files-tmb/T03U4J8HMUG-F0450EE5CD8-eabc31c57f/image_360.png?t=xoxe-3956620599968-6240746766294-6247387524178-110fc6768eefd7fcb909c4550875ed49",
        "thumb_360_w": 360,
        "thumb_360_h": 156,
        "thumb_480": "https://files.slack.com/files-tmb/T03U4J8HMUG-F0450EE5CD8-eabc31c57f/image_480.png?t=xoxe-3956620599968-6240746766294-6247387524178-110fc6768eefd7fcb909c4550875ed49",
        "thumb_480_w": 480,
        "thumb_480_h": 207,
        "thumb_160": "https://files.slack.com/files-tmb/T03U4J8HMUG-F0450EE5CD8-eabc31c57f/image_160.png?t=xoxe-3956620599968-6240746766294-6247387524178-110fc6768eefd7fcb909c4550875ed49",
        "original_w": 553,
        "original_h": 239,
        "thumb_tiny": "AwAUADDQLc4yf0oDgdyfyoOc/epMn+9QA/J/umjJ9DTMn+9Sg+rGgB2T/dNAJ9DScf3jQME/eNABtG45pdo9KB1paAE2j0o2j0paKAE2j0oAANLRQB//2Q==",
        "permalink": "https://10academybatch6.slack.com/files/U03UVHCV6KB/F0450EE5CD8/image.png",
        "permalink_public": "https://slack-files.com/T03U4J8HMUG-F0450EE5CD8-7718d4d0a1",
        "is_starred": false,
        "has_rich_preview": false,
        "file_access": "visible"
      }
    ],
    "upload": false,
    "user": "U03UVHCV6KB",
    "display_as_bot": false,
    "ts": "1664869876.711959",
    "client_msg_id": "ccfad362-21af-4829-9cc3-69e7dca08125"
  }
]