[
  {
    "client_msg_id": "c708cc89-21d0-42a2-8c69-77ad3db5b878",
    "type": "message",
    "text": "Xenotransplantation: could a pig\u2019s heart save your life? do u agree with this idea?",
    "user": "U03UHB8CXDY",
    "ts": "1663790806.572679",
    "blocks": [
      {
        "type": "rich_text",
        "block_id": "H3y",
        "elements": [
          {
            "type": "rich_text_section",
            "elements": [
              {
                "type": "text",
                "text": "Xenotransplantation: could a pig\u2019s heart save your life? do u agree with this idea?"
              }
            ]
          }
        ]
      }
    ],
    "team": "T03U4J8HMUG",
    "user_team": "T03U4J8HMUG",
    "source_team": "T03U4J8HMUG",
    "user_profile": {
      "avatar_hash": "374fee609510",
      "image_72": "https://avatars.slack-edge.com/2022-09-30/4159182498980_374fee609510e6ff1526_72.jpg",
      "first_name": "Yvonne",
      "real_name": "Yvonne Gonzalez",
      "display_name": "Yvonne Gonzalez",
      "team": "T03U4J8HMUG",
      "name": "Yvonne",
      "is_restricted": false,
      "is_ultra_restricted": false
    }
  },
  {
    "client_msg_id": "e3a64621-261a-4e74-9b56-91cf742b0bc2",
    "type": "message",
    "text": "<https://www.sciencefocus.com/nature/xenotransplantation-could-a-pigs-heart-save-your-life/>",
    "user": "U03UHB8CXDY",
    "ts": "1663790833.436329",
    "blocks": [
      {
        "type": "rich_text",
        "block_id": "+8h",
        "elements": [
          {
            "type": "rich_text_section",
            "elements": [
              {
                "type": "link",
                "url": "https://www.sciencefocus.com/nature/xenotransplantation-could-a-pigs-heart-save-your-life/"
              }
            ]
          }
        ]
      }
    ],
    "team": "T03U4J8HMUG",
    "user_team": "T03U4J8HMUG",
    "source_team": "T03U4J8HMUG",
    "user_profile": {
      "avatar_hash": "374fee609510",
      "image_72": "https://avatars.slack-edge.com/2022-09-30/4159182498980_374fee609510e6ff1526_72.jpg",
      "first_name": "Yvonne",
      "real_name": "Yvonne Gonzalez",
      "display_name": "Yvonne Gonzalez",
      "team": "T03U4J8HMUG",
      "name": "Yvonne",
      "is_restricted": false,
      "is_ultra_restricted": false
    },
    "attachments": [
      {
        "from_url": "https://www.sciencefocus.com/nature/xenotransplantation-could-a-pigs-heart-save-your-life/",
        "image_url": "https://images.immediate.co.uk/production/volatile/sites/4/2018/08/pig-heart-c05c69d.jpg?resize=960,413",
        "image_width": 443,
        "image_height": 250,
        "image_bytes": 36975,
        "service_icon": "https://www.sciencefocus.com/favicon.ico",
        "id": 1,
        "original_url": "https://www.sciencefocus.com/nature/xenotransplantation-could-a-pigs-heart-save-your-life/",
        "fallback": "BBC Science Focus Magazine: Xenotransplantation: could a pig\u2019s heart save your life?",
        "text": "Thousands of people are in dire need of a transplant in the UK, but there just aren\u2019t enough donated organs to go round. So should we make up the deficit with animal organs?",
        "title": "Xenotransplantation: could a pig\u2019s heart save your life?",
        "title_link": "https://www.sciencefocus.com/nature/xenotransplantation-could-a-pigs-heart-save-your-life/",
        "service_name": "BBC Science Focus Magazine"
      }
    ]
  },
  {
    "client_msg_id": "98bbcf7c-0629-4b67-9a02-fe91e373edfd",
    "type": "message",
    "text": "<https://www.youtube.com/watch?v=_8yVOC4ciXc>",
    "user": "U03UHB8CXDY",
    "ts": "1663791531.684389",
    "blocks": [
      {
        "type": "rich_text",
        "block_id": "QajY",
        "elements": [
          {
            "type": "rich_text_section",
            "elements": [
              {
                "type": "link",
                "url": "https://www.youtube.com/watch?v=_8yVOC4ciXc"
              }
            ]
          }
        ]
      }
    ],
    "team": "T03U4J8HMUG",
    "user_team": "T03U4J8HMUG",
    "source_team": "T03U4J8HMUG",
    "user_profile": {
      "avatar_hash": "374fee609510",
      "image_72": "https://avatars.slack-edge.com/2022-09-30/4159182498980_374fee609510e6ff1526_72.jpg",
      "first_name": "Yvonne",
      "real_name": "Yvonne Gonzalez",
      "display_name": "Yvonne Gonzalez",
      "team": "T03U4J8HMUG",
      "name": "Yvonne",
      "is_restricted": false,
      "is_ultra_restricted": false
    },
    "attachments": [
      {
        "from_url": "https://www.youtube.com/watch?v=_8yVOC4ciXc",
        "thumb_url": "https://i.ytimg.com/vi/_8yVOC4ciXc/hqdefault.jpg",
        "thumb_width": 480,
        "thumb_height": 360,
        "video_html": "<iframe width=\"400\" height=\"225\" src=\"https://www.youtube.com/embed/_8yVOC4ciXc?feature=oembed&autoplay=1&iv_load_policy=3\" frameborder=\"0\" allow=\"accelerometer; autoplay; clipboard-write; encrypted-media; gyroscope; picture-in-picture\" allowfullscreen title=\"GPT3: An Even Bigger Language Model - Computerphile\"></iframe>",
        "video_html_width": 400,
        "video_html_height": 225,
        "service_icon": "https://a.slack-edge.com/80588/img/unfurl_icons/youtube.png",
        "id": 1,
        "original_url": "https://www.youtube.com/watch?v=_8yVOC4ciXc",
        "fallback": "YouTube Video: GPT3: An Even Bigger Language Model - Computerphile",
        "title": "GPT3: An Even Bigger Language Model - Computerphile",
        "title_link": "https://www.youtube.com/watch?v=_8yVOC4ciXc",
        "author_name": "Computerphile",
        "author_link": "https://www.youtube.com/user/Computerphile",
        "service_name": "YouTube",
        "service_url": "https://www.youtube.com/"
      }
    ]
  },
  {
    "client_msg_id": "18605c88-d8bd-4234-a8cd-25b5e99f7a09",
    "type": "message",
    "text": "<https://www.chronicle.com/article/will-artificial-intelligence-kill-college-writing>",
    "user": "U03U93GNNVB",
    "ts": "1663820158.211559",
    "blocks": [
      {
        "type": "rich_text",
        "block_id": "WMF",
        "elements": [
          {
            "type": "rich_text_section",
            "elements": [
              {
                "type": "link",
                "url": "https://www.chronicle.com/article/will-artificial-intelligence-kill-college-writing"
              }
            ]
          }
        ]
      }
    ],
    "team": "T03U4J8HMUG",
    "user_team": "T03U4J8HMUG",
    "source_team": "T03U4J8HMUG",
    "user_profile": {
      "avatar_hash": "a49779ad093d",
      "image_72": "https://avatars.slack-edge.com/2022-08-22/3994045204528_a49779ad093d4fc39a87_72.jpg",
      "first_name": "Katherine",
      "real_name": "Katherine Foster",
      "display_name": "Katherine Foster",
      "team": "T03U4J8HMUG",
      "name": "Katherine",
      "is_restricted": false,
      "is_ultra_restricted": false
    },
    "thread_ts": "1663820158.211559",
    "reply_count": 1,
    "reply_users_count": 1,
    "latest_reply": "1663953193.430599",
    "reply_users": [
      "U03UHB8CXDY"
    ],
    "replies": [
      {
        "user": "U03UHB8CXDY",
        "ts": "1663953193.430599"
      }
    ],
    "is_locked": false,
    "subscribed": false
  }
]