[
  {
    "client_msg_id": "36ee8dea-af88-4aff-af31-b571caa5438e",
    "type": "message",
    "text": "Guys i m glad to meet you.",
    "user": "U03UFV7TUTV",
    "ts": "1661158638.295319",
    "blocks": [
      {
        "type": "rich_text",
        "block_id": "3RjO",
        "elements": [
          {
            "type": "rich_text_section",
            "elements": [
              {
                "type": "text",
                "text": "Guys i m glad to meet you."
              }
            ]
          }
        ]
      }
    ],
    "team": "T03U4J8HMUG",
    "user_team": "T03U4J8HMUG",
    "source_team": "T03U4J8HMUG",
    "user_profile": {
      "avatar_hash": "g2d3549811da",
      "image_72": "https://secure.gravatar.com/avatar/2d3549811dae404f2ab1ffd6d153680c.jpg?s=72&d=https%3A%2F%2Fa.slack-edge.com%2Fdf10d%2Fimg%2Favatars%2Fava_0003-72.png",
      "first_name": "Anthony",
      "real_name": "Anthony Galloway",
      "display_name": "Anthony Galloway",
      "team": "T03U4J8HMUG",
      "name": "Anthony",
      "is_restricted": false,
      "is_ultra_restricted": false
    }
  },
  {
    "client_msg_id": "b4b2c3be-9d37-45f6-ab3f-506ff74f67e9",
    "type": "message",
    "text": "<@U03UFV7TUTV> I'm glad to to meet everyone here",
    "user": "U03UH397319",
    "ts": "1661158701.423929",
    "blocks": [
      {
        "type": "rich_text",
        "block_id": "dImG",
        "elements": [
          {
            "type": "rich_text_section",
            "elements": [
              {
                "type": "user",
                "user_id": "U03UFV7TUTV"
              },
              {
                "type": "text",
                "text": " I'm glad to to meet everyone here"
              }
            ]
          }
        ]
      }
    ],
    "team": "T03U4J8HMUG",
    "user_team": "T03U4J8HMUG",
    "source_team": "T03U4J8HMUG",
    "user_profile": {
      "avatar_hash": "gc7c2fbea497",
      "image_72": "https://secure.gravatar.com/avatar/c7c2fbea4976d191e3ad19004e067c11.jpg?s=72&d=https%3A%2F%2Fa.slack-edge.com%2Fdf10d%2Fimg%2Favatars%2Fava_0014-72.png",
      "first_name": "Brenda",
      "real_name": "Brenda Hernandez",
      "display_name": "Brenda Hernandez",
      "team": "T03U4J8HMUG",
      "name": "Brenda",
      "is_restricted": false,
      "is_ultra_restricted": false
    }
  },
  {
    "client_msg_id": "c7410c21-8223-44e1-a6f9-0288dd160156",
    "type": "message",
    "text": "hello Guys is there any  tutor today?",
    "user": "U03UUMR26Q1",
    "ts": "1661170932.296559",
    "blocks": [
      {
        "type": "rich_text",
        "block_id": "E=V1",
        "elements": [
          {
            "type": "rich_text_section",
            "elements": [
              {
                "type": "text",
                "text": "hello Guys is there any  tutor today?"
              }
            ]
          }
        ]
      }
    ],
    "team": "T03U4J8HMUG",
    "user_team": "T03U4J8HMUG",
    "source_team": "T03U4J8HMUG",
    "user_profile": {
      "avatar_hash": "706054da5590",
      "image_72": "https://avatars.slack-edge.com/2022-09-02/4051525321520_706054da55906fd18009_72.jpg",
      "first_name": "Samuel",
      "real_name": "Samuel King",
      "display_name": "Samuel King",
      "team": "T03U4J8HMUG",
      "name": "Samuel",
      "is_restricted": false,
      "is_ultra_restricted": false
    },
    "thread_ts": "1661170932.296559",
    "reply_count": 10,
    "reply_users_count": 4,
    "latest_reply": "1661171309.516579",
    "reply_users": [
      "U03UFV7HFNF",
      "U03UUMM7Y8H",
      "U03U9EJR362",
      "U03UUMR26Q1"
    ],
    "replies": [
      {
        "user": "U03UFV7HFNF",
        "ts": "1661170958.568089"
      },
      {
        "user": "U03UUMM7Y8H",
        "ts": "1661170961.070779"
      },
      {
        "user": "U03U9EJR362",
        "ts": "1661171151.845249"
      },
      {
        "user": "U03UUMR26Q1",
        "ts": "1661171152.945929"
      },
      {
        "user": "U03UUMM7Y8H",
        "ts": "1661171206.881029"
      },
      {
        "user": "U03UUMM7Y8H",
        "ts": "1661171238.648889"
      },
      {
        "user": "U03UUMR26Q1",
        "ts": "1661171263.674699"
      },
      {
        "user": "U03UUMM7Y8H",
        "ts": "1661171278.950439"
      },
      {
        "user": "U03UUMM7Y8H",
        "ts": "1661171308.230609"
      },
      {
        "user": "U03UUMR26Q1",
        "ts": "1661171309.516579"
      }
    ],
    "is_locked": false,
    "subscribed": false
  },
  {
    "client_msg_id": "a828832d-b7ed-4b9c-a7dc-cd80cc5ca383",
    "type": "message",
    "text": "Yes after 30 minutes",
    "user": "U03UFV7HFNF",
    "ts": "1661170958.568089",
    "blocks": [
      {
        "type": "rich_text",
        "block_id": "dnVke",
        "elements": [
          {
            "type": "rich_text_section",
            "elements": [
              {
                "type": "text",
                "text": "Yes after 30 minutes"
              }
            ]
          }
        ]
      }
    ],
    "team": "T03U4J8HMUG",
    "user_team": "T03U4J8HMUG",
    "source_team": "T03U4J8HMUG",
    "user_profile": {
      "avatar_hash": "3166d51d23f1",
      "image_72": "https://avatars.slack-edge.com/2022-08-20/3991799522480_3166d51d23f1da2374e9_72.jpg",
      "first_name": "Miguel",
      "real_name": "Miguel Herring",
      "display_name": "Miguel Herring",
      "team": "T03U4J8HMUG",
      "name": "Miguel",
      "is_restricted": false,
      "is_ultra_restricted": false
    },
    "thread_ts": "1661170932.296559",
    "parent_user_id": "U03UUMR26Q1"
  },
  {
    "client_msg_id": "fbd1944e-db74-4df2-8cea-dfd042c6ea42",
    "type": "message",
    "text": "yeap",
    "user": "U03UUMM7Y8H",
    "ts": "1661170961.070779",
    "blocks": [
      {
        "type": "rich_text",
        "block_id": "/sZ36",
        "elements": [
          {
            "type": "rich_text_section",
            "elements": [
              {
                "type": "text",
                "text": "yeap"
              }
            ]
          }
        ]
      }
    ],
    "team": "T03U4J8HMUG",
    "user_team": "T03U4J8HMUG",
    "source_team": "T03U4J8HMUG",
    "user_profile": {
      "avatar_hash": "e2bebb7a634d",
      "image_72": "https://avatars.slack-edge.com/2022-08-20/3953540555975_e2bebb7a634dbafeadb5_72.png",
      "first_name": "Veronica",
      "real_name": "Veronica Padilla",
      "display_name": "Veronica Padilla",
      "team": "T03U4J8HMUG",
      "name": "Veronica",
      "is_restricted": false,
      "is_ultra_restricted": false
    },
    "thread_ts": "1661170932.296559",
    "parent_user_id": "U03UUMR26Q1"
  },
  {
    "client_msg_id": "5b2675b6-2119-4e37-ab49-c4635934cca9",
    "type": "message",
    "text": "Yeah, bro I will just follow this session",
    "user": "U03UG0YHAUT",
    "ts": "1661170965.133229",
    "blocks": [
      {
        "type": "rich_text",
        "block_id": "JSj",
        "elements": [
          {
            "type": "rich_text_section",
            "elements": [
              {
                "type": "text",
                "text": "Yeah, bro I will just follow this session"
              }
            ]
          }
        ]
      }
    ],
    "team": "T03U4J8HMUG",
    "user_team": "T03U4J8HMUG",
    "source_team": "T03U4J8HMUG",
    "user_profile": {
      "avatar_hash": "e7b0c8269999",
      "image_72": "https://avatars.slack-edge.com/2022-09-20/4099393715542_e7b0c82699998d3b3ade_72.jpg",
      "first_name": "Daniel",
      "real_name": "Daniel Brown",
      "display_name": "Daniel Brown",
      "team": "T03U4J8HMUG",
      "name": "Daniel",
      "is_restricted": false,
      "is_ultra_restricted": false
    }
  },
  {
    "client_msg_id": "84ece61c-0bc0-4049-9c71-1a72eb9663ee",
    "type": "message",
    "text": "Day1-Tutorial 2 - Data Extraction, Cleaning, Transforming and Formatting using modular python",
    "user": "U03U9EJR362",
    "ts": "1661171151.845249",
    "blocks": [
      {
        "type": "rich_text",
        "block_id": "Oo2i",
        "elements": [
          {
            "type": "rich_text_section",
            "elements": [
              {
                "type": "text",
                "text": "Day1-Tutorial 2 - Data Extraction, Cleaning, Transforming and Formatting using modular python"
              }
            ]
          }
        ]
      }
    ],
    "team": "T03U4J8HMUG",
    "user_team": "T03U4J8HMUG",
    "source_team": "T03U4J8HMUG",
    "user_profile": {
      "avatar_hash": "gc0133e965fb",
      "image_72": "https://secure.gravatar.com/avatar/c0133e965fb5500f9a83b69df54a7dc6.jpg?s=72&d=https%3A%2F%2Fa.slack-edge.com%2Fdf10d%2Fimg%2Favatars%2Fava_0006-72.png",
      "first_name": "Nicholas",
      "real_name": "Nicholas Friedman",
      "display_name": "Nicholas Friedman",
      "team": "T03U4J8HMUG",
      "name": "Nicholas",
      "is_restricted": false,
      "is_ultra_restricted": false
    },
    "thread_ts": "1661170932.296559",
    "parent_user_id": "U03UUMR26Q1"
  },
  {
    "client_msg_id": "7d5c8665-78a4-44da-880c-3cbaf54c4bf9",
    "type": "message",
    "text": "Really i get confused in UTC time zone. any tool to covert easily to EAT?",
    "user": "U03UUMR26Q1",
    "ts": "1661171152.945929",
    "blocks": [
      {
        "type": "rich_text",
        "block_id": "Cv1si",
        "elements": [
          {
            "type": "rich_text_section",
            "elements": [
              {
                "type": "text",
                "text": "Really i get confused in UTC time zone. any tool to covert easily to EAT?"
              }
            ]
          }
        ]
      }
    ],
    "team": "T03U4J8HMUG",
    "user_team": "T03U4J8HMUG",
    "source_team": "T03U4J8HMUG",
    "user_profile": {
      "avatar_hash": "706054da5590",
      "image_72": "https://avatars.slack-edge.com/2022-09-02/4051525321520_706054da55906fd18009_72.jpg",
      "first_name": "Samuel",
      "real_name": "Samuel King",
      "display_name": "Samuel King",
      "team": "T03U4J8HMUG",
      "name": "Samuel",
      "is_restricted": false,
      "is_ultra_restricted": false
    },
    "edited": {
      "user": "U03UUMR26Q1",
      "ts": "1661171186.000000"
    },
    "thread_ts": "1661170932.296559",
    "parent_user_id": "U03UUMR26Q1"
  },
  {
    "client_msg_id": "7000a0ab-d555-4c1b-a93c-4cfd90e1261d",
    "type": "message",
    "text": "Anyone who started analyzing the data? I am a little confused",
    "user": "U03UUMM7Y8H",
    "ts": "1661171156.129289",
    "blocks": [
      {
        "type": "rich_text",
        "block_id": "wc77d",
        "elements": [
          {
            "type": "rich_text_section",
            "elements": [
              {
                "type": "text",
                "text": "Anyone who started analyzing the data? I am a little confused"
              }
            ]
          }
        ]
      }
    ],
    "team": "T03U4J8HMUG",
    "user_team": "T03U4J8HMUG",
    "source_team": "T03U4J8HMUG",
    "user_profile": {
      "avatar_hash": "e2bebb7a634d",
      "image_72": "https://avatars.slack-edge.com/2022-08-20/3953540555975_e2bebb7a634dbafeadb5_72.png",
      "first_name": "Veronica",
      "real_name": "Veronica Padilla",
      "display_name": "Veronica Padilla",
      "team": "T03U4J8HMUG",
      "name": "Veronica",
      "is_restricted": false,
      "is_ultra_restricted": false
    }
  },
  {
    "client_msg_id": "1f596cab-992d-488e-bdc6-7b25f6402d5a",
    "type": "message",
    "text": "<@U03UUMR26Q1> Time Bie. Or Ethiopian time UTC +3",
    "user": "U03UUMM7Y8H",
    "ts": "1661171206.881029",
    "blocks": [
      {
        "type": "rich_text",
        "block_id": "6PD",
        "elements": [
          {
            "type": "rich_text_section",
            "elements": [
              {
                "type": "user",
                "user_id": "U03UUMR26Q1"
              },
              {
                "type": "text",
                "text": " Time Bie. Or Ethiopian time UTC +3"
              }
            ]
          }
        ]
      }
    ],
    "team": "T03U4J8HMUG",
    "user_team": "T03U4J8HMUG",
    "source_team": "T03U4J8HMUG",
    "user_profile": {
      "avatar_hash": "e2bebb7a634d",
      "image_72": "https://avatars.slack-edge.com/2022-08-20/3953540555975_e2bebb7a634dbafeadb5_72.png",
      "first_name": "Veronica",
      "real_name": "Veronica Padilla",
      "display_name": "Veronica Padilla",
      "team": "T03U4J8HMUG",
      "name": "Veronica",
      "is_restricted": false,
      "is_ultra_restricted": false
    },
    "thread_ts": "1661170932.296559",
    "parent_user_id": "U03UUMR26Q1",
    "reactions": [
      {
        "name": "+1",
        "users": [
          "U03UUMR26Q1"
        ],
        "count": 1
      }
    ]
  },
  {
    "client_msg_id": "5a9f58f2-9984-489b-bfa7-7c4443090336",
    "type": "message",
    "text": "Simply add 3 hours from UTC time",
    "user": "U03UUMM7Y8H",
    "ts": "1661171238.648889",
    "blocks": [
      {
        "type": "rich_text",
        "block_id": "veps",
        "elements": [
          {
            "type": "rich_text_section",
            "elements": [
              {
                "type": "text",
                "text": "Simply add 3 hours from UTC time"
              }
            ]
          }
        ]
      }
    ],
    "team": "T03U4J8HMUG",
    "user_team": "T03U4J8HMUG",
    "source_team": "T03U4J8HMUG",
    "user_profile": {
      "avatar_hash": "e2bebb7a634d",
      "image_72": "https://avatars.slack-edge.com/2022-08-20/3953540555975_e2bebb7a634dbafeadb5_72.png",
      "first_name": "Veronica",
      "real_name": "Veronica Padilla",
      "display_name": "Veronica Padilla",
      "team": "T03U4J8HMUG",
      "name": "Veronica",
      "is_restricted": false,
      "is_ultra_restricted": false
    },
    "thread_ts": "1661170932.296559",
    "parent_user_id": "U03UUMR26Q1"
  },
  {
    "client_msg_id": "03bb3470-44d7-4836-945c-516ee173bce5",
    "type": "message",
    "text": "you mean adding 3 on EAT?",
    "user": "U03UUMR26Q1",
    "ts": "1661171263.674699",
    "blocks": [
      {
        "type": "rich_text",
        "block_id": "e2j",
        "elements": [
          {
            "type": "rich_text_section",
            "elements": [
              {
                "type": "text",
                "text": "you mean adding 3 on EAT?"
              }
            ]
          }
        ]
      }
    ],
    "team": "T03U4J8HMUG",
    "user_team": "T03U4J8HMUG",
    "source_team": "T03U4J8HMUG",
    "user_profile": {
      "avatar_hash": "706054da5590",
      "image_72": "https://avatars.slack-edge.com/2022-09-02/4051525321520_706054da55906fd18009_72.jpg",
      "first_name": "Samuel",
      "real_name": "Samuel King",
      "display_name": "Samuel King",
      "team": "T03U4J8HMUG",
      "name": "Samuel",
      "is_restricted": false,
      "is_ultra_restricted": false
    },
    "thread_ts": "1661170932.296559",
    "parent_user_id": "U03UUMR26Q1"
  },
  {
    "client_msg_id": "f3d320e3-dc65-4c25-8928-fe9232db8b94",
    "type": "message",
    "text": "now is 15:27/9:27 EAT and 12:27 UTC",
    "user": "U03UUMM7Y8H",
    "ts": "1661171278.950439",
    "blocks": [
      {
        "type": "rich_text",
        "block_id": "2xVc6",
        "elements": [
          {
            "type": "rich_text_section",
            "elements": [
              {
                "type": "text",
                "text": "now is 15:27/9:27 EAT and 12:27 UTC"
              }
            ]
          }
        ]
      }
    ],
    "team": "T03U4J8HMUG",
    "user_team": "T03U4J8HMUG",
    "source_team": "T03U4J8HMUG",
    "user_profile": {
      "avatar_hash": "e2bebb7a634d",
      "image_72": "https://avatars.slack-edge.com/2022-08-20/3953540555975_e2bebb7a634dbafeadb5_72.png",
      "first_name": "Veronica",
      "real_name": "Veronica Padilla",
      "display_name": "Veronica Padilla",
      "team": "T03U4J8HMUG",
      "name": "Veronica",
      "is_restricted": false,
      "is_ultra_restricted": false
    },
    "thread_ts": "1661170932.296559",
    "parent_user_id": "U03UUMR26Q1"
  },
  {
    "client_msg_id": "dd07bea7-9a0c-491a-b5cd-b70fd301e60c",
    "type": "message",
    "text": "Not. add 3 to UTC to get EAT",
    "user": "U03UUMM7Y8H",
    "ts": "1661171308.230609",
    "blocks": [
      {
        "type": "rich_text",
        "block_id": "888",
        "elements": [
          {
            "type": "rich_text_section",
            "elements": [
              {
                "type": "text",
                "text": "Not. add 3 to UTC to get EAT"
              }
            ]
          }
        ]
      }
    ],
    "team": "T03U4J8HMUG",
    "user_team": "T03U4J8HMUG",
    "source_team": "T03U4J8HMUG",
    "user_profile": {
      "avatar_hash": "e2bebb7a634d",
      "image_72": "https://avatars.slack-edge.com/2022-08-20/3953540555975_e2bebb7a634dbafeadb5_72.png",
      "first_name": "Veronica",
      "real_name": "Veronica Padilla",
      "display_name": "Veronica Padilla",
      "team": "T03U4J8HMUG",
      "name": "Veronica",
      "is_restricted": false,
      "is_ultra_restricted": false
    },
    "thread_ts": "1661170932.296559",
    "parent_user_id": "U03UUMR26Q1"
  },
  {
    "client_msg_id": "30963e34-f301-4b6f-b289-cddc6a9e4c97",
    "type": "message",
    "text": "<@U03UUMM7Y8H> Thank You Sir.",
    "user": "U03UUMR26Q1",
    "ts": "1661171309.516579",
    "blocks": [
      {
        "type": "rich_text",
        "block_id": "S8lY",
        "elements": [
          {
            "type": "rich_text_section",
            "elements": [
              {
                "type": "user",
                "user_id": "U03UUMM7Y8H"
              },
              {
                "type": "text",
                "text": " Thank You Sir."
              }
            ]
          }
        ]
      }
    ],
    "team": "T03U4J8HMUG",
    "user_team": "T03U4J8HMUG",
    "source_team": "T03U4J8HMUG",
    "user_profile": {
      "avatar_hash": "706054da5590",
      "image_72": "https://avatars.slack-edge.com/2022-09-02/4051525321520_706054da55906fd18009_72.jpg",
      "first_name": "Samuel",
      "real_name": "Samuel King",
      "display_name": "Samuel King",
      "team": "T03U4J8HMUG",
      "name": "Samuel",
      "is_restricted": false,
      "is_ultra_restricted": false
    },
    "thread_ts": "1661170932.296559",
    "parent_user_id": "U03UUMR26Q1"
  },
  {
    "client_msg_id": "400bd13f-e870-4295-8c15-4c40e60a3a73",
    "type": "message",
    "text": "<@U03UP7V9Q57> what will be the target variable to maximize profitability.",
    "user": "U03UUMM7Y8H",
    "ts": "1661171763.680749",
    "blocks": [
      {
        "type": "rich_text",
        "block_id": "bBGR6",
        "elements": [
          {
            "type": "rich_text_section",
            "elements": [
              {
                "type": "user",
                "user_id": "U03UP7V9Q57"
              },
              {
                "type": "text",
                "text": " what will be the target variable to maximize profitability."
              }
            ]
          }
        ]
      }
    ],
    "team": "T03U4J8HMUG",
    "user_team": "T03U4J8HMUG",
    "source_team": "T03U4J8HMUG",
    "user_profile": {
      "avatar_hash": "e2bebb7a634d",
      "image_72": "https://avatars.slack-edge.com/2022-08-20/3953540555975_e2bebb7a634dbafeadb5_72.png",
      "first_name": "Veronica",
      "real_name": "Veronica Padilla",
      "display_name": "Veronica Padilla",
      "team": "T03U4J8HMUG",
      "name": "Veronica",
      "is_restricted": false,
      "is_ultra_restricted": false
    }
  },
  {
    "client_msg_id": "8e62c135-7137-4ba3-8b9f-ecda74d6e653",
    "type": "message",
    "text": "<@U03UUMM7Y8H> settings from notion or calendar?",
    "user": "U03V785NLSU",
    "ts": "1661173353.513789",
    "blocks": [
      {
        "type": "rich_text",
        "block_id": "aPp",
        "elements": [
          {
            "type": "rich_text_section",
            "elements": [
              {
                "type": "user",
                "user_id": "U03UUMM7Y8H"
              },
              {
                "type": "text",
                "text": " settings from notion or calendar?"
              }
            ]
          }
        ]
      }
    ],
    "team": "T03U4J8HMUG",
    "user_team": "T03U4J8HMUG",
    "source_team": "T03U4J8HMUG",
    "user_profile": {
      "avatar_hash": "48d5c88821e9",
      "image_72": "https://avatars.slack-edge.com/2022-08-21/3993277785968_48d5c88821e922581e17_72.jpg",
      "first_name": "Ashley",
      "real_name": "Ashley Hamilton",
      "display_name": "Ashley Hamilton",
      "team": "T03U4J8HMUG",
      "name": "Ashley",
      "is_restricted": false,
      "is_ultra_restricted": false
    },
    "thread_ts": "1661113258.628419",
    "parent_user_id": "U03V6HMRPGQ"
  },
  {
    "client_msg_id": "83a571ac-547d-4a57-9c83-a10e92ce6570",
    "type": "message",
    "text": "Might be useful:",
    "user": "U03UH397319",
    "ts": "1661176108.378359",
    "blocks": [
      {
        "type": "rich_text",
        "block_id": "epb2",
        "elements": [
          {
            "type": "rich_text_section",
            "elements": [
              {
                "type": "text",
                "text": "Might be useful:"
              }
            ]
          }
        ]
      }
    ],
    "team": "T03U4J8HMUG",
    "user_team": "T03U4J8HMUG",
    "source_team": "T03U4J8HMUG",
    "user_profile": {
      "avatar_hash": "gc7c2fbea497",
      "image_72": "https://secure.gravatar.com/avatar/c7c2fbea4976d191e3ad19004e067c11.jpg?s=72&d=https%3A%2F%2Fa.slack-edge.com%2Fdf10d%2Fimg%2Favatars%2Fava_0014-72.png",
      "first_name": "Brenda",
      "real_name": "Brenda Hernandez",
      "display_name": "Brenda Hernandez",
      "team": "T03U4J8HMUG",
      "name": "Brenda",
      "is_restricted": false,
      "is_ultra_restricted": false
    }
  },
  {
    "client_msg_id": "64d8fe34-d256-4fa2-96a7-4057ba4e3347",
    "type": "message",
    "text": "<https://docs.scipy.org/doc/scipy/reference/generated/scipy.stats.skewtest.html>",
    "user": "U03UH397319",
    "ts": "1661176111.700669",
    "blocks": [
      {
        "type": "rich_text",
        "block_id": "uYbbJ",
        "elements": [
          {
            "type": "rich_text_section",
            "elements": [
              {
                "type": "link",
                "url": "https://docs.scipy.org/doc/scipy/reference/generated/scipy.stats.skewtest.html"
              }
            ]
          }
        ]
      }
    ],
    "team": "T03U4J8HMUG",
    "user_team": "T03U4J8HMUG",
    "source_team": "T03U4J8HMUG",
    "user_profile": {
      "avatar_hash": "gc7c2fbea497",
      "image_72": "https://secure.gravatar.com/avatar/c7c2fbea4976d191e3ad19004e067c11.jpg?s=72&d=https%3A%2F%2Fa.slack-edge.com%2Fdf10d%2Fimg%2Favatars%2Fava_0014-72.png",
      "first_name": "Brenda",
      "real_name": "Brenda Hernandez",
      "display_name": "Brenda Hernandez",
      "team": "T03U4J8HMUG",
      "name": "Brenda",
      "is_restricted": false,
      "is_ultra_restricted": false
    }
  },
  {
    "client_msg_id": "f37712e4-c068-46e9-a1b9-d50ab1400442",
    "type": "message",
    "text": "If you would like to visualize the missing values in the dataset:\n<https://www.kaggle.com/code/residentmario/using-missingno-to-diagnose-data-sparsity/notebook>",
    "user": "U03U1HAG9TR",
    "ts": "1661187983.975529",
    "blocks": [
      {
        "type": "rich_text",
        "block_id": "CVg",
        "elements": [
          {
            "type": "rich_text_section",
            "elements": [
              {
                "type": "text",
                "text": "If you would like to visualize the missing values in the dataset:\n"
              },
              {
                "type": "link",
                "url": "https://www.kaggle.com/code/residentmario/using-missingno-to-diagnose-data-sparsity/notebook"
              }
            ]
          }
        ]
      }
    ],
    "team": "T03U4J8HMUG",
    "user_team": "T03U4J8HMUG",
    "source_team": "T03U4J8HMUG",
    "user_profile": {
      "avatar_hash": "4e4331305ef1",
      "image_72": "https://avatars.slack-edge.com/2022-08-20/3980783297649_4e4331305ef102cc4346_72.jpg",
      "first_name": "Robert",
      "real_name": "Robert Carter",
      "display_name": "Robert Carter",
      "team": "T03U4J8HMUG",
      "name": "Robert",
      "is_restricted": false,
      "is_ultra_restricted": false
    },
    "attachments": [
      {
        "from_url": "https://www.kaggle.com/code/residentmario/using-missingno-to-diagnose-data-sparsity/notebook",
        "thumb_url": "https://storage.googleapis.com/kaggle-avatars/thumbnails/753574-kg.png",
        "thumb_width": 100,
        "thumb_height": 100,
        "service_icon": "https://www.kaggle.com/favicon.ico",
        "id": 1,
        "original_url": "https://www.kaggle.com/code/residentmario/using-missingno-to-diagnose-data-sparsity/notebook",
        "fallback": "Using Missingno to Diagnose Data Sparsity",
        "text": "Explore and run machine learning code with Kaggle Notebooks | Using data from Horse Racing - Tipster Bets",
        "title": "Using Missingno to Diagnose Data Sparsity",
        "title_link": "https://www.kaggle.com/code/residentmario/using-missingno-to-diagnose-data-sparsity/notebook",
        "service_name": "kaggle.com"
      }
    ],
    "reactions": [
      {
        "name": "+1",
        "users": [
          "U03UG4Q7V42",
          "U03U9EJR362",
          "U03UKGSDGSG"
        ],
        "count": 3
      }
    ]
  },
  {
    "client_msg_id": "ab607e45-eea7-4a01-86ad-207e87a2e2f9",
    "type": "message",
    "text": "<@U03UKL27B0R> <!here> <!channel> I would appreciate if anyone can help me sum duration values with the same IMEI number?",
    "user": "U03UUMM7Y8H",
    "ts": "1661192341.506959",
    "blocks": [
      {
        "type": "rich_text",
        "block_id": "IscQ",
        "elements": [
          {
            "type": "rich_text_section",
            "elements": [
              {
                "type": "user",
                "user_id": "U03UKL27B0R"
              },
              {
                "type": "text",
                "text": " "
              },
              {
                "type": "broadcast",
                "range": "here"
              },
              {
                "type": "text",
                "text": " "
              },
              {
                "type": "broadcast",
                "range": "channel"
              },
              {
                "type": "text",
                "text": " I would appreciate if anyone can help me sum duration values with the same IMEI number?"
              }
            ]
          }
        ]
      }
    ],
    "team": "T03U4J8HMUG",
    "user_team": "T03U4J8HMUG",
    "source_team": "T03U4J8HMUG",
    "user_profile": {
      "avatar_hash": "e2bebb7a634d",
      "image_72": "https://avatars.slack-edge.com/2022-08-20/3953540555975_e2bebb7a634dbafeadb5_72.png",
      "first_name": "Veronica",
      "real_name": "Veronica Padilla",
      "display_name": "Veronica Padilla",
      "team": "T03U4J8HMUG",
      "name": "Veronica",
      "is_restricted": false,
      "is_ultra_restricted": false
    },
    "thread_ts": "1661192341.506959",
    "reply_count": 3,
    "reply_users_count": 3,
    "latest_reply": "1661197330.840809",
    "reply_users": [
      "U03UJN29Y4C",
      "U03UKL27B0R",
      "U03U93GNNVB"
    ],
    "replies": [
      {
        "user": "U03UJN29Y4C",
        "ts": "1661192735.566819"
      },
      {
        "user": "U03UKL27B0R",
        "ts": "1661192962.859789"
      },
      {
        "user": "U03U93GNNVB",
        "ts": "1661197330.840809"
      }
    ],
    "is_locked": false,
    "subscribed": false
  },
  {
    "client_msg_id": "e67d5c3c-9ef6-4f63-ab95-de9fffe83005",
    "type": "message",
    "text": "Maybe selecting duration values and grouping them by imei would work",
    "user": "U03UJN29Y4C",
    "ts": "1661192735.566819",
    "blocks": [
      {
        "type": "rich_text",
        "block_id": "BToe",
        "elements": [
          {
            "type": "rich_text_section",
            "elements": [
              {
                "type": "text",
                "text": "Maybe selecting duration values and grouping them by imei would work"
              }
            ]
          }
        ]
      }
    ],
    "team": "T03U4J8HMUG",
    "user_team": "T03U4J8HMUG",
    "source_team": "T03U4J8HMUG",
    "user_profile": {
      "avatar_hash": "9bf024280cf1",
      "image_72": "https://avatars.slack-edge.com/2022-10-08/4190947116101_9bf024280cf14dffb003_72.jpg",
      "first_name": "Michelle",
      "real_name": "Michelle Lewis",
      "display_name": "Michelle Lewis",
      "team": "T03U4J8HMUG",
      "name": "Michelle",
      "is_restricted": false,
      "is_ultra_restricted": false
    },
    "thread_ts": "1661192341.506959",
    "parent_user_id": "U03UUMM7Y8H"
  },
  {
    "client_msg_id": "6fc6b530-f5b8-4351-a643-a3b4052e66b4",
    "type": "message",
    "text": "If you want to get the total sum of duration for each IMEI number, you can group your data by IMEI and perform a sum aggregation by duration.",
    "user": "U03UKL27B0R",
    "ts": "1661192962.859789",
    "blocks": [
      {
        "type": "rich_text",
        "block_id": "/NR3d",
        "elements": [
          {
            "type": "rich_text_section",
            "elements": [
              {
                "type": "text",
                "text": "If you want to get the total sum of duration for each IMEI number, you can group your data by IMEI and perform a sum aggregation by duration."
              }
            ]
          }
        ]
      }
    ],
    "team": "T03U4J8HMUG",
    "user_team": "T03U4J8HMUG",
    "source_team": "T03U4J8HMUG",
    "user_profile": {
      "avatar_hash": "85058b6ca368",
      "image_72": "https://avatars.slack-edge.com/2022-08-18/3961513756852_85058b6ca368839d0014_72.png",
      "first_name": "Brittany",
      "real_name": "Brittany Garcia",
      "display_name": "Brittany Garcia",
      "team": "T03U4J8HMUG",
      "name": "Brittany",
      "is_restricted": false,
      "is_ultra_restricted": false
    },
    "thread_ts": "1661192341.506959",
    "parent_user_id": "U03UUMM7Y8H",
    "reactions": [
      {
        "name": "+1",
        "users": [
          "U03UUMM7Y8H"
        ],
        "count": 1
      }
    ]
  },
  {
    "client_msg_id": "5d1486cc-ab0b-4229-8e23-1fc56b501f4c",
    "type": "message",
    "text": "how to plot multiple plots in matplotlib in one plot\nI dare you guys pronounce this sentence correct :joy:",
    "user": "U03V6HMRPGQ",
    "ts": "1661196145.230669",
    "blocks": [
      {
        "type": "rich_text",
        "block_id": "48x",
        "elements": [
          {
            "type": "rich_text_section",
            "elements": [
              {
                "type": "text",
                "text": "how to plot multiple plots in matplotlib in one plot\nI dare you guys pronounce this sentence correct "
              },
              {
                "type": "emoji",
                "name": "joy",
                "unicode": "1f602"
              }
            ]
          }
        ]
      }
    ],
    "team": "T03U4J8HMUG",
    "user_team": "T03U4J8HMUG",
    "source_team": "T03U4J8HMUG",
    "user_profile": {
      "avatar_hash": "23fcf5329c03",
      "image_72": "https://avatars.slack-edge.com/2022-08-22/3969139924917_23fcf5329c03131c761f_72.png",
      "first_name": "Cristian",
      "real_name": "Cristian Wilson",
      "display_name": "Cristian Wilson",
      "team": "T03U4J8HMUG",
      "name": "Cristian",
      "is_restricted": false,
      "is_ultra_restricted": false
    },
    "reactions": [
      {
        "name": "grinning",
        "users": [
          "U03UUR571A5",
          "U03UVHCV6KB"
        ],
        "count": 2
      },
      {
        "name": "rolling_on_the_floor_laughing",
        "users": [
          "U03UVHCV6KB"
        ],
        "count": 1
      }
    ]
  },
  {
    "client_msg_id": "32b28ade-2c96-4e30-b658-1cde59d7b638",
    "type": "message",
    "text": "Please use <#C03TEQQS9NF|all-week1> for this type of discussion",
    "user": "U03U93GNNVB",
    "ts": "1661197330.840809",
    "blocks": [
      {
        "type": "rich_text",
        "block_id": "SSePn",
        "elements": [
          {
            "type": "rich_text_section",
            "elements": [
              {
                "type": "text",
                "text": "Please use "
              },
              {
                "type": "channel",
                "channel_id": "C03TEQQS9NF"
              },
              {
                "type": "text",
                "text": " for this type of discussion"
              }
            ]
          }
        ]
      }
    ],
    "team": "T03U4J8HMUG",
    "user_team": "T03U4J8HMUG",
    "source_team": "T03U4J8HMUG",
    "user_profile": {
      "avatar_hash": "a49779ad093d",
      "image_72": "https://avatars.slack-edge.com/2022-08-22/3994045204528_a49779ad093d4fc39a87_72.jpg",
      "first_name": "Katherine",
      "real_name": "Katherine Foster",
      "display_name": "Katherine Foster",
      "team": "T03U4J8HMUG",
      "name": "Katherine",
      "is_restricted": false,
      "is_ultra_restricted": false
    },
    "thread_ts": "1661192341.506959",
    "parent_user_id": "U03UUMM7Y8H"
  },
  {
    "client_msg_id": "e0f31ac1-b8b0-4595-becf-18e8f81c1a4a",
    "type": "message",
    "text": "<@U03V6HMRPGQ> You can use this syntax to create multiple Matplotlib plots in one figure: \n*import matplotlib.pyplot as plt* \n*#define grid of plots fig, axs = plt.subplots(nrows=2, ncols=1)*\n#add data to plots\naxs.plot(variable1, variable2)\naxs.plot(variable3, variable4)\nFor more: Read <https://www.statology.org/matplotlib-multiple-plots/#:~:text=You%20can%20use%20the%20following%20syntax%20to%20create,show%20how%20to%20use%20this%20function%20in%20practice>.",
    "user": "U03UGB3T3MY",
    "ts": "1661199137.730359",
    "blocks": [
      {
        "type": "rich_text",
        "block_id": "DLprg",
        "elements": [
          {
            "type": "rich_text_section",
            "elements": [
              {
                "type": "user",
                "user_id": "U03V6HMRPGQ"
              },
              {
                "type": "text",
                "text": " You can use this syntax to create multiple Matplotlib plots in one figure:"
              },
              {
                "type": "text",
                "text": " ",
                "style": {
                  "bold": true
                }
              },
              {
                "type": "text",
                "text": "\n"
              },
              {
                "type": "text",
                "text": "import matplotlib.pyplot as plt ",
                "style": {
                  "bold": true
                }
              },
              {
                "type": "text",
                "text": "\n"
              },
              {
                "type": "text",
                "text": "#define grid of plots fig, axs = plt.subplots(nrows=2, ncols=1)",
                "style": {
                  "bold": true
                }
              },
              {
                "type": "text",
                "text": "\n#add data to plots\naxs.plot(variable1, variable2)\naxs.plot(variable3, variable4)\nFor more: Read "
              },
              {
                "type": "link",
                "url": "https://www.statology.org/matplotlib-multiple-plots/#:~:text=You%20can%20use%20the%20following%20syntax%20to%20create,show%20how%20to%20use%20this%20function%20in%20practice"
              },
              {
                "type": "text",
                "text": "."
              }
            ]
          }
        ]
      }
    ],
    "team": "T03U4J8HMUG",
    "user_team": "T03U4J8HMUG",
    "source_team": "T03U4J8HMUG",
    "user_profile": {
      "avatar_hash": "bc7bd41571eb",
      "image_72": "https://avatars.slack-edge.com/2022-08-20/3981003133089_bc7bd41571eb59dd063d_72.jpg",
      "first_name": "Dustin",
      "real_name": "Dustin Wilson",
      "display_name": "Dustin Wilson",
      "team": "T03U4J8HMUG",
      "name": "Dustin",
      "is_restricted": false,
      "is_ultra_restricted": false
    },
    "attachments": [
      {
        "from_url": "https://www.statology.org/matplotlib-multiple-plots/#:~:text=You%20can%20use%20the%20following%20syntax%20to%20create,show%20how%20to%20use%20this%20function%20in%20practice",
        "ts": 1623858559,
        "image_url": "https://www.statology.org/wp-content/uploads/2021/06/multiple1.png",
        "image_width": 380,
        "image_height": 250,
        "image_bytes": 204323,
        "service_icon": "https://www.statology.org/wp-content/uploads/2019/08/cropped-StatologyFavicon-180x180.png",
        "id": 1,
        "original_url": "https://www.statology.org/matplotlib-multiple-plots/#:~:text=You%20can%20use%20the%20following%20syntax%20to%20create,show%20how%20to%20use%20this%20function%20in%20practice",
        "fallback": "Statology: How to Create Multiple Matplotlib Plots in One Figure",
        "text": "This tutorial explains how to create multiple Matplotlib plots in one figure, including several examples.",
        "title": "How to Create Multiple Matplotlib Plots in One Figure",
        "title_link": "https://www.statology.org/matplotlib-multiple-plots/#:~:text=You%20can%20use%20the%20following%20syntax%20to%20create,show%20how%20to%20use%20this%20function%20in%20practice",
        "service_name": "Statology",
        "fields": [
          {
            "value": "Zach",
            "title": "Written by",
            "short": true
          },
          {
            "value": "3 minutes",
            "title": "Est. reading time",
            "short": true
          }
        ]
      }
    ],
    "thread_ts": "1661199137.730359",
    "reply_count": 1,
    "reply_users_count": 1,
    "latest_reply": "1661199315.224439",
    "reply_users": [
      "U03V6HMRPGQ"
    ],
    "replies": [
      {
        "user": "U03V6HMRPGQ",
        "ts": "1661199315.224439"
      }
    ],
    "is_locked": false,
    "subscribed": false,
    "reactions": [
      {
        "name": "raised_hands",
        "users": [
          "U03V6HMRPGQ",
          "U03UD4FEDHB"
        ],
        "count": 2
      }
    ]
  },
  {
    "client_msg_id": "53b09fa1-6c12-4b0a-b758-9116abd55d9f",
    "type": "message",
    "text": "Thank you Amdework",
    "user": "U03V6HMRPGQ",
    "ts": "1661199315.224439",
    "blocks": [
      {
        "type": "rich_text",
        "block_id": "4r5J4",
        "elements": [
          {
            "type": "rich_text_section",
            "elements": [
              {
                "type": "text",
                "text": "Thank you Amdework"
              }
            ]
          }
        ]
      }
    ],
    "team": "T03U4J8HMUG",
    "user_team": "T03U4J8HMUG",
    "source_team": "T03U4J8HMUG",
    "user_profile": {
      "avatar_hash": "23fcf5329c03",
      "image_72": "https://avatars.slack-edge.com/2022-08-22/3969139924917_23fcf5329c03131c761f_72.png",
      "first_name": "Cristian",
      "real_name": "Cristian Wilson",
      "display_name": "Cristian Wilson",
      "team": "T03U4J8HMUG",
      "name": "Cristian",
      "is_restricted": false,
      "is_ultra_restricted": false
    },
    "thread_ts": "1661199137.730359",
    "parent_user_id": "U03UGB3T3MY"
  },
  {
    "client_msg_id": "2b3d6216-d01a-423e-b550-8bdba9483d45",
    "type": "message",
    "text": "what do you understand from the  given challenge data  column \"Number of seconds with IP Volume DL between\"",
    "user": "U03UG5VFN03",
    "ts": "1661200863.526349",
    "blocks": [
      {
        "type": "rich_text",
        "block_id": "bs=",
        "elements": [
          {
            "type": "rich_text_section",
            "elements": [
              {
                "type": "text",
                "text": "what do you understand from the  given challenge data  column \"Number of seconds with IP Volume DL between\""
              }
            ]
          }
        ]
      }
    ],
    "team": "T03U4J8HMUG",
    "user_team": "T03U4J8HMUG",
    "source_team": "T03U4J8HMUG",
    "user_profile": {
      "avatar_hash": "1eec51b41e1b",
      "image_72": "https://avatars.slack-edge.com/2022-08-20/3980936144801_1eec51b41e1b370500be_72.png",
      "first_name": "Nancy",
      "real_name": "Nancy Craig",
      "display_name": "Nancy Craig",
      "team": "T03U4J8HMUG",
      "name": "Nancy",
      "is_restricted": false,
      "is_ultra_restricted": false
    }
  },
  {
    "client_msg_id": "ed0665f7-cd35-429f-b18d-9032f27acf35",
    "type": "message",
    "text": "<!here> All questions related to the weekly challenge should be in the channel for the respective week.  Please ask <@U03V1AM5TFA> if you have any questions.  Thanks.",
    "user": "U03U93GNNVB",
    "ts": "1661231983.631479",
    "blocks": [
      {
        "type": "rich_text",
        "block_id": "aQ=Mb",
        "elements": [
          {
            "type": "rich_text_section",
            "elements": [
              {
                "type": "broadcast",
                "range": "here"
              },
              {
                "type": "text",
                "text": " All questions related to the weekly challenge should be in the channel for the respective week.  Please ask "
              },
              {
                "type": "user",
                "user_id": "U03V1AM5TFA"
              },
              {
                "type": "text",
                "text": " if you have any questions.  Thanks."
              }
            ]
          }
        ]
      }
    ],
    "team": "T03U4J8HMUG",
    "user_team": "T03U4J8HMUG",
    "source_team": "T03U4J8HMUG",
    "user_profile": {
      "avatar_hash": "a49779ad093d",
      "image_72": "https://avatars.slack-edge.com/2022-08-22/3994045204528_a49779ad093d4fc39a87_72.jpg",
      "first_name": "Katherine",
      "real_name": "Katherine Foster",
      "display_name": "Katherine Foster",
      "team": "T03U4J8HMUG",
      "name": "Katherine",
      "is_restricted": false,
      "is_ultra_restricted": false
    }
  },
  {
    "client_msg_id": "fa611342-55f2-4ed7-aefd-e37184c19b9b",
    "type": "message",
    "text": "Hello everyone, how are you doing?\nI got a problem, anybody who can help me please,\nI want to follow the git workflow, however my git repo has not a fork icon, how can I gate it?",
    "user": "U03UGB3T3MY",
    "ts": "1661235317.802359",
    "blocks": [
      {
        "type": "rich_text",
        "block_id": "NeL/Y",
        "elements": [
          {
            "type": "rich_text_section",
            "elements": [
              {
                "type": "text",
                "text": "Hello everyone, how are you doing?\nI got a problem, anybody who can help me please,\nI want to follow the git workflow, however my git repo has not a fork icon, how can I gate it?"
              }
            ]
          }
        ]
      }
    ],
    "team": "T03U4J8HMUG",
    "user_team": "T03U4J8HMUG",
    "source_team": "T03U4J8HMUG",
    "user_profile": {
      "avatar_hash": "bc7bd41571eb",
      "image_72": "https://avatars.slack-edge.com/2022-08-20/3981003133089_bc7bd41571eb59dd063d_72.jpg",
      "first_name": "Dustin",
      "real_name": "Dustin Wilson",
      "display_name": "Dustin Wilson",
      "team": "T03U4J8HMUG",
      "name": "Dustin",
      "is_restricted": false,
      "is_ultra_restricted": false
    },
    "thread_ts": "1661235317.802359",
    "reply_count": 5,
    "reply_users_count": 3,
    "latest_reply": "1661271601.387489",
    "reply_users": [
      "U03V1AM5TFA",
      "U03UGB3T3MY",
      "U03UVHCV6KB"
    ],
    "replies": [
      {
        "user": "U03V1AM5TFA",
        "ts": "1661239060.882059"
      },
      {
        "user": "U03UGB3T3MY",
        "ts": "1661242739.929009"
      },
      {
        "user": "U03V1AM5TFA",
        "ts": "1661271138.244059"
      },
      {
        "user": "U03UVHCV6KB",
        "ts": "1661271563.090669"
      },
      {
        "user": "U03UVHCV6KB",
        "ts": "1661271601.387489"
      }
    ],
    "is_locked": false,
    "subscribed": false
  },
  {
    "client_msg_id": "d52b8bf8-67e5-4804-84ef-4828171fe566",
    "type": "message",
    "text": "<@U03UGB3T3MY> Please ask in <#C03TEQQS9NF|all-week1>",
    "user": "U03U93GNNVB",
    "ts": "1661236202.433089",
    "blocks": [
      {
        "type": "rich_text",
        "block_id": "WVT",
        "elements": [
          {
            "type": "rich_text_section",
            "elements": [
              {
                "type": "user",
                "user_id": "U03UGB3T3MY"
              },
              {
                "type": "text",
                "text": " Please ask in "
              },
              {
                "type": "channel",
                "channel_id": "C03TEQQS9NF"
              }
            ]
          }
        ]
      }
    ],
    "team": "T03U4J8HMUG",
    "user_team": "T03U4J8HMUG",
    "source_team": "T03U4J8HMUG",
    "user_profile": {
      "avatar_hash": "a49779ad093d",
      "image_72": "https://avatars.slack-edge.com/2022-08-22/3994045204528_a49779ad093d4fc39a87_72.jpg",
      "first_name": "Katherine",
      "real_name": "Katherine Foster",
      "display_name": "Katherine Foster",
      "team": "T03U4J8HMUG",
      "name": "Katherine",
      "is_restricted": false,
      "is_ultra_restricted": false
    }
  }
]