[
  {
    "client_msg_id": "10782cf5-19ce-4c0e-bb32-27eed9289ec5",
    "type": "message",
    "text": "A THOUGHT FOR TODAY:\nThere are conditions of blindness so voluntary that they become complicity. -Paul Bourget, novelist (2 Sep 1852-1935)",
    "user": "U03U93GNNVB",
    "ts": "1662100692.242049",
    "blocks": [
      {
        "type": "rich_text",
        "block_id": "4le1",
        "elements": [
          {
            "type": "rich_text_section",
            "elements": [
              {
                "type": "text",
                "text": "A THOUGHT FOR TODAY:\nThere are conditions of blindness so voluntary that they become complicity. -Paul Bourget, novelist (2 Sep 1852-1935)"
              }
            ]
          }
        ]
      }
    ],
    "team": "T03U4J8HMUG",
    "user_team": "T03U4J8HMUG",
    "source_team": "T03U4J8HMUG",
    "user_profile": {
      "avatar_hash": "a49779ad093d",
      "image_72": "https://avatars.slack-edge.com/2022-08-22/3994045204528_a49779ad093d4fc39a87_72.jpg",
      "first_name": "Katherine",
      "real_name": "Katherine Foster",
      "display_name": "Katherine Foster",
      "team": "T03U4J8HMUG",
      "name": "Katherine",
      "is_restricted": false,
      "is_ultra_restricted": false
    },
    "thread_ts": "1662100692.242049",
    "reply_count": 1,
    "reply_users_count": 1,
    "latest_reply": "1662101284.167329",
    "reply_users": [
      "U03U93GNNVB"
    ],
    "replies": [
      {
        "user": "U03U93GNNVB",
        "ts": "1662101284.167329"
      }
    ],
    "is_locked": false,
    "subscribed": false,
    "reactions": [
      {
        "name": "raised_hands",
        "users": [
          "U03UVHCV6KB",
          "U03UG32J3PC",
          "U03UG569P7U",
          "U03UG0YHAUT"
        ],
        "count": 4
      }
    ]
  },
  {
    "client_msg_id": "5a9e6d2d-93f2-4de0-bc73-d00c934c8dae",
    "type": "message",
    "text": "like good food, good thoughts taste better the more you chew on them.",
    "user": "U03U93GNNVB",
    "ts": "1662101284.167329",
    "blocks": [
      {
        "type": "rich_text",
        "block_id": "mRr",
        "elements": [
          {
            "type": "rich_text_section",
            "elements": [
              {
                "type": "text",
                "text": "like good food, good thoughts taste better the more you chew on them."
              }
            ]
          }
        ]
      }
    ],
    "team": "T03U4J8HMUG",
    "user_team": "T03U4J8HMUG",
    "source_team": "T03U4J8HMUG",
    "user_profile": {
      "avatar_hash": "a49779ad093d",
      "image_72": "https://avatars.slack-edge.com/2022-08-22/3994045204528_a49779ad093d4fc39a87_72.jpg",
      "first_name": "Katherine",
      "real_name": "Katherine Foster",
      "display_name": "Katherine Foster",
      "team": "T03U4J8HMUG",
      "name": "Katherine",
      "is_restricted": false,
      "is_ultra_restricted": false
    },
    "thread_ts": "1662100692.242049",
    "parent_user_id": "U03U93GNNVB",
    "reactions": [
      {
        "name": "eyes",
        "users": [
          "U03UVHCV6KB"
        ],
        "count": 1
      },
      {
        "name": "raised_hands",
        "users": [
          "U03UVHCV6KB"
        ],
        "count": 1
      }
    ]
  }
]