[
  {
    "client_msg_id": "eac13735-4ef7-46c0-88fb-3b09691e2103",
    "type": "message",
    "text": "struggling with that",
    "user": "U03UH397319",
    "ts": "1668249288.668229",
    "blocks": [
      {
        "type": "rich_text",
        "block_id": "+FPOo",
        "elements": [
          {
            "type": "rich_text_section",
            "elements": [
              {
                "type": "text",
                "text": "struggling with that"
              }
            ]
          }
        ]
      }
    ],
    "team": "T03U4J8HMUG",
    "user_team": "T03U4J8HMUG",
    "source_team": "T03U4J8HMUG",
    "user_profile": {
      "avatar_hash": "gc7c2fbea497",
      "image_72": "https://secure.gravatar.com/avatar/c7c2fbea4976d191e3ad19004e067c11.jpg?s=72&d=https%3A%2F%2Fa.slack-edge.com%2Fdf10d%2Fimg%2Favatars%2Fava_0014-72.png",
      "first_name": "Brenda",
      "real_name": "Brenda Hernandez",
      "display_name": "Brenda Hernandez",
      "team": "T03U4J8HMUG",
      "name": "Brenda",
      "is_restricted": false,
      "is_ultra_restricted": false
    },
    "thread_ts": "1668238822.775769",
    "parent_user_id": "U03V6HMRPGQ"
  }
]