[
  {
    "client_msg_id": "8e10b21e-80e8-4dc8-ba3f-ce0ebf34dfc1",
    "type": "message",
    "text": "<https://towardsdatascience.com/introduction-to-causality-in-machine-learning-4cee9467f06f>",
    "user": "U03UG1Z21JP",
    "ts": "1668148124.724559",
    "blocks": [
      {
        "type": "rich_text",
        "block_id": "k3us",
        "elements": [
          {
            "type": "rich_text_section",
            "elements": [
              {
                "type": "link",
                "url": "https://towardsdatascience.com/introduction-to-causality-in-machine-learning-4cee9467f06f"
              }
            ]
          }
        ]
      }
    ],
    "team": "T03U4J8HMUG",
    "user_team": "T03U4J8HMUG",
    "source_team": "T03U4J8HMUG",
    "user_profile": {
      "avatar_hash": "a1d3d501dd5d",
      "image_72": "https://avatars.slack-edge.com/2022-08-20/3961568205638_a1d3d501dd5d3f7ebea3_72.jpg",
      "first_name": "Jennifer",
      "real_name": "Jennifer Foley",
      "display_name": "Jennifer Foley",
      "team": "T03U4J8HMUG",
      "name": "Jennifer",
      "is_restricted": false,
      "is_ultra_restricted": false
    },
    "attachments": [
      {
        "from_url": "https://towardsdatascience.com/introduction-to-causality-in-machine-learning-4cee9467f06f",
        "ts": 1594262689,
        "image_url": "https://miro.medium.com/max/1200/1*4mriRfYOCQhokOEsX0Cc4Q.jpeg",
        "image_width": 375,
        "image_height": 250,
        "image_bytes": 222582,
        "service_icon": "https://miro.medium.com/fit/c/152/152/1*sHhtYhaCe2Uc3IU0IgKwIQ.png",
        "id": 1,
        "original_url": "https://towardsdatascience.com/introduction-to-causality-in-machine-learning-4cee9467f06f",
        "fallback": "Medium: Introduction to Causality in Machine Learning",
        "text": "Why we need causality in Machine Learning (From a business perspective)",
        "title": "Introduction to Causality in Machine Learning",
        "title_link": "https://towardsdatascience.com/introduction-to-causality-in-machine-learning-4cee9467f06f",
        "service_name": "Medium",
        "fields": [
          {
            "value": "8 min read",
            "title": "Reading time",
            "short": true
          }
        ]
      }
    ],
    "thread_ts": "1668148124.724559",
    "reply_count": 1,
    "reply_users_count": 1,
    "latest_reply": "1668148779.895049",
    "reply_users": [
      "U03UHB8CXDY"
    ],
    "replies": [
      {
        "user": "U03UHB8CXDY",
        "ts": "1668148779.895049"
      }
    ],
    "is_locked": false,
    "subscribed": false
  },
  {
    "client_msg_id": "3C8073D8-A065-4BF9-BA5C-7ED37E70D40C",
    "type": "message",
    "text": ":raised_hands: ",
    "user": "U03UHB8CXDY",
    "ts": "1668148779.895049",
    "blocks": [
      {
        "type": "rich_text",
        "block_id": "32=kw",
        "elements": [
          {
            "type": "rich_text_section",
            "elements": [
              {
                "type": "emoji",
                "name": "raised_hands",
                "unicode": "1f64c"
              },
              {
                "type": "text",
                "text": " "
              }
            ]
          }
        ]
      }
    ],
    "team": "T03U4J8HMUG",
    "user_team": "T03U4J8HMUG",
    "source_team": "T03U4J8HMUG",
    "user_profile": {
      "avatar_hash": "374fee609510",
      "image_72": "https://avatars.slack-edge.com/2022-09-30/4159182498980_374fee609510e6ff1526_72.jpg",
      "first_name": "Yvonne",
      "real_name": "Yvonne Gonzalez",
      "display_name": "Yvonne Gonzalez",
      "team": "T03U4J8HMUG",
      "name": "Yvonne",
      "is_restricted": false,
      "is_ultra_restricted": false
    },
    "thread_ts": "1668148124.724559",
    "parent_user_id": "U03UG1Z21JP",
    "reactions": [
      {
        "name": "grinning",
        "users": [
          "U03UG1Z21JP"
        ],
        "count": 1
      }
    ]
  },
  {
    "client_msg_id": "9fb725ab-ff19-46a2-bdb8-a0129c0c5bf7",
    "type": "message",
    "text": "<https://towardsdatascience.com/implementing-causal-inference-a-key-step-towards-agi-de2cde8ea599#:~:text=DoWhy%20breaks%20down%20causal%20inference,identify%2C%20estimate%2C%20and%20refute>.",
    "user": "U03UG1Z21JP",
    "ts": "1668151079.833559",
    "blocks": [
      {
        "type": "rich_text",
        "block_id": "BudV",
        "elements": [
          {
            "type": "rich_text_section",
            "elements": [
              {
                "type": "link",
                "url": "https://towardsdatascience.com/implementing-causal-inference-a-key-step-towards-agi-de2cde8ea599#:~:text=DoWhy%20breaks%20down%20causal%20inference,identify%2C%20estimate%2C%20and%20refute"
              },
              {
                "type": "text",
                "text": "."
              }
            ]
          }
        ]
      }
    ],
    "team": "T03U4J8HMUG",
    "user_team": "T03U4J8HMUG",
    "source_team": "T03U4J8HMUG",
    "user_profile": {
      "avatar_hash": "a1d3d501dd5d",
      "image_72": "https://avatars.slack-edge.com/2022-08-20/3961568205638_a1d3d501dd5d3f7ebea3_72.jpg",
      "first_name": "Jennifer",
      "real_name": "Jennifer Foley",
      "display_name": "Jennifer Foley",
      "team": "T03U4J8HMUG",
      "name": "Jennifer",
      "is_restricted": false,
      "is_ultra_restricted": false
    },
    "attachments": [
      {
        "from_url": "https://towardsdatascience.com/implementing-causal-inference-a-key-step-towards-agi-de2cde8ea599#:~:text=DoWhy%20breaks%20down%20causal%20inference,identify%2C%20estimate%2C%20and%20refute",
        "ts": 1585584162,
        "image_url": "https://miro.medium.com/max/931/0*imKx-vuAN5Or6irz.jpg",
        "image_width": 238,
        "image_height": 250,
        "image_bytes": 105823,
        "service_icon": "https://miro.medium.com/fit/c/152/152/1*sHhtYhaCe2Uc3IU0IgKwIQ.png",
        "id": 1,
        "original_url": "https://towardsdatascience.com/implementing-causal-inference-a-key-step-towards-agi-de2cde8ea599#:~:text=DoWhy%20breaks%20down%20causal%20inference,identify%2C%20estimate%2C%20and%20refute",
        "fallback": "Medium: Implementing Causal Inference: Trying to Understand the Question of Why",
        "text": "A tutorial on Causal Inference with DoWhy",
        "title": "Implementing Causal Inference: Trying to Understand the Question of Why",
        "title_link": "https://towardsdatascience.com/implementing-causal-inference-a-key-step-towards-agi-de2cde8ea599#:~:text=DoWhy%20breaks%20down%20causal%20inference,identify%2C%20estimate%2C%20and%20refute",
        "service_name": "Medium",
        "fields": [
          {
            "value": "11 min read",
            "title": "Reading time",
            "short": true
          }
        ]
      }
    ]
  }
]