[
  {
    "client_msg_id": "76430974-41f5-4802-b5f8-9bf5b216386a",
    "type": "message",
    "text": "how could I use dvc to get data from drive to colabe notebook",
    "user": "U03V6HMRPGQ",
    "ts": "1668238822.775769",
    "blocks": [
      {
        "type": "rich_text",
        "block_id": "Fckg",
        "elements": [
          {
            "type": "rich_text_section",
            "elements": [
              {
                "type": "text",
                "text": "how could I use dvc to get data from drive to colabe notebook"
              }
            ]
          }
        ]
      }
    ],
    "team": "T03U4J8HMUG",
    "user_team": "T03U4J8HMUG",
    "source_team": "T03U4J8HMUG",
    "user_profile": {
      "avatar_hash": "23fcf5329c03",
      "image_72": "https://avatars.slack-edge.com/2022-08-22/3969139924917_23fcf5329c03131c761f_72.png",
      "first_name": "Cristian",
      "real_name": "Cristian Wilson",
      "display_name": "Cristian Wilson",
      "team": "T03U4J8HMUG",
      "name": "Cristian",
      "is_restricted": false,
      "is_ultra_restricted": false
    },
    "thread_ts": "1668238822.775769",
    "reply_count": 1,
    "reply_users_count": 1,
    "latest_reply": "1668249288.668229",
    "reply_users": [
      "U03UH397319"
    ],
    "replies": [
      {
        "user": "U03UH397319",
        "ts": "1668249288.668229"
      }
    ],
    "is_locked": false,
    "subscribed": false
  }
]