[
  {
    "client_msg_id": "11af2ce0-737e-4d7c-9811-9bf810c62cdd",
    "type": "message",
    "text": "<https://www.youtube.com/watch?v=6RiA_Qur2yo&amp;ab_channel=SeattleDataGuy>",
    "user": "U03UVHCV6KB",
    "ts": "1668751635.469589",
    "blocks": [
      {
        "type": "rich_text",
        "block_id": "eTv",
        "elements": [
          {
            "type": "rich_text_section",
            "elements": [
              {
                "type": "link",
                "url": "https://www.youtube.com/watch?v=6RiA_Qur2yo&ab_channel=SeattleDataGuy"
              }
            ]
          }
        ]
      }
    ],
    "team": "T03U4J8HMUG",
    "user_team": "T03U4J8HMUG",
    "source_team": "T03U4J8HMUG",
    "user_profile": {
      "avatar_hash": "gc9619121f99",
      "image_72": "https://secure.gravatar.com/avatar/c9619121f998ee4a7e46177f2a5729de.jpg?s=72&d=https%3A%2F%2Fa.slack-edge.com%2Fdf10d%2Fimg%2Favatars%2Fava_0002-72.png",
      "first_name": "Travis",
      "real_name": "Travis Butler",
      "display_name": "Travis Butler",
      "team": "T03U4J8HMUG",
      "name": "Travis",
      "is_restricted": false,
      "is_ultra_restricted": false
    },
    "attachments": [
      {
        "from_url": "https://www.youtube.com/watch?v=6RiA_Qur2yo&amp;ab_channel=SeattleDataGuy",
        "thumb_url": "https://i.ytimg.com/vi/6RiA_Qur2yo/hqdefault.jpg",
        "thumb_width": 480,
        "thumb_height": 360,
        "video_html": "<iframe width=\"400\" height=\"225\" src=\"https://www.youtube.com/embed/6RiA_Qur2yo?feature=oembed&autoplay=1&iv_load_policy=3\" frameborder=\"0\" allow=\"accelerometer; autoplay; clipboard-write; encrypted-media; gyroscope; picture-in-picture\" allowfullscreen title=\"Being A Data Engineer: Expectations vs Reality\"></iframe>",
        "video_html_width": 400,
        "video_html_height": 225,
        "service_icon": "https://a.slack-edge.com/80588/img/unfurl_icons/youtube.png",
        "id": 1,
        "original_url": "https://www.youtube.com/watch?v=6RiA_Qur2yo&amp;ab_channel=SeattleDataGuy",
        "fallback": "YouTube Video: Being A Data Engineer: Expectations vs Reality",
        "title": "Being A Data Engineer: Expectations vs Reality",
        "title_link": "https://www.youtube.com/watch?v=6RiA_Qur2yo&amp;ab_channel=SeattleDataGuy",
        "author_name": "Seattle Data Guy",
        "author_link": "https://www.youtube.com/@SeattleDataGuy",
        "service_name": "YouTube",
        "service_url": "https://www.youtube.com/"
      }
    ]
  }
]