[
  {
    "client_msg_id": "9b3ce56f-5782-48f6-8d9f-feca04504328",
    "type": "message",
    "text": "Welcome to week 2 everyone. Let's keep up the momentum :rocket:",
    "user": "U03TEPYRM2P",
    "ts": "1661756798.203129",
    "blocks": [
      {
        "type": "rich_text",
        "block_id": "jIt",
        "elements": [
          {
            "type": "rich_text_section",
            "elements": [
              {
                "type": "text",
                "text": "Welcome to week 2 everyone. Let's keep up the momentum "
              },
              {
                "type": "emoji",
                "name": "rocket",
                "unicode": "1f680"
              }
            ]
          }
        ]
      }
    ],
    "team": "T03U4J8HMUG",
    "user_team": "T03U4J8HMUG",
    "source_team": "T03U4J8HMUG",
    "user_profile": {
      "avatar_hash": "f113df20f89c",
      "image_72": "https://avatars.slack-edge.com/2022-08-23/3977820714178_f113df20f89c894062b4_72.jpg",
      "first_name": "Garrett",
      "real_name": "Garrett Bell",
      "display_name": "Garrett Bell",
      "team": "T03U4J8HMUG",
      "name": "Garrett",
      "is_restricted": false,
      "is_ultra_restricted": false
    },
    "reactions": [
      {
        "name": "heart",
        "users": [
          "U03UFV7HFNF",
          "U03U1HAG9TR",
          "U03UG1RTXAP",
          "U03UJN29Y4C",
          "U03UD4FEDHB",
          "U03UG0YHAUT",
          "U03UG569P7U"
        ],
        "count": 7
      },
      {
        "name": "raised_hands",
        "users": [
          "U03UJGP0C68",
          "U03UG0YHAUT",
          "U03U9EJR362",
          "U03UD68RQH3",
          "U03UG4Q7V42"
        ],
        "count": 5
      },
      {
        "name": "boom",
        "users": [
          "U03V1AM5TFA"
        ],
        "count": 1
      }
    ]
  },
  {
    "client_msg_id": "d9e05099-1579-4d42-aed3-9bd588b788e9",
    "type": "message",
    "text": "Hello everyone I  faced  a connection problem for the last two days I tried also enter the standup",
    "user": "U03UG5VFN03",
    "ts": "1661761620.768909",
    "blocks": [
      {
        "type": "rich_text",
        "block_id": "Flg",
        "elements": [
          {
            "type": "rich_text_section",
            "elements": [
              {
                "type": "text",
                "text": "Hello everyone I  faced  a connection problem for the last two days I tried also enter the standup"
              }
            ]
          }
        ]
      }
    ],
    "team": "T03U4J8HMUG",
    "user_team": "T03U4J8HMUG",
    "source_team": "T03U4J8HMUG",
    "user_profile": {
      "avatar_hash": "1eec51b41e1b",
      "image_72": "https://avatars.slack-edge.com/2022-08-20/3980936144801_1eec51b41e1b370500be_72.png",
      "first_name": "Nancy",
      "real_name": "Nancy Craig",
      "display_name": "Nancy Craig",
      "team": "T03U4J8HMUG",
      "name": "Nancy",
      "is_restricted": false,
      "is_ultra_restricted": false
    }
  },
  {
    "client_msg_id": "2056c1cc-032c-413b-b45f-bce4e0702a6c",
    "type": "message",
    "text": "the internet connection is so weak I  hope it will  be better",
    "user": "U03UG5VFN03",
    "ts": "1661761718.447639",
    "blocks": [
      {
        "type": "rich_text",
        "block_id": "oqv",
        "elements": [
          {
            "type": "rich_text_section",
            "elements": [
              {
                "type": "text",
                "text": "the internet connection is so weak I  hope it will  be better"
              }
            ]
          }
        ]
      }
    ],
    "team": "T03U4J8HMUG",
    "user_team": "T03U4J8HMUG",
    "source_team": "T03U4J8HMUG",
    "user_profile": {
      "avatar_hash": "1eec51b41e1b",
      "image_72": "https://avatars.slack-edge.com/2022-08-20/3980936144801_1eec51b41e1b370500be_72.png",
      "first_name": "Nancy",
      "real_name": "Nancy Craig",
      "display_name": "Nancy Craig",
      "team": "T03U4J8HMUG",
      "name": "Nancy",
      "is_restricted": false,
      "is_ultra_restricted": false
    },
    "thread_ts": "1661761718.447639",
    "reply_count": 1,
    "reply_users_count": 1,
    "latest_reply": "1661761948.495639",
    "reply_users": [
      "U03V1AM5TFA"
    ],
    "replies": [
      {
        "user": "U03V1AM5TFA",
        "ts": "1661761948.495639"
      }
    ],
    "is_locked": false,
    "subscribed": false
  },
  {
    "client_msg_id": "9b4cdfe6-a135-40e1-8f3f-9b3375e11f61",
    "type": "message",
    "text": "Sorry for that, please keep trying",
    "user": "U03V1AM5TFA",
    "ts": "1661761948.495639",
    "blocks": [
      {
        "type": "rich_text",
        "block_id": "FZC",
        "elements": [
          {
            "type": "rich_text_section",
            "elements": [
              {
                "type": "text",
                "text": "Sorry for that, please keep trying"
              }
            ]
          }
        ]
      }
    ],
    "team": "T03U4J8HMUG",
    "user_team": "T03U4J8HMUG",
    "source_team": "T03U4J8HMUG",
    "user_profile": {
      "avatar_hash": "102fdd0c183f",
      "image_72": "https://avatars.slack-edge.com/2022-08-19/3963732043714_102fdd0c183f8d6d4215_72.png",
      "first_name": "Vanessa",
      "real_name": "Vanessa Norman",
      "display_name": "Vanessa Norman",
      "team": "T03U4J8HMUG",
      "name": "Vanessa",
      "is_restricted": false,
      "is_ultra_restricted": false
    },
    "thread_ts": "1661761718.447639",
    "parent_user_id": "U03UG5VFN03"
  },
  {
    "client_msg_id": "522a8323-9eff-4347-81a0-3f429149bd6a",
    "type": "message",
    "text": "I will do that sorry  I miss today standup hope",
    "user": "U03UG5VFN03",
    "ts": "1661763056.847589",
    "blocks": [
      {
        "type": "rich_text",
        "block_id": "Vd5",
        "elements": [
          {
            "type": "rich_text_section",
            "elements": [
              {
                "type": "text",
                "text": "I will do that sorry  I miss today standup hope"
              }
            ]
          }
        ]
      }
    ],
    "team": "T03U4J8HMUG",
    "user_team": "T03U4J8HMUG",
    "source_team": "T03U4J8HMUG",
    "user_profile": {
      "avatar_hash": "1eec51b41e1b",
      "image_72": "https://avatars.slack-edge.com/2022-08-20/3980936144801_1eec51b41e1b370500be_72.png",
      "first_name": "Nancy",
      "real_name": "Nancy Craig",
      "display_name": "Nancy Craig",
      "team": "T03U4J8HMUG",
      "name": "Nancy",
      "is_restricted": false,
      "is_ultra_restricted": false
    }
  },
  {
    "client_msg_id": "004e8b28-3d5f-4162-ba61-5afbfa07826d",
    "type": "message",
    "text": "better",
    "user": "U03UG5VFN03",
    "ts": "1661763112.510349",
    "blocks": [
      {
        "type": "rich_text",
        "block_id": "lGD",
        "elements": [
          {
            "type": "rich_text_section",
            "elements": [
              {
                "type": "text",
                "text": "better"
              }
            ]
          }
        ]
      }
    ],
    "team": "T03U4J8HMUG",
    "user_team": "T03U4J8HMUG",
    "source_team": "T03U4J8HMUG",
    "user_profile": {
      "avatar_hash": "1eec51b41e1b",
      "image_72": "https://avatars.slack-edge.com/2022-08-20/3980936144801_1eec51b41e1b370500be_72.png",
      "first_name": "Nancy",
      "real_name": "Nancy Craig",
      "display_name": "Nancy Craig",
      "team": "T03U4J8HMUG",
      "name": "Nancy",
      "is_restricted": false,
      "is_ultra_restricted": false
    }
  },
  {
    "client_msg_id": "d3f57788-4740-4dee-a3c5-6b72212c4574",
    "type": "message",
    "text": "<https://10academy.notion.site/fbb7cd301a7948b698d9953fdeeb414d?v=88c78bae0a42459f8ba07339b44d512b> Can you make this notion page so that we can duplicate it. <@U03V1AM5TFA> <@U03TEPYRM2P>",
    "user": "U03UD68RQH3",
    "ts": "1661764062.292129",
    "blocks": [
      {
        "type": "rich_text",
        "block_id": "1m4Mn",
        "elements": [
          {
            "type": "rich_text_section",
            "elements": [
              {
                "type": "link",
                "url": "https://10academy.notion.site/fbb7cd301a7948b698d9953fdeeb414d?v=88c78bae0a42459f8ba07339b44d512b"
              },
              {
                "type": "text",
                "text": " Can you make this notion page so that we can duplicate it. "
              },
              {
                "type": "user",
                "user_id": "U03V1AM5TFA"
              },
              {
                "type": "text",
                "text": " "
              },
              {
                "type": "user",
                "user_id": "U03TEPYRM2P"
              }
            ]
          }
        ]
      }
    ],
    "team": "T03U4J8HMUG",
    "user_team": "T03U4J8HMUG",
    "source_team": "T03U4J8HMUG",
    "user_profile": {
      "avatar_hash": "20cf1bb98890",
      "image_72": "https://avatars.slack-edge.com/2022-09-19/4112933864561_20cf1bb98890146c716f_72.png",
      "first_name": "Brady",
      "real_name": "Brady Rhodes",
      "display_name": "Brady Rhodes",
      "team": "T03U4J8HMUG",
      "name": "Brady",
      "is_restricted": false,
      "is_ultra_restricted": false
    },
    "attachments": [
      {
        "from_url": "https://10academy.notion.site/fbb7cd301a7948b698d9953fdeeb414d?v=88c78bae0a42459f8ba07339b44d512b",
        "image_url": "https://10academy.notion.site/image/https%3A%2F%2F10academy.notion.site%2Fimages%2Fpage-cover%2Fnasa_earth_grid.jpg?table=collection&id=287b88cb-cfdc-4ce2-ae09-36fc4117d5ea&spaceId=106c421d-e3c3-4f2d-a11e-44e044358d74&width=2000&userId=&cache=v2",
        "image_width": 376,
        "image_height": 250,
        "image_bytes": 171698,
        "service_icon": "https://10academy.notion.site/images/favicon.ico",
        "id": 1,
        "original_url": "https://10academy.notion.site/fbb7cd301a7948b698d9953fdeeb414d?v=88c78bae0a42459f8ba07339b44d512b",
        "fallback": "10 Academy on Notion: 10 Academy - Batch 6 - Week 2 - Schedule",
        "text": "A new tool for teams &amp; individuals that blends everyday work apps into one.",
        "title": "10 Academy - Batch 6 - Week 2 - Schedule",
        "title_link": "https://10academy.notion.site/fbb7cd301a7948b698d9953fdeeb414d?v=88c78bae0a42459f8ba07339b44d512b",
        "service_name": "10 Academy on Notion"
      }
    ],
    "thread_ts": "1661764062.292129",
    "reply_count": 3,
    "reply_users_count": 2,
    "latest_reply": "1661766489.767639",
    "reply_users": [
      "U03TEPYRM2P",
      "U03UD68RQH3"
    ],
    "replies": [
      {
        "user": "U03TEPYRM2P",
        "ts": "1661764758.247299"
      },
      {
        "user": "U03UD68RQH3",
        "ts": "1661764828.272079"
      },
      {
        "user": "U03TEPYRM2P",
        "ts": "1661766489.767639"
      }
    ],
    "is_locked": false,
    "subscribed": true,
    "last_read": "1661766489.767639"
  },
  {
    "client_msg_id": "ed469eaf-3764-4bdd-b249-7cc7fcae29db",
    "type": "message",
    "text": "You can only view the page <@U03UD68RQH3>",
    "user": "U03TEPYRM2P",
    "ts": "1661764758.247299",
    "blocks": [
      {
        "type": "rich_text",
        "block_id": "hPA",
        "elements": [
          {
            "type": "rich_text_section",
            "elements": [
              {
                "type": "text",
                "text": "You can only view the page "
              },
              {
                "type": "user",
                "user_id": "U03UD68RQH3"
              }
            ]
          }
        ]
      }
    ],
    "team": "T03U4J8HMUG",
    "user_team": "T03U4J8HMUG",
    "source_team": "T03U4J8HMUG",
    "user_profile": {
      "avatar_hash": "f113df20f89c",
      "image_72": "https://avatars.slack-edge.com/2022-08-23/3977820714178_f113df20f89c894062b4_72.jpg",
      "first_name": "Garrett",
      "real_name": "Garrett Bell",
      "display_name": "Garrett Bell",
      "team": "T03U4J8HMUG",
      "name": "Garrett",
      "is_restricted": false,
      "is_ultra_restricted": false
    },
    "thread_ts": "1661764062.292129",
    "parent_user_id": "U03UD68RQH3"
  },
  {
    "client_msg_id": "d506327f-d5be-495f-8f4a-7a4444bca026",
    "type": "message",
    "text": "I'm hoping if you can make it duplicatable... so that we can duplicate it to our notion",
    "user": "U03UD68RQH3",
    "ts": "1661764828.272079",
    "blocks": [
      {
        "type": "rich_text",
        "block_id": "BMU=",
        "elements": [
          {
            "type": "rich_text_section",
            "elements": [
              {
                "type": "text",
                "text": "I'm hoping if you can make it duplicatable... so that we can duplicate it to our notion"
              }
            ]
          }
        ]
      }
    ],
    "team": "T03U4J8HMUG",
    "user_team": "T03U4J8HMUG",
    "source_team": "T03U4J8HMUG",
    "user_profile": {
      "avatar_hash": "20cf1bb98890",
      "image_72": "https://avatars.slack-edge.com/2022-09-19/4112933864561_20cf1bb98890146c716f_72.png",
      "first_name": "Brady",
      "real_name": "Brady Rhodes",
      "display_name": "Brady Rhodes",
      "team": "T03U4J8HMUG",
      "name": "Brady",
      "is_restricted": false,
      "is_ultra_restricted": false
    },
    "thread_ts": "1661764062.292129",
    "parent_user_id": "U03UD68RQH3"
  },
  {
    "client_msg_id": "849e114e-4983-48e2-95fa-798eda81b11b",
    "type": "message",
    "text": "<https://docs.github.com/en/organizations/collaborating-with-groups-in-organizations/creating-a-new-organization-from-scratch>",
    "user": "U03UVHCV6KB",
    "ts": "1661766342.618929",
    "blocks": [
      {
        "type": "rich_text",
        "block_id": "1On",
        "elements": [
          {
            "type": "rich_text_section",
            "elements": [
              {
                "type": "link",
                "url": "https://docs.github.com/en/organizations/collaborating-with-groups-in-organizations/creating-a-new-organization-from-scratch"
              }
            ]
          }
        ]
      }
    ],
    "team": "T03U4J8HMUG",
    "user_team": "T03U4J8HMUG",
    "source_team": "T03U4J8HMUG",
    "user_profile": {
      "avatar_hash": "gc9619121f99",
      "image_72": "https://secure.gravatar.com/avatar/c9619121f998ee4a7e46177f2a5729de.jpg?s=72&d=https%3A%2F%2Fa.slack-edge.com%2Fdf10d%2Fimg%2Favatars%2Fava_0002-72.png",
      "first_name": "Travis",
      "real_name": "Travis Butler",
      "display_name": "Travis Butler",
      "team": "T03U4J8HMUG",
      "name": "Travis",
      "is_restricted": false,
      "is_ultra_restricted": false
    }
  },
  {
    "client_msg_id": "588e6f65-8f0f-41d2-95f4-a33d53660a48",
    "type": "message",
    "text": "creating git hub organization",
    "user": "U03UVHCV6KB",
    "ts": "1661766374.318779",
    "blocks": [
      {
        "type": "rich_text",
        "block_id": "lm5p7",
        "elements": [
          {
            "type": "rich_text_section",
            "elements": [
              {
                "type": "text",
                "text": "creating git hub organization"
              }
            ]
          }
        ]
      }
    ],
    "team": "T03U4J8HMUG",
    "user_team": "T03U4J8HMUG",
    "source_team": "T03U4J8HMUG",
    "user_profile": {
      "avatar_hash": "gc9619121f99",
      "image_72": "https://secure.gravatar.com/avatar/c9619121f998ee4a7e46177f2a5729de.jpg?s=72&d=https%3A%2F%2Fa.slack-edge.com%2Fdf10d%2Fimg%2Favatars%2Fava_0002-72.png",
      "first_name": "Travis",
      "real_name": "Travis Butler",
      "display_name": "Travis Butler",
      "team": "T03U4J8HMUG",
      "name": "Travis",
      "is_restricted": false,
      "is_ultra_restricted": false
    }
  },
  {
    "client_msg_id": "94ccd746-3adf-4b50-89d8-84118d52653f",
    "type": "message",
    "text": "That is the only access we can grant trainees. we are sorry about that.",
    "user": "U03TEPYRM2P",
    "ts": "1661766489.767639",
    "blocks": [
      {
        "type": "rich_text",
        "block_id": "mMZ",
        "elements": [
          {
            "type": "rich_text_section",
            "elements": [
              {
                "type": "text",
                "text": "That is the only access we can grant trainees. we are sorry about that."
              }
            ]
          }
        ]
      }
    ],
    "team": "T03U4J8HMUG",
    "user_team": "T03U4J8HMUG",
    "source_team": "T03U4J8HMUG",
    "user_profile": {
      "avatar_hash": "f113df20f89c",
      "image_72": "https://avatars.slack-edge.com/2022-08-23/3977820714178_f113df20f89c894062b4_72.jpg",
      "first_name": "Garrett",
      "real_name": "Garrett Bell",
      "display_name": "Garrett Bell",
      "team": "T03U4J8HMUG",
      "name": "Garrett",
      "is_restricted": false,
      "is_ultra_restricted": false
    },
    "thread_ts": "1661764062.292129",
    "parent_user_id": "U03UD68RQH3"
  },
  {
    "client_msg_id": "23fb5d4b-38cf-430b-bf19-21f99a78e567",
    "type": "message",
    "text": "It may helpful for understanding about A/B testing...\n<https://www.kameleoon.com/en/ab-testing>",
    "user": "U03UD4FEDHB",
    "ts": "1661779290.422849",
    "blocks": [
      {
        "type": "rich_text",
        "block_id": "35E",
        "elements": [
          {
            "type": "rich_text_section",
            "elements": [
              {
                "type": "text",
                "text": "It may helpful for understanding about A/B testing...\n"
              },
              {
                "type": "link",
                "url": "https://www.kameleoon.com/en/ab-testing"
              }
            ]
          }
        ]
      }
    ],
    "team": "T03U4J8HMUG",
    "user_team": "T03U4J8HMUG",
    "source_team": "T03U4J8HMUG",
    "user_profile": {
      "avatar_hash": "g48fef055f8a",
      "image_72": "https://secure.gravatar.com/avatar/48fef055f8a8b8a4c0bcfefbf5e3eec3.jpg?s=72&d=https%3A%2F%2Fa.slack-edge.com%2Fdf10d%2Fimg%2Favatars%2Fava_0025-72.png",
      "first_name": "Michael",
      "real_name": "Michael Gonzalez",
      "display_name": "Michael Gonzalez",
      "team": "T03U4J8HMUG",
      "name": "Michael",
      "is_restricted": false,
      "is_ultra_restricted": false
    },
    "attachments": [
      {
        "from_url": "https://www.kameleoon.com/en/ab-testing",
        "thumb_url": "https://www.kameleoon.com/sites/default/files/2019-11/49a50950-2c94-4f1f-b80c-b121ded9f300.png",
        "thumb_width": 1200,
        "thumb_height": 630,
        "service_icon": "https://www.kameleoon.com/themes/custom/kameleoon/favicon.png",
        "id": 1,
        "original_url": "https://www.kameleoon.com/en/ab-testing",
        "fallback": "Kameleoon: What is A/B testing? | Kameleoon",
        "text": "What is A/B Testing and what are its benefits? Read this guide to adopt and put in place the right experimentation strategy to attain your business objectives.",
        "title": "What is A/B testing? | Kameleoon",
        "title_link": "https://www.kameleoon.com/en/ab-testing",
        "service_name": "Kameleoon"
      }
    ]
  },
  {
    "client_msg_id": "3248b7da-fda8-48c8-bf55-ac67c0311cb0",
    "type": "message",
    "text": "<https://www.kaggle.com/code/tammyrotem/ab-tests-with-python>",
    "user": "U03U9DB7REG",
    "ts": "1661782721.682789",
    "blocks": [
      {
        "type": "rich_text",
        "block_id": "yA1",
        "elements": [
          {
            "type": "rich_text_section",
            "elements": [
              {
                "type": "link",
                "url": "https://www.kaggle.com/code/tammyrotem/ab-tests-with-python"
              }
            ]
          }
        ]
      }
    ],
    "team": "T03U4J8HMUG",
    "user_team": "T03U4J8HMUG",
    "source_team": "T03U4J8HMUG",
    "user_profile": {
      "avatar_hash": "10b2063307e9",
      "image_72": "https://avatars.slack-edge.com/2022-08-18/3958997027442_10b2063307e91bfe2157_72.png",
      "first_name": "John",
      "real_name": "John Romero",
      "display_name": "John Romero",
      "team": "T03U4J8HMUG",
      "name": "John",
      "is_restricted": false,
      "is_ultra_restricted": false
    },
    "attachments": [
      {
        "from_url": "https://www.kaggle.com/code/tammyrotem/ab-tests-with-python",
        "thumb_url": "https://storage.googleapis.com/kaggle-avatars/thumbnails/1369930-kg.jpg",
        "thumb_width": 100,
        "thumb_height": 100,
        "service_icon": "https://www.kaggle.com/favicon.ico",
        "id": 1,
        "original_url": "https://www.kaggle.com/code/tammyrotem/ab-tests-with-python",
        "fallback": "AB_Tests_with_Python",
        "text": "Explore and run machine learning code with Kaggle Notebooks | Using data from multiple data sources",
        "title": "AB_Tests_with_Python",
        "title_link": "https://www.kaggle.com/code/tammyrotem/ab-tests-with-python",
        "service_name": "kaggle.com"
      }
    ],
    "thread_ts": "1661782721.682789",
    "reply_count": 1,
    "reply_users_count": 1,
    "latest_reply": "1661799839.942859",
    "reply_users": [
      "U03UVHCV6KB"
    ],
    "replies": [
      {
        "user": "U03UVHCV6KB",
        "ts": "1661799839.942859"
      }
    ],
    "is_locked": false,
    "subscribed": false,
    "reactions": [
      {
        "name": "white_check_mark",
        "users": [
          "U03UG1Z21JP",
          "U03UG4Q7V42",
          "U03U1HAG9TR"
        ],
        "count": 3
      },
      {
        "name": "raised_hands",
        "users": [
          "U03UVHCV6KB",
          "U03UG0YHAUT"
        ],
        "count": 2
      }
    ]
  },
  {
    "client_msg_id": "95e892b2-52e1-48a0-8b29-71f5914a043e",
    "type": "message",
    "text": "this is a very nice and detailed guide. Thanks <@U03U9DB7REG>",
    "user": "U03UVHCV6KB",
    "ts": "1661799839.942859",
    "blocks": [
      {
        "type": "rich_text",
        "block_id": "TDv",
        "elements": [
          {
            "type": "rich_text_section",
            "elements": [
              {
                "type": "text",
                "text": "this is a very nice and detailed guide. Thanks "
              },
              {
                "type": "user",
                "user_id": "U03U9DB7REG"
              }
            ]
          }
        ]
      }
    ],
    "team": "T03U4J8HMUG",
    "user_team": "T03U4J8HMUG",
    "source_team": "T03U4J8HMUG",
    "user_profile": {
      "avatar_hash": "gc9619121f99",
      "image_72": "https://secure.gravatar.com/avatar/c9619121f998ee4a7e46177f2a5729de.jpg?s=72&d=https%3A%2F%2Fa.slack-edge.com%2Fdf10d%2Fimg%2Favatars%2Fava_0002-72.png",
      "first_name": "Travis",
      "real_name": "Travis Butler",
      "display_name": "Travis Butler",
      "team": "T03U4J8HMUG",
      "name": "Travis",
      "is_restricted": false,
      "is_ultra_restricted": false
    },
    "thread_ts": "1661782721.682789",
    "parent_user_id": "U03U9DB7REG"
  },
  {
    "client_msg_id": "fa150733-769a-45eb-8416-c2e31461f784",
    "type": "message",
    "text": "Hello everybody, I was on and off due to connection and light issues. Can someone explain what I was missing yesterday?",
    "user": "U03UUMR26Q1",
    "ts": "1661833976.862829",
    "blocks": [
      {
        "type": "rich_text",
        "block_id": "6y2o",
        "elements": [
          {
            "type": "rich_text_section",
            "elements": [
              {
                "type": "text",
                "text": "Hello everybody, I was on and off due to connection and light issues. Can someone explain what I was missing yesterday?"
              }
            ]
          }
        ]
      }
    ],
    "team": "T03U4J8HMUG",
    "user_team": "T03U4J8HMUG",
    "source_team": "T03U4J8HMUG",
    "user_profile": {
      "avatar_hash": "706054da5590",
      "image_72": "https://avatars.slack-edge.com/2022-09-02/4051525321520_706054da55906fd18009_72.jpg",
      "first_name": "Samuel",
      "real_name": "Samuel King",
      "display_name": "Samuel King",
      "team": "T03U4J8HMUG",
      "name": "Samuel",
      "is_restricted": false,
      "is_ultra_restricted": false
    },
    "thread_ts": "1661833976.862829",
    "reply_count": 5,
    "reply_users_count": 2,
    "latest_reply": "1661836798.312349",
    "reply_users": [
      "U03UD68RQH3",
      "U03UUMR26Q1"
    ],
    "replies": [
      {
        "user": "U03UD68RQH3",
        "ts": "1661836400.755129"
      },
      {
        "user": "U03UD68RQH3",
        "ts": "1661836434.037309"
      },
      {
        "user": "U03UD68RQH3",
        "ts": "1661836631.885229"
      },
      {
        "user": "U03UUMR26Q1",
        "ts": "1661836738.494829"
      },
      {
        "user": "U03UD68RQH3",
        "ts": "1661836798.312349"
      }
    ],
    "is_locked": false,
    "subscribed": false
  },
  {
    "client_msg_id": "872eb7b7-8b5f-4c2e-8fcf-ca2fd7f8cdd9",
    "type": "message",
    "text": "<https://10academybatch6.slack.com/archives/C03U4J8J4LQ/p1661781316123459>",
    "user": "U03UD68RQH3",
    "ts": "1661836400.755129",
    "blocks": [
      {
        "type": "rich_text",
        "block_id": "g4pM+",
        "elements": [
          {
            "type": "rich_text_section",
            "elements": [
              {
                "type": "link",
                "url": "https://10academybatch6.slack.com/archives/C03U4J8J4LQ/p1661781316123459"
              }
            ]
          }
        ]
      }
    ],
    "team": "T03U4J8HMUG",
    "user_team": "T03U4J8HMUG",
    "source_team": "T03U4J8HMUG",
    "user_profile": {
      "avatar_hash": "20cf1bb98890",
      "image_72": "https://avatars.slack-edge.com/2022-09-19/4112933864561_20cf1bb98890146c716f_72.png",
      "first_name": "Brady",
      "real_name": "Brady Rhodes",
      "display_name": "Brady Rhodes",
      "team": "T03U4J8HMUG",
      "name": "Brady",
      "is_restricted": false,
      "is_ultra_restricted": false
    },
    "attachments": [
      {
        "from_url": "https://10academybatch6.slack.com/archives/C03U4J8J4LQ/p1661781316123459",
        "ts": "1661781316.123459",
        "author_id": "U03TEPYRM2P",
        "channel_team": "T03U4J8HMUG",
        "channel_id": "C03U4J8J4LQ",
        "is_msg_unfurl": true,
        "message_blocks": [
          {
            "team": "T03U4J8HMUG",
            "channel": "C03U4J8J4LQ",
            "ts": "1661781316.123459",
            "message": {
              "blocks": [
                {
                  "type": "rich_text",
                  "block_id": "qSxtE",
                  "elements": [
                    {
                      "type": "rich_text_section",
                      "elements": [
                        {
                          "type": "text",
                          "text": "WEEK 2 DAY 1 YOUTUBE LINKS\nStandup : "
                        },
                        {
                          "type": "link",
                          "url": "https://youtu.be/XYU1AEYlEZ0"
                        },
                        {
                          "type": "text",
                          "text": "\n\nIntro to the challenge : "
                        },
                        {
                          "type": "link",
                          "url": "https://youtu.be/IuKjo1ftsg4"
                        }
                      ]
                    }
                  ]
                }
              ]
            }
          }
        ],
        "id": 1,
        "original_url": "https://10academybatch6.slack.com/archives/C03U4J8J4LQ/p1661781316123459",
        "fallback": "[August 29th, 2022 6:55 AM] asalawu: WEEK 2 DAY 1 YOUTUBE LINKS\nStandup : <https://youtu.be/XYU1AEYlEZ0>\n\nIntro to the challenge : <https://youtu.be/IuKjo1ftsg4>",
        "text": "WEEK 2 DAY 1 YOUTUBE LINKS\nStandup : <https://youtu.be/XYU1AEYlEZ0>\n\nIntro to the challenge : <https://youtu.be/IuKjo1ftsg4>",
        "author_name": "Abdullahi Salawu",
        "author_link": "https://10academybatch6.slack.com/team/U03TEPYRM2P",
        "author_icon": "https://avatars.slack-edge.com/2022-08-23/3977820714178_f113df20f89c894062b4_48.jpg",
        "author_subname": "Abdullahi Salawu",
        "mrkdwn_in": [
          "text"
        ],
        "footer": "Slack Conversation"
      }
    ],
    "thread_ts": "1661833976.862829",
    "parent_user_id": "U03UUMR26Q1"
  },
  {
    "client_msg_id": "d6822df9-bf02-4c25-b0fa-539066cfe4c8",
    "type": "message",
    "text": "<https://10academybatch6.slack.com/archives/C03U4J8J4LQ/p1661789589742529>",
    "user": "U03UD68RQH3",
    "ts": "1661836434.037309",
    "blocks": [
      {
        "type": "rich_text",
        "block_id": "jBsW/",
        "elements": [
          {
            "type": "rich_text_section",
            "elements": [
              {
                "type": "link",
                "url": "https://10academybatch6.slack.com/archives/C03U4J8J4LQ/p1661789589742529"
              }
            ]
          }
        ]
      }
    ],
    "team": "T03U4J8HMUG",
    "user_team": "T03U4J8HMUG",
    "source_team": "T03U4J8HMUG",
    "user_profile": {
      "avatar_hash": "20cf1bb98890",
      "image_72": "https://avatars.slack-edge.com/2022-09-19/4112933864561_20cf1bb98890146c716f_72.png",
      "first_name": "Brady",
      "real_name": "Brady Rhodes",
      "display_name": "Brady Rhodes",
      "team": "T03U4J8HMUG",
      "name": "Brady",
      "is_restricted": false,
      "is_ultra_restricted": false
    },
    "attachments": [
      {
        "from_url": "https://10academybatch6.slack.com/archives/C03U4J8J4LQ/p1661789589742529",
        "ts": "1661789589.742529",
        "author_id": "U03TEPYRM2P",
        "channel_team": "T03U4J8HMUG",
        "channel_id": "C03U4J8J4LQ",
        "is_msg_unfurl": true,
        "message_blocks": [
          {
            "team": "T03U4J8HMUG",
            "channel": "C03U4J8J4LQ",
            "ts": "1661789589.742529",
            "message": {
              "blocks": [
                {
                  "type": "rich_text",
                  "block_id": "R2v",
                  "elements": [
                    {
                      "type": "rich_text_section",
                      "elements": [
                        {
                          "type": "text",
                          "text": "Classical A/B testing : "
                        },
                        {
                          "type": "link",
                          "url": "https://youtu.be/rvEnKEwG9Xc"
                        }
                      ]
                    }
                  ]
                }
              ]
            }
          }
        ],
        "id": 1,
        "original_url": "https://10academybatch6.slack.com/archives/C03U4J8J4LQ/p1661789589742529",
        "fallback": "[August 29th, 2022 9:13 AM] asalawu: Classical A/B testing : <https://youtu.be/rvEnKEwG9Xc>",
        "text": "Classical A/B testing : <https://youtu.be/rvEnKEwG9Xc>",
        "author_name": "Abdullahi Salawu",
        "author_link": "https://10academybatch6.slack.com/team/U03TEPYRM2P",
        "author_icon": "https://avatars.slack-edge.com/2022-08-23/3977820714178_f113df20f89c894062b4_48.jpg",
        "author_subname": "Abdullahi Salawu",
        "mrkdwn_in": [
          "text"
        ],
        "footer": "Slack Conversation"
      }
    ],
    "thread_ts": "1661833976.862829",
    "parent_user_id": "U03UUMR26Q1"
  },
  {
    "client_msg_id": "f0cb6e88-adfd-4bde-818b-eff7e6e6a226",
    "type": "message",
    "text": "I hope u'll find everything you need to know :point_up: on the videos\nbut to wrap it up we've been introduced to the project we're gonna be working on for this week, and a tutorial by Narods on Classical A/B testing.",
    "user": "U03UD68RQH3",
    "ts": "1661836631.885229",
    "blocks": [
      {
        "type": "rich_text",
        "block_id": "Zq6Pt",
        "elements": [
          {
            "type": "rich_text_section",
            "elements": [
              {
                "type": "text",
                "text": "I hope u'll find everything you need to know "
              },
              {
                "type": "emoji",
                "name": "point_up",
                "unicode": "261d-fe0f"
              },
              {
                "type": "text",
                "text": " on the videos\nbut to wrap it up we've been introduced to the project we're gonna be working on for this week, and a tutorial by Narods on Classical A/B testing."
              }
            ]
          }
        ]
      }
    ],
    "team": "T03U4J8HMUG",
    "user_team": "T03U4J8HMUG",
    "source_team": "T03U4J8HMUG",
    "user_profile": {
      "avatar_hash": "20cf1bb98890",
      "image_72": "https://avatars.slack-edge.com/2022-09-19/4112933864561_20cf1bb98890146c716f_72.png",
      "first_name": "Brady",
      "real_name": "Brady Rhodes",
      "display_name": "Brady Rhodes",
      "team": "T03U4J8HMUG",
      "name": "Brady",
      "is_restricted": false,
      "is_ultra_restricted": false
    },
    "thread_ts": "1661833976.862829",
    "parent_user_id": "U03UUMR26Q1",
    "reactions": [
      {
        "name": "+1",
        "users": [
          "U03UUMR26Q1"
        ],
        "count": 1
      }
    ]
  },
  {
    "client_msg_id": "a10892b8-bd1f-49d8-b1d5-cf56ec10cbef",
    "type": "message",
    "text": "Thank You <@U03UD68RQH3> for your Information.",
    "user": "U03UUMR26Q1",
    "ts": "1661836738.494829",
    "blocks": [
      {
        "type": "rich_text",
        "block_id": "TTD2",
        "elements": [
          {
            "type": "rich_text_section",
            "elements": [
              {
                "type": "text",
                "text": "Thank You "
              },
              {
                "type": "user",
                "user_id": "U03UD68RQH3"
              },
              {
                "type": "text",
                "text": " for your Information."
              }
            ]
          }
        ]
      }
    ],
    "team": "T03U4J8HMUG",
    "user_team": "T03U4J8HMUG",
    "source_team": "T03U4J8HMUG",
    "user_profile": {
      "avatar_hash": "706054da5590",
      "image_72": "https://avatars.slack-edge.com/2022-09-02/4051525321520_706054da55906fd18009_72.jpg",
      "first_name": "Samuel",
      "real_name": "Samuel King",
      "display_name": "Samuel King",
      "team": "T03U4J8HMUG",
      "name": "Samuel",
      "is_restricted": false,
      "is_ultra_restricted": false
    },
    "thread_ts": "1661833976.862829",
    "parent_user_id": "U03UUMR26Q1"
  },
  {
    "client_msg_id": "1c0ca2bd-4880-41da-8000-7c6946d183fa",
    "type": "message",
    "text": "any time <@U03UUMR26Q1>",
    "user": "U03UD68RQH3",
    "ts": "1661836798.312349",
    "blocks": [
      {
        "type": "rich_text",
        "block_id": "rbT",
        "elements": [
          {
            "type": "rich_text_section",
            "elements": [
              {
                "type": "text",
                "text": "any time "
              },
              {
                "type": "user",
                "user_id": "U03UUMR26Q1"
              }
            ]
          }
        ]
      }
    ],
    "team": "T03U4J8HMUG",
    "user_team": "T03U4J8HMUG",
    "source_team": "T03U4J8HMUG",
    "user_profile": {
      "avatar_hash": "20cf1bb98890",
      "image_72": "https://avatars.slack-edge.com/2022-09-19/4112933864561_20cf1bb98890146c716f_72.png",
      "first_name": "Brady",
      "real_name": "Brady Rhodes",
      "display_name": "Brady Rhodes",
      "team": "T03U4J8HMUG",
      "name": "Brady",
      "is_restricted": false,
      "is_ultra_restricted": false
    },
    "thread_ts": "1661833976.862829",
    "parent_user_id": "U03UUMR26Q1",
    "reactions": [
      {
        "name": "+1",
        "users": [
          "U03UUMR26Q1"
        ],
        "count": 1
      }
    ]
  }
]