[
  {
    "client_msg_id": "cdad1a3d-a394-4fdc-88ae-4bcbd9594edf",
    "type": "message",
    "text": "remember these questions?",
    "user": "U03UVHCV6KB",
    "ts": "1666383314.640769",
    "blocks": [
      {
        "type": "rich_text",
        "block_id": "wBL",
        "elements": [
          {
            "type": "rich_text_section",
            "elements": [
              {
                "type": "text",
                "text": "remember these questions?"
              }
            ]
          }
        ]
      }
    ],
    "team": "T03U4J8HMUG",
    "user_team": "T03U4J8HMUG",
    "source_team": "T03U4J8HMUG",
    "user_profile": {
      "avatar_hash": "gc9619121f99",
      "image_72": "https://secure.gravatar.com/avatar/c9619121f998ee4a7e46177f2a5729de.jpg?s=72&d=https%3A%2F%2Fa.slack-edge.com%2Fdf10d%2Fimg%2Favatars%2Fava_0002-72.png",
      "first_name": "Travis",
      "real_name": "Travis Butler",
      "display_name": "Travis Butler",
      "team": "T03U4J8HMUG",
      "name": "Travis",
      "is_restricted": false,
      "is_ultra_restricted": false
    },
    "thread_ts": "1662219495.961429",
    "parent_user_id": "U03V6HMRPGQ",
    "reactions": [
      {
        "name": "joy",
        "users": [
          "U03V6HMRPGQ"
        ],
        "count": 1
      }
    ]
  },
  {
    "client_msg_id": "F72ACB55-1461-4AD5-BCAF-6996680B4E87",
    "type": "message",
    "text": "Yes I do ",
    "user": "U03V6HMRPGQ",
    "ts": "1666393976.704069",
    "blocks": [
      {
        "type": "rich_text",
        "block_id": "ExxwN",
        "elements": [
          {
            "type": "rich_text_section",
            "elements": [
              {
                "type": "text",
                "text": "Yes"
              },
              {
                "type": "text",
                "text": " "
              },
              {
                "type": "text",
                "text": "I"
              },
              {
                "type": "text",
                "text": " "
              },
              {
                "type": "text",
                "text": "do"
              },
              {
                "type": "text",
                "text": " "
              }
            ]
          }
        ]
      }
    ],
    "team": "T03U4J8HMUG",
    "user_team": "T03U4J8HMUG",
    "source_team": "T03U4J8HMUG",
    "user_profile": {
      "avatar_hash": "23fcf5329c03",
      "image_72": "https://avatars.slack-edge.com/2022-08-22/3969139924917_23fcf5329c03131c761f_72.png",
      "first_name": "Cristian",
      "real_name": "Cristian Wilson",
      "display_name": "Cristian Wilson",
      "team": "T03U4J8HMUG",
      "name": "Cristian",
      "is_restricted": false,
      "is_ultra_restricted": false
    },
    "thread_ts": "1662219495.961429",
    "parent_user_id": "U03V6HMRPGQ"
  },
  {
    "client_msg_id": "44C61FB5-3CDB-45E7-B5CC-96524539692E",
    "type": "message",
    "text": "I still face it but this time with more backup plans :joy:and i some how found a pattern ",
    "user": "U03V6HMRPGQ",
    "ts": "1666394048.902769",
    "blocks": [
      {
        "type": "rich_text",
        "block_id": "Ovg",
        "elements": [
          {
            "type": "rich_text_section",
            "elements": [
              {
                "type": "text",
                "text": "I"
              },
              {
                "type": "text",
                "text": " still "
              },
              {
                "type": "text",
                "text": "face"
              },
              {
                "type": "text",
                "text": " "
              },
              {
                "type": "text",
                "text": "it"
              },
              {
                "type": "text",
                "text": " "
              },
              {
                "type": "text",
                "text": "but"
              },
              {
                "type": "text",
                "text": " "
              },
              {
                "type": "text",
                "text": "this"
              },
              {
                "type": "text",
                "text": " "
              },
              {
                "type": "text",
                "text": "time"
              },
              {
                "type": "text",
                "text": " "
              },
              {
                "type": "text",
                "text": "with"
              },
              {
                "type": "text",
                "text": " "
              },
              {
                "type": "text",
                "text": "more"
              },
              {
                "type": "text",
                "text": " backup "
              },
              {
                "type": "text",
                "text": "plans"
              },
              {
                "type": "text",
                "text": " "
              },
              {
                "type": "emoji",
                "name": "joy",
                "unicode": "1f602"
              },
              {
                "type": "text",
                "text": "and"
              },
              {
                "type": "text",
                "text": " "
              },
              {
                "type": "text",
                "text": "i"
              },
              {
                "type": "text",
                "text": " "
              },
              {
                "type": "text",
                "text": "some"
              },
              {
                "type": "text",
                "text": " "
              },
              {
                "type": "text",
                "text": "how"
              },
              {
                "type": "text",
                "text": " "
              },
              {
                "type": "text",
                "text": "found"
              },
              {
                "type": "text",
                "text": " "
              },
              {
                "type": "text",
                "text": "a"
              },
              {
                "type": "text",
                "text": " pattern "
              }
            ]
          }
        ]
      }
    ],
    "team": "T03U4J8HMUG",
    "user_team": "T03U4J8HMUG",
    "source_team": "T03U4J8HMUG",
    "user_profile": {
      "avatar_hash": "23fcf5329c03",
      "image_72": "https://avatars.slack-edge.com/2022-08-22/3969139924917_23fcf5329c03131c761f_72.png",
      "first_name": "Cristian",
      "real_name": "Cristian Wilson",
      "display_name": "Cristian Wilson",
      "team": "T03U4J8HMUG",
      "name": "Cristian",
      "is_restricted": false,
      "is_ultra_restricted": false
    },
    "thread_ts": "1662219495.961429",
    "parent_user_id": "U03V6HMRPGQ",
    "reactions": [
      {
        "name": "white_check_mark",
        "users": [
          "U03UVHCV6KB"
        ],
        "count": 1
      }
    ]
  }
]