[
  {
    "client_msg_id": "be86e8b7-b7c5-46fb-9afa-6a4bad0fbb1f",
    "type": "message",
    "text": "I made a mistake of doing this in a wrong folder, what should i do?",
    "user": "U03UJN29Y4C",
    "ts": "1662477316.800639",
    "blocks": [
      {
        "type": "rich_text",
        "block_id": "gQax",
        "elements": [
          {
            "type": "rich_text_section",
            "elements": [
              {
                "type": "text",
                "text": "I made a mistake of doing this in a wrong folder, what should i do?"
              }
            ]
          }
        ]
      }
    ],
    "team": "T03U4J8HMUG",
    "user_team": "T03U4J8HMUG",
    "source_team": "T03U4J8HMUG",
    "user_profile": {
      "avatar_hash": "9bf024280cf1",
      "image_72": "https://avatars.slack-edge.com/2022-10-08/4190947116101_9bf024280cf14dffb003_72.jpg",
      "first_name": "Michelle",
      "real_name": "Michelle Lewis",
      "display_name": "Michelle Lewis",
      "team": "T03U4J8HMUG",
      "name": "Michelle",
      "is_restricted": false,
      "is_ultra_restricted": false
    },
    "thread_ts": "1662073315.332009",
    "parent_user_id": "U03V8LHPDME"
  }
]