[
  {
    "client_msg_id": "9f9dedd3-b1c9-4a6c-8cc0-bd778aa1289d",
    "type": "message",
    "text": "Thank you for your support, I will keep asking as much as possible",
    "user": "U03V6HMRPGQ",
    "ts": "1662379740.204239",
    "blocks": [
      {
        "type": "rich_text",
        "block_id": "2qL",
        "elements": [
          {
            "type": "rich_text_section",
            "elements": [
              {
                "type": "text",
                "text": "Thank you for your support, I will keep asking as much as possible"
              }
            ]
          }
        ]
      }
    ],
    "team": "T03U4J8HMUG",
    "user_team": "T03U4J8HMUG",
    "source_team": "T03U4J8HMUG",
    "user_profile": {
      "avatar_hash": "23fcf5329c03",
      "image_72": "https://avatars.slack-edge.com/2022-08-22/3969139924917_23fcf5329c03131c761f_72.png",
      "first_name": "Cristian",
      "real_name": "Cristian Wilson",
      "display_name": "Cristian Wilson",
      "team": "T03U4J8HMUG",
      "name": "Cristian",
      "is_restricted": false,
      "is_ultra_restricted": false
    },
    "thread_ts": "1661963172.744539",
    "parent_user_id": "U03V6HMRPGQ"
  }
]