[
  {
    "client_msg_id": "183be9c5-d8c7-46de-96f1-be826073be93",
    "type": "message",
    "text": "<@U03TX2VN6H5> @challenge document what is the difference between interim submission and final submissions in the presentation and report writing part?",
    "user": "U03UG5VFN03",
    "ts": "1666252118.086519",
    "blocks": [
      {
        "type": "rich_text",
        "block_id": "nCo/Y",
        "elements": [
          {
            "type": "rich_text_section",
            "elements": [
              {
                "type": "user",
                "user_id": "U03TX2VN6H5"
              },
              {
                "type": "text",
                "text": " @challenge document what is the difference between interim submission and final submissions in the presentation and report writing part?"
              }
            ]
          }
        ]
      }
    ],
    "team": "T03U4J8HMUG",
    "user_team": "T03U4J8HMUG",
    "source_team": "T03U4J8HMUG",
    "user_profile": {
      "avatar_hash": "1eec51b41e1b",
      "image_72": "https://avatars.slack-edge.com/2022-08-20/3980936144801_1eec51b41e1b370500be_72.png",
      "first_name": "Nancy",
      "real_name": "Nancy Craig",
      "display_name": "Nancy Craig",
      "team": "T03U4J8HMUG",
      "name": "Nancy",
      "is_restricted": false,
      "is_ultra_restricted": false
    },
    "thread_ts": "1666252118.086519",
    "reply_count": 2,
    "reply_users_count": 2,
    "latest_reply": "1666252910.370849",
    "reply_users": [
      "U03TEPYRM2P",
      "U03UG5VFN03"
    ],
    "replies": [
      {
        "user": "U03TEPYRM2P",
        "ts": "1666252530.783319"
      },
      {
        "user": "U03UG5VFN03",
        "ts": "1666252910.370849"
      }
    ],
    "is_locked": false,
    "subscribed": true,
    "last_read": "1666252910.370849"
  },
  {
    "client_msg_id": "a945e033-81f8-4891-8cb7-f333f01b96d4",
    "type": "message",
    "text": "how have you separated trip origin? it has two variables inside",
    "user": "U03UG1Z21JP",
    "ts": "1666252205.367989",
    "blocks": [
      {
        "type": "rich_text",
        "block_id": "4z7rc",
        "elements": [
          {
            "type": "rich_text_section",
            "elements": [
              {
                "type": "text",
                "text": "how have you separated trip origin? it has two variables inside"
              }
            ]
          }
        ]
      }
    ],
    "team": "T03U4J8HMUG",
    "user_team": "T03U4J8HMUG",
    "source_team": "T03U4J8HMUG",
    "user_profile": {
      "avatar_hash": "a1d3d501dd5d",
      "image_72": "https://avatars.slack-edge.com/2022-08-20/3961568205638_a1d3d501dd5d3f7ebea3_72.jpg",
      "first_name": "Jennifer",
      "real_name": "Jennifer Foley",
      "display_name": "Jennifer Foley",
      "team": "T03U4J8HMUG",
      "name": "Jennifer",
      "is_restricted": false,
      "is_ultra_restricted": false
    },
    "edited": {
      "user": "U03UG1Z21JP",
      "ts": "1666254765.000000"
    },
    "thread_ts": "1666210433.816259",
    "parent_user_id": "U03UJGRN5E0"
  },
  {
    "client_msg_id": "455d2294-a10c-4406-bea2-69e5a39898cb",
    "type": "message",
    "text": "please check the *'leaderboard of the week*' section on the challenge document. You will find the required expectations of both interim and final submission.",
    "user": "U03TEPYRM2P",
    "ts": "1666252530.783319",
    "blocks": [
      {
        "type": "rich_text",
        "block_id": "0g2n=",
        "elements": [
          {
            "type": "rich_text_section",
            "elements": [
              {
                "type": "text",
                "text": "please check the "
              },
              {
                "type": "text",
                "text": "'leaderboard of the week",
                "style": {
                  "bold": true
                }
              },
              {
                "type": "text",
                "text": "' section on the challenge document. You will find the required expectations of both interim and final submission."
              }
            ]
          }
        ]
      }
    ],
    "team": "T03U4J8HMUG",
    "user_team": "T03U4J8HMUG",
    "source_team": "T03U4J8HMUG",
    "user_profile": {
      "avatar_hash": "f113df20f89c",
      "image_72": "https://avatars.slack-edge.com/2022-08-23/3977820714178_f113df20f89c894062b4_72.jpg",
      "first_name": "Garrett",
      "real_name": "Garrett Bell",
      "display_name": "Garrett Bell",
      "team": "T03U4J8HMUG",
      "name": "Garrett",
      "is_restricted": false,
      "is_ultra_restricted": false
    },
    "thread_ts": "1666252118.086519",
    "parent_user_id": "U03UG5VFN03"
  },
  {
    "client_msg_id": "4a83e3cb-1ae1-40c9-9802-26e242ce9b8f",
    "type": "message",
    "text": "okay , thanks",
    "user": "U03UG5VFN03",
    "ts": "1666252910.370849",
    "blocks": [
      {
        "type": "rich_text",
        "block_id": "36sr",
        "elements": [
          {
            "type": "rich_text_section",
            "elements": [
              {
                "type": "text",
                "text": "okay , thanks"
              }
            ]
          }
        ]
      }
    ],
    "team": "T03U4J8HMUG",
    "user_team": "T03U4J8HMUG",
    "source_team": "T03U4J8HMUG",
    "user_profile": {
      "avatar_hash": "1eec51b41e1b",
      "image_72": "https://avatars.slack-edge.com/2022-08-20/3980936144801_1eec51b41e1b370500be_72.png",
      "first_name": "Nancy",
      "real_name": "Nancy Craig",
      "display_name": "Nancy Craig",
      "team": "T03U4J8HMUG",
      "name": "Nancy",
      "is_restricted": false,
      "is_ultra_restricted": false
    },
    "edited": {
      "user": "U03UG5VFN03",
      "ts": "1666253079.000000"
    },
    "thread_ts": "1666252118.086519",
    "parent_user_id": "U03UG5VFN03"
  },
  {
    "client_msg_id": "bbea1fa7-fc43-4c92-93b5-7a29c532fc3c",
    "type": "message",
    "text": "<@U03UG1Z21JP> If you want to split it to an additional column you can use\n```df['Trip_Origin_lat'] = df['Trip Origin'].apply(lambda x: str(x).split(',')[0])\ndf['Trip_Origin_lng'] = df['Trip Origin'].apply(lambda x: str(x).split(',')[1])```",
    "user": "U03UUR571A5",
    "ts": "1666253462.938469",
    "blocks": [
      {
        "type": "rich_text",
        "block_id": "ERzi",
        "elements": [
          {
            "type": "rich_text_section",
            "elements": [
              {
                "type": "user",
                "user_id": "U03UG1Z21JP"
              },
              {
                "type": "text",
                "text": " If you want to split it to an additional column you can use\n"
              }
            ]
          },
          {
            "type": "rich_text_preformatted",
            "elements": [
              {
                "type": "text",
                "text": "df['Trip_Origin_lat'] = df['Trip Origin'].apply(lambda x: str(x).split(',')[0])\ndf['Trip_Origin_lng'] = df['Trip Origin'].apply(lambda x: str(x).split(',')[1])"
              }
            ],
            "border": 0
          }
        ]
      }
    ],
    "team": "T03U4J8HMUG",
    "user_team": "T03U4J8HMUG",
    "source_team": "T03U4J8HMUG",
    "user_profile": {
      "avatar_hash": "g95c5cde44bc",
      "image_72": "https://secure.gravatar.com/avatar/95c5cde44bc023bd369920b7e1ed0c94.jpg?s=72&d=https%3A%2F%2Fa.slack-edge.com%2Fdf10d%2Fimg%2Favatars%2Fava_0017-72.png",
      "first_name": "Amy",
      "real_name": "Amy Leon",
      "display_name": "Amy Leon",
      "team": "T03U4J8HMUG",
      "name": "Amy",
      "is_restricted": false,
      "is_ultra_restricted": false
    },
    "edited": {
      "user": "U03UUR571A5",
      "ts": "1666253476.000000"
    },
    "thread_ts": "1666210433.816259",
    "parent_user_id": "U03UJGRN5E0",
    "reactions": [
      {
        "name": "raised_hands",
        "users": [
          "U03UVHCV6KB"
        ],
        "count": 1
      }
    ]
  },
  {
    "client_msg_id": "60b41475-c15b-4ef0-b016-157493927b1f",
    "type": "message",
    "text": "<@U03UJGP0C68> thank you so much.",
    "user": "U03UG1Z21JP",
    "ts": "1666253537.763469",
    "blocks": [
      {
        "type": "rich_text",
        "block_id": "Nss",
        "elements": [
          {
            "type": "rich_text_section",
            "elements": [
              {
                "type": "user",
                "user_id": "U03UJGP0C68"
              },
              {
                "type": "text",
                "text": " thank you so much."
              }
            ]
          }
        ]
      }
    ],
    "team": "T03U4J8HMUG",
    "user_team": "T03U4J8HMUG",
    "source_team": "T03U4J8HMUG",
    "user_profile": {
      "avatar_hash": "a1d3d501dd5d",
      "image_72": "https://avatars.slack-edge.com/2022-08-20/3961568205638_a1d3d501dd5d3f7ebea3_72.jpg",
      "first_name": "Jennifer",
      "real_name": "Jennifer Foley",
      "display_name": "Jennifer Foley",
      "team": "T03U4J8HMUG",
      "name": "Jennifer",
      "is_restricted": false,
      "is_ultra_restricted": false
    },
    "thread_ts": "1666210433.816259",
    "parent_user_id": "U03UJGRN5E0"
  },
  {
    "client_msg_id": "9af47f5c-e80e-47c0-bd4d-87deb63592b5",
    "type": "message",
    "text": "<@U03UJGP0C68> I dont understand what you said about merging the two tables. could you clarify a bit here?",
    "user": "U03UG1Z21JP",
    "ts": "1666254249.454609",
    "blocks": [
      {
        "type": "rich_text",
        "block_id": "ZQY",
        "elements": [
          {
            "type": "rich_text_section",
            "elements": [
              {
                "type": "user",
                "user_id": "U03UJGP0C68"
              },
              {
                "type": "text",
                "text": " I dont understand what you said about merging the two tables. could you clarify a bit here?"
              }
            ]
          }
        ]
      }
    ],
    "team": "T03U4J8HMUG",
    "user_team": "T03U4J8HMUG",
    "source_team": "T03U4J8HMUG",
    "user_profile": {
      "avatar_hash": "a1d3d501dd5d",
      "image_72": "https://avatars.slack-edge.com/2022-08-20/3961568205638_a1d3d501dd5d3f7ebea3_72.jpg",
      "first_name": "Jennifer",
      "real_name": "Jennifer Foley",
      "display_name": "Jennifer Foley",
      "team": "T03U4J8HMUG",
      "name": "Jennifer",
      "is_restricted": false,
      "is_ultra_restricted": false
    },
    "thread_ts": "1666210433.816259",
    "parent_user_id": "U03UJGRN5E0"
  },
  {
    "client_msg_id": "4e0de5fb-2e30-4a09-ad82-54f49a47e04f",
    "type": "message",
    "text": "Super, got a lot without doing any form of analysis. Really helpful in reframing my (hopefully all of our) approach to the analysis phase of the data.",
    "user": "U03UVHCV6KB",
    "ts": "1666254675.626219",
    "blocks": [
      {
        "type": "rich_text",
        "block_id": "TbCF",
        "elements": [
          {
            "type": "rich_text_section",
            "elements": [
              {
                "type": "text",
                "text": "Super, got a lot without doing any form of analysis. Really helpful in reframing my (hopefully all of our) approach to the analysis phase of the data."
              }
            ]
          }
        ]
      }
    ],
    "team": "T03U4J8HMUG",
    "user_team": "T03U4J8HMUG",
    "source_team": "T03U4J8HMUG",
    "user_profile": {
      "avatar_hash": "gc9619121f99",
      "image_72": "https://secure.gravatar.com/avatar/c9619121f998ee4a7e46177f2a5729de.jpg?s=72&d=https%3A%2F%2Fa.slack-edge.com%2Fdf10d%2Fimg%2Favatars%2Fava_0002-72.png",
      "first_name": "Travis",
      "real_name": "Travis Butler",
      "display_name": "Travis Butler",
      "team": "T03U4J8HMUG",
      "name": "Travis",
      "is_restricted": false,
      "is_ultra_restricted": false
    },
    "thread_ts": "1666243918.977219",
    "parent_user_id": "U03U93GNNVB"
  },
  {
    "client_msg_id": "7c4c5832-5e6e-4045-8c87-20645724078a",
    "type": "message",
    "text": "So basically <@U03UG1Z21JP>, what he said was, on the second table you are going to find repeating order id's. But when you look at the 'drivers_actions' feature of the repeating order id's you will find only one accepted row even if you have several reject one's",
    "user": "U03UVHCV6KB",
    "ts": "1666255462.908059",
    "blocks": [
      {
        "type": "rich_text",
        "block_id": "vFF4",
        "elements": [
          {
            "type": "rich_text_section",
            "elements": [
              {
                "type": "text",
                "text": "So basically "
              },
              {
                "type": "user",
                "user_id": "U03UG1Z21JP"
              },
              {
                "type": "text",
                "text": ", what he said was, on the second table you are going to find repeating order id's. But when you look at the 'drivers_actions' feature of the repeating order id's you will find only one accepted row even if you have several reject one's"
              }
            ]
          }
        ]
      }
    ],
    "team": "T03U4J8HMUG",
    "user_team": "T03U4J8HMUG",
    "source_team": "T03U4J8HMUG",
    "user_profile": {
      "avatar_hash": "gc9619121f99",
      "image_72": "https://secure.gravatar.com/avatar/c9619121f998ee4a7e46177f2a5729de.jpg?s=72&d=https%3A%2F%2Fa.slack-edge.com%2Fdf10d%2Fimg%2Favatars%2Fava_0002-72.png",
      "first_name": "Travis",
      "real_name": "Travis Butler",
      "display_name": "Travis Butler",
      "team": "T03U4J8HMUG",
      "name": "Travis",
      "is_restricted": false,
      "is_ultra_restricted": false
    },
    "thread_ts": "1666210433.816259",
    "parent_user_id": "U03UJGRN5E0"
  },
  {
    "client_msg_id": "08199eda-70c0-4215-870b-54f36f824645",
    "type": "message",
    "text": "<@U03UVHCV6KB> Thank you",
    "user": "U03UG1Z21JP",
    "ts": "1666257520.533999",
    "blocks": [
      {
        "type": "rich_text",
        "block_id": "m7z",
        "elements": [
          {
            "type": "rich_text_section",
            "elements": [
              {
                "type": "user",
                "user_id": "U03UVHCV6KB"
              },
              {
                "type": "text",
                "text": " Thank you"
              }
            ]
          }
        ]
      }
    ],
    "team": "T03U4J8HMUG",
    "user_team": "T03U4J8HMUG",
    "source_team": "T03U4J8HMUG",
    "user_profile": {
      "avatar_hash": "a1d3d501dd5d",
      "image_72": "https://avatars.slack-edge.com/2022-08-20/3961568205638_a1d3d501dd5d3f7ebea3_72.jpg",
      "first_name": "Jennifer",
      "real_name": "Jennifer Foley",
      "display_name": "Jennifer Foley",
      "team": "T03U4J8HMUG",
      "name": "Jennifer",
      "is_restricted": false,
      "is_ultra_restricted": false
    },
    "thread_ts": "1666210433.816259",
    "parent_user_id": "U03UJGRN5E0",
    "reactions": [
      {
        "name": "white_check_mark",
        "users": [
          "U03UVHCV6KB"
        ],
        "count": 1
      }
    ]
  },
  {
    "client_msg_id": "570ce80f-63d2-4b3a-9935-01f48da5ce3b",
    "type": "message",
    "text": "What did you understand that perhaps you didn't understand before <@U03UVHCV6KB>?",
    "user": "U03U93GNNVB",
    "ts": "1666258762.163209",
    "blocks": [
      {
        "type": "rich_text",
        "block_id": "vxK4e",
        "elements": [
          {
            "type": "rich_text_section",
            "elements": [
              {
                "type": "text",
                "text": "What did you understand that perhaps you didn't understand before "
              },
              {
                "type": "user",
                "user_id": "U03UVHCV6KB"
              },
              {
                "type": "text",
                "text": "?"
              }
            ]
          }
        ]
      }
    ],
    "team": "T03U4J8HMUG",
    "user_team": "T03U4J8HMUG",
    "source_team": "T03U4J8HMUG",
    "user_profile": {
      "avatar_hash": "a49779ad093d",
      "image_72": "https://avatars.slack-edge.com/2022-08-22/3994045204528_a49779ad093d4fc39a87_72.jpg",
      "first_name": "Katherine",
      "real_name": "Katherine Foster",
      "display_name": "Katherine Foster",
      "team": "T03U4J8HMUG",
      "name": "Katherine",
      "is_restricted": false,
      "is_ultra_restricted": false
    },
    "edited": {
      "user": "U03U93GNNVB",
      "ts": "1666258775.000000"
    },
    "thread_ts": "1666243918.977219",
    "parent_user_id": "U03U93GNNVB"
  },
  {
    "client_msg_id": "0d2c1239-3c43-425c-811b-95e7b4f42a1e",
    "type": "message",
    "text": "Hello guys.. I think the trip_id is actually the order_id in the second table right? Just want to confirm",
    "user": "U03UH397319",
    "ts": "1666263788.522789",
    "blocks": [
      {
        "type": "rich_text",
        "block_id": "ywHg",
        "elements": [
          {
            "type": "rich_text_section",
            "elements": [
              {
                "type": "text",
                "text": "Hello guys.. I think the trip_id is actually the order_id in the second table right? Just want to confirm"
              }
            ]
          }
        ]
      }
    ],
    "team": "T03U4J8HMUG",
    "user_team": "T03U4J8HMUG",
    "source_team": "T03U4J8HMUG",
    "user_profile": {
      "avatar_hash": "gc7c2fbea497",
      "image_72": "https://secure.gravatar.com/avatar/c7c2fbea4976d191e3ad19004e067c11.jpg?s=72&d=https%3A%2F%2Fa.slack-edge.com%2Fdf10d%2Fimg%2Favatars%2Fava_0014-72.png",
      "first_name": "Brenda",
      "real_name": "Brenda Hernandez",
      "display_name": "Brenda Hernandez",
      "team": "T03U4J8HMUG",
      "name": "Brenda",
      "is_restricted": false,
      "is_ultra_restricted": false
    },
    "thread_ts": "1666263788.522789",
    "reply_count": 2,
    "reply_users_count": 2,
    "latest_reply": "1666264587.388439",
    "reply_users": [
      "U03UUR571A5",
      "U03UG1Z21JP"
    ],
    "replies": [
      {
        "user": "U03UUR571A5",
        "ts": "1666263831.347779"
      },
      {
        "user": "U03UG1Z21JP",
        "ts": "1666264587.388439"
      }
    ],
    "is_locked": false,
    "subscribed": false
  },
  {
    "client_msg_id": "17bb6942-a464-4914-93ab-4b86ed235a36",
    "type": "message",
    "text": "Yes <@U03UH397319>",
    "user": "U03UUR571A5",
    "ts": "1666263831.347779",
    "blocks": [
      {
        "type": "rich_text",
        "block_id": "N22",
        "elements": [
          {
            "type": "rich_text_section",
            "elements": [
              {
                "type": "text",
                "text": "Yes "
              },
              {
                "type": "user",
                "user_id": "U03UH397319"
              }
            ]
          }
        ]
      }
    ],
    "team": "T03U4J8HMUG",
    "user_team": "T03U4J8HMUG",
    "source_team": "T03U4J8HMUG",
    "user_profile": {
      "avatar_hash": "g95c5cde44bc",
      "image_72": "https://secure.gravatar.com/avatar/95c5cde44bc023bd369920b7e1ed0c94.jpg?s=72&d=https%3A%2F%2Fa.slack-edge.com%2Fdf10d%2Fimg%2Favatars%2Fava_0017-72.png",
      "first_name": "Amy",
      "real_name": "Amy Leon",
      "display_name": "Amy Leon",
      "team": "T03U4J8HMUG",
      "name": "Amy",
      "is_restricted": false,
      "is_ultra_restricted": false
    },
    "thread_ts": "1666263788.522789",
    "parent_user_id": "U03UH397319"
  },
  {
    "client_msg_id": "08d10a8f-3392-44a6-9bda-25e6f4dd9ed7",
    "type": "message",
    "text": "What I was trying to say was that I understood lots about the data prior to doing any analysis on the data.",
    "user": "U03UVHCV6KB",
    "ts": "1666264027.308979",
    "blocks": [
      {
        "type": "rich_text",
        "block_id": "b3t+",
        "elements": [
          {
            "type": "rich_text_section",
            "elements": [
              {
                "type": "text",
                "text": "What I was trying to say was that I understood lots about the data prior to doing any analysis on the data."
              }
            ]
          }
        ]
      }
    ],
    "team": "T03U4J8HMUG",
    "user_team": "T03U4J8HMUG",
    "source_team": "T03U4J8HMUG",
    "user_profile": {
      "avatar_hash": "gc9619121f99",
      "image_72": "https://secure.gravatar.com/avatar/c9619121f998ee4a7e46177f2a5729de.jpg?s=72&d=https%3A%2F%2Fa.slack-edge.com%2Fdf10d%2Fimg%2Favatars%2Fava_0002-72.png",
      "first_name": "Travis",
      "real_name": "Travis Butler",
      "display_name": "Travis Butler",
      "team": "T03U4J8HMUG",
      "name": "Travis",
      "is_restricted": false,
      "is_ultra_restricted": false
    },
    "thread_ts": "1666243918.977219",
    "parent_user_id": "U03U93GNNVB"
  },
  {
    "client_msg_id": "354aabfa-bf6f-49ce-86ab-b0dcc11da388",
    "type": "message",
    "text": "Like the scope of the data, what types of things have been kept and which one's are given to us, some bit amount of the actual business and what it is that they are really doing, and importantly what they want to gain from us, in terms of qualitative percentage of order increase and delivery optimizations, and about other personal and related types of data they have been collecting and how they were planning on using that for their advantage.",
    "user": "U03UVHCV6KB",
    "ts": "1666264324.300969",
    "blocks": [
      {
        "type": "rich_text",
        "block_id": "7hlR",
        "elements": [
          {
            "type": "rich_text_section",
            "elements": [
              {
                "type": "text",
                "text": "Like the scope of the data, what types of things have been kept and which one's are given to us, some bit amount of the actual business and what it is that they are really doing, and importantly what they want to gain from us, in terms of qualitative percentage of order increase and delivery optimizations, and about other personal and related types of data they have been collecting and how they were planning on using that for their advantage."
              }
            ]
          }
        ]
      }
    ],
    "team": "T03U4J8HMUG",
    "user_team": "T03U4J8HMUG",
    "source_team": "T03U4J8HMUG",
    "user_profile": {
      "avatar_hash": "gc9619121f99",
      "image_72": "https://secure.gravatar.com/avatar/c9619121f998ee4a7e46177f2a5729de.jpg?s=72&d=https%3A%2F%2Fa.slack-edge.com%2Fdf10d%2Fimg%2Favatars%2Fava_0002-72.png",
      "first_name": "Travis",
      "real_name": "Travis Butler",
      "display_name": "Travis Butler",
      "team": "T03U4J8HMUG",
      "name": "Travis",
      "is_restricted": false,
      "is_ultra_restricted": false
    },
    "thread_ts": "1666243918.977219",
    "parent_user_id": "U03U93GNNVB"
  },
  {
    "client_msg_id": "214e5fb7-eafa-401a-a752-26959670827c",
    "type": "message",
    "text": "you are right <@U03UH397319>",
    "user": "U03UG1Z21JP",
    "ts": "1666264587.388439",
    "blocks": [
      {
        "type": "rich_text",
        "block_id": "giY",
        "elements": [
          {
            "type": "rich_text_section",
            "elements": [
              {
                "type": "text",
                "text": "you are right "
              },
              {
                "type": "user",
                "user_id": "U03UH397319"
              }
            ]
          }
        ]
      }
    ],
    "team": "T03U4J8HMUG",
    "user_team": "T03U4J8HMUG",
    "source_team": "T03U4J8HMUG",
    "user_profile": {
      "avatar_hash": "a1d3d501dd5d",
      "image_72": "https://avatars.slack-edge.com/2022-08-20/3961568205638_a1d3d501dd5d3f7ebea3_72.jpg",
      "first_name": "Jennifer",
      "real_name": "Jennifer Foley",
      "display_name": "Jennifer Foley",
      "team": "T03U4J8HMUG",
      "name": "Jennifer",
      "is_restricted": false,
      "is_ultra_restricted": false
    },
    "thread_ts": "1666263788.522789",
    "parent_user_id": "U03UH397319"
  },
  {
    "client_msg_id": "558325d7-ea7d-4822-b501-b59dac0c0031",
    "type": "message",
    "text": "I guess this will result to a one to many merge",
    "user": "U03UJN29Y4C",
    "ts": "1666285867.088549",
    "blocks": [
      {
        "type": "rich_text",
        "block_id": "x=Z",
        "elements": [
          {
            "type": "rich_text_section",
            "elements": [
              {
                "type": "text",
                "text": "I guess this will result to a one to many merge"
              }
            ]
          }
        ]
      }
    ],
    "team": "T03U4J8HMUG",
    "user_team": "T03U4J8HMUG",
    "source_team": "T03U4J8HMUG",
    "user_profile": {
      "avatar_hash": "9bf024280cf1",
      "image_72": "https://avatars.slack-edge.com/2022-10-08/4190947116101_9bf024280cf14dffb003_72.jpg",
      "first_name": "Michelle",
      "real_name": "Michelle Lewis",
      "display_name": "Michelle Lewis",
      "team": "T03U4J8HMUG",
      "name": "Michelle",
      "is_restricted": false,
      "is_ultra_restricted": false
    },
    "thread_ts": "1666210433.816259",
    "parent_user_id": "U03UJGRN5E0"
  },
  {
    "client_msg_id": "886efa4b-6885-4a18-a37a-505c06d439bd",
    "type": "message",
    "text": "yeah!",
    "user": "U03UJH1EQQL",
    "ts": "1666285900.691219",
    "blocks": [
      {
        "type": "rich_text",
        "block_id": "I/fvg",
        "elements": [
          {
            "type": "rich_text_section",
            "elements": [
              {
                "type": "text",
                "text": "yeah!"
              }
            ]
          }
        ]
      }
    ],
    "team": "T03U4J8HMUG",
    "user_team": "T03U4J8HMUG",
    "source_team": "T03U4J8HMUG",
    "user_profile": {
      "avatar_hash": "81b299d9869c",
      "image_72": "https://avatars.slack-edge.com/2022-08-20/3953555815671_81b299d9869ca44e70c1_72.png",
      "first_name": "Kelly",
      "real_name": "Kelly Soto",
      "display_name": "Kelly Soto",
      "team": "T03U4J8HMUG",
      "name": "Kelly",
      "is_restricted": false,
      "is_ultra_restricted": false
    },
    "thread_ts": "1666210433.816259",
    "parent_user_id": "U03UJGRN5E0"
  },
  {
    "client_msg_id": "0701cc63-7a6d-42f8-b632-a10b8c67f40e",
    "type": "message",
    "text": "Hi, I cannot render some graphs on my Github but I can see them on my local notebook, is there a fix for this?",
    "user": "U03V785NLSU",
    "ts": "1666292418.438889",
    "blocks": [
      {
        "type": "rich_text",
        "block_id": "3LT",
        "elements": [
          {
            "type": "rich_text_section",
            "elements": [
              {
                "type": "text",
                "text": "Hi, I cannot render some graphs on my Github but I can see them on my local notebook, is there a fix for this?"
              }
            ]
          }
        ]
      }
    ],
    "team": "T03U4J8HMUG",
    "user_team": "T03U4J8HMUG",
    "source_team": "T03U4J8HMUG",
    "user_profile": {
      "avatar_hash": "48d5c88821e9",
      "image_72": "https://avatars.slack-edge.com/2022-08-21/3993277785968_48d5c88821e922581e17_72.jpg",
      "first_name": "Ashley",
      "real_name": "Ashley Hamilton",
      "display_name": "Ashley Hamilton",
      "team": "T03U4J8HMUG",
      "name": "Ashley",
      "is_restricted": false,
      "is_ultra_restricted": false
    },
    "thread_ts": "1666292418.438889",
    "reply_count": 1,
    "reply_users_count": 1,
    "latest_reply": "1666292845.738119",
    "reply_users": [
      "U03UVHCV6KB"
    ],
    "replies": [
      {
        "user": "U03UVHCV6KB",
        "ts": "1666292845.738119"
      }
    ],
    "is_locked": false,
    "subscribed": false
  },
  {
    "client_msg_id": "c5af50ce-b8cd-4fea-9055-517fef6cc817",
    "type": "message",
    "text": "putting it as an image is one option, but not a satisfying one I know",
    "user": "U03UVHCV6KB",
    "ts": "1666292845.738119",
    "blocks": [
      {
        "type": "rich_text",
        "block_id": "Znb",
        "elements": [
          {
            "type": "rich_text_section",
            "elements": [
              {
                "type": "text",
                "text": "putting it as an image is one option, but not a satisfying one I know"
              }
            ]
          }
        ]
      }
    ],
    "team": "T03U4J8HMUG",
    "user_team": "T03U4J8HMUG",
    "source_team": "T03U4J8HMUG",
    "user_profile": {
      "avatar_hash": "gc9619121f99",
      "image_72": "https://secure.gravatar.com/avatar/c9619121f998ee4a7e46177f2a5729de.jpg?s=72&d=https%3A%2F%2Fa.slack-edge.com%2Fdf10d%2Fimg%2Favatars%2Fava_0002-72.png",
      "first_name": "Travis",
      "real_name": "Travis Butler",
      "display_name": "Travis Butler",
      "team": "T03U4J8HMUG",
      "name": "Travis",
      "is_restricted": false,
      "is_ultra_restricted": false
    },
    "thread_ts": "1666292418.438889",
    "parent_user_id": "U03V785NLSU"
  },
  {
    "client_msg_id": "291d8267-f9be-4d63-b612-3e221e05d0db",
    "type": "message",
    "text": "on the delivery_request data we have `lat` and `lng` values....that doesn't match to the  location values to the nb.csv dataset (when merging on `order_id = trip_id`) so does that mean we also have the drivers/pilots location in addition to the trip origin location?",
    "user": "U03UJGP0C68",
    "ts": "1666293417.408839",
    "blocks": [
      {
        "type": "rich_text",
        "block_id": "RuJ",
        "elements": [
          {
            "type": "rich_text_section",
            "elements": [
              {
                "type": "text",
                "text": "on the delivery_request data we have "
              },
              {
                "type": "text",
                "text": "lat",
                "style": {
                  "code": true
                }
              },
              {
                "type": "text",
                "text": " and "
              },
              {
                "type": "text",
                "text": "lng",
                "style": {
                  "code": true
                }
              },
              {
                "type": "text",
                "text": " values....that doesn't match to the  location values to the nb.csv dataset (when merging on "
              },
              {
                "type": "text",
                "text": "order_id = trip_id",
                "style": {
                  "code": true
                }
              },
              {
                "type": "text",
                "text": ") so does that mean we also have the drivers/pilots location in addition to the trip origin location?"
              }
            ]
          }
        ]
      }
    ],
    "team": "T03U4J8HMUG",
    "user_team": "T03U4J8HMUG",
    "source_team": "T03U4J8HMUG",
    "user_profile": {
      "avatar_hash": "259faccdce43",
      "image_72": "https://avatars.slack-edge.com/2022-08-20/3965145363573_259faccdce439a8c6345_72.png",
      "first_name": "Judith",
      "real_name": "Judith Bolton",
      "display_name": "Judith Bolton",
      "team": "T03U4J8HMUG",
      "name": "Judith",
      "is_restricted": false,
      "is_ultra_restricted": false
    },
    "thread_ts": "1666293417.408839",
    "reply_count": 5,
    "reply_users_count": 4,
    "latest_reply": "1666335813.820309",
    "reply_users": [
      "U03UUR571A5",
      "U03UJGP0C68",
      "U03UJN29Y4C",
      "U03UG5VFN03"
    ],
    "replies": [
      {
        "user": "U03UUR571A5",
        "ts": "1666296258.847529"
      },
      {
        "user": "U03UJGP0C68",
        "ts": "1666299983.527179"
      },
      {
        "user": "U03UUR571A5",
        "ts": "1666300535.368759"
      },
      {
        "user": "U03UJN29Y4C",
        "ts": "1666329748.847109"
      },
      {
        "user": "U03UG5VFN03",
        "ts": "1666335813.820309"
      }
    ],
    "is_locked": false,
    "subscribed": false
  },
  {
    "client_msg_id": "86b72bb2-102f-4034-88c9-6982736ca646",
    "type": "message",
    "text": "Yes, I think drivers location shows where the driver was located at broadcast time( or while rejecting or accepting the trip)",
    "user": "U03UUR571A5",
    "ts": "1666296258.847529",
    "blocks": [
      {
        "type": "rich_text",
        "block_id": "Rmj",
        "elements": [
          {
            "type": "rich_text_section",
            "elements": [
              {
                "type": "text",
                "text": "Yes, I think drivers location shows where the driver was located at broadcast time( or while rejecting or accepting the trip)"
              }
            ]
          }
        ]
      }
    ],
    "team": "T03U4J8HMUG",
    "user_team": "T03U4J8HMUG",
    "source_team": "T03U4J8HMUG",
    "user_profile": {
      "avatar_hash": "g95c5cde44bc",
      "image_72": "https://secure.gravatar.com/avatar/95c5cde44bc023bd369920b7e1ed0c94.jpg?s=72&d=https%3A%2F%2Fa.slack-edge.com%2Fdf10d%2Fimg%2Favatars%2Fava_0017-72.png",
      "first_name": "Amy",
      "real_name": "Amy Leon",
      "display_name": "Amy Leon",
      "team": "T03U4J8HMUG",
      "name": "Amy",
      "is_restricted": false,
      "is_ultra_restricted": false
    },
    "thread_ts": "1666293417.408839",
    "parent_user_id": "U03UJGP0C68",
    "reactions": [
      {
        "name": "white_check_mark",
        "users": [
          "U03UJGP0C68"
        ],
        "count": 1
      }
    ]
  },
  {
    "client_msg_id": "cbdd6e85-40eb-40a2-8f58-a49946fa600f",
    "type": "message",
    "text": "one more question....how about this case? there are many trip_id values in the completed orders data that I cannot find in the delivery_request data...how is that possible?",
    "user": "U03UJGP0C68",
    "ts": "1666299983.527179",
    "blocks": [
      {
        "type": "rich_text",
        "block_id": "mdP",
        "elements": [
          {
            "type": "rich_text_section",
            "elements": [
              {
                "type": "text",
                "text": "one more question....how about this case? there are many trip_id values in the completed orders data that I cannot find in the delivery_request data...how is that possible?"
              }
            ]
          }
        ]
      }
    ],
    "team": "T03U4J8HMUG",
    "user_team": "T03U4J8HMUG",
    "source_team": "T03U4J8HMUG",
    "user_profile": {
      "avatar_hash": "259faccdce43",
      "image_72": "https://avatars.slack-edge.com/2022-08-20/3965145363573_259faccdce439a8c6345_72.png",
      "first_name": "Judith",
      "real_name": "Judith Bolton",
      "display_name": "Judith Bolton",
      "team": "T03U4J8HMUG",
      "name": "Judith",
      "is_restricted": false,
      "is_ultra_restricted": false
    },
    "thread_ts": "1666293417.408839",
    "parent_user_id": "U03UJGP0C68"
  },
  {
    "client_msg_id": "f987dbc3-e6fa-48a3-860f-857d8ccf8b07",
    "type": "message",
    "text": "I was thinking about how to handle that issue too. May be just considering the trips that have driver_action associated with them. But am not really sure yet",
    "user": "U03UUR571A5",
    "ts": "1666300535.368759",
    "blocks": [
      {
        "type": "rich_text",
        "block_id": "vFbZ",
        "elements": [
          {
            "type": "rich_text_section",
            "elements": [
              {
                "type": "text",
                "text": "I was thinking about how to handle that issue too. May be just considering the trips that have driver_action associated with them. But am not really sure yet"
              }
            ]
          }
        ]
      }
    ],
    "team": "T03U4J8HMUG",
    "user_team": "T03U4J8HMUG",
    "source_team": "T03U4J8HMUG",
    "user_profile": {
      "avatar_hash": "g95c5cde44bc",
      "image_72": "https://secure.gravatar.com/avatar/95c5cde44bc023bd369920b7e1ed0c94.jpg?s=72&d=https%3A%2F%2Fa.slack-edge.com%2Fdf10d%2Fimg%2Favatars%2Fava_0017-72.png",
      "first_name": "Amy",
      "real_name": "Amy Leon",
      "display_name": "Amy Leon",
      "team": "T03U4J8HMUG",
      "name": "Amy",
      "is_restricted": false,
      "is_ultra_restricted": false
    },
    "thread_ts": "1666293417.408839",
    "parent_user_id": "U03UJGP0C68"
  },
  {
    "client_msg_id": "3015c7a5-96a7-4ff0-893f-f8029a95477b",
    "type": "message",
    "text": "I'm sticking with the trips that have delivery request associated with them cos there i can only do that much with the trips dataset other than find the time it takes to complete the trip and where orders are coming from.",
    "user": "U03UJN29Y4C",
    "ts": "1666329748.847109",
    "blocks": [
      {
        "type": "rich_text",
        "block_id": "kdt",
        "elements": [
          {
            "type": "rich_text_section",
            "elements": [
              {
                "type": "text",
                "text": "I'm sticking with the trips that have delivery request associated with them cos there i can only do that much with the trips dataset other than find the time it takes to complete the trip and where orders are coming from."
              }
            ]
          }
        ]
      }
    ],
    "team": "T03U4J8HMUG",
    "user_team": "T03U4J8HMUG",
    "source_team": "T03U4J8HMUG",
    "user_profile": {
      "avatar_hash": "9bf024280cf1",
      "image_72": "https://avatars.slack-edge.com/2022-10-08/4190947116101_9bf024280cf14dffb003_72.jpg",
      "first_name": "Michelle",
      "real_name": "Michelle Lewis",
      "display_name": "Michelle Lewis",
      "team": "T03U4J8HMUG",
      "name": "Michelle",
      "is_restricted": false,
      "is_ultra_restricted": false
    },
    "thread_ts": "1666293417.408839",
    "parent_user_id": "U03UJGP0C68"
  }
]