[
  {
    "client_msg_id": "004dc6c3-5ca9-4f38-bbc8-b26411c5ce97",
    "type": "message",
    "text": "<@U03UJGP0C68> <@U03UUR571A5> <@U03V785NLSU> presented to Olutosin and killed it.  He was super impressed.\n\nBig congrats to all of you guys.",
    "user": "U03U93GNNVB",
    "ts": "1666962823.974699",
    "blocks": [
      {
        "type": "rich_text",
        "block_id": "WZh0",
        "elements": [
          {
            "type": "rich_text_section",
            "elements": [
              {
                "type": "user",
                "user_id": "U03UJGP0C68"
              },
              {
                "type": "text",
                "text": " "
              },
              {
                "type": "user",
                "user_id": "U03UUR571A5"
              },
              {
                "type": "text",
                "text": " "
              },
              {
                "type": "user",
                "user_id": "U03V785NLSU"
              },
              {
                "type": "text",
                "text": " presented to Olutosin and killed it.  He was super impressed.\n\nBig congrats to all of you guys."
              }
            ]
          }
        ]
      }
    ],
    "team": "T03U4J8HMUG",
    "user_team": "T03U4J8HMUG",
    "source_team": "T03U4J8HMUG",
    "user_profile": {
      "avatar_hash": "a49779ad093d",
      "image_72": "https://avatars.slack-edge.com/2022-08-22/3994045204528_a49779ad093d4fc39a87_72.jpg",
      "first_name": "Katherine",
      "real_name": "Katherine Foster",
      "display_name": "Katherine Foster",
      "team": "T03U4J8HMUG",
      "name": "Katherine",
      "is_restricted": false,
      "is_ultra_restricted": false
    },
    "reactions": [
      {
        "name": "raised_hands::skin-tone-4",
        "users": [
          "U03UG4Q7V42"
        ],
        "count": 1
      },
      {
        "name": "raised_hands",
        "users": [
          "U03UD68RQH3",
          "U03UG32J3PC",
          "U03UJGRN5E0",
          "U03UG0SFHGT",
          "U03V61VGQG0",
          "U03U1J51VFZ",
          "U03U1FNPEUX",
          "U03V6HMRPGQ",
          "U03TT5KEYCF",
          "U03UG5VFN03",
          "U03UFV7HFNF",
          "U03TEPYRM2P"
        ],
        "count": 12
      },
      {
        "name": "clap",
        "users": [
          "U03UVHCV6KB",
          "U03U1FNPEUX",
          "U03UHB8CXDY",
          "U03UAKATQ22"
        ],
        "count": 4
      },
      {
        "name": "fire",
        "users": [
          "U03TT5KEYCF",
          "U03UJN29Y4C",
          "U03T89ACUUW",
          "U03V8LHPDME"
        ],
        "count": 4
      },
      {
        "name": "dancer",
        "users": [
          "U03TT5KEYCF"
        ],
        "count": 1
      },
      {
        "name": "clap::skin-tone-3",
        "users": [
          "U03U9EJR362"
        ],
        "count": 1
      },
      {
        "name": "+1",
        "users": [
          "U03UUMR26Q1"
        ],
        "count": 1
      }
    ]
  }
]