[
  {
    "type": "message",
    "subtype": "channel_join",
    "ts": "1665943321.256249",
    "user": "U03TEPYRM2P",
    "text": "<@U03TEPYRM2P> has joined the channel"
  },
  {
    "type": "message",
    "subtype": "channel_join",
    "ts": "1665943399.308189",
    "user": "U03UUR571A5",
    "text": "<@U03UUR571A5> has joined the channel",
    "inviter": "U03TEPYRM2P"
  },
  {
    "type": "message",
    "subtype": "channel_join",
    "ts": "1665943399.383509",
    "user": "U03V6HMRPGQ",
    "text": "<@U03V6HMRPGQ> has joined the channel",
    "inviter": "U03TEPYRM2P"
  },
  {
    "type": "message",
    "subtype": "channel_join",
    "ts": "1665943399.466939",
    "user": "U03U1FNPEUX",
    "text": "<@U03U1FNPEUX> has joined the channel",
    "inviter": "U03TEPYRM2P"
  },
  {
    "type": "message",
    "subtype": "channel_join",
    "ts": "1665943399.530079",
    "user": "U03UUS0MZCZ",
    "text": "<@U03UUS0MZCZ> has joined the channel",
    "inviter": "U03TEPYRM2P"
  },
  {
    "type": "message",
    "subtype": "channel_join",
    "ts": "1665943399.588239",
    "user": "U03V61VGQG0",
    "text": "<@U03V61VGQG0> has joined the channel",
    "inviter": "U03TEPYRM2P"
  },
  {
    "type": "message",
    "subtype": "channel_join",
    "ts": "1665943399.663339",
    "user": "U03UG5VFN03",
    "text": "<@U03UG5VFN03> has joined the channel",
    "inviter": "U03TEPYRM2P"
  },
  {
    "type": "message",
    "subtype": "channel_join",
    "ts": "1665943399.696549",
    "user": "U03UH397319",
    "text": "<@U03UH397319> has joined the channel",
    "inviter": "U03TEPYRM2P"
  },
  {
    "type": "message",
    "subtype": "channel_join",
    "ts": "1665943399.725399",
    "user": "U03UAKATQ22",
    "text": "<@U03UAKATQ22> has joined the channel",
    "inviter": "U03TEPYRM2P"
  },
  {
    "type": "message",
    "subtype": "channel_join",
    "ts": "1665943399.750639",
    "user": "U03UKL27B0R",
    "text": "<@U03UKL27B0R> has joined the channel",
    "inviter": "U03TEPYRM2P"
  },
  {
    "type": "message",
    "subtype": "channel_join",
    "ts": "1665943399.761079",
    "user": "U03UG4Q7V42",
    "text": "<@U03UG4Q7V42> has joined the channel",
    "inviter": "U03TEPYRM2P"
  },
  {
    "type": "message",
    "subtype": "channel_join",
    "ts": "1665943399.812639",
    "user": "U03UJN29Y4C",
    "text": "<@U03UJN29Y4C> has joined the channel",
    "inviter": "U03TEPYRM2P"
  },
  {
    "type": "message",
    "subtype": "channel_join",
    "ts": "1665943399.816749",
    "user": "U03UJN29Y4C",
    "text": "<@U03UJN29Y4C> has joined the channel",
    "inviter": "U03TEPYRM2P"
  },
  {
    "type": "message",
    "subtype": "channel_join",
    "ts": "1665943399.817279",
    "user": "U03UJN29Y4C",
    "text": "<@U03UJN29Y4C> has joined the channel",
    "inviter": "U03TEPYRM2P"
  },
  {
    "type": "message",
    "subtype": "channel_join",
    "ts": "1665943399.877589",
    "user": "U03U93GNNVB",
    "text": "<@U03U93GNNVB> has joined the channel",
    "inviter": "U03TEPYRM2P"
  },
  {
    "type": "message",
    "subtype": "channel_join",
    "ts": "1665943399.878619",
    "user": "U03U93GNNVB",
    "text": "<@U03U93GNNVB> has joined the channel",
    "inviter": "U03TEPYRM2P"
  },
  {
    "type": "message",
    "subtype": "channel_join",
    "ts": "1665943399.890769",
    "user": "U03U93GNNVB",
    "text": "<@U03U93GNNVB> has joined the channel",
    "inviter": "U03TEPYRM2P"
  },
  {
    "type": "message",
    "subtype": "channel_join",
    "ts": "1665943399.936479",
    "user": "U03T89ACUUW",
    "text": "<@U03T89ACUUW> has joined the channel",
    "inviter": "U03TEPYRM2P"
  },
  {
    "type": "message",
    "subtype": "channel_join",
    "ts": "1665943399.937099",
    "user": "U03T89ACUUW",
    "text": "<@U03T89ACUUW> has joined the channel",
    "inviter": "U03TEPYRM2P"
  },
  {
    "type": "message",
    "subtype": "channel_join",
    "ts": "1665943399.969619",
    "user": "U03UJKJGRAQ",
    "text": "<@U03UJKJGRAQ> has joined the channel",
    "inviter": "U03TEPYRM2P"
  },
  {
    "type": "message",
    "subtype": "channel_join",
    "ts": "1665943399.993449",
    "user": "U03U1HAG9TR",
    "text": "<@U03U1HAG9TR> has joined the channel",
    "inviter": "U03TEPYRM2P"
  },
  {
    "type": "message",
    "subtype": "channel_join",
    "ts": "1665943400.009049",
    "user": "U03U1HAG9TR",
    "text": "<@U03U1HAG9TR> has joined the channel",
    "inviter": "U03TEPYRM2P"
  },
  {
    "type": "message",
    "subtype": "channel_join",
    "ts": "1665943400.043999",
    "user": "U03V785NLSU",
    "text": "<@U03V785NLSU> has joined the channel",
    "inviter": "U03TEPYRM2P"
  },
  {
    "type": "message",
    "subtype": "channel_join",
    "ts": "1665943400.063099",
    "user": "U03TT5KEYCF",
    "text": "<@U03TT5KEYCF> has joined the channel",
    "inviter": "U03TEPYRM2P"
  },
  {
    "type": "message",
    "subtype": "channel_join",
    "ts": "1665943400.103819",
    "user": "U03UJGP0C68",
    "text": "<@U03UJGP0C68> has joined the channel",
    "inviter": "U03TEPYRM2P"
  },
  {
    "type": "message",
    "subtype": "channel_join",
    "ts": "1665943400.109259",
    "user": "U03UJGP0C68",
    "text": "<@U03UJGP0C68> has joined the channel",
    "inviter": "U03TEPYRM2P"
  },
  {
    "type": "message",
    "subtype": "channel_join",
    "ts": "1665943400.128069",
    "user": "U03V5Q9N516",
    "text": "<@U03V5Q9N516> has joined the channel",
    "inviter": "U03TEPYRM2P"
  },
  {
    "type": "message",
    "subtype": "channel_join",
    "ts": "1665943400.162699",
    "user": "U03UHB8CXDY",
    "text": "<@U03UHB8CXDY> has joined the channel",
    "inviter": "U03TEPYRM2P"
  },
  {
    "type": "message",
    "subtype": "channel_join",
    "ts": "1665943400.176419",
    "user": "U03UD68RQH3",
    "text": "<@U03UD68RQH3> has joined the channel",
    "inviter": "U03TEPYRM2P"
  },
  {
    "type": "message",
    "subtype": "channel_join",
    "ts": "1665943400.197009",
    "user": "U03UD63A8PP",
    "text": "<@U03UD63A8PP> has joined the channel",
    "inviter": "U03TEPYRM2P"
  },
  {
    "type": "message",
    "subtype": "channel_join",
    "ts": "1665943400.240379",
    "user": "U03UP7V9Q57",
    "text": "<@U03UP7V9Q57> has joined the channel",
    "inviter": "U03TEPYRM2P"
  },
  {
    "type": "message",
    "subtype": "channel_join",
    "ts": "1665943400.262509",
    "user": "U03UYNR4TS4",
    "text": "<@U03UYNR4TS4> has joined the channel",
    "inviter": "U03TEPYRM2P"
  },
  {
    "type": "message",
    "subtype": "channel_join",
    "ts": "1665943400.300979",
    "user": "U03V1AM5TFA",
    "text": "<@U03V1AM5TFA> has joined the channel",
    "inviter": "U03TEPYRM2P"
  },
  {
    "type": "message",
    "subtype": "channel_join",
    "ts": "1665943400.301369",
    "user": "U03V1AM5TFA",
    "text": "<@U03V1AM5TFA> has joined the channel",
    "inviter": "U03TEPYRM2P"
  },
  {
    "type": "message",
    "subtype": "channel_join",
    "ts": "1665943400.319039",
    "user": "U03UG32J3PC",
    "text": "<@U03UG32J3PC> has joined the channel",
    "inviter": "U03TEPYRM2P"
  },
  {
    "type": "message",
    "subtype": "channel_join",
    "ts": "1665943400.369099",
    "user": "U03UFV7HFNF",
    "text": "<@U03UFV7HFNF> has joined the channel",
    "inviter": "U03TEPYRM2P"
  },
  {
    "type": "message",
    "subtype": "channel_join",
    "ts": "1665943400.389279",
    "user": "U03TX2VN6H5",
    "text": "<@U03TX2VN6H5> has joined the channel",
    "inviter": "U03TEPYRM2P"
  },
  {
    "type": "message",
    "subtype": "channel_join",
    "ts": "1665943400.430179",
    "user": "U03UL5LSTG9",
    "text": "<@U03UL5LSTG9> has joined the channel",
    "inviter": "U03TEPYRM2P"
  },
  {
    "type": "message",
    "subtype": "channel_join",
    "ts": "1665943400.452029",
    "user": "U03V8LHPDME",
    "text": "<@U03V8LHPDME> has joined the channel",
    "inviter": "U03TEPYRM2P"
  },
  {
    "type": "message",
    "subtype": "channel_join",
    "ts": "1665943400.508619",
    "user": "U03UUMR26Q1",
    "text": "<@U03UUMR26Q1> has joined the channel",
    "inviter": "U03TEPYRM2P"
  },
  {
    "type": "message",
    "subtype": "channel_join",
    "ts": "1665943400.512359",
    "user": "U03U9EJR362",
    "text": "<@U03U9EJR362> has joined the channel",
    "inviter": "U03TEPYRM2P"
  },
  {
    "type": "message",
    "subtype": "channel_join",
    "ts": "1665943400.534119",
    "user": "U03UL5LSTG9",
    "text": "<@U03UL5LSTG9> has joined the channel",
    "inviter": "U03TEPYRM2P"
  },
  {
    "type": "message",
    "subtype": "channel_join",
    "ts": "1665943400.568469",
    "user": "U03U1J51VFZ",
    "text": "<@U03U1J51VFZ> has joined the channel",
    "inviter": "U03TEPYRM2P"
  },
  {
    "type": "message",
    "subtype": "channel_join",
    "ts": "1665943400.591759",
    "user": "U03U1J51VFZ",
    "text": "<@U03U1J51VFZ> has joined the channel",
    "inviter": "U03TEPYRM2P"
  },
  {
    "type": "message",
    "subtype": "channel_join",
    "ts": "1665943400.601189",
    "user": "U03UJGRN5E0",
    "text": "<@U03UJGRN5E0> has joined the channel",
    "inviter": "U03TEPYRM2P"
  },
  {
    "type": "message",
    "subtype": "channel_join",
    "ts": "1665943400.628239",
    "user": "U03UJH1EQQL",
    "text": "<@U03UJH1EQQL> has joined the channel",
    "inviter": "U03TEPYRM2P"
  },
  {
    "type": "message",
    "subtype": "channel_join",
    "ts": "1665943400.654179",
    "user": "U03UVHCV6KB",
    "text": "<@U03UVHCV6KB> has joined the channel",
    "inviter": "U03TEPYRM2P"
  },
  {
    "type": "message",
    "subtype": "channel_join",
    "ts": "1665943400.667049",
    "user": "U03UUP56MDF",
    "text": "<@U03UUP56MDF> has joined the channel",
    "inviter": "U03TEPYRM2P"
  },
  {
    "type": "message",
    "subtype": "channel_join",
    "ts": "1665943400.691689",
    "user": "U03U1GHT39V",
    "text": "<@U03U1GHT39V> has joined the channel",
    "inviter": "U03TEPYRM2P"
  },
  {
    "type": "message",
    "subtype": "channel_join",
    "ts": "1665943400.726639",
    "user": "U03UG0SFHGT",
    "text": "<@U03UG0SFHGT> has joined the channel",
    "inviter": "U03TEPYRM2P"
  },
  {
    "type": "message",
    "subtype": "channel_join",
    "ts": "1665943400.744059",
    "user": "U03UJGFG2HJ",
    "text": "<@U03UJGFG2HJ> has joined the channel",
    "inviter": "U03TEPYRM2P"
  },
  {
    "type": "message",
    "subtype": "channel_join",
    "ts": "1665943400.753749",
    "user": "U03U9DB7REG",
    "text": "<@U03U9DB7REG> has joined the channel",
    "inviter": "U03TEPYRM2P"
  },
  {
    "type": "message",
    "subtype": "channel_join",
    "ts": "1665943400.831299",
    "user": "U03UDBUL7CL",
    "text": "<@U03UDBUL7CL> has joined the channel",
    "inviter": "U03TEPYRM2P"
  },
  {
    "type": "message",
    "subtype": "channel_join",
    "ts": "1665943400.834129",
    "user": "U03UDBUL7CL",
    "text": "<@U03UDBUL7CL> has joined the channel",
    "inviter": "U03TEPYRM2P"
  },
  {
    "type": "message",
    "subtype": "channel_join",
    "ts": "1665943400.834979",
    "user": "U03UDBUL7CL",
    "text": "<@U03UDBUL7CL> has joined the channel",
    "inviter": "U03TEPYRM2P"
  },
  {
    "type": "message",
    "subtype": "channel_join",
    "ts": "1665943400.894479",
    "user": "U03U4GULU3Y",
    "text": "<@U03U4GULU3Y> has joined the channel",
    "inviter": "U03TEPYRM2P"
  },
  {
    "type": "message",
    "subtype": "channel_join",
    "ts": "1665943400.895199",
    "user": "U03U4GULU3Y",
    "text": "<@U03U4GULU3Y> has joined the channel",
    "inviter": "U03TEPYRM2P"
  },
  {
    "type": "message",
    "subtype": "channel_join",
    "ts": "1665943400.896159",
    "user": "U03U4GULU3Y",
    "text": "<@U03U4GULU3Y> has joined the channel",
    "inviter": "U03TEPYRM2P"
  },
  {
    "type": "message",
    "subtype": "channel_join",
    "ts": "1665943400.950659",
    "user": "U03UG0YHAUT",
    "text": "<@U03UG0YHAUT> has joined the channel",
    "inviter": "U03TEPYRM2P"
  },
  {
    "type": "message",
    "subtype": "channel_join",
    "ts": "1665943400.965049",
    "user": "U03UG1Z21JP",
    "text": "<@U03UG1Z21JP> has joined the channel",
    "inviter": "U03TEPYRM2P"
  },
  {
    "type": "message",
    "subtype": "channel_join",
    "ts": "1665943400.995559",
    "user": "U03UDKKESB1",
    "text": "<@U03UDKKESB1> has joined the channel",
    "inviter": "U03TEPYRM2P"
  },
  {
    "type": "message",
    "subtype": "channel_join",
    "ts": "1665943401.018099",
    "user": "U03UUN8M4RX",
    "text": "<@U03UUN8M4RX> has joined the channel",
    "inviter": "U03TEPYRM2P"
  },
  {
    "type": "message",
    "subtype": "channel_join",
    "ts": "1665943401.045169",
    "user": "U03UD5B7C3X",
    "text": "<@U03UD5B7C3X> has joined the channel",
    "inviter": "U03TEPYRM2P"
  },
  {
    "type": "message",
    "subtype": "channel_join",
    "ts": "1665943401.252939",
    "user": "U03UD4FEDHB",
    "text": "<@U03UD4FEDHB> has joined the channel",
    "inviter": "U03TEPYRM2P"
  },
  {
    "client_msg_id": "8E248658-BB87-490C-AAE3-A7DD3E5B307F",
    "type": "message",
    "text": "Good morning winners, welcome to week 9 of week 12 of this intensive training. We commend your resilience and perseverance as you sail through the thick and thin of this training. You\u2019ve been pushing since the day you applied for this training and you never cease to push to get your tasks done. We are proud of you! You\u2019ve started seeing some rays of light inside the tunnel - in the coming weeks, you\u2019ll eventually see the light at the end of the tunnel. Do have a great week ahead :blush:",
    "user": "U03TEPYRM2P",
    "ts": "1665986976.419669",
    "blocks": [
      {
        "type": "rich_text",
        "block_id": "RGiE",
        "elements": [
          {
            "type": "rich_text_section",
            "elements": [
              {
                "type": "text",
                "text": "Good "
              },
              {
                "type": "text",
                "text": "morning "
              },
              {
                "type": "text",
                "text": "winners, welcome to week 9 of week 12 of this "
              },
              {
                "type": "text",
                "text": "intensive"
              },
              {
                "type": "text",
                "text": " "
              },
              {
                "type": "text",
                "text": "training."
              },
              {
                "type": "text",
                "text": " We "
              },
              {
                "type": "text",
                "text": "commend your resilience"
              },
              {
                "type": "text",
                "text": " and "
              },
              {
                "type": "text",
                "text": "perseverance"
              },
              {
                "type": "text",
                "text": " as you sail "
              },
              {
                "type": "text",
                "text": "through "
              },
              {
                "type": "text",
                "text": "the "
              },
              {
                "type": "text",
                "text": "thick "
              },
              {
                "type": "text",
                "text": "and thin of this training. "
              },
              {
                "type": "text",
                "text": "You\u2019ve"
              },
              {
                "type": "text",
                "text": " been pushing since "
              },
              {
                "type": "text",
                "text": "the "
              },
              {
                "type": "text",
                "text": "day "
              },
              {
                "type": "text",
                "text": "you "
              },
              {
                "type": "text",
                "text": "applied for "
              },
              {
                "type": "text",
                "text": "this training"
              },
              {
                "type": "text",
                "text": " and you "
              },
              {
                "type": "text",
                "text": "never "
              },
              {
                "type": "text",
                "text": "cease to "
              },
              {
                "type": "text",
                "text": "push "
              },
              {
                "type": "text",
                "text": "to get your "
              },
              {
                "type": "text",
                "text": "task"
              },
              {
                "type": "text",
                "text": "s done. We are "
              },
              {
                "type": "text",
                "text": "proud "
              },
              {
                "type": "text",
                "text": "of you! You\u2019ve started seeing some rays of light inside the "
              },
              {
                "type": "text",
                "text": "tunnel"
              },
              {
                "type": "text",
                "text": " - "
              },
              {
                "type": "text",
                "text": "in "
              },
              {
                "type": "text",
                "text": "the coming weeks, you\u2019l"
              },
              {
                "type": "text",
                "text": "l"
              },
              {
                "type": "text",
                "text": " "
              },
              {
                "type": "text",
                "text": "eventually "
              },
              {
                "type": "text",
                "text": "see "
              },
              {
                "type": "text",
                "text": "the light"
              },
              {
                "type": "text",
                "text": " at "
              },
              {
                "type": "text",
                "text": "the "
              },
              {
                "type": "text",
                "text": "end "
              },
              {
                "type": "text",
                "text": "of "
              },
              {
                "type": "text",
                "text": "the tunnel. Do have a great week ahead "
              },
              {
                "type": "emoji",
                "name": "blush",
                "unicode": "1f60a"
              }
            ]
          }
        ]
      }
    ],
    "team": "T03U4J8HMUG",
    "user_team": "T03U4J8HMUG",
    "source_team": "T03U4J8HMUG",
    "user_profile": {
      "avatar_hash": "f113df20f89c",
      "image_72": "https://avatars.slack-edge.com/2022-08-23/3977820714178_f113df20f89c894062b4_72.jpg",
      "first_name": "Garrett",
      "real_name": "Garrett Bell",
      "display_name": "Garrett Bell",
      "team": "T03U4J8HMUG",
      "name": "Garrett",
      "is_restricted": false,
      "is_ultra_restricted": false
    },
    "reactions": [
      {
        "name": "white_check_mark",
        "users": [
          "U03UG5VFN03",
          "U03UJGP0C68",
          "U03V785NLSU",
          "U03UG0YHAUT",
          "U03UG4Q7V42",
          "U03U9EJR362",
          "U03U1FNPEUX",
          "U03UJH1EQQL",
          "U03V6HMRPGQ",
          "U03UD68RQH3",
          "U03U1HAG9TR",
          "U03UJN29Y4C",
          "U03UH397319",
          "U03UFV7HFNF",
          "U03UL5LSTG9",
          "U03UHB8CXDY",
          "U03UG0SFHGT"
        ],
        "count": 17
      },
      {
        "name": "pray",
        "users": [
          "U03UUS0MZCZ",
          "U03UG0YHAUT",
          "U03U1FNPEUX",
          "U03UVHCV6KB",
          "U03V6HMRPGQ",
          "U03UG1Z21JP",
          "U03UH397319"
        ],
        "count": 7
      },
      {
        "name": "muscle",
        "users": [
          "U03UD68RQH3"
        ],
        "count": 1
      },
      {
        "name": "raised_hands",
        "users": [
          "U03TT5KEYCF"
        ],
        "count": 1
      }
    ]
  }
]