[
  {
    "type": "message",
    "text": "<@U03UUN8M4RX>",
    "files": [
      {
        "id": "F047V9TNYGG",
        "created": 1666173059,
        "timestamp": 1666173059,
        "name": "Screenshot from 2022-10-19 10-50-34.png",
        "title": "Screenshot from 2022-10-19 10-50-34.png",
        "mimetype": "image/png",
        "filetype": "png",
        "pretty_type": "PNG",
        "user": "U03UH397319",
        "user_team": "T03U4J8HMUG",
        "editable": false,
        "size": 19007,
        "mode": "hosted",
        "is_external": false,
        "external_type": "",
        "is_public": true,
        "public_url_shared": false,
        "display_as_bot": false,
        "username": "",
        "url_private": "https://files.slack.com/files-pri/T03U4J8HMUG-F047V9TNYGG/screenshot_from_2022-10-19_10-50-34.png?t=xoxe-3956620599968-6240746766294-6247387524178-110fc6768eefd7fcb909c4550875ed49",
        "url_private_download": "https://files.slack.com/files-pri/T03U4J8HMUG-F047V9TNYGG/download/screenshot_from_2022-10-19_10-50-34.png?t=xoxe-3956620599968-6240746766294-6247387524178-110fc6768eefd7fcb909c4550875ed49",
        "media_display_type": "unknown",
        "thumb_64": "https://files.slack.com/files-tmb/T03U4J8HMUG-F047V9TNYGG-fb3af5054e/screenshot_from_2022-10-19_10-50-34_64.png?t=xoxe-3956620599968-6240746766294-6247387524178-110fc6768eefd7fcb909c4550875ed49",
        "thumb_80": "https://files.slack.com/files-tmb/T03U4J8HMUG-F047V9TNYGG-fb3af5054e/screenshot_from_2022-10-19_10-50-34_80.png?t=xoxe-3956620599968-6240746766294-6247387524178-110fc6768eefd7fcb909c4550875ed49",
        "thumb_360": "https://files.slack.com/files-tmb/T03U4J8HMUG-F047V9TNYGG-fb3af5054e/screenshot_from_2022-10-19_10-50-34_360.png?t=xoxe-3956620599968-6240746766294-6247387524178-110fc6768eefd7fcb909c4550875ed49",
        "thumb_360_w": 360,
        "thumb_360_h": 111,
        "thumb_480": "https://files.slack.com/files-tmb/T03U4J8HMUG-F047V9TNYGG-fb3af5054e/screenshot_from_2022-10-19_10-50-34_480.png?t=xoxe-3956620599968-6240746766294-6247387524178-110fc6768eefd7fcb909c4550875ed49",
        "thumb_480_w": 480,
        "thumb_480_h": 149,
        "thumb_160": "https://files.slack.com/files-tmb/T03U4J8HMUG-F047V9TNYGG-fb3af5054e/screenshot_from_2022-10-19_10-50-34_160.png?t=xoxe-3956620599968-6240746766294-6247387524178-110fc6768eefd7fcb909c4550875ed49",
        "original_w": 517,
        "original_h": 160,
        "thumb_tiny": "AwAOADDSY49KQN6kfhSsCehpoU9zQA/IpMijB9aMH1oAXIooFFAH/9k=",
        "permalink": "https://10academybatch6.slack.com/files/U03UH397319/F047V9TNYGG/screenshot_from_2022-10-19_10-50-34.png",
        "permalink_public": "https://slack-files.com/T03U4J8HMUG-F047V9TNYGG-0b57df8e62",
        "is_starred": false,
        "has_rich_preview": false,
        "file_access": "visible"
      }
    ],
    "upload": false,
    "user": "U03UH397319",
    "display_as_bot": false,
    "ts": "1666173062.008659",
    "blocks": [
      {
        "type": "rich_text",
        "block_id": "i=g",
        "elements": [
          {
            "type": "rich_text_section",
            "elements": [
              {
                "type": "user",
                "user_id": "U03UUN8M4RX"
              }
            ]
          }
        ]
      }
    ],
    "client_msg_id": "08ae1747-6db7-4392-9071-8e8c9401b669",
    "thread_ts": "1666173062.008659",
    "reply_count": 1,
    "reply_users_count": 1,
    "latest_reply": "1666243904.266079",
    "reply_users": [
      "U03U93GNNVB"
    ],
    "replies": [
      {
        "user": "U03U93GNNVB",
        "ts": "1666243904.266079"
      }
    ],
    "is_locked": false,
    "subscribed": false
  },
  {
    "client_msg_id": "5748a18e-b104-4cd4-8220-c31e51a03f6c",
    "type": "message",
    "text": "The dates have not been updated",
    "user": "U03UH397319",
    "ts": "1666173088.934679",
    "blocks": [
      {
        "type": "rich_text",
        "block_id": "eyB9",
        "elements": [
          {
            "type": "rich_text_section",
            "elements": [
              {
                "type": "text",
                "text": "The dates have not been updated"
              }
            ]
          }
        ]
      }
    ],
    "team": "T03U4J8HMUG",
    "user_team": "T03U4J8HMUG",
    "source_team": "T03U4J8HMUG",
    "user_profile": {
      "avatar_hash": "gc7c2fbea497",
      "image_72": "https://secure.gravatar.com/avatar/c7c2fbea4976d191e3ad19004e067c11.jpg?s=72&d=https%3A%2F%2Fa.slack-edge.com%2Fdf10d%2Fimg%2Favatars%2Fava_0014-72.png",
      "first_name": "Brenda",
      "real_name": "Brenda Hernandez",
      "display_name": "Brenda Hernandez",
      "team": "T03U4J8HMUG",
      "name": "Brenda",
      "is_restricted": false,
      "is_ultra_restricted": false
    }
  },
  {
    "client_msg_id": "5d7afc5d-900e-48bf-9cf8-4a5961583995",
    "type": "message",
    "text": "I deeply believe that the two big blockers for African DE &amp; ML developers to be on a global scale are electricity and stable internet connectivity.\nHow we can overcome it ???\nbecause of those problems I couldn't attend most of today session",
    "user": "U03V6HMRPGQ",
    "ts": "1666193972.590499",
    "blocks": [
      {
        "type": "rich_text",
        "block_id": "lxowr",
        "elements": [
          {
            "type": "rich_text_section",
            "elements": [
              {
                "type": "text",
                "text": "I deeply believe that the two big blockers for African DE & ML developers to be on a global scale are electricity and stable internet connectivity.\nHow we can overcome it ???\nbecause of those problems I couldn't attend most of today session"
              }
            ]
          }
        ]
      }
    ],
    "team": "T03U4J8HMUG",
    "user_team": "T03U4J8HMUG",
    "source_team": "T03U4J8HMUG",
    "user_profile": {
      "avatar_hash": "23fcf5329c03",
      "image_72": "https://avatars.slack-edge.com/2022-08-22/3969139924917_23fcf5329c03131c761f_72.png",
      "first_name": "Cristian",
      "real_name": "Cristian Wilson",
      "display_name": "Cristian Wilson",
      "team": "T03U4J8HMUG",
      "name": "Cristian",
      "is_restricted": false,
      "is_ultra_restricted": false
    },
    "thread_ts": "1666193972.590499",
    "reply_count": 2,
    "reply_users_count": 2,
    "latest_reply": "1666358713.559869",
    "reply_users": [
      "U03UJGP0C68",
      "U03V6HMRPGQ"
    ],
    "replies": [
      {
        "user": "U03UJGP0C68",
        "ts": "1666205338.487119"
      },
      {
        "user": "U03V6HMRPGQ",
        "ts": "1666358713.559869"
      }
    ],
    "is_locked": false,
    "subscribed": false
  },
  {
    "client_msg_id": "3CF6CF73-8465-43EF-A739-25FF57DD67C9",
    "type": "message",
    "text": "I second you. I'm really pissed off with my internet connection\u2026.I'm using the so called \u201cLTE+\u201d but lol i got a speed of 300Kb/s :sob::man-facepalming:",
    "user": "U03UJGP0C68",
    "ts": "1666205338.487119",
    "blocks": [
      {
        "type": "rich_text",
        "block_id": "REh2",
        "elements": [
          {
            "type": "rich_text_section",
            "elements": [
              {
                "type": "text",
                "text": "I"
              },
              {
                "type": "text",
                "text": " second "
              },
              {
                "type": "text",
                "text": "you."
              },
              {
                "type": "text",
                "text": " I'm really "
              },
              {
                "type": "text",
                "text": "pissed"
              },
              {
                "type": "text",
                "text": " "
              },
              {
                "type": "text",
                "text": "off"
              },
              {
                "type": "text",
                "text": " "
              },
              {
                "type": "text",
                "text": "with"
              },
              {
                "type": "text",
                "text": " "
              },
              {
                "type": "text",
                "text": "my"
              },
              {
                "type": "text",
                "text": " internet connection"
              },
              {
                "type": "text",
                "text": "\u2026."
              },
              {
                "type": "text",
                "text": "I'm using "
              },
              {
                "type": "text",
                "text": "the"
              },
              {
                "type": "text",
                "text": " "
              },
              {
                "type": "text",
                "text": "so"
              },
              {
                "type": "text",
                "text": " called "
              },
              {
                "type": "text",
                "text": "\u201cLTE+\u201d"
              },
              {
                "type": "text",
                "text": " "
              },
              {
                "type": "text",
                "text": "but"
              },
              {
                "type": "text",
                "text": " "
              },
              {
                "type": "text",
                "text": "lol"
              },
              {
                "type": "text",
                "text": " "
              },
              {
                "type": "text",
                "text": "i"
              },
              {
                "type": "text",
                "text": " "
              },
              {
                "type": "text",
                "text": "got"
              },
              {
                "type": "text",
                "text": " "
              },
              {
                "type": "text",
                "text": "a"
              },
              {
                "type": "text",
                "text": " "
              },
              {
                "type": "text",
                "text": "speed"
              },
              {
                "type": "text",
                "text": " "
              },
              {
                "type": "text",
                "text": "of"
              },
              {
                "type": "text",
                "text": " "
              },
              {
                "type": "text",
                "text": "300Kb/s"
              },
              {
                "type": "text",
                "text": " "
              },
              {
                "type": "emoji",
                "name": "sob",
                "unicode": "1f62d"
              },
              {
                "type": "emoji",
                "name": "man-facepalming",
                "unicode": "1f926-200d-2642-fe0f"
              }
            ]
          }
        ]
      }
    ],
    "team": "T03U4J8HMUG",
    "user_team": "T03U4J8HMUG",
    "source_team": "T03U4J8HMUG",
    "user_profile": {
      "avatar_hash": "259faccdce43",
      "image_72": "https://avatars.slack-edge.com/2022-08-20/3965145363573_259faccdce439a8c6345_72.png",
      "first_name": "Judith",
      "real_name": "Judith Bolton",
      "display_name": "Judith Bolton",
      "team": "T03U4J8HMUG",
      "name": "Judith",
      "is_restricted": false,
      "is_ultra_restricted": false
    },
    "thread_ts": "1666193972.590499",
    "parent_user_id": "U03V6HMRPGQ"
  },
  {
    "client_msg_id": "b3e37c79-689a-4d5a-ab1e-fb881c0b5832",
    "type": "message",
    "text": "I guess the trip Origin and Trip Destination contained the longitude and latitude of the location. right? and in that order?",
    "user": "U03UJN29Y4C",
    "ts": "1666210049.595489",
    "blocks": [
      {
        "type": "rich_text",
        "block_id": "R+Lv",
        "elements": [
          {
            "type": "rich_text_section",
            "elements": [
              {
                "type": "text",
                "text": "I guess the trip Origin and Trip Destination contained the longitude and latitude of the location. right? and in that order?"
              }
            ]
          }
        ]
      }
    ],
    "team": "T03U4J8HMUG",
    "user_team": "T03U4J8HMUG",
    "source_team": "T03U4J8HMUG",
    "user_profile": {
      "avatar_hash": "9bf024280cf1",
      "image_72": "https://avatars.slack-edge.com/2022-10-08/4190947116101_9bf024280cf14dffb003_72.jpg",
      "first_name": "Michelle",
      "real_name": "Michelle Lewis",
      "display_name": "Michelle Lewis",
      "team": "T03U4J8HMUG",
      "name": "Michelle",
      "is_restricted": false,
      "is_ultra_restricted": false
    },
    "thread_ts": "1666210049.595489",
    "reply_count": 4,
    "reply_users_count": 2,
    "latest_reply": "1666214193.823399",
    "reply_users": [
      "U03UVHCV6KB",
      "U03UJN29Y4C"
    ],
    "replies": [
      {
        "user": "U03UVHCV6KB",
        "ts": "1666212562.608319"
      },
      {
        "user": "U03UVHCV6KB",
        "ts": "1666212634.678419"
      },
      {
        "user": "U03UVHCV6KB",
        "ts": "1666212652.469969"
      },
      {
        "user": "U03UJN29Y4C",
        "ts": "1666214193.823399"
      }
    ],
    "is_locked": false,
    "subscribed": false
  },
  {
    "client_msg_id": "47185f61-bc99-414e-b320-96f2397ef5c3",
    "type": "message",
    "text": "How could I join the two tables? do they have a common attribute that can I use to merge them together?",
    "user": "U03UJGRN5E0",
    "ts": "1666210433.816259",
    "blocks": [
      {
        "type": "rich_text",
        "block_id": "PSQ",
        "elements": [
          {
            "type": "rich_text_section",
            "elements": [
              {
                "type": "text",
                "text": "How could I join the two tables? do they have a common attribute that can I use to merge them together?"
              }
            ]
          }
        ]
      }
    ],
    "team": "T03U4J8HMUG",
    "user_team": "T03U4J8HMUG",
    "source_team": "T03U4J8HMUG",
    "user_profile": {
      "avatar_hash": "35b05758f532",
      "image_72": "https://avatars.slack-edge.com/2022-09-30/4156429070997_35b05758f532bdef5b5f_72.jpg",
      "first_name": "Katie",
      "real_name": "Katie Dickerson",
      "display_name": "Katie Dickerson",
      "team": "T03U4J8HMUG",
      "name": "Katie",
      "is_restricted": false,
      "is_ultra_restricted": false
    },
    "thread_ts": "1666210433.816259",
    "reply_count": 18,
    "reply_users_count": 6,
    "latest_reply": "1666285900.691219",
    "reply_users": [
      "U03UUR571A5",
      "U03UJGRN5E0",
      "U03UJH1EQQL",
      "U03UG1Z21JP",
      "U03UVHCV6KB",
      "U03UJN29Y4C"
    ],
    "replies": [
      {
        "user": "U03UUR571A5",
        "ts": "1666210940.921579"
      },
      {
        "user": "U03UUR571A5",
        "ts": "1666210987.389879"
      },
      {
        "user": "U03UUR571A5",
        "ts": "1666210993.285349"
      },
      {
        "user": "U03UJGRN5E0",
        "ts": "1666211656.180889"
      },
      {
        "user": "U03UUR571A5",
        "ts": "1666211863.351049"
      },
      {
        "user": "U03UUR571A5",
        "ts": "1666211936.642009"
      },
      {
        "user": "U03UJGRN5E0",
        "ts": "1666211968.373929"
      },
      {
        "user": "U03UJH1EQQL",
        "ts": "1666244660.884179"
      },
      {
        "user": "U03UJGRN5E0",
        "ts": "1666246178.540469"
      },
      {
        "user": "U03UJH1EQQL",
        "ts": "1666246448.339599"
      },
      {
        "user": "U03UG1Z21JP",
        "ts": "1666252205.367989"
      },
      {
        "user": "U03UUR571A5",
        "ts": "1666253462.938469"
      },
      {
        "user": "U03UG1Z21JP",
        "ts": "1666253537.763469"
      },
      {
        "user": "U03UG1Z21JP",
        "ts": "1666254249.454609"
      },
      {
        "user": "U03UVHCV6KB",
        "ts": "1666255462.908059"
      },
      {
        "user": "U03UG1Z21JP",
        "ts": "1666257520.533999"
      },
      {
        "user": "U03UJN29Y4C",
        "ts": "1666285867.088549"
      },
      {
        "user": "U03UJH1EQQL",
        "ts": "1666285900.691219"
      }
    ],
    "is_locked": false,
    "subscribed": false,
    "reactions": [
      {
        "name": "eyes",
        "users": [
          "U03UG5VFN03"
        ],
        "count": 1
      }
    ]
  },
  {
    "client_msg_id": "a1dff43d-7d5f-4c88-8c00-af6eb477058d",
    "type": "message",
    "text": "You can merge them using pandas",
    "user": "U03UUR571A5",
    "ts": "1666210940.921579",
    "blocks": [
      {
        "type": "rich_text",
        "block_id": "BUI",
        "elements": [
          {
            "type": "rich_text_section",
            "elements": [
              {
                "type": "text",
                "text": "You can merge them using pandas"
              }
            ]
          }
        ]
      }
    ],
    "team": "T03U4J8HMUG",
    "user_team": "T03U4J8HMUG",
    "source_team": "T03U4J8HMUG",
    "user_profile": {
      "avatar_hash": "g95c5cde44bc",
      "image_72": "https://secure.gravatar.com/avatar/95c5cde44bc023bd369920b7e1ed0c94.jpg?s=72&d=https%3A%2F%2Fa.slack-edge.com%2Fdf10d%2Fimg%2Favatars%2Fava_0017-72.png",
      "first_name": "Amy",
      "real_name": "Amy Leon",
      "display_name": "Amy Leon",
      "team": "T03U4J8HMUG",
      "name": "Amy",
      "is_restricted": false,
      "is_ultra_restricted": false
    },
    "thread_ts": "1666210433.816259",
    "parent_user_id": "U03UJGRN5E0"
  },
  {
    "client_msg_id": "7add9210-474b-4a57-9df9-219864d04494",
    "type": "message",
    "text": "<https://www.w3schools.com/python/pandas/ref_df_merge.asp>",
    "user": "U03UUR571A5",
    "ts": "1666210987.389879",
    "blocks": [
      {
        "type": "rich_text",
        "block_id": "3YR",
        "elements": [
          {
            "type": "rich_text_section",
            "elements": [
              {
                "type": "link",
                "url": "https://www.w3schools.com/python/pandas/ref_df_merge.asp"
              }
            ]
          }
        ]
      }
    ],
    "team": "T03U4J8HMUG",
    "user_team": "T03U4J8HMUG",
    "source_team": "T03U4J8HMUG",
    "user_profile": {
      "avatar_hash": "g95c5cde44bc",
      "image_72": "https://secure.gravatar.com/avatar/95c5cde44bc023bd369920b7e1ed0c94.jpg?s=72&d=https%3A%2F%2Fa.slack-edge.com%2Fdf10d%2Fimg%2Favatars%2Fava_0017-72.png",
      "first_name": "Amy",
      "real_name": "Amy Leon",
      "display_name": "Amy Leon",
      "team": "T03U4J8HMUG",
      "name": "Amy",
      "is_restricted": false,
      "is_ultra_restricted": false
    },
    "attachments": [
      {
        "from_url": "https://www.w3schools.com/python/pandas/ref_df_merge.asp",
        "image_url": "https://www.w3schools.com/images/w3schools_logo_436_2.png",
        "image_width": 436,
        "image_height": 228,
        "image_bytes": 6369,
        "service_icon": "https://www.w3schools.com/favicon.ico",
        "id": 1,
        "original_url": "https://www.w3schools.com/python/pandas/ref_df_merge.asp",
        "fallback": "Pandas DataFrame merge() Method",
        "text": "W3Schools offers free online tutorials, references and exercises in all the major languages of the web. Covering popular subjects like HTML, CSS, JavaScript, Python, SQL, Java, and many, many more.",
        "title": "Pandas DataFrame merge() Method",
        "title_link": "https://www.w3schools.com/python/pandas/ref_df_merge.asp",
        "service_name": "w3schools.com"
      }
    ],
    "thread_ts": "1666210433.816259",
    "parent_user_id": "U03UJGRN5E0"
  },
  {
    "client_msg_id": "7d99506f-7454-4665-824c-6f960e23b56d",
    "type": "message",
    "text": "<https://pandas.pydata.org/docs/reference/api/pandas.DataFrame.merge.html>",
    "user": "U03UUR571A5",
    "ts": "1666210993.285349",
    "blocks": [
      {
        "type": "rich_text",
        "block_id": "BDI2r",
        "elements": [
          {
            "type": "rich_text_section",
            "elements": [
              {
                "type": "link",
                "url": "https://pandas.pydata.org/docs/reference/api/pandas.DataFrame.merge.html"
              }
            ]
          }
        ]
      }
    ],
    "team": "T03U4J8HMUG",
    "user_team": "T03U4J8HMUG",
    "source_team": "T03U4J8HMUG",
    "user_profile": {
      "avatar_hash": "g95c5cde44bc",
      "image_72": "https://secure.gravatar.com/avatar/95c5cde44bc023bd369920b7e1ed0c94.jpg?s=72&d=https%3A%2F%2Fa.slack-edge.com%2Fdf10d%2Fimg%2Favatars%2Fava_0017-72.png",
      "first_name": "Amy",
      "real_name": "Amy Leon",
      "display_name": "Amy Leon",
      "team": "T03U4J8HMUG",
      "name": "Amy",
      "is_restricted": false,
      "is_ultra_restricted": false
    },
    "thread_ts": "1666210433.816259",
    "parent_user_id": "U03UJGRN5E0"
  },
  {
    "client_msg_id": "e905c401-08a8-47a8-9aab-b5ad7f946e3e",
    "type": "message",
    "text": "<@U03UUR571A5> Do we have a common column that exists in both? I think we need a common column to join two tables, right?",
    "user": "U03UJGRN5E0",
    "ts": "1666211656.180889",
    "blocks": [
      {
        "type": "rich_text",
        "block_id": "AIy",
        "elements": [
          {
            "type": "rich_text_section",
            "elements": [
              {
                "type": "user",
                "user_id": "U03UUR571A5"
              },
              {
                "type": "text",
                "text": " Do we have a common column that exists in both? I think we need a common column to join two tables, right?"
              }
            ]
          }
        ]
      }
    ],
    "team": "T03U4J8HMUG",
    "user_team": "T03U4J8HMUG",
    "source_team": "T03U4J8HMUG",
    "user_profile": {
      "avatar_hash": "35b05758f532",
      "image_72": "https://avatars.slack-edge.com/2022-09-30/4156429070997_35b05758f532bdef5b5f_72.jpg",
      "first_name": "Katie",
      "real_name": "Katie Dickerson",
      "display_name": "Katie Dickerson",
      "team": "T03U4J8HMUG",
      "name": "Katie",
      "is_restricted": false,
      "is_ultra_restricted": false
    },
    "thread_ts": "1666210433.816259",
    "parent_user_id": "U03UJGRN5E0"
  },
  {
    "client_msg_id": "ede3aeff-e8fa-4a98-80a6-2b09fdff7e4d",
    "type": "message",
    "text": "Yes we have, on the nb.csv we have *`Trip ID`* for the driver_location_data we have *`order_id`* Those two are similar",
    "user": "U03UUR571A5",
    "ts": "1666211863.351049",
    "blocks": [
      {
        "type": "rich_text",
        "block_id": "w9PY",
        "elements": [
          {
            "type": "rich_text_section",
            "elements": [
              {
                "type": "text",
                "text": "Yes we have, on the nb.csv we have "
              },
              {
                "type": "text",
                "text": "Trip ID",
                "style": {
                  "bold": true,
                  "code": true
                }
              },
              {
                "type": "text",
                "text": " ",
                "style": {
                  "bold": true
                }
              },
              {
                "type": "text",
                "text": "for the driver_location_data we have "
              },
              {
                "type": "text",
                "text": "order_id",
                "style": {
                  "bold": true,
                  "code": true
                }
              },
              {
                "type": "text",
                "text": " Those two are similar"
              }
            ]
          }
        ]
      }
    ],
    "team": "T03U4J8HMUG",
    "user_team": "T03U4J8HMUG",
    "source_team": "T03U4J8HMUG",
    "user_profile": {
      "avatar_hash": "g95c5cde44bc",
      "image_72": "https://secure.gravatar.com/avatar/95c5cde44bc023bd369920b7e1ed0c94.jpg?s=72&d=https%3A%2F%2Fa.slack-edge.com%2Fdf10d%2Fimg%2Favatars%2Fava_0017-72.png",
      "first_name": "Amy",
      "real_name": "Amy Leon",
      "display_name": "Amy Leon",
      "team": "T03U4J8HMUG",
      "name": "Amy",
      "is_restricted": false,
      "is_ultra_restricted": false
    },
    "thread_ts": "1666210433.816259",
    "parent_user_id": "U03UJGRN5E0"
  },
  {
    "client_msg_id": "9dc078b6-6a73-435e-9794-314bc7ecc95d",
    "type": "message",
    "text": "but for the driver_location data the unique one is order_id+driver_id since the order is broadcasted to multiple drivers.",
    "user": "U03UUR571A5",
    "ts": "1666211936.642009",
    "blocks": [
      {
        "type": "rich_text",
        "block_id": "NYv",
        "elements": [
          {
            "type": "rich_text_section",
            "elements": [
              {
                "type": "text",
                "text": "but for the driver_location data the unique one is order_id+driver_id since the order is broadcasted to multiple drivers."
              }
            ]
          }
        ]
      }
    ],
    "team": "T03U4J8HMUG",
    "user_team": "T03U4J8HMUG",
    "source_team": "T03U4J8HMUG",
    "user_profile": {
      "avatar_hash": "g95c5cde44bc",
      "image_72": "https://secure.gravatar.com/avatar/95c5cde44bc023bd369920b7e1ed0c94.jpg?s=72&d=https%3A%2F%2Fa.slack-edge.com%2Fdf10d%2Fimg%2Favatars%2Fava_0017-72.png",
      "first_name": "Amy",
      "real_name": "Amy Leon",
      "display_name": "Amy Leon",
      "team": "T03U4J8HMUG",
      "name": "Amy",
      "is_restricted": false,
      "is_ultra_restricted": false
    },
    "thread_ts": "1666210433.816259",
    "parent_user_id": "U03UJGRN5E0",
    "reactions": [
      {
        "name": "white_check_mark",
        "users": [
          "U03U1FNPEUX"
        ],
        "count": 1
      }
    ]
  },
  {
    "client_msg_id": "7f318150-bfcb-48ef-ad51-a06b0b8923b5",
    "type": "message",
    "text": "<@U03UUR571A5> Thanks",
    "user": "U03UJGRN5E0",
    "ts": "1666211968.373929",
    "blocks": [
      {
        "type": "rich_text",
        "block_id": "wymuU",
        "elements": [
          {
            "type": "rich_text_section",
            "elements": [
              {
                "type": "user",
                "user_id": "U03UUR571A5"
              },
              {
                "type": "text",
                "text": " Thanks"
              }
            ]
          }
        ]
      }
    ],
    "team": "T03U4J8HMUG",
    "user_team": "T03U4J8HMUG",
    "source_team": "T03U4J8HMUG",
    "user_profile": {
      "avatar_hash": "35b05758f532",
      "image_72": "https://avatars.slack-edge.com/2022-09-30/4156429070997_35b05758f532bdef5b5f_72.jpg",
      "first_name": "Katie",
      "real_name": "Katie Dickerson",
      "display_name": "Katie Dickerson",
      "team": "T03U4J8HMUG",
      "name": "Katie",
      "is_restricted": false,
      "is_ultra_restricted": false
    },
    "thread_ts": "1666210433.816259",
    "parent_user_id": "U03UJGRN5E0",
    "reactions": [
      {
        "name": "white_check_mark",
        "users": [
          "U03UUR571A5"
        ],
        "count": 1
      }
    ]
  },
  {
    "client_msg_id": "b751e75c-7755-4978-b801-14a547f64b14",
    "type": "message",
    "text": "Latitude comes first in alphabetical order and it also is the first coordinate in a set. Longitude is the second coordinate in the set. Given a default arrangement.",
    "user": "U03UVHCV6KB",
    "ts": "1666212562.608319",
    "blocks": [
      {
        "type": "rich_text",
        "block_id": "k9m",
        "elements": [
          {
            "type": "rich_text_section",
            "elements": [
              {
                "type": "text",
                "text": "Latitude comes first in alphabetical order and it also is the first coordinate in a set. Longitude is the second coordinate in the set. Given a default arrangement."
              }
            ]
          }
        ]
      }
    ],
    "team": "T03U4J8HMUG",
    "user_team": "T03U4J8HMUG",
    "source_team": "T03U4J8HMUG",
    "user_profile": {
      "avatar_hash": "gc9619121f99",
      "image_72": "https://secure.gravatar.com/avatar/c9619121f998ee4a7e46177f2a5729de.jpg?s=72&d=https%3A%2F%2Fa.slack-edge.com%2Fdf10d%2Fimg%2Favatars%2Fava_0002-72.png",
      "first_name": "Travis",
      "real_name": "Travis Butler",
      "display_name": "Travis Butler",
      "team": "T03U4J8HMUG",
      "name": "Travis",
      "is_restricted": false,
      "is_ultra_restricted": false
    },
    "thread_ts": "1666210049.595489",
    "parent_user_id": "U03UJN29Y4C"
  },
  {
    "client_msg_id": "29cddfbb-687d-46ee-ba59-edba30bd1988",
    "type": "message",
    "text": "so to answer your question, no, in it is actually in reverse, latitude and then longitude",
    "user": "U03UVHCV6KB",
    "ts": "1666212634.678419",
    "blocks": [
      {
        "type": "rich_text",
        "block_id": "AbyY",
        "elements": [
          {
            "type": "rich_text_section",
            "elements": [
              {
                "type": "text",
                "text": "so to answer your question, no, in it is actually in reverse, latitude and then longitude"
              }
            ]
          }
        ]
      }
    ],
    "team": "T03U4J8HMUG",
    "user_team": "T03U4J8HMUG",
    "source_team": "T03U4J8HMUG",
    "user_profile": {
      "avatar_hash": "gc9619121f99",
      "image_72": "https://secure.gravatar.com/avatar/c9619121f998ee4a7e46177f2a5729de.jpg?s=72&d=https%3A%2F%2Fa.slack-edge.com%2Fdf10d%2Fimg%2Favatars%2Fava_0002-72.png",
      "first_name": "Travis",
      "real_name": "Travis Butler",
      "display_name": "Travis Butler",
      "team": "T03U4J8HMUG",
      "name": "Travis",
      "is_restricted": false,
      "is_ultra_restricted": false
    },
    "thread_ts": "1666210049.595489",
    "parent_user_id": "U03UJN29Y4C"
  },
  {
    "client_msg_id": "55633e9f-9adf-4445-bc3c-d9ceed461c79",
    "type": "message",
    "text": "more on that here: <https://www.geographyrealm.com/remember-difference-latitude-longitude/>",
    "user": "U03UVHCV6KB",
    "ts": "1666212652.469969",
    "blocks": [
      {
        "type": "rich_text",
        "block_id": "EAD4",
        "elements": [
          {
            "type": "rich_text_section",
            "elements": [
              {
                "type": "text",
                "text": "more on that here: "
              },
              {
                "type": "link",
                "url": "https://www.geographyrealm.com/remember-difference-latitude-longitude/"
              }
            ]
          }
        ]
      }
    ],
    "team": "T03U4J8HMUG",
    "user_team": "T03U4J8HMUG",
    "source_team": "T03U4J8HMUG",
    "user_profile": {
      "avatar_hash": "gc9619121f99",
      "image_72": "https://secure.gravatar.com/avatar/c9619121f998ee4a7e46177f2a5729de.jpg?s=72&d=https%3A%2F%2Fa.slack-edge.com%2Fdf10d%2Fimg%2Favatars%2Fava_0002-72.png",
      "first_name": "Travis",
      "real_name": "Travis Butler",
      "display_name": "Travis Butler",
      "team": "T03U4J8HMUG",
      "name": "Travis",
      "is_restricted": false,
      "is_ultra_restricted": false
    },
    "attachments": [
      {
        "from_url": "https://www.geographyrealm.com/remember-difference-latitude-longitude/",
        "ts": 1458399365,
        "image_url": "https://www.geographyrealm.com/wp-content/uploads/2016/03/ladder-longitude-latitude.png",
        "image_width": 451,
        "image_height": 250,
        "image_bytes": 68552,
        "service_icon": "https://cdn.shortpixel.ai/spai/q_lossy+ret_img+to_webp/https://www.geographyrealm.com/wp-content/uploads/2020/06/cropped-GeographyRealm-site-180x180.png",
        "id": 1,
        "original_url": "https://www.geographyrealm.com/remember-difference-latitude-longitude/",
        "fallback": "Geography Realm: How to Remember the Difference Between Latitude and Longitude",
        "text": "Here's a simple way to remember the difference between latitude and longitude and which comes first when you encounter a set of coordinates.",
        "title": "How to Remember the Difference Between Latitude and Longitude",
        "title_link": "https://www.geographyrealm.com/remember-difference-latitude-longitude/",
        "service_name": "Geography Realm",
        "fields": [
          {
            "value": "Caitlin Dempsey",
            "title": "Written by",
            "short": true
          },
          {
            "value": "3 minutes",
            "title": "Est. reading time",
            "short": true
          }
        ]
      }
    ],
    "thread_ts": "1666210049.595489",
    "parent_user_id": "U03UJN29Y4C"
  },
  {
    "client_msg_id": "c6f9b53a-a138-453a-a7d8-85333eefa6ae",
    "type": "message",
    "text": "Thank you Fish",
    "user": "U03UJN29Y4C",
    "ts": "1666214193.823399",
    "blocks": [
      {
        "type": "rich_text",
        "block_id": "b5+T",
        "elements": [
          {
            "type": "rich_text_section",
            "elements": [
              {
                "type": "text",
                "text": "Thank you Fish"
              }
            ]
          }
        ]
      }
    ],
    "team": "T03U4J8HMUG",
    "user_team": "T03U4J8HMUG",
    "source_team": "T03U4J8HMUG",
    "user_profile": {
      "avatar_hash": "9bf024280cf1",
      "image_72": "https://avatars.slack-edge.com/2022-10-08/4190947116101_9bf024280cf14dffb003_72.jpg",
      "first_name": "Michelle",
      "real_name": "Michelle Lewis",
      "display_name": "Michelle Lewis",
      "team": "T03U4J8HMUG",
      "name": "Michelle",
      "is_restricted": false,
      "is_ultra_restricted": false
    },
    "thread_ts": "1666210049.595489",
    "parent_user_id": "U03UJN29Y4C",
    "reactions": [
      {
        "name": "white_check_mark",
        "users": [
          "U03UVHCV6KB"
        ],
        "count": 1
      }
    ]
  },
  {
    "client_msg_id": "b64aaeb2-8a77-4d23-b1a8-835a2bb7e3b8",
    "type": "message",
    "text": "On task 1 Exercise 2 of this week challenge we are required to create some relevant features using data that can be obtained in the public domain like rain vs no rain, holiday vs not-holiday however to do this types of feature additions we need to have time stamps which is not provided, how do you think we can deal with this issue?",
    "user": "U03UG0YHAUT",
    "ts": "1666243259.033569",
    "blocks": [
      {
        "type": "rich_text",
        "block_id": "QziF",
        "elements": [
          {
            "type": "rich_text_section",
            "elements": [
              {
                "type": "text",
                "text": "On task 1 Exercise 2 of this week challenge we are required to create some relevant features using data that can be obtained in the public domain like rain vs no rain, holiday vs not-holiday however to do this types of feature additions we need to have time stamps which is not provided, how do you think we can deal with this issue?"
              }
            ]
          }
        ]
      }
    ],
    "team": "T03U4J8HMUG",
    "user_team": "T03U4J8HMUG",
    "source_team": "T03U4J8HMUG",
    "user_profile": {
      "avatar_hash": "e7b0c8269999",
      "image_72": "https://avatars.slack-edge.com/2022-09-20/4099393715542_e7b0c82699998d3b3ade_72.jpg",
      "first_name": "Daniel",
      "real_name": "Daniel Brown",
      "display_name": "Daniel Brown",
      "team": "T03U4J8HMUG",
      "name": "Daniel",
      "is_restricted": false,
      "is_ultra_restricted": false
    }
  },
  {
    "client_msg_id": "33ee7a5b-0031-4137-9e95-8e60c36ae03f",
    "type": "message",
    "text": "<@U03UP7V9Q57>",
    "user": "U03U93GNNVB",
    "ts": "1666243904.266079",
    "blocks": [
      {
        "type": "rich_text",
        "block_id": "Y9rP8",
        "elements": [
          {
            "type": "rich_text_section",
            "elements": [
              {
                "type": "user",
                "user_id": "U03UP7V9Q57"
              }
            ]
          }
        ]
      }
    ],
    "team": "T03U4J8HMUG",
    "user_team": "T03U4J8HMUG",
    "source_team": "T03U4J8HMUG",
    "user_profile": {
      "avatar_hash": "a49779ad093d",
      "image_72": "https://avatars.slack-edge.com/2022-08-22/3994045204528_a49779ad093d4fc39a87_72.jpg",
      "first_name": "Katherine",
      "real_name": "Katherine Foster",
      "display_name": "Katherine Foster",
      "team": "T03U4J8HMUG",
      "name": "Katherine",
      "is_restricted": false,
      "is_ultra_restricted": false
    },
    "thread_ts": "1666173062.008659",
    "parent_user_id": "U03UH397319"
  },
  {
    "client_msg_id": "e4eb135b-b32c-43dd-a759-813cff4c64fd",
    "type": "message",
    "text": "How was yesterday's guest talk?",
    "user": "U03U93GNNVB",
    "ts": "1666243918.977219",
    "blocks": [
      {
        "type": "rich_text",
        "block_id": "ZrUDr",
        "elements": [
          {
            "type": "rich_text_section",
            "elements": [
              {
                "type": "text",
                "text": "How was yesterday's guest talk?"
              }
            ]
          }
        ]
      }
    ],
    "team": "T03U4J8HMUG",
    "user_team": "T03U4J8HMUG",
    "source_team": "T03U4J8HMUG",
    "user_profile": {
      "avatar_hash": "a49779ad093d",
      "image_72": "https://avatars.slack-edge.com/2022-08-22/3994045204528_a49779ad093d4fc39a87_72.jpg",
      "first_name": "Katherine",
      "real_name": "Katherine Foster",
      "display_name": "Katherine Foster",
      "team": "T03U4J8HMUG",
      "name": "Katherine",
      "is_restricted": false,
      "is_ultra_restricted": false
    },
    "thread_ts": "1666243918.977219",
    "reply_count": 5,
    "reply_users_count": 3,
    "latest_reply": "1666264324.300969",
    "reply_users": [
      "U03UG0YHAUT",
      "U03UVHCV6KB",
      "U03U93GNNVB"
    ],
    "replies": [
      {
        "user": "U03UG0YHAUT",
        "ts": "1666244039.503269"
      },
      {
        "user": "U03UVHCV6KB",
        "ts": "1666254675.626219"
      },
      {
        "user": "U03U93GNNVB",
        "ts": "1666258762.163209"
      },
      {
        "user": "U03UVHCV6KB",
        "ts": "1666264027.308979"
      },
      {
        "user": "U03UVHCV6KB",
        "ts": "1666264324.300969"
      }
    ],
    "is_locked": false,
    "subscribed": false
  },
  {
    "client_msg_id": "5642133d-8f5c-4121-9fca-e455c809a6ee",
    "type": "message",
    "text": "<@U03U93GNNVB> That was nice and it provided a lot of domain knowledge.",
    "user": "U03UG0YHAUT",
    "ts": "1666244039.503269",
    "blocks": [
      {
        "type": "rich_text",
        "block_id": "i93v",
        "elements": [
          {
            "type": "rich_text_section",
            "elements": [
              {
                "type": "user",
                "user_id": "U03U93GNNVB"
              },
              {
                "type": "text",
                "text": " That was nice and it provided a lot of domain knowledge."
              }
            ]
          }
        ]
      }
    ],
    "team": "T03U4J8HMUG",
    "user_team": "T03U4J8HMUG",
    "source_team": "T03U4J8HMUG",
    "user_profile": {
      "avatar_hash": "e7b0c8269999",
      "image_72": "https://avatars.slack-edge.com/2022-09-20/4099393715542_e7b0c82699998d3b3ade_72.jpg",
      "first_name": "Daniel",
      "real_name": "Daniel Brown",
      "display_name": "Daniel Brown",
      "team": "T03U4J8HMUG",
      "name": "Daniel",
      "is_restricted": false,
      "is_ultra_restricted": false
    },
    "thread_ts": "1666243918.977219",
    "parent_user_id": "U03U93GNNVB"
  },
  {
    "client_msg_id": "50a7cae0-fd0f-4485-92f8-3b4e429782f2",
    "type": "message",
    "text": "I tried this way, df_merge = df_nb.merge(df_loc, how = 'inner', on = ['Trip ID', 'order_id']).  but it didn't work for me. how does it work for you? <@U03UJGRN5E0>",
    "user": "U03UJH1EQQL",
    "ts": "1666244660.884179",
    "blocks": [
      {
        "type": "rich_text",
        "block_id": "KwI",
        "elements": [
          {
            "type": "rich_text_section",
            "elements": [
              {
                "type": "text",
                "text": "I tried this way, df_merge = df_nb.merge(df_loc, how = 'inner', on = ['Trip ID', 'order_id']).  but it didn't work for me. how does it work for you? "
              },
              {
                "type": "user",
                "user_id": "U03UJGRN5E0"
              }
            ]
          }
        ]
      }
    ],
    "team": "T03U4J8HMUG",
    "user_team": "T03U4J8HMUG",
    "source_team": "T03U4J8HMUG",
    "user_profile": {
      "avatar_hash": "81b299d9869c",
      "image_72": "https://avatars.slack-edge.com/2022-08-20/3953555815671_81b299d9869ca44e70c1_72.png",
      "first_name": "Kelly",
      "real_name": "Kelly Soto",
      "display_name": "Kelly Soto",
      "team": "T03U4J8HMUG",
      "name": "Kelly",
      "is_restricted": false,
      "is_ultra_restricted": false
    },
    "thread_ts": "1666210433.816259",
    "parent_user_id": "U03UJGRN5E0"
  },
  {
    "client_msg_id": "cb249dd0-f7b2-4894-a7f1-17c29409bbc9",
    "type": "message",
    "text": "this is what worked for me\n```order_df.merge(trip_df, how='inner', left_on='order_id',right_on=\"Trip ID\")```",
    "user": "U03UJGRN5E0",
    "ts": "1666246178.540469",
    "blocks": [
      {
        "type": "rich_text",
        "block_id": "=G+",
        "elements": [
          {
            "type": "rich_text_section",
            "elements": [
              {
                "type": "text",
                "text": "this is what worked for me\n"
              }
            ]
          },
          {
            "type": "rich_text_preformatted",
            "elements": [
              {
                "type": "text",
                "text": "order_df.merge(trip_df, how='inner', left_on='order_id',right_on=\"Trip ID\")"
              }
            ],
            "border": 0
          }
        ]
      }
    ],
    "team": "T03U4J8HMUG",
    "user_team": "T03U4J8HMUG",
    "source_team": "T03U4J8HMUG",
    "user_profile": {
      "avatar_hash": "35b05758f532",
      "image_72": "https://avatars.slack-edge.com/2022-09-30/4156429070997_35b05758f532bdef5b5f_72.jpg",
      "first_name": "Katie",
      "real_name": "Katie Dickerson",
      "display_name": "Katie Dickerson",
      "team": "T03U4J8HMUG",
      "name": "Katie",
      "is_restricted": false,
      "is_ultra_restricted": false
    },
    "edited": {
      "user": "U03UJGRN5E0",
      "ts": "1666247588.000000"
    },
    "thread_ts": "1666210433.816259",
    "parent_user_id": "U03UJGRN5E0",
    "reactions": [
      {
        "name": "white_check_mark",
        "users": [
          "U03UG1Z21JP"
        ],
        "count": 1
      }
    ]
  },
  {
    "client_msg_id": "73357727-8320-48a6-8327-3b1e681e45dc",
    "type": "message",
    "text": "thanks <@U03UJGRN5E0>! it wok!",
    "user": "U03UJH1EQQL",
    "ts": "1666246448.339599",
    "blocks": [
      {
        "type": "rich_text",
        "block_id": "E9R0",
        "elements": [
          {
            "type": "rich_text_section",
            "elements": [
              {
                "type": "text",
                "text": "thanks "
              },
              {
                "type": "user",
                "user_id": "U03UJGRN5E0"
              },
              {
                "type": "text",
                "text": "! it wok!"
              }
            ]
          }
        ]
      }
    ],
    "team": "T03U4J8HMUG",
    "user_team": "T03U4J8HMUG",
    "source_team": "T03U4J8HMUG",
    "user_profile": {
      "avatar_hash": "81b299d9869c",
      "image_72": "https://avatars.slack-edge.com/2022-08-20/3953555815671_81b299d9869ca44e70c1_72.png",
      "first_name": "Kelly",
      "real_name": "Kelly Soto",
      "display_name": "Kelly Soto",
      "team": "T03U4J8HMUG",
      "name": "Kelly",
      "is_restricted": false,
      "is_ultra_restricted": false
    },
    "thread_ts": "1666210433.816259",
    "parent_user_id": "U03UJGRN5E0"
  }
]