[
  {
    "client_msg_id": "508d202b-9c84-4c0e-8a0b-3dea8641468f",
    "type": "message",
    "text": "<@U03U1FNPEUX> torch             1.12.1",
    "user": "U03UVHCV6KB",
    "ts": "1666513935.439479",
    "blocks": [
      {
        "type": "rich_text",
        "block_id": "WLcS",
        "elements": [
          {
            "type": "rich_text_section",
            "elements": [
              {
                "type": "user",
                "user_id": "U03U1FNPEUX"
              },
              {
                "type": "text",
                "text": " torch             1.12.1"
              }
            ]
          }
        ]
      }
    ],
    "team": "T03U4J8HMUG",
    "user_team": "T03U4J8HMUG",
    "source_team": "T03U4J8HMUG",
    "user_profile": {
      "avatar_hash": "gc9619121f99",
      "image_72": "https://secure.gravatar.com/avatar/c9619121f998ee4a7e46177f2a5729de.jpg?s=72&d=https%3A%2F%2Fa.slack-edge.com%2Fdf10d%2Fimg%2Favatars%2Fava_0002-72.png",
      "first_name": "Travis",
      "real_name": "Travis Butler",
      "display_name": "Travis Butler",
      "team": "T03U4J8HMUG",
      "name": "Travis",
      "is_restricted": false,
      "is_ultra_restricted": false
    },
    "thread_ts": "1666453751.515939",
    "parent_user_id": "U03UVHCV6KB"
  },
  {
    "client_msg_id": "7c2785a4-b284-4c3f-94cd-d971f232be3d",
    "type": "message",
    "text": "what is the python version you used to create the virtual environments in which you also installed causalnex? <@U03U1FNPEUX> <@U03UJGP0C68> <@U03UUR571A5>",
    "user": "U03UVHCV6KB",
    "ts": "1666516757.437419",
    "blocks": [
      {
        "type": "rich_text",
        "block_id": "u9y",
        "elements": [
          {
            "type": "rich_text_section",
            "elements": [
              {
                "type": "text",
                "text": "what is the python version you used to create the virtual environments in which you also installed causalnex? "
              },
              {
                "type": "user",
                "user_id": "U03U1FNPEUX"
              },
              {
                "type": "text",
                "text": " "
              },
              {
                "type": "user",
                "user_id": "U03UJGP0C68"
              },
              {
                "type": "text",
                "text": " "
              },
              {
                "type": "user",
                "user_id": "U03UUR571A5"
              }
            ]
          }
        ]
      }
    ],
    "team": "T03U4J8HMUG",
    "user_team": "T03U4J8HMUG",
    "source_team": "T03U4J8HMUG",
    "user_profile": {
      "avatar_hash": "gc9619121f99",
      "image_72": "https://secure.gravatar.com/avatar/c9619121f998ee4a7e46177f2a5729de.jpg?s=72&d=https%3A%2F%2Fa.slack-edge.com%2Fdf10d%2Fimg%2Favatars%2Fava_0002-72.png",
      "first_name": "Travis",
      "real_name": "Travis Butler",
      "display_name": "Travis Butler",
      "team": "T03U4J8HMUG",
      "name": "Travis",
      "is_restricted": false,
      "is_ultra_restricted": false
    },
    "thread_ts": "1666453751.515939",
    "parent_user_id": "U03UVHCV6KB"
  },
  {
    "client_msg_id": "b875361c-db5c-4f44-b59f-d43c57795d90",
    "type": "message",
    "text": "3.8",
    "user": "U03UJGP0C68",
    "ts": "1666519434.902969",
    "blocks": [
      {
        "type": "rich_text",
        "block_id": "Q8/4",
        "elements": [
          {
            "type": "rich_text_section",
            "elements": [
              {
                "type": "text",
                "text": "3.8"
              }
            ]
          }
        ]
      }
    ],
    "team": "T03U4J8HMUG",
    "user_team": "T03U4J8HMUG",
    "source_team": "T03U4J8HMUG",
    "user_profile": {
      "avatar_hash": "259faccdce43",
      "image_72": "https://avatars.slack-edge.com/2022-08-20/3965145363573_259faccdce439a8c6345_72.png",
      "first_name": "Judith",
      "real_name": "Judith Bolton",
      "display_name": "Judith Bolton",
      "team": "T03U4J8HMUG",
      "name": "Judith",
      "is_restricted": false,
      "is_ultra_restricted": false
    },
    "thread_ts": "1666453751.515939",
    "parent_user_id": "U03UVHCV6KB"
  },
  {
    "client_msg_id": "58030ae6-cd69-411e-a8ac-6e856d01e9c2",
    "type": "message",
    "text": "Thank you, my python version was 3.10",
    "user": "U03UVHCV6KB",
    "ts": "1666521758.493219",
    "blocks": [
      {
        "type": "rich_text",
        "block_id": "t9UF=",
        "elements": [
          {
            "type": "rich_text_section",
            "elements": [
              {
                "type": "text",
                "text": "Thank you, my python version was 3.10"
              }
            ]
          }
        ]
      }
    ],
    "team": "T03U4J8HMUG",
    "user_team": "T03U4J8HMUG",
    "source_team": "T03U4J8HMUG",
    "user_profile": {
      "avatar_hash": "gc9619121f99",
      "image_72": "https://secure.gravatar.com/avatar/c9619121f998ee4a7e46177f2a5729de.jpg?s=72&d=https%3A%2F%2Fa.slack-edge.com%2Fdf10d%2Fimg%2Favatars%2Fava_0002-72.png",
      "first_name": "Travis",
      "real_name": "Travis Butler",
      "display_name": "Travis Butler",
      "team": "T03U4J8HMUG",
      "name": "Travis",
      "is_restricted": false,
      "is_ultra_restricted": false
    },
    "thread_ts": "1666453751.515939",
    "parent_user_id": "U03UVHCV6KB"
  },
  {
    "client_msg_id": "838ee608-73a1-4c89-a842-aabb39eb0dab",
    "type": "message",
    "text": "<https://realpython.com/linear-programming-python/|Hands-On Linear Programming: Optimization With Python \u2013 Real Python>",
    "user": "U03UJH1EQQL",
    "ts": "1666544242.275809",
    "blocks": [
      {
        "type": "rich_text",
        "block_id": "X9qy",
        "elements": [
          {
            "type": "rich_text_section",
            "elements": [
              {
                "type": "link",
                "url": "https://realpython.com/linear-programming-python/",
                "text": "Hands-On Linear Programming: Optimization With Python \u2013 Real Python"
              }
            ]
          }
        ]
      }
    ],
    "team": "T03U4J8HMUG",
    "user_team": "T03U4J8HMUG",
    "source_team": "T03U4J8HMUG",
    "user_profile": {
      "avatar_hash": "81b299d9869c",
      "image_72": "https://avatars.slack-edge.com/2022-08-20/3953555815671_81b299d9869ca44e70c1_72.png",
      "first_name": "Kelly",
      "real_name": "Kelly Soto",
      "display_name": "Kelly Soto",
      "team": "T03U4J8HMUG",
      "name": "Kelly",
      "is_restricted": false,
      "is_ultra_restricted": false
    },
    "attachments": [
      {
        "from_url": "https://realpython.com/linear-programming-python/",
        "image_url": "https://files.realpython.com/media/Linear-Programming-in-Python_Watermarked.88e2dbe17fbf.jpg",
        "image_width": 444,
        "image_height": 250,
        "image_bytes": 219711,
        "service_icon": "https://realpython.com/favicon.ico",
        "id": 1,
        "original_url": "https://realpython.com/linear-programming-python/",
        "fallback": "Hands-On Linear Programming: Optimization With Python \u2013 Real Python",
        "text": "In this tutorial, you'll learn about implementing optimization in Python with linear programming libraries. Linear programming is one of the fundamental mathematical optimization techniques. You'll use SciPy and PuLP to solve linear programming problems.",
        "title": "Hands-On Linear Programming: Optimization With Python \u2013 Real Python",
        "title_link": "https://realpython.com/linear-programming-python/",
        "service_name": "realpython.com"
      }
    ]
  },
  {
    "client_msg_id": "d69f67f5-61a4-4abf-9b81-4902ca7f5e2f",
    "type": "message",
    "text": "<https://stackoverflow.com/questions/70941094/how-to-get-the-distance-between-two-geographic-coordinates-of-two-different-data>",
    "user": "U03U1FNPEUX",
    "ts": "1666552319.011779",
    "blocks": [
      {
        "type": "rich_text",
        "block_id": "RGcD",
        "elements": [
          {
            "type": "rich_text_section",
            "elements": [
              {
                "type": "link",
                "url": "https://stackoverflow.com/questions/70941094/how-to-get-the-distance-between-two-geographic-coordinates-of-two-different-data"
              }
            ]
          }
        ]
      }
    ],
    "team": "T03U4J8HMUG",
    "user_team": "T03U4J8HMUG",
    "source_team": "T03U4J8HMUG",
    "user_profile": {
      "avatar_hash": "37a12a7dbb92",
      "image_72": "https://avatars.slack-edge.com/2022-09-09/4058043481011_37a12a7dbb926b2c9c86_72.png",
      "first_name": "Joshua",
      "real_name": "Joshua Rhodes",
      "display_name": "Joshua Rhodes",
      "team": "T03U4J8HMUG",
      "name": "Joshua",
      "is_restricted": false,
      "is_ultra_restricted": false
    },
    "attachments": [
      {
        "from_url": "https://stackoverflow.com/questions/70941094/how-to-get-the-distance-between-two-geographic-coordinates-of-two-different-data",
        "thumb_url": "https://cdn.sstatic.net/Sites/stackoverflow/Img/apple-touch-icon@2.png?v=73d79a89bded",
        "thumb_width": 316,
        "thumb_height": 316,
        "service_icon": "https://cdn.sstatic.net/Sites/stackoverflow/Img/apple-touch-icon.png?v=c78bd457575a",
        "id": 1,
        "original_url": "https://stackoverflow.com/questions/70941094/how-to-get-the-distance-between-two-geographic-coordinates-of-two-different-data",
        "fallback": "Stack Overflow: How to get the distance between two geographic coordinates of two different dataframes?",
        "text": "I am working on a project for university, where I have two pandas dataframes: # Libraries import pandas as pd from geopy import distance # Dataframes df1 = pd.DataFr...",
        "title": "How to get the distance between two geographic coordinates of two different dataframes?",
        "title_link": "https://stackoverflow.com/questions/70941094/how-to-get-the-distance-between-two-geographic-coordinates-of-two-different-data",
        "service_name": "Stack Overflow"
      }
    ]
  }
]