[
  {
    "id": "F062N9R3W79",
    "created": 1698391938,
    "name": "Out_of_Office_Coverage_Plan",
    "title": "Out of Office Coverage Plan",
    "mimetype": "application\/vnd.slack-docs",
    "filetype": "quip",
    "pretty_type": "Canvas",
    "user": "USLACKBOT",
    "editable": true,
    "size": 721,
    "mode": "quip",
    "is_public": true,
    "is_tombstoned": false,
    "public_url_shared": false,
    "date_delete": 0,
    "url_private_download": "https:\/\/files.slack.com\/files-pri\/T03U4J8HMUG-F062N9R3W79\/download\/canvas?t=xoxe-3956620599968-6240746766294-6247387524178-110fc6768eefd7fcb909c4550875ed49",
    "shares": [
      {
        "team": "T03U4J8HMUG",
        "channel": "C03U4J8J4LQ"
      }
    ],
    "export_timestamp": 1700914953
  },
  {
    "id": "F062W6H4ELE",
    "created": 1698391909,
    "name": "Monthly_Newsletter",
    "title": "Monthly Newsletter",
    "mimetype": "application\/vnd.slack-docs",
    "filetype": "quip",
    "pretty_type": "Canvas",
    "user": "USLACKBOT",
    "editable": true,
    "size": 1334,
    "mode": "quip",
    "is_public": true,
    "is_tombstoned": false,
    "public_url_shared": false,
    "date_delete": 0,
    "url_private_download": "https:\/\/files.slack.com\/files-pri\/T03U4J8HMUG-F062W6H4ELE\/download\/canvas?t=xoxe-3956620599968-6240746766294-6247387524178-110fc6768eefd7fcb909c4550875ed49",
    "shares": [
      {
        "team": "T03U4J8HMUG",
        "channel": "C03U4J8J4LQ"
      }
    ],
    "export_timestamp": 1700914953
  },
  {
    "id": "F062W6HSM70",
    "created": 1698391920,
    "name": "Weekly_Sync",
    "title": "Weekly Sync",
    "mimetype": "application\/vnd.slack-docs",
    "filetype": "quip",
    "pretty_type": "Canvas",
    "user": "USLACKBOT",
    "editable": true,
    "size": 374,
    "mode": "quip",
    "is_public": true,
    "is_tombstoned": false,
    "public_url_shared": false,
    "date_delete": 0,
    "url_private_download": "https:\/\/files.slack.com\/files-pri\/T03U4J8HMUG-F062W6HSM70\/download\/canvas?t=xoxe-3956620599968-6240746766294-6247387524178-110fc6768eefd7fcb909c4550875ed49",
    "shares": [
      {
        "team": "T03U4J8HMUG",
        "channel": "C03U4J8J4LQ"
      }
    ],
    "export_timestamp": 1700914953
  },
  {
    "id": "F0632RE3JSE",
    "created": 1698391925,
    "name": "Product_Brief",
    "title": "Product Brief",
    "mimetype": "application\/vnd.slack-docs",
    "filetype": "quip",
    "pretty_type": "Canvas",
    "user": "USLACKBOT",
    "editable": true,
    "size": 571,
    "mode": "quip",
    "is_public": true,
    "is_tombstoned": false,
    "public_url_shared": false,
    "date_delete": 0,
    "url_private_download": "https:\/\/files.slack.com\/files-pri\/T03U4J8HMUG-F0632RE3JSE\/download\/canvas?t=xoxe-3956620599968-6240746766294-6247387524178-110fc6768eefd7fcb909c4550875ed49",
    "shares": [
      {
        "team": "T03U4J8HMUG",
        "channel": "C03U4J8J4LQ"
      }
    ],
    "export_timestamp": 1700914953
  },
  {
    "id": "F062W6KFEB0",
    "created": 1698391942,
    "name": "Technical_Specifications",
    "title": "Technical Specifications",
    "mimetype": "application\/vnd.slack-docs",
    "filetype": "quip",
    "pretty_type": "Canvas",
    "user": "USLACKBOT",
    "editable": true,
    "size": 748,
    "mode": "quip",
    "is_public": true,
    "is_tombstoned": false,
    "public_url_shared": false,
    "date_delete": 0,
    "url_private_download": "https:\/\/files.slack.com\/files-pri\/T03U4J8HMUG-F062W6KFEB0\/download\/canvas?t=xoxe-3956620599968-6240746766294-6247387524178-110fc6768eefd7fcb909c4550875ed49",
    "shares": [
      {
        "team": "T03U4J8HMUG",
        "channel": "C03U4J8J4LQ"
      }
    ],
    "export_timestamp": 1700914953
  },
  {
    "id": "F0632NQK6CB",
    "created": 1698391957,
    "name": "Objectives_and_Key_Results__OKRs_",
    "title": "Objectives and Key Results (OKRs)",
    "mimetype": "application\/vnd.slack-docs",
    "filetype": "quip",
    "pretty_type": "Canvas",
    "user": "USLACKBOT",
    "editable": true,
    "size": 717,
    "mode": "quip",
    "is_public": true,
    "is_tombstoned": false,
    "public_url_shared": false,
    "date_delete": 0,
    "url_private_download": "https:\/\/files.slack.com\/files-pri\/T03U4J8HMUG-F0632NQK6CB\/download\/canvas?t=xoxe-3956620599968-6240746766294-6247387524178-110fc6768eefd7fcb909c4550875ed49",
    "shares": [
      {
        "team": "T03U4J8HMUG",
        "channel": "C03U4J8J4LQ"
      }
    ],
    "export_timestamp": 1700914953
  },
  {
    "id": "F062W6GPM62",
    "created": 1698391904,
    "name": "Employee_Onboarding",
    "title": "Employee Onboarding",
    "mimetype": "application\/vnd.slack-docs",
    "filetype": "quip",
    "pretty_type": "Canvas",
    "user": "USLACKBOT",
    "editable": true,
    "size": 813,
    "mode": "quip",
    "is_public": true,
    "is_tombstoned": false,
    "public_url_shared": false,
    "date_delete": 0,
    "url_private_download": "https:\/\/files.slack.com\/files-pri\/T03U4J8HMUG-F062W6GPM62\/download\/canvas?t=xoxe-3956620599968-6240746766294-6247387524178-110fc6768eefd7fcb909c4550875ed49",
    "shares": [
      {
        "team": "T03U4J8HMUG",
        "channel": "C03U4J8J4LQ"
      }
    ],
    "export_timestamp": 1700914953
  },
  {
    "id": "F063RR8L2BA",
    "created": 1698391934,
    "name": "Sales_Enablement_Hub",
    "title": "Sales Enablement Hub",
    "mimetype": "application\/vnd.slack-docs",
    "filetype": "quip",
    "pretty_type": "Canvas",
    "user": "USLACKBOT",
    "editable": true,
    "size": 653,
    "mode": "quip",
    "is_public": true,
    "is_tombstoned": false,
    "public_url_shared": false,
    "date_delete": 0,
    "url_private_download": "https:\/\/files.slack.com\/files-pri\/T03U4J8HMUG-F063RR8L2BA\/download\/canvas?t=xoxe-3956620599968-6240746766294-6247387524178-110fc6768eefd7fcb909c4550875ed49",
    "shares": [
      {
        "team": "T03U4J8HMUG",
        "channel": "C03U4J8J4LQ"
      }
    ],
    "export_timestamp": 1700914953
  },
  {
    "id": "F062ZTTRN2Z",
    "created": 1698391961,
    "name": "Employee_Benefits",
    "title": "Employee Benefits",
    "mimetype": "application\/vnd.slack-docs",
    "filetype": "quip",
    "pretty_type": "Canvas",
    "user": "USLACKBOT",
    "editable": true,
    "size": 452,
    "mode": "quip",
    "is_public": true,
    "is_tombstoned": false,
    "public_url_shared": false,
    "date_delete": 0,
    "url_private_download": "https:\/\/files.slack.com\/files-pri\/T03U4J8HMUG-F062ZTTRN2Z\/download\/canvas?t=xoxe-3956620599968-6240746766294-6247387524178-110fc6768eefd7fcb909c4550875ed49",
    "shares": [
      {
        "team": "T03U4J8HMUG",
        "channel": "C03U4J8J4LQ"
      }
    ],
    "export_timestamp": 1700914953
  },
  {
    "id": "F063599NCCC",
    "created": 1698391948,
    "name": "Incident_Summary",
    "title": "Incident Summary",
    "mimetype": "application\/vnd.slack-docs",
    "filetype": "quip",
    "pretty_type": "Canvas",
    "user": "USLACKBOT",
    "editable": true,
    "size": 579,
    "mode": "quip",
    "is_public": true,
    "is_tombstoned": false,
    "public_url_shared": false,
    "date_delete": 0,
    "url_private_download": "https:\/\/files.slack.com\/files-pri\/T03U4J8HMUG-F063599NCCC\/download\/canvas?t=xoxe-3956620599968-6240746766294-6247387524178-110fc6768eefd7fcb909c4550875ed49",
    "shares": [
      {
        "team": "T03U4J8HMUG",
        "channel": "C03U4J8J4LQ"
      }
    ],
    "export_timestamp": 1700914953
  },
  {
    "id": "F063RR75SNL",
    "created": 1698391913,
    "name": "Channel_Overview",
    "title": "Channel Overview",
    "mimetype": "application\/vnd.slack-docs",
    "filetype": "quip",
    "pretty_type": "Canvas",
    "user": "USLACKBOT",
    "editable": true,
    "size": 189,
    "mode": "quip",
    "is_public": true,
    "is_tombstoned": false,
    "public_url_shared": false,
    "date_delete": 0,
    "url_private_download": "https:\/\/files.slack.com\/files-pri\/T03U4J8HMUG-F063RR75SNL\/download\/canvas?t=xoxe-3956620599968-6240746766294-6247387524178-110fc6768eefd7fcb909c4550875ed49",
    "shares": [
      {
        "team": "T03U4J8HMUG",
        "channel": "C03U4J8J4LQ"
      }
    ],
    "export_timestamp": 1700914953
  },
  {
    "id": "F062ZTUD4PP",
    "created": 1698391968,
    "name": "Agenda",
    "title": "Agenda",
    "mimetype": "application\/vnd.slack-docs",
    "filetype": "quip",
    "pretty_type": "Canvas",
    "user": "USLACKBOT",
    "editable": true,
    "size": 276,
    "mode": "quip",
    "is_public": true,
    "is_tombstoned": false,
    "public_url_shared": false,
    "date_delete": 0,
    "url_private_download": "https:\/\/files.slack.com\/files-pri\/T03U4J8HMUG-F062ZTUD4PP\/download\/canvas?t=xoxe-3956620599968-6240746766294-6247387524178-110fc6768eefd7fcb909c4550875ed49",
    "shares": [
      {
        "team": "T03U4J8HMUG",
        "channel": "C03U4J8J4LQ"
      }
    ],
    "export_timestamp": 1700914954
  },
  {
    "id": "F062ZTT6FT7",
    "created": 1698391953,
    "name": "Event_Planning",
    "title": "Event Planning",
    "mimetype": "application\/vnd.slack-docs",
    "filetype": "quip",
    "pretty_type": "Canvas",
    "user": "USLACKBOT",
    "editable": true,
    "size": 176,
    "mode": "quip",
    "is_public": true,
    "is_tombstoned": false,
    "public_url_shared": false,
    "date_delete": 0,
    "url_private_download": "https:\/\/files.slack.com\/files-pri\/T03U4J8HMUG-F062ZTT6FT7\/download\/canvas?t=xoxe-3956620599968-6240746766294-6247387524178-110fc6768eefd7fcb909c4550875ed49",
    "shares": [
      {
        "team": "T03U4J8HMUG",
        "channel": "C03U4J8J4LQ"
      }
    ],
    "export_timestamp": 1700914954
  },
  {
    "id": "F062W6M8TK8",
    "created": 1698391965,
    "name": "Shared_Resources",
    "title": "Shared Resources",
    "mimetype": "application\/vnd.slack-docs",
    "filetype": "quip",
    "pretty_type": "Canvas",
    "user": "USLACKBOT",
    "editable": true,
    "size": 199,
    "mode": "quip",
    "is_public": true,
    "is_tombstoned": false,
    "public_url_shared": false,
    "date_delete": 0,
    "url_private_download": "https:\/\/files.slack.com\/files-pri\/T03U4J8HMUG-F062W6M8TK8\/download\/canvas?t=xoxe-3956620599968-6240746766294-6247387524178-110fc6768eefd7fcb909c4550875ed49",
    "shares": [
      {
        "team": "T03U4J8HMUG",
        "channel": "C03U4J8J4LQ"
      }
    ],
    "export_timestamp": 1700914954
  },
  {
    "id": "F062ZTRC5E1",
    "created": 1698391930,
    "name": "Marketing_Project_Outline",
    "title": "Marketing Project Outline",
    "mimetype": "application\/vnd.slack-docs",
    "filetype": "quip",
    "pretty_type": "Canvas",
    "user": "USLACKBOT",
    "editable": true,
    "size": 501,
    "mode": "quip",
    "is_public": true,
    "is_tombstoned": false,
    "public_url_shared": false,
    "date_delete": 0,
    "url_private_download": "https:\/\/files.slack.com\/files-pri\/T03U4J8HMUG-F062ZTRC5E1\/download\/canvas?t=xoxe-3956620599968-6240746766294-6247387524178-110fc6768eefd7fcb909c4550875ed49",
    "shares": [
      {
        "team": "T03U4J8HMUG",
        "channel": "C03U4J8J4LQ"
      }
    ],
    "export_timestamp": 1700914954
  }
]