[
  {
    "user_id": "U03UG1Z21JP",
    "user_name": "thamarniyo",
    "date": 1667300871,
    "change_type": "added",
    "app_type": "Lucid",
    "app_id": "A01QUPTQRNX",
    "scope": "openid,email,profile"
  },
  {
    "user_id": "U03T89ACUUW",
    "user_name": "evariste",
    "date": 1665649738,
    "change_type": "added",
    "app_type": "Polly",
    "app_id": "A04E6JX41"
  },
  {
    "user_id": "U03UJN29Y4C",
    "user_name": "aojutomori",
    "date": 1665601663,
    "change_type": "added",
    "app_type": "Lucid",
    "app_id": "A01QUPTQRNX",
    "scope": "openid,email,profile"
  },
  {
    "user_id": "U03UUMR26Q1",
    "user_name": "bekiman21",
    "date": 1665567076,
    "change_type": "added",
    "app_type": "Lucid",
    "app_id": "A01QUPTQRNX",
    "scope": "openid,email,profile"
  },
  {
    "user_id": "U03U1J51VFZ",
    "user_name": "birtukankuma1113",
    "date": 1665485798,
    "change_type": "added",
    "app_type": "Lucid",
    "app_id": "A01QUPTQRNX",
    "scope": "openid,email,profile"
  },
  {
    "user_id": "U03UUR571A5",
    "user_name": "natrix277",
    "date": 1665475645,
    "change_type": "added",
    "app_type": "Lucid",
    "app_id": "A01QUPTQRNX",
    "scope": "openid,email,profile"
  },
  {
    "user_id": "U03U1HAG9TR",
    "user_name": "janerosenyams",
    "date": 1664868214,
    "change_type": "updated",
    "service_id": 4170368832642,
    "service_type": "Giphy",
    "scope": "commands"
  },
  {
    "user_id": "U03U1HAG9TR",
    "user_name": "janerosenyams",
    "date": 1664868206,
    "change_type": "added",
    "service_id": 4170368832642,
    "service_type": "Giphy",
    "scope": "commands"
  },
  {
    "user_id": "U03TEPYRM2P",
    "user_name": "asalawu",
    "date": 1664015312,
    "change_type": "removed",
    "reason": "user_deactivated",
    "app_type": "Canva",
    "app_id": "A028R8CCLNR",
    "scope": "identify,channels:read,groups:read,im:read,mpim:read"
  },
  {
    "user_id": "U03UD5B7C3X",
    "user_name": "gwangui00000",
    "date": 1662534864,
    "change_type": "added",
    "service_id": 4058519162801,
    "service_type": "Google Drive",
    "scope": "files:write:user"
  },
  {
    "user_id": "U03UD5B7C3X",
    "user_name": "gwangui00000",
    "date": 1662534864,
    "change_type": "added",
    "app_type": "Google Drive",
    "app_id": "A6NL8MJ6Q"
  },
  {
    "user_id": "U03UVHCV6KB",
    "user_name": "fisseha.137",
    "date": 1661515235,
    "change_type": "added",
    "app_type": "Google Calendar",
    "app_id": "ADZ494LHY"
  },
  {
    "user_id": "U03UVHCV6KB",
    "user_name": "fisseha.137",
    "date": 1661515234,
    "change_type": "added",
    "app_type": "Google Calendar",
    "app_id": "ADZ494LHY",
    "scope": "identify,users.profile:write"
  },
  {
    "user_id": "U03UGB3T3MY",
    "user_name": "amdeamd7",
    "date": 1661252624,
    "change_type": "added",
    "app_type": "Canva",
    "app_id": "A028R8CCLNR"
  },
  {
    "user_id": "U03UGB3T3MY",
    "user_name": "amdeamd7",
    "date": 1661252623,
    "change_type": "added",
    "app_type": "Canva",
    "app_id": "A028R8CCLNR",
    "scope": "identify,channels:read,groups:read,im:read,mpim:read"
  },
  {
    "user_id": "U03U1HAG9TR",
    "user_name": "janerosenyams",
    "date": 1661168665,
    "change_type": "added",
    "app_type": "GitHub",
    "app_id": "A01BP7R4KNY"
  },
  {
    "user_id": "U03UUN8M4RX",
    "user_name": "yabebal535",
    "date": 1661016501,
    "change_type": "added",
    "app_type": "AppDMB6",
    "app_id": "A03UUNMAVMX"
  },
  {
    "user_id": "U03UUN8M4RX",
    "user_name": "yabebal535",
    "date": 1661016500,
    "change_type": "added",
    "app_type": "AppDMB6",
    "app_id": "A03UUNMAVMX",
    "scope": "identify,channels:history,groups:history,im:history,mpim:history,channels:read,emoji:read,groups:read,im:read,mpim:read,reactions:read,search:read,team:read,users:read,users:read.email,usergroups:read,users.profile:read,im:write,users:write,users.profile:write,links:read,admin.usergroups:read,bookmarks:read,calls:read,team.preferences:read"
  }
]