[
  {
    "type": "message",
    "text": "2 more volunteers please.",
    "user": "U03TT5KEYCF",
    "ts": "1664563772.064379",
    "blocks": [
      {
        "type": "rich_text",
        "block_id": "q4Ji",
        "elements": [
          {
            "type": "rich_text_section",
            "elements": [
              {
                "type": "text",
                "text": "2 more volunteers please."
              }
            ]
          }
        ]
      }
    ],
    "team": "T03U4J8HMUG",
    "user_team": "T03U4J8HMUG",
    "source_team": "T03U4J8HMUG",
    "user_profile": {
      "avatar_hash": "aae36184306b",
      "image_72": "https://avatars.slack-edge.com/2022-08-18/3945210198087_aae36184306bb9e0b018_72.jpg",
      "first_name": "Luis",
      "real_name": "Luis Ingram",
      "display_name": "Luis Ingram",
      "team": "T03U4J8HMUG",
      "name": "Luis",
      "is_restricted": false,
      "is_ultra_restricted": false
    },
    "attachments": [
      {
        "from_url": "https://10academybatch6.slack.com/archives/C03T89KDGA2/p1664475593323879",
        "ts": "1664475593.323879",
        "author_id": "U03TT5KEYCF",
        "channel_id": "C03T89KDGA2",
        "channel_team": "T03U4J8HMUG",
        "is_msg_unfurl": true,
        "message_blocks": [
          {
            "team": "T03U4J8HMUG",
            "channel": "C03T89KDGA2",
            "ts": "1664475593.323879",
            "message": {
              "blocks": [
                {
                  "type": "rich_text",
                  "block_id": "W44",
                  "elements": [
                    {
                      "type": "rich_text_section",
                      "elements": [
                        {
                          "type": "broadcast",
                          "range": "channel"
                        },
                        {
                          "type": "text",
                          "text": " please react with a "
                        },
                        {
                          "type": "emoji",
                          "name": "fire",
                          "unicode": "1f525"
                        },
                        {
                          "type": "text",
                          "text": " if you will be interested in next week mock interview ."
                        }
                      ]
                    }
                  ]
                }
              ]
            }
          }
        ],
        "color": "D0D0D0",
        "is_share": true,
        "fallback": "[September 29th, 2022 7:19 PM] mmusa: <!channel> please react with a :fire: if you will be interested in next week mock interview .",
        "text": "<!channel> please react with a :fire: if you will be interested in next week mock interview .",
        "author_name": "Maryam Musa",
        "author_link": "https://10academybatch6.slack.com/team/U03TT5KEYCF",
        "author_icon": "https://avatars.slack-edge.com/2022-08-18/3945210198087_aae36184306bb9e0b018_48.jpg",
        "author_subname": "Maryam Musa",
        "mrkdwn_in": [
          "text"
        ],
        "footer": "Slack Conversation"
      }
    ]
  }
]