[
  {
    "client_msg_id": "58C65996-1E3B-466F-B2AA-24A60C076FB3",
    "type": "message",
    "text": "In my understanding, they build data pipelines and try to teach models to gain predictions or insights from data , but their focus mainly on maintaining models ",
    "user": "U03V6HMRPGQ",
    "ts": "1665558732.830109",
    "blocks": [
      {
        "type": "rich_text",
        "block_id": "0Iru",
        "elements": [
          {
            "type": "rich_text_section",
            "elements": [
              {
                "type": "text",
                "text": "In"
              },
              {
                "type": "text",
                "text": " "
              },
              {
                "type": "text",
                "text": "my"
              },
              {
                "type": "text",
                "text": " understanding"
              },
              {
                "type": "text",
                "text": ","
              },
              {
                "type": "text",
                "text": " "
              },
              {
                "type": "text",
                "text": "they"
              },
              {
                "type": "text",
                "text": " "
              },
              {
                "type": "text",
                "text": "build"
              },
              {
                "type": "text",
                "text": " "
              },
              {
                "type": "text",
                "text": "data"
              },
              {
                "type": "text",
                "text": " pipeline"
              },
              {
                "type": "text",
                "text": "s"
              },
              {
                "type": "text",
                "text": " "
              },
              {
                "type": "text",
                "text": "and"
              },
              {
                "type": "text",
                "text": " "
              },
              {
                "type": "text",
                "text": "try"
              },
              {
                "type": "text",
                "text": " "
              },
              {
                "type": "text",
                "text": "to"
              },
              {
                "type": "text",
                "text": " "
              },
              {
                "type": "text",
                "text": "teach"
              },
              {
                "type": "text",
                "text": " "
              },
              {
                "type": "text",
                "text": "models"
              },
              {
                "type": "text",
                "text": " "
              },
              {
                "type": "text",
                "text": "to"
              },
              {
                "type": "text",
                "text": " "
              },
              {
                "type": "text",
                "text": "gain"
              },
              {
                "type": "text",
                "text": " predictions "
              },
              {
                "type": "text",
                "text": "or"
              },
              {
                "type": "text",
                "text": " insights "
              },
              {
                "type": "text",
                "text": "from"
              },
              {
                "type": "text",
                "text": " "
              },
              {
                "type": "text",
                "text": "data"
              },
              {
                "type": "text",
                "text": " "
              },
              {
                "type": "text",
                "text": ","
              },
              {
                "type": "text",
                "text": " "
              },
              {
                "type": "text",
                "text": "but"
              },
              {
                "type": "text",
                "text": " "
              },
              {
                "type": "text",
                "text": "their"
              },
              {
                "type": "text",
                "text": " focus mainly "
              },
              {
                "type": "text",
                "text": "on"
              },
              {
                "type": "text",
                "text": " maintaining "
              },
              {
                "type": "text",
                "text": "models"
              },
              {
                "type": "text",
                "text": " "
              }
            ]
          }
        ]
      }
    ],
    "team": "T03U4J8HMUG",
    "user_team": "T03U4J8HMUG",
    "source_team": "T03U4J8HMUG",
    "user_profile": {
      "avatar_hash": "23fcf5329c03",
      "image_72": "https://avatars.slack-edge.com/2022-08-22/3969139924917_23fcf5329c03131c761f_72.png",
      "first_name": "Cristian",
      "real_name": "Cristian Wilson",
      "display_name": "Cristian Wilson",
      "team": "T03U4J8HMUG",
      "name": "Cristian",
      "is_restricted": false,
      "is_ultra_restricted": false
    },
    "thread_ts": "1665504642.246359",
    "parent_user_id": "U03V6HMRPGQ"
  },
  {
    "client_msg_id": "3b0fdead-7a18-4b10-8191-c4de294cb7f2",
    "type": "message",
    "text": "fine",
    "user": "U03U93GNNVB",
    "ts": "1665558761.135849",
    "blocks": [
      {
        "type": "rich_text",
        "block_id": "AVNO",
        "elements": [
          {
            "type": "rich_text_section",
            "elements": [
              {
                "type": "text",
                "text": "fine"
              }
            ]
          }
        ]
      }
    ],
    "team": "T03U4J8HMUG",
    "user_team": "T03U4J8HMUG",
    "source_team": "T03U4J8HMUG",
    "user_profile": {
      "avatar_hash": "a49779ad093d",
      "image_72": "https://avatars.slack-edge.com/2022-08-22/3994045204528_a49779ad093d4fc39a87_72.jpg",
      "first_name": "Katherine",
      "real_name": "Katherine Foster",
      "display_name": "Katherine Foster",
      "team": "T03U4J8HMUG",
      "name": "Katherine",
      "is_restricted": false,
      "is_ultra_restricted": false
    },
    "thread_ts": "1665504642.246359",
    "parent_user_id": "U03V6HMRPGQ"
  },
  {
    "client_msg_id": "5198ba83-afe6-441e-ae73-8ca1d620ea6d",
    "type": "message",
    "text": "in our experience, this may be true at large companies - where there is enough ML complexity to warrant people working full-time on just the modelling part.  Think Google.  In our experience, you will mostly all start at companies in the 5-150 person range, where you will do some ML work but a lot more of your work will be working on the interaction with the models.",
    "user": "U03U93GNNVB",
    "ts": "1665558843.269209",
    "blocks": [
      {
        "type": "rich_text",
        "block_id": "VYj",
        "elements": [
          {
            "type": "rich_text_section",
            "elements": [
              {
                "type": "text",
                "text": "in our experience, this may be true at large companies - where there is enough ML complexity to warrant people working full-time on just the modelling part.  Think Google.  In our experience, you will mostly all start at companies in the 5-150 person range, where you will do some ML work but a lot more of your work will be working on the interaction with the models."
              }
            ]
          }
        ]
      }
    ],
    "team": "T03U4J8HMUG",
    "user_team": "T03U4J8HMUG",
    "source_team": "T03U4J8HMUG",
    "user_profile": {
      "avatar_hash": "a49779ad093d",
      "image_72": "https://avatars.slack-edge.com/2022-08-22/3994045204528_a49779ad093d4fc39a87_72.jpg",
      "first_name": "Katherine",
      "real_name": "Katherine Foster",
      "display_name": "Katherine Foster",
      "team": "T03U4J8HMUG",
      "name": "Katherine",
      "is_restricted": false,
      "is_ultra_restricted": false
    },
    "thread_ts": "1665504642.246359",
    "parent_user_id": "U03V6HMRPGQ"
  },
  {
    "client_msg_id": "426df7b1-76c1-49da-bff2-03aa29467c17",
    "type": "message",
    "text": "Dashboards, interfaces, tools for users, different outputs, etc.  Most of that will be web-dev focussed.",
    "user": "U03U93GNNVB",
    "ts": "1665558885.690349",
    "blocks": [
      {
        "type": "rich_text",
        "block_id": "Vw4U",
        "elements": [
          {
            "type": "rich_text_section",
            "elements": [
              {
                "type": "text",
                "text": "Dashboards, interfaces, tools for users, different outputs, etc.  Most of that will be web-dev focussed."
              }
            ]
          }
        ]
      }
    ],
    "team": "T03U4J8HMUG",
    "user_team": "T03U4J8HMUG",
    "source_team": "T03U4J8HMUG",
    "user_profile": {
      "avatar_hash": "a49779ad093d",
      "image_72": "https://avatars.slack-edge.com/2022-08-22/3994045204528_a49779ad093d4fc39a87_72.jpg",
      "first_name": "Katherine",
      "real_name": "Katherine Foster",
      "display_name": "Katherine Foster",
      "team": "T03U4J8HMUG",
      "name": "Katherine",
      "is_restricted": false,
      "is_ultra_restricted": false
    },
    "thread_ts": "1665504642.246359",
    "parent_user_id": "U03V6HMRPGQ"
  },
  {
    "client_msg_id": "628674ac-1a86-48e3-bb6b-4d1a4926a0d8",
    "type": "message",
    "text": "P.S. data pipelines = Data Eng",
    "user": "U03U93GNNVB",
    "ts": "1665558902.573809",
    "blocks": [
      {
        "type": "rich_text",
        "block_id": "C=pC",
        "elements": [
          {
            "type": "rich_text_section",
            "elements": [
              {
                "type": "text",
                "text": "P.S. data pipelines = Data Eng"
              }
            ]
          }
        ]
      }
    ],
    "team": "T03U4J8HMUG",
    "user_team": "T03U4J8HMUG",
    "source_team": "T03U4J8HMUG",
    "user_profile": {
      "avatar_hash": "a49779ad093d",
      "image_72": "https://avatars.slack-edge.com/2022-08-22/3994045204528_a49779ad093d4fc39a87_72.jpg",
      "first_name": "Katherine",
      "real_name": "Katherine Foster",
      "display_name": "Katherine Foster",
      "team": "T03U4J8HMUG",
      "name": "Katherine",
      "is_restricted": false,
      "is_ultra_restricted": false
    },
    "thread_ts": "1665504642.246359",
    "parent_user_id": "U03V6HMRPGQ"
  },
  {
    "type": "message",
    "text": "is a good view",
    "files": [
      {
        "id": "F045YCS3TNJ",
        "created": 1665558978,
        "timestamp": 1665558978,
        "name": "image.png",
        "title": "image.png",
        "mimetype": "image/png",
        "filetype": "png",
        "pretty_type": "PNG",
        "user": "U03U93GNNVB",
        "user_team": "T03U4J8HMUG",
        "editable": false,
        "size": 197843,
        "mode": "hosted",
        "is_external": false,
        "external_type": "",
        "is_public": true,
        "public_url_shared": false,
        "display_as_bot": false,
        "username": "",
        "url_private": "https://files.slack.com/files-pri/T03U4J8HMUG-F045YCS3TNJ/image.png?t=xoxe-3956620599968-6240746766294-6247387524178-110fc6768eefd7fcb909c4550875ed49",
        "url_private_download": "https://files.slack.com/files-pri/T03U4J8HMUG-F045YCS3TNJ/download/image.png?t=xoxe-3956620599968-6240746766294-6247387524178-110fc6768eefd7fcb909c4550875ed49",
        "media_display_type": "unknown",
        "thumb_64": "https://files.slack.com/files-tmb/T03U4J8HMUG-F045YCS3TNJ-c6f256e445/image_64.png?t=xoxe-3956620599968-6240746766294-6247387524178-110fc6768eefd7fcb909c4550875ed49",
        "thumb_80": "https://files.slack.com/files-tmb/T03U4J8HMUG-F045YCS3TNJ-c6f256e445/image_80.png?t=xoxe-3956620599968-6240746766294-6247387524178-110fc6768eefd7fcb909c4550875ed49",
        "thumb_360": "https://files.slack.com/files-tmb/T03U4J8HMUG-F045YCS3TNJ-c6f256e445/image_360.png?t=xoxe-3956620599968-6240746766294-6247387524178-110fc6768eefd7fcb909c4550875ed49",
        "thumb_360_w": 360,
        "thumb_360_h": 308,
        "thumb_480": "https://files.slack.com/files-tmb/T03U4J8HMUG-F045YCS3TNJ-c6f256e445/image_480.png?t=xoxe-3956620599968-6240746766294-6247387524178-110fc6768eefd7fcb909c4550875ed49",
        "thumb_480_w": 480,
        "thumb_480_h": 410,
        "thumb_160": "https://files.slack.com/files-tmb/T03U4J8HMUG-F045YCS3TNJ-c6f256e445/image_160.png?t=xoxe-3956620599968-6240746766294-6247387524178-110fc6768eefd7fcb909c4550875ed49",
        "thumb_720": "https://files.slack.com/files-tmb/T03U4J8HMUG-F045YCS3TNJ-c6f256e445/image_720.png?t=xoxe-3956620599968-6240746766294-6247387524178-110fc6768eefd7fcb909c4550875ed49",
        "thumb_720_w": 720,
        "thumb_720_h": 616,
        "thumb_800": "https://files.slack.com/files-tmb/T03U4J8HMUG-F045YCS3TNJ-c6f256e445/image_800.png?t=xoxe-3956620599968-6240746766294-6247387524178-110fc6768eefd7fcb909c4550875ed49",
        "thumb_800_w": 800,
        "thumb_800_h": 684,
        "thumb_960": "https://files.slack.com/files-tmb/T03U4J8HMUG-F045YCS3TNJ-c6f256e445/image_960.png?t=xoxe-3956620599968-6240746766294-6247387524178-110fc6768eefd7fcb909c4550875ed49",
        "thumb_960_w": 960,
        "thumb_960_h": 821,
        "thumb_1024": "https://files.slack.com/files-tmb/T03U4J8HMUG-F045YCS3TNJ-c6f256e445/image_1024.png?t=xoxe-3956620599968-6240746766294-6247387524178-110fc6768eefd7fcb909c4550875ed49",
        "thumb_1024_w": 1024,
        "thumb_1024_h": 876,
        "original_w": 1243,
        "original_h": 1063,
        "thumb_tiny": "AwApADDTpnmH+41Ow2evFMx8/HX1xQAbif4Xo3H+69Ow394flRnHByfwoATef7jU+k3c4wfypaACoyuGyFJP1pxYA4/rQGyf/r0AJuP939aXeQR8vWo8D5uP1p6KCoyOlAC7/mxx+dLkZ603ad+cDFPoAaVyeCRRsXIODkU6igBrD5TgAmhPujjFOooAKKKKAP/Z",
        "permalink": "https://10academybatch6.slack.com/files/U03U93GNNVB/F045YCS3TNJ/image.png",
        "permalink_public": "https://slack-files.com/T03U4J8HMUG-F045YCS3TNJ-becb2a6be7",
        "is_starred": false,
        "has_rich_preview": false,
        "file_access": "visible"
      }
    ],
    "upload": false,
    "user": "U03U93GNNVB",
    "display_as_bot": false,
    "ts": "1665558981.337619",
    "blocks": [
      {
        "type": "rich_text",
        "block_id": "nOR1E",
        "elements": [
          {
            "type": "rich_text_section",
            "elements": [
              {
                "type": "text",
                "text": "is a good view"
              }
            ]
          }
        ]
      }
    ],
    "client_msg_id": "9ef35e6c-bf43-4cdb-bba2-1e581cdc7dbc",
    "thread_ts": "1665504642.246359",
    "parent_user_id": "U03V6HMRPGQ"
  },
  {
    "type": "message",
    "text": "vs. this for Data Eng",
    "files": [
      {
        "id": "F046UN10R0Q",
        "created": 1665559009,
        "timestamp": 1665559009,
        "name": "image.png",
        "title": "image.png",
        "mimetype": "image/png",
        "filetype": "png",
        "pretty_type": "PNG",
        "user": "U03U93GNNVB",
        "user_team": "T03U4J8HMUG",
        "editable": false,
        "size": 276673,
        "mode": "hosted",
        "is_external": false,
        "external_type": "",
        "is_public": true,
        "public_url_shared": false,
        "display_as_bot": false,
        "username": "",
        "url_private": "https://files.slack.com/files-pri/T03U4J8HMUG-F046UN10R0Q/image.png?t=xoxe-3956620599968-6240746766294-6247387524178-110fc6768eefd7fcb909c4550875ed49",
        "url_private_download": "https://files.slack.com/files-pri/T03U4J8HMUG-F046UN10R0Q/download/image.png?t=xoxe-3956620599968-6240746766294-6247387524178-110fc6768eefd7fcb909c4550875ed49",
        "media_display_type": "unknown",
        "thumb_64": "https://files.slack.com/files-tmb/T03U4J8HMUG-F046UN10R0Q-34d1dd589a/image_64.png?t=xoxe-3956620599968-6240746766294-6247387524178-110fc6768eefd7fcb909c4550875ed49",
        "thumb_80": "https://files.slack.com/files-tmb/T03U4J8HMUG-F046UN10R0Q-34d1dd589a/image_80.png?t=xoxe-3956620599968-6240746766294-6247387524178-110fc6768eefd7fcb909c4550875ed49",
        "thumb_360": "https://files.slack.com/files-tmb/T03U4J8HMUG-F046UN10R0Q-34d1dd589a/image_360.png?t=xoxe-3956620599968-6240746766294-6247387524178-110fc6768eefd7fcb909c4550875ed49",
        "thumb_360_w": 360,
        "thumb_360_h": 294,
        "thumb_480": "https://files.slack.com/files-tmb/T03U4J8HMUG-F046UN10R0Q-34d1dd589a/image_480.png?t=xoxe-3956620599968-6240746766294-6247387524178-110fc6768eefd7fcb909c4550875ed49",
        "thumb_480_w": 480,
        "thumb_480_h": 392,
        "thumb_160": "https://files.slack.com/files-tmb/T03U4J8HMUG-F046UN10R0Q-34d1dd589a/image_160.png?t=xoxe-3956620599968-6240746766294-6247387524178-110fc6768eefd7fcb909c4550875ed49",
        "thumb_720": "https://files.slack.com/files-tmb/T03U4J8HMUG-F046UN10R0Q-34d1dd589a/image_720.png?t=xoxe-3956620599968-6240746766294-6247387524178-110fc6768eefd7fcb909c4550875ed49",
        "thumb_720_w": 720,
        "thumb_720_h": 588,
        "thumb_800": "https://files.slack.com/files-tmb/T03U4J8HMUG-F046UN10R0Q-34d1dd589a/image_800.png?t=xoxe-3956620599968-6240746766294-6247387524178-110fc6768eefd7fcb909c4550875ed49",
        "thumb_800_w": 800,
        "thumb_800_h": 654,
        "thumb_960": "https://files.slack.com/files-tmb/T03U4J8HMUG-F046UN10R0Q-34d1dd589a/image_960.png?t=xoxe-3956620599968-6240746766294-6247387524178-110fc6768eefd7fcb909c4550875ed49",
        "thumb_960_w": 960,
        "thumb_960_h": 784,
        "thumb_1024": "https://files.slack.com/files-tmb/T03U4J8HMUG-F046UN10R0Q-34d1dd589a/image_1024.png?t=xoxe-3956620599968-6240746766294-6247387524178-110fc6768eefd7fcb909c4550875ed49",
        "thumb_1024_w": 1024,
        "thumb_1024_h": 837,
        "original_w": 1257,
        "original_h": 1027,
        "thumb_tiny": "AwAnADDQ8w/3Go3nH3Go/jpf4qAE3n+49JvP9xqfgGk4FACbz/cajzD/AHGpwINN/j7UAH8f/wBalz83WlwM5pP4scUAHOaDktjnH1pcc0bRnPegAAx3NJ/FTqMUAIc44oHqRzS0UAIM55FBzngUtFAAc44pBnvS0UAf/9k=",
        "permalink": "https://10academybatch6.slack.com/files/U03U93GNNVB/F046UN10R0Q/image.png",
        "permalink_public": "https://slack-files.com/T03U4J8HMUG-F046UN10R0Q-27515f4218",
        "is_starred": false,
        "has_rich_preview": false,
        "file_access": "visible"
      }
    ],
    "upload": false,
    "user": "U03U93GNNVB",
    "display_as_bot": false,
    "ts": "1665559014.439529",
    "blocks": [
      {
        "type": "rich_text",
        "block_id": "e0+",
        "elements": [
          {
            "type": "rich_text_section",
            "elements": [
              {
                "type": "text",
                "text": "vs. this for Data Eng"
              }
            ]
          }
        ]
      }
    ],
    "client_msg_id": "1dced779-c823-424d-92a8-1089ef802afa",
    "thread_ts": "1665504642.246359",
    "parent_user_id": "U03V6HMRPGQ"
  },
  {
    "client_msg_id": "b02e1f6e-45a6-4c89-a53e-47e4662a77a1",
    "type": "message",
    "text": "Best overview I've seen yet on how this is implemented in real life: <https://future.com/emerging-architectures-for-modern-data-infrastructure-2020/>",
    "user": "U03U93GNNVB",
    "ts": "1665559038.936799",
    "blocks": [
      {
        "type": "rich_text",
        "block_id": "=PK",
        "elements": [
          {
            "type": "rich_text_section",
            "elements": [
              {
                "type": "text",
                "text": "Best overview I've seen yet on how this is implemented in real life: "
              },
              {
                "type": "link",
                "url": "https://future.com/emerging-architectures-for-modern-data-infrastructure-2020/"
              }
            ]
          }
        ]
      }
    ],
    "team": "T03U4J8HMUG",
    "user_team": "T03U4J8HMUG",
    "source_team": "T03U4J8HMUG",
    "user_profile": {
      "avatar_hash": "a49779ad093d",
      "image_72": "https://avatars.slack-edge.com/2022-08-22/3994045204528_a49779ad093d4fc39a87_72.jpg",
      "first_name": "Katherine",
      "real_name": "Katherine Foster",
      "display_name": "Katherine Foster",
      "team": "T03U4J8HMUG",
      "name": "Katherine",
      "is_restricted": false,
      "is_ultra_restricted": false
    },
    "attachments": [
      {
        "from_url": "https://future.com/emerging-architectures-for-modern-data-infrastructure-2020/",
        "ts": 1602766812,
        "image_url": "https://future.com/wp-content/themes/future/assets/images/a16z-logo-card.png",
        "image_width": 478,
        "image_height": 250,
        "image_bytes": 5425,
        "service_icon": "https://future.com/wp-content/themes/future/assets/images/favicon/apple-touch-icon.png",
        "id": 1,
        "original_url": "https://future.com/emerging-architectures-for-modern-data-infrastructure-2020/",
        "fallback": "Future: The Emerging Architectures for Modern Data Infrastructure",
        "text": "Five years ago, if you were building a system, it was a result of the code you wrote. Now, it\u2019s built around the data that is fed into that system. And a new class of tools and technologies have emerged to process data for both analytics and operational AI/ ML.",
        "title": "The Emerging Architectures for Modern Data Infrastructure",
        "title_link": "https://future.com/emerging-architectures-for-modern-data-infrastructure-2020/",
        "service_name": "Future",
        "fields": [
          {
            "value": "Matt Bornstein, Martin Casado, and Jennifer Li",
            "title": "Written by",
            "short": true
          },
          {
            "value": "10 minutes",
            "title": "Est. reading time",
            "short": true
          }
        ]
      }
    ],
    "reactions": [
      {
        "name": "eyes",
        "users": [
          "U03UVHCV6KB"
        ],
        "count": 1
      }
    ]
  },
  {
    "client_msg_id": "48d07e72-7ee0-46c1-a448-ca30ed2ded66",
    "type": "message",
    "text": "these questions are very useful - please do continue to discuss + ask",
    "user": "U03U93GNNVB",
    "ts": "1665559093.329859",
    "blocks": [
      {
        "type": "rich_text",
        "block_id": "03i",
        "elements": [
          {
            "type": "rich_text_section",
            "elements": [
              {
                "type": "text",
                "text": "these questions are very useful - please do continue to discuss + ask"
              }
            ]
          }
        ]
      }
    ],
    "team": "T03U4J8HMUG",
    "user_team": "T03U4J8HMUG",
    "source_team": "T03U4J8HMUG",
    "user_profile": {
      "avatar_hash": "a49779ad093d",
      "image_72": "https://avatars.slack-edge.com/2022-08-22/3994045204528_a49779ad093d4fc39a87_72.jpg",
      "first_name": "Katherine",
      "real_name": "Katherine Foster",
      "display_name": "Katherine Foster",
      "team": "T03U4J8HMUG",
      "name": "Katherine",
      "is_restricted": false,
      "is_ultra_restricted": false
    }
  },
  {
    "client_msg_id": "359108C1-AE40-4E13-BEC7-C1EB64F5C8ED",
    "type": "message",
    "text": "Yes I get that , so basically computer science background means web development and if I have good experience with that I can proceed with the track ,right ?",
    "user": "U03V6HMRPGQ",
    "ts": "1665559207.907369",
    "blocks": [
      {
        "type": "rich_text",
        "block_id": "O8AeH",
        "elements": [
          {
            "type": "rich_text_section",
            "elements": [
              {
                "type": "text",
                "text": "Yes"
              },
              {
                "type": "text",
                "text": " "
              },
              {
                "type": "text",
                "text": "I"
              },
              {
                "type": "text",
                "text": " "
              },
              {
                "type": "text",
                "text": "get"
              },
              {
                "type": "text",
                "text": " "
              },
              {
                "type": "text",
                "text": "that"
              },
              {
                "type": "text",
                "text": " "
              },
              {
                "type": "text",
                "text": ","
              },
              {
                "type": "text",
                "text": " "
              },
              {
                "type": "text",
                "text": "so"
              },
              {
                "type": "text",
                "text": " basically computer science background "
              },
              {
                "type": "text",
                "text": "means"
              },
              {
                "type": "text",
                "text": " "
              },
              {
                "type": "text",
                "text": "web"
              },
              {
                "type": "text",
                "text": " development "
              },
              {
                "type": "text",
                "text": "and"
              },
              {
                "type": "text",
                "text": " "
              },
              {
                "type": "text",
                "text": "if"
              },
              {
                "type": "text",
                "text": " "
              },
              {
                "type": "text",
                "text": "I"
              },
              {
                "type": "text",
                "text": " "
              },
              {
                "type": "text",
                "text": "have"
              },
              {
                "type": "text",
                "text": " "
              },
              {
                "type": "text",
                "text": "good"
              },
              {
                "type": "text",
                "text": " experience "
              },
              {
                "type": "text",
                "text": "with"
              },
              {
                "type": "text",
                "text": " "
              },
              {
                "type": "text",
                "text": "that"
              },
              {
                "type": "text",
                "text": " "
              },
              {
                "type": "text",
                "text": "I"
              },
              {
                "type": "text",
                "text": " "
              },
              {
                "type": "text",
                "text": "can"
              },
              {
                "type": "text",
                "text": " proceed "
              },
              {
                "type": "text",
                "text": "with"
              },
              {
                "type": "text",
                "text": " "
              },
              {
                "type": "text",
                "text": "the"
              },
              {
                "type": "text",
                "text": " "
              },
              {
                "type": "text",
                "text": "track"
              },
              {
                "type": "text",
                "text": " "
              },
              {
                "type": "text",
                "text": ",right"
              },
              {
                "type": "text",
                "text": " "
              },
              {
                "type": "text",
                "text": "?"
              }
            ]
          }
        ]
      }
    ],
    "team": "T03U4J8HMUG",
    "user_team": "T03U4J8HMUG",
    "source_team": "T03U4J8HMUG",
    "user_profile": {
      "avatar_hash": "23fcf5329c03",
      "image_72": "https://avatars.slack-edge.com/2022-08-22/3969139924917_23fcf5329c03131c761f_72.png",
      "first_name": "Cristian",
      "real_name": "Cristian Wilson",
      "display_name": "Cristian Wilson",
      "team": "T03U4J8HMUG",
      "name": "Cristian",
      "is_restricted": false,
      "is_ultra_restricted": false
    },
    "thread_ts": "1665504642.246359",
    "parent_user_id": "U03V6HMRPGQ"
  },
  {
    "client_msg_id": "a8ee62b0-f6ac-448a-bc2a-8be6a93c3db3",
    "type": "message",
    "text": "send me your cv and let's discuss",
    "user": "U03U93GNNVB",
    "ts": "1665559232.171829",
    "blocks": [
      {
        "type": "rich_text",
        "block_id": "/hY+",
        "elements": [
          {
            "type": "rich_text_section",
            "elements": [
              {
                "type": "text",
                "text": "send me your cv and let's discuss"
              }
            ]
          }
        ]
      }
    ],
    "team": "T03U4J8HMUG",
    "user_team": "T03U4J8HMUG",
    "source_team": "T03U4J8HMUG",
    "user_profile": {
      "avatar_hash": "a49779ad093d",
      "image_72": "https://avatars.slack-edge.com/2022-08-22/3994045204528_a49779ad093d4fc39a87_72.jpg",
      "first_name": "Katherine",
      "real_name": "Katherine Foster",
      "display_name": "Katherine Foster",
      "team": "T03U4J8HMUG",
      "name": "Katherine",
      "is_restricted": false,
      "is_ultra_restricted": false
    },
    "thread_ts": "1665504642.246359",
    "parent_user_id": "U03V6HMRPGQ"
  },
  {
    "client_msg_id": "DF0A5F2C-FE61-49F8-B46E-59938134A87D",
    "type": "message",
    "text": "Okay ",
    "user": "U03V6HMRPGQ",
    "ts": "1665559258.103889",
    "blocks": [
      {
        "type": "rich_text",
        "block_id": "UlC",
        "elements": [
          {
            "type": "rich_text_section",
            "elements": [
              {
                "type": "text",
                "text": "Okay"
              },
              {
                "type": "text",
                "text": " "
              }
            ]
          }
        ]
      }
    ],
    "team": "T03U4J8HMUG",
    "user_team": "T03U4J8HMUG",
    "source_team": "T03U4J8HMUG",
    "user_profile": {
      "avatar_hash": "23fcf5329c03",
      "image_72": "https://avatars.slack-edge.com/2022-08-22/3969139924917_23fcf5329c03131c761f_72.png",
      "first_name": "Cristian",
      "real_name": "Cristian Wilson",
      "display_name": "Cristian Wilson",
      "team": "T03U4J8HMUG",
      "name": "Cristian",
      "is_restricted": false,
      "is_ultra_restricted": false
    },
    "thread_ts": "1665504642.246359",
    "parent_user_id": "U03V6HMRPGQ"
  },
  {
    "client_msg_id": "b29c83e4-b045-4ff2-97d7-e29a3b6a3f6f",
    "type": "message",
    "text": "But it's important to understand how all of the tools we use fit into the real world",
    "user": "U03U93GNNVB",
    "ts": "1665559259.924209",
    "blocks": [
      {
        "type": "rich_text",
        "block_id": "LD6P",
        "elements": [
          {
            "type": "rich_text_section",
            "elements": [
              {
                "type": "text",
                "text": "But it's important to understand how all of the tools we use fit into the real world"
              }
            ]
          }
        ]
      }
    ],
    "team": "T03U4J8HMUG",
    "user_team": "T03U4J8HMUG",
    "source_team": "T03U4J8HMUG",
    "user_profile": {
      "avatar_hash": "a49779ad093d",
      "image_72": "https://avatars.slack-edge.com/2022-08-22/3994045204528_a49779ad093d4fc39a87_72.jpg",
      "first_name": "Katherine",
      "real_name": "Katherine Foster",
      "display_name": "Katherine Foster",
      "team": "T03U4J8HMUG",
      "name": "Katherine",
      "is_restricted": false,
      "is_ultra_restricted": false
    },
    "thread_ts": "1665504642.246359",
    "parent_user_id": "U03V6HMRPGQ"
  },
  {
    "client_msg_id": "5a015998-c2f1-4965-9e92-791c9363c267",
    "type": "message",
    "text": "and how they are layered onto each other",
    "user": "U03U93GNNVB",
    "ts": "1665559266.923169",
    "blocks": [
      {
        "type": "rich_text",
        "block_id": "/aIv5",
        "elements": [
          {
            "type": "rich_text_section",
            "elements": [
              {
                "type": "text",
                "text": "and how they are layered onto each other"
              }
            ]
          }
        ]
      }
    ],
    "team": "T03U4J8HMUG",
    "user_team": "T03U4J8HMUG",
    "source_team": "T03U4J8HMUG",
    "user_profile": {
      "avatar_hash": "a49779ad093d",
      "image_72": "https://avatars.slack-edge.com/2022-08-22/3994045204528_a49779ad093d4fc39a87_72.jpg",
      "first_name": "Katherine",
      "real_name": "Katherine Foster",
      "display_name": "Katherine Foster",
      "team": "T03U4J8HMUG",
      "name": "Katherine",
      "is_restricted": false,
      "is_ultra_restricted": false
    },
    "thread_ts": "1665504642.246359",
    "parent_user_id": "U03V6HMRPGQ",
    "reactions": [
      {
        "name": "white_check_mark",
        "users": [
          "U03V6HMRPGQ"
        ],
        "count": 1
      }
    ]
  },
  {
    "client_msg_id": "eb49874e-ca20-404f-9b27-cb4cd9a81143",
    "type": "message",
    "text": "<!channel> W7 exercise graded and returned.",
    "user": "U03UL5LSTG9",
    "ts": "1665560943.567939",
    "blocks": [
      {
        "type": "rich_text",
        "block_id": "J0GI",
        "elements": [
          {
            "type": "rich_text_section",
            "elements": [
              {
                "type": "broadcast",
                "range": "channel"
              },
              {
                "type": "text",
                "text": " W7 exercise graded and returned."
              }
            ]
          }
        ]
      }
    ],
    "team": "T03U4J8HMUG",
    "user_team": "T03U4J8HMUG",
    "source_team": "T03U4J8HMUG",
    "user_profile": {
      "avatar_hash": "3fe4d3c0de24",
      "image_72": "https://avatars.slack-edge.com/2022-08-23/3978609497829_3fe4d3c0de24beaf8552_72.png",
      "first_name": "Samantha",
      "real_name": "Samantha Lee",
      "display_name": "Samantha Lee",
      "team": "T03U4J8HMUG",
      "name": "Samantha",
      "is_restricted": false,
      "is_ultra_restricted": false
    },
    "reactions": [
      {
        "name": "eyes",
        "users": [
          "U03UJGP0C68",
          "U03UHB8CXDY",
          "U03UVHCV6KB",
          "U03UFV7HFNF"
        ],
        "count": 4
      }
    ]
  },
  {
    "client_msg_id": "eb836544-d1dc-4f4c-9ff6-e2984d372a29",
    "type": "message",
    "text": "The topic has to be hot.:sweat_smile:",
    "user": "U03V785NLSU",
    "ts": "1665560973.952929",
    "blocks": [
      {
        "type": "rich_text",
        "block_id": "O4zy/",
        "elements": [
          {
            "type": "rich_text_section",
            "elements": [
              {
                "type": "text",
                "text": "The topic has to be hot."
              },
              {
                "type": "emoji",
                "name": "sweat_smile",
                "unicode": "1f605"
              }
            ]
          }
        ]
      }
    ],
    "team": "T03U4J8HMUG",
    "user_team": "T03U4J8HMUG",
    "source_team": "T03U4J8HMUG",
    "user_profile": {
      "avatar_hash": "48d5c88821e9",
      "image_72": "https://avatars.slack-edge.com/2022-08-21/3993277785968_48d5c88821e922581e17_72.jpg",
      "first_name": "Ashley",
      "real_name": "Ashley Hamilton",
      "display_name": "Ashley Hamilton",
      "team": "T03U4J8HMUG",
      "name": "Ashley",
      "is_restricted": false,
      "is_ultra_restricted": false
    },
    "thread_ts": "1665555832.650109",
    "parent_user_id": "U03U93GNNVB"
  },
  {
    "client_msg_id": "969f05b6-551b-4635-a9f0-cdc3476c98ac",
    "type": "message",
    "text": "Is the interim submission for the career exercise today? .. I cannot see it in google classroom.",
    "user": "U03UJKJGRAQ",
    "ts": "1665581109.362309",
    "blocks": [
      {
        "type": "rich_text",
        "block_id": "y7Kh",
        "elements": [
          {
            "type": "rich_text_section",
            "elements": [
              {
                "type": "text",
                "text": "Is the interim submission for the career exercise today? .. I cannot see it in google classroom."
              }
            ]
          }
        ]
      }
    ],
    "team": "T03U4J8HMUG",
    "user_team": "T03U4J8HMUG",
    "source_team": "T03U4J8HMUG",
    "user_profile": {
      "avatar_hash": "3d318a55b9e2",
      "image_72": "https://avatars.slack-edge.com/2022-10-03/4158852852038_3d318a55b9e221ad2cb3_72.jpg",
      "first_name": "Brian",
      "real_name": "Brian Odom",
      "display_name": "Brian Odom",
      "team": "T03U4J8HMUG",
      "name": "Brian",
      "is_restricted": false,
      "is_ultra_restricted": false
    },
    "thread_ts": "1665581109.362309",
    "reply_count": 5,
    "reply_users_count": 3,
    "latest_reply": "1665581872.264659",
    "reply_users": [
      "U03UVHCV6KB",
      "U03UJKJGRAQ",
      "U03UG1Z21JP"
    ],
    "replies": [
      {
        "user": "U03UVHCV6KB",
        "ts": "1665581274.533929"
      },
      {
        "user": "U03UJKJGRAQ",
        "ts": "1665581438.979349"
      },
      {
        "user": "U03UVHCV6KB",
        "ts": "1665581603.328319"
      },
      {
        "user": "U03UG1Z21JP",
        "ts": "1665581631.210129"
      },
      {
        "user": "U03UJKJGRAQ",
        "ts": "1665581872.264659"
      }
    ],
    "is_locked": false,
    "subscribed": false
  },
  {
    "client_msg_id": "c779af5e-b248-4bae-b015-07845b535870",
    "type": "message",
    "text": "And now you reminded them",
    "user": "U03UVHCV6KB",
    "ts": "1665581274.533929",
    "blocks": [
      {
        "type": "rich_text",
        "block_id": "Uf1Yb",
        "elements": [
          {
            "type": "rich_text_section",
            "elements": [
              {
                "type": "text",
                "text": "And now you reminded them"
              }
            ]
          }
        ]
      }
    ],
    "team": "T03U4J8HMUG",
    "user_team": "T03U4J8HMUG",
    "source_team": "T03U4J8HMUG",
    "user_profile": {
      "avatar_hash": "gc9619121f99",
      "image_72": "https://secure.gravatar.com/avatar/c9619121f998ee4a7e46177f2a5729de.jpg?s=72&d=https%3A%2F%2Fa.slack-edge.com%2Fdf10d%2Fimg%2Favatars%2Fava_0002-72.png",
      "first_name": "Travis",
      "real_name": "Travis Butler",
      "display_name": "Travis Butler",
      "team": "T03U4J8HMUG",
      "name": "Travis",
      "is_restricted": false,
      "is_ultra_restricted": false
    },
    "edited": {
      "user": "U03UVHCV6KB",
      "ts": "1665581439.000000"
    },
    "thread_ts": "1665581109.362309",
    "parent_user_id": "U03UJKJGRAQ",
    "reactions": [
      {
        "name": "rolling_on_the_floor_laughing",
        "users": [
          "U03UJKJGRAQ",
          "U03V61VGQG0",
          "U03UG1Z21JP",
          "U03UJGP0C68",
          "U03U9EJR362",
          "U03U1FNPEUX",
          "U03UL5LSTG9",
          "U03V6HMRPGQ"
        ],
        "count": 8
      }
    ]
  },
  {
    "client_msg_id": "d57a676e-fd19-4fc8-b81e-cded311aa937",
    "type": "message",
    "text": "<@U03UVHCV6KB> yes, I am the student who reminds the teacher to give us homework. :sunglasses:",
    "user": "U03UJKJGRAQ",
    "ts": "1665581438.979349",
    "blocks": [
      {
        "type": "rich_text",
        "block_id": "0Nmq",
        "elements": [
          {
            "type": "rich_text_section",
            "elements": [
              {
                "type": "user",
                "user_id": "U03UVHCV6KB"
              },
              {
                "type": "text",
                "text": " yes, I am the student who reminds the teacher to give us homework. "
              },
              {
                "type": "emoji",
                "name": "sunglasses",
                "unicode": "1f60e"
              }
            ]
          }
        ]
      }
    ],
    "team": "T03U4J8HMUG",
    "user_team": "T03U4J8HMUG",
    "source_team": "T03U4J8HMUG",
    "user_profile": {
      "avatar_hash": "3d318a55b9e2",
      "image_72": "https://avatars.slack-edge.com/2022-10-03/4158852852038_3d318a55b9e221ad2cb3_72.jpg",
      "first_name": "Brian",
      "real_name": "Brian Odom",
      "display_name": "Brian Odom",
      "team": "T03U4J8HMUG",
      "name": "Brian",
      "is_restricted": false,
      "is_ultra_restricted": false
    },
    "thread_ts": "1665581109.362309",
    "parent_user_id": "U03UJKJGRAQ",
    "reactions": [
      {
        "name": "100",
        "users": [
          "U03UG5VFN03"
        ],
        "count": 1
      }
    ]
  },
  {
    "client_msg_id": "29dbbf80-6554-4346-abf9-b2ddb6720244",
    "type": "message",
    "text": "And I have always been the student who was reason for why the student who reminds the teacher to give homework did not come to school the very next day",
    "user": "U03UVHCV6KB",
    "ts": "1665581603.328319",
    "blocks": [
      {
        "type": "rich_text",
        "block_id": "Ob9Z",
        "elements": [
          {
            "type": "rich_text_section",
            "elements": [
              {
                "type": "text",
                "text": "And I have always been the student who was reason for why the student who reminds the teacher to give homework did not come to school the very next day"
              }
            ]
          }
        ]
      }
    ],
    "team": "T03U4J8HMUG",
    "user_team": "T03U4J8HMUG",
    "source_team": "T03U4J8HMUG",
    "user_profile": {
      "avatar_hash": "gc9619121f99",
      "image_72": "https://secure.gravatar.com/avatar/c9619121f998ee4a7e46177f2a5729de.jpg?s=72&d=https%3A%2F%2Fa.slack-edge.com%2Fdf10d%2Fimg%2Favatars%2Fava_0002-72.png",
      "first_name": "Travis",
      "real_name": "Travis Butler",
      "display_name": "Travis Butler",
      "team": "T03U4J8HMUG",
      "name": "Travis",
      "is_restricted": false,
      "is_ultra_restricted": false
    },
    "edited": {
      "user": "U03UVHCV6KB",
      "ts": "1665581652.000000"
    },
    "thread_ts": "1665581109.362309",
    "parent_user_id": "U03UJKJGRAQ",
    "reactions": [
      {
        "name": "joy",
        "users": [
          "U03UJKJGRAQ",
          "U03UJGP0C68",
          "U03U9EJR362",
          "U03UG1Z21JP",
          "U03U1FNPEUX",
          "U03UH397319"
        ],
        "count": 6
      },
      {
        "name": "rolling_on_the_floor_laughing",
        "users": [
          "U03UG5VFN03"
        ],
        "count": 1
      }
    ]
  },
  {
    "client_msg_id": "995c7715-c425-4439-852b-d52938bf86b0",
    "type": "message",
    "text": "That not good <@U03UJKJGRAQ> :joy: we deserve a break",
    "user": "U03UG1Z21JP",
    "ts": "1665581631.210129",
    "blocks": [
      {
        "type": "rich_text",
        "block_id": "+gq",
        "elements": [
          {
            "type": "rich_text_section",
            "elements": [
              {
                "type": "text",
                "text": "That not good "
              },
              {
                "type": "user",
                "user_id": "U03UJKJGRAQ"
              },
              {
                "type": "text",
                "text": " "
              },
              {
                "type": "emoji",
                "name": "joy",
                "unicode": "1f602"
              },
              {
                "type": "text",
                "text": " we deserve a break"
              }
            ]
          }
        ]
      }
    ],
    "team": "T03U4J8HMUG",
    "user_team": "T03U4J8HMUG",
    "source_team": "T03U4J8HMUG",
    "user_profile": {
      "avatar_hash": "a1d3d501dd5d",
      "image_72": "https://avatars.slack-edge.com/2022-08-20/3961568205638_a1d3d501dd5d3f7ebea3_72.jpg",
      "first_name": "Jennifer",
      "real_name": "Jennifer Foley",
      "display_name": "Jennifer Foley",
      "team": "T03U4J8HMUG",
      "name": "Jennifer",
      "is_restricted": false,
      "is_ultra_restricted": false
    },
    "thread_ts": "1665581109.362309",
    "parent_user_id": "U03UJKJGRAQ"
  },
  {
    "client_msg_id": "50cbdd00-8bf2-4b7a-8106-8c13c2779cc9",
    "type": "message",
    "text": "<@U03UG1Z21JP> I don't think this is like school. we will not be excused from submitting if the tutors forget :smile:\n\n<@U03UVHCV6KB> I can run fast, no one ever managed to \"catch\" me in school.",
    "user": "U03UJKJGRAQ",
    "ts": "1665581872.264659",
    "blocks": [
      {
        "type": "rich_text",
        "block_id": "d6w",
        "elements": [
          {
            "type": "rich_text_section",
            "elements": [
              {
                "type": "user",
                "user_id": "U03UG1Z21JP"
              },
              {
                "type": "text",
                "text": " I don't think this is like school. we will not be excused from submitting if the tutors forget "
              },
              {
                "type": "emoji",
                "name": "smile",
                "unicode": "1f604"
              },
              {
                "type": "text",
                "text": "\n\n"
              },
              {
                "type": "user",
                "user_id": "U03UVHCV6KB"
              },
              {
                "type": "text",
                "text": " I can run fast, no one ever managed to \"catch\" me in school."
              }
            ]
          }
        ]
      }
    ],
    "team": "T03U4J8HMUG",
    "user_team": "T03U4J8HMUG",
    "source_team": "T03U4J8HMUG",
    "user_profile": {
      "avatar_hash": "3d318a55b9e2",
      "image_72": "https://avatars.slack-edge.com/2022-10-03/4158852852038_3d318a55b9e221ad2cb3_72.jpg",
      "first_name": "Brian",
      "real_name": "Brian Odom",
      "display_name": "Brian Odom",
      "team": "T03U4J8HMUG",
      "name": "Brian",
      "is_restricted": false,
      "is_ultra_restricted": false
    },
    "thread_ts": "1665581109.362309",
    "parent_user_id": "U03UJKJGRAQ",
    "reactions": [
      {
        "name": "white_check_mark",
        "users": [
          "U03UG1Z21JP",
          "U03U1FNPEUX"
        ],
        "count": 2
      },
      {
        "name": "rolling_on_the_floor_laughing",
        "users": [
          "U03UFV7HFNF"
        ],
        "count": 1
      }
    ]
  },
  {
    "client_msg_id": "3b6daf18-b4af-4ac2-9cdc-25e47b1c183f",
    "type": "message",
    "text": "<!here> the interim submission link is now available on G-classroom.",
    "user": "U03UL5LSTG9",
    "ts": "1665585094.849369",
    "blocks": [
      {
        "type": "rich_text",
        "block_id": "ll4",
        "elements": [
          {
            "type": "rich_text_section",
            "elements": [
              {
                "type": "broadcast",
                "range": "here"
              },
              {
                "type": "text",
                "text": " the interim submission link is now available on G-classroom."
              }
            ]
          }
        ]
      }
    ],
    "team": "T03U4J8HMUG",
    "user_team": "T03U4J8HMUG",
    "source_team": "T03U4J8HMUG",
    "user_profile": {
      "avatar_hash": "3fe4d3c0de24",
      "image_72": "https://avatars.slack-edge.com/2022-08-23/3978609497829_3fe4d3c0de24beaf8552_72.png",
      "first_name": "Samantha",
      "real_name": "Samantha Lee",
      "display_name": "Samantha Lee",
      "team": "T03U4J8HMUG",
      "name": "Samantha",
      "is_restricted": false,
      "is_ultra_restricted": false
    },
    "reactions": [
      {
        "name": "white_check_mark",
        "users": [
          "U03UVHCV6KB",
          "U03UJKJGRAQ",
          "U03V6HMRPGQ",
          "U03UG5VFN03"
        ],
        "count": 4
      }
    ]
  },
  {
    "client_msg_id": "4cdc8e44-51be-4ecd-8acf-e1d2a3b45d35",
    "type": "message",
    "text": "<!here> Drop your favorite emoji if you found the flowchart in the careers manual helpful in deciding your track.",
    "user": "U03UL5LSTG9",
    "ts": "1665592958.007989",
    "blocks": [
      {
        "type": "rich_text",
        "block_id": "RcT",
        "elements": [
          {
            "type": "rich_text_section",
            "elements": [
              {
                "type": "broadcast",
                "range": "here"
              },
              {
                "type": "text",
                "text": " Drop your favorite emoji if you found the flowchart in the careers manual helpful in deciding your track."
              }
            ]
          }
        ]
      }
    ],
    "team": "T03U4J8HMUG",
    "user_team": "T03U4J8HMUG",
    "source_team": "T03U4J8HMUG",
    "user_profile": {
      "avatar_hash": "3fe4d3c0de24",
      "image_72": "https://avatars.slack-edge.com/2022-08-23/3978609497829_3fe4d3c0de24beaf8552_72.png",
      "first_name": "Samantha",
      "real_name": "Samantha Lee",
      "display_name": "Samantha Lee",
      "team": "T03U4J8HMUG",
      "name": "Samantha",
      "is_restricted": false,
      "is_ultra_restricted": false
    }
  },
  {
    "client_msg_id": "60f9bcba-8e13-4619-8d52-2a949fccd0a3",
    "type": "message",
    "text": ":sunglasses:",
    "user": "U03UH397319",
    "ts": "1665593005.887549",
    "blocks": [
      {
        "type": "rich_text",
        "block_id": "3F/u",
        "elements": [
          {
            "type": "rich_text_section",
            "elements": [
              {
                "type": "emoji",
                "name": "sunglasses",
                "unicode": "1f60e"
              }
            ]
          }
        ]
      }
    ],
    "team": "T03U4J8HMUG",
    "user_team": "T03U4J8HMUG",
    "source_team": "T03U4J8HMUG",
    "user_profile": {
      "avatar_hash": "gc7c2fbea497",
      "image_72": "https://secure.gravatar.com/avatar/c7c2fbea4976d191e3ad19004e067c11.jpg?s=72&d=https%3A%2F%2Fa.slack-edge.com%2Fdf10d%2Fimg%2Favatars%2Fava_0014-72.png",
      "first_name": "Brenda",
      "real_name": "Brenda Hernandez",
      "display_name": "Brenda Hernandez",
      "team": "T03U4J8HMUG",
      "name": "Brenda",
      "is_restricted": false,
      "is_ultra_restricted": false
    },
    "reactions": [
      {
        "name": "+1",
        "users": [
          "U03UL5LSTG9"
        ],
        "count": 1
      }
    ]
  },
  {
    "client_msg_id": "e0725105-5dfa-4446-b4d0-99b78fd84470",
    "type": "message",
    "text": ":thinking_face:",
    "user": "U03UHB8CXDY",
    "ts": "1665593079.316699",
    "blocks": [
      {
        "type": "rich_text",
        "block_id": "lNk",
        "elements": [
          {
            "type": "rich_text_section",
            "elements": [
              {
                "type": "emoji",
                "name": "thinking_face",
                "unicode": "1f914"
              }
            ]
          }
        ]
      }
    ],
    "team": "T03U4J8HMUG",
    "user_team": "T03U4J8HMUG",
    "source_team": "T03U4J8HMUG",
    "user_profile": {
      "avatar_hash": "374fee609510",
      "image_72": "https://avatars.slack-edge.com/2022-09-30/4159182498980_374fee609510e6ff1526_72.jpg",
      "first_name": "Yvonne",
      "real_name": "Yvonne Gonzalez",
      "display_name": "Yvonne Gonzalez",
      "team": "T03U4J8HMUG",
      "name": "Yvonne",
      "is_restricted": false,
      "is_ultra_restricted": false
    },
    "reactions": [
      {
        "name": "+1::skin-tone-6",
        "users": [
          "U03UL5LSTG9"
        ],
        "count": 1
      }
    ]
  },
  {
    "client_msg_id": "54fe9a71-f577-418b-8cb0-23ba912bc0dc",
    "type": "message",
    "text": ":nerd_face:",
    "user": "U03UUR571A5",
    "ts": "1665593107.485869",
    "blocks": [
      {
        "type": "rich_text",
        "block_id": "xt3y",
        "elements": [
          {
            "type": "rich_text_section",
            "elements": [
              {
                "type": "emoji",
                "name": "nerd_face",
                "unicode": "1f913"
              }
            ]
          }
        ]
      }
    ],
    "team": "T03U4J8HMUG",
    "user_team": "T03U4J8HMUG",
    "source_team": "T03U4J8HMUG",
    "user_profile": {
      "avatar_hash": "g95c5cde44bc",
      "image_72": "https://secure.gravatar.com/avatar/95c5cde44bc023bd369920b7e1ed0c94.jpg?s=72&d=https%3A%2F%2Fa.slack-edge.com%2Fdf10d%2Fimg%2Favatars%2Fava_0017-72.png",
      "first_name": "Amy",
      "real_name": "Amy Leon",
      "display_name": "Amy Leon",
      "team": "T03U4J8HMUG",
      "name": "Amy",
      "is_restricted": false,
      "is_ultra_restricted": false
    },
    "reactions": [
      {
        "name": "raised_hands::skin-tone-6",
        "users": [
          "U03UL5LSTG9"
        ],
        "count": 1
      }
    ]
  },
  {
    "client_msg_id": "8dffe455-282d-4674-bd3d-6ce8bcc39541",
    "type": "message",
    "text": ":saluting_face:",
    "user": "U03UG4Q7V42",
    "ts": "1665593345.872319",
    "blocks": [
      {
        "type": "rich_text",
        "block_id": "g7l",
        "elements": [
          {
            "type": "rich_text_section",
            "elements": [
              {
                "type": "emoji",
                "name": "saluting_face",
                "unicode": "1fae1"
              }
            ]
          }
        ]
      }
    ],
    "team": "T03U4J8HMUG",
    "user_team": "T03U4J8HMUG",
    "source_team": "T03U4J8HMUG",
    "user_profile": {
      "avatar_hash": "5bc346a85286",
      "image_72": "https://avatars.slack-edge.com/2022-08-20/3968048875651_5bc346a852866218ec6b_72.png",
      "first_name": "Phillip",
      "real_name": "Phillip Atkins",
      "display_name": "Phillip Atkins",
      "team": "T03U4J8HMUG",
      "name": "Phillip",
      "is_restricted": false,
      "is_ultra_restricted": false
    },
    "reactions": [
      {
        "name": "eyes",
        "users": [
          "U03UL5LSTG9"
        ],
        "count": 1
      }
    ]
  },
  {
    "client_msg_id": "d7d2f03e-7605-4a9f-9725-7b79bd06f1c2",
    "type": "message",
    "text": ":fire:",
    "user": "U03U1HAG9TR",
    "ts": "1665593459.738359",
    "blocks": [
      {
        "type": "rich_text",
        "block_id": "z2H",
        "elements": [
          {
            "type": "rich_text_section",
            "elements": [
              {
                "type": "emoji",
                "name": "fire",
                "unicode": "1f525"
              }
            ]
          }
        ]
      }
    ],
    "team": "T03U4J8HMUG",
    "user_team": "T03U4J8HMUG",
    "source_team": "T03U4J8HMUG",
    "user_profile": {
      "avatar_hash": "4e4331305ef1",
      "image_72": "https://avatars.slack-edge.com/2022-08-20/3980783297649_4e4331305ef102cc4346_72.jpg",
      "first_name": "Robert",
      "real_name": "Robert Carter",
      "display_name": "Robert Carter",
      "team": "T03U4J8HMUG",
      "name": "Robert",
      "is_restricted": false,
      "is_ultra_restricted": false
    },
    "reactions": [
      {
        "name": "fire",
        "users": [
          "U03UVHCV6KB"
        ],
        "count": 1
      }
    ]
  },
  {
    "client_msg_id": "084e1fce-7e43-4ecc-86ef-0db02ff38d3f",
    "type": "message",
    "text": "Hi <@U03V5Q9N516> <@U03U1J51VFZ><@U03UG0SFHGT> <@U03V785NLSU> , kindly remember to polish your resumes and share it with Arun for this weeks mock interview, scheduled on Friday.",
    "user": "U03U4GULU3Y",
    "ts": "1665593668.212699",
    "blocks": [
      {
        "type": "rich_text",
        "block_id": "OjtXH",
        "elements": [
          {
            "type": "rich_text_section",
            "elements": [
              {
                "type": "text",
                "text": "Hi "
              },
              {
                "type": "user",
                "user_id": "U03V5Q9N516"
              },
              {
                "type": "text",
                "text": " "
              },
              {
                "type": "user",
                "user_id": "U03U1J51VFZ"
              },
              {
                "type": "user",
                "user_id": "U03UG0SFHGT"
              },
              {
                "type": "text",
                "text": " "
              },
              {
                "type": "user",
                "user_id": "U03V785NLSU"
              },
              {
                "type": "text",
                "text": " , kindly remember to polish your resumes and share it with Arun for this weeks mock interview, scheduled on Friday."
              }
            ]
          }
        ]
      }
    ],
    "team": "T03U4J8HMUG",
    "user_team": "T03U4J8HMUG",
    "source_team": "T03U4J8HMUG",
    "user_profile": {
      "avatar_hash": "99e77e6d73e2",
      "image_72": "https://avatars.slack-edge.com/2022-08-19/3986877623392_99e77e6d73e294e4f45c_72.png",
      "first_name": "Allison",
      "real_name": "Allison Thompson",
      "display_name": "Allison Thompson",
      "team": "T03U4J8HMUG",
      "name": "Allison",
      "is_restricted": false,
      "is_ultra_restricted": false
    },
    "reactions": [
      {
        "name": "+1",
        "users": [
          "U03V785NLSU",
          "U03U1J51VFZ"
        ],
        "count": 2
      }
    ]
  },
  {
    "client_msg_id": "c4fecab4-369a-4f43-94b9-e79366675c56",
    "type": "message",
    "text": ":smiley:",
    "user": "U03UD5B7C3X",
    "ts": "1665593742.056109",
    "blocks": [
      {
        "type": "rich_text",
        "block_id": "ZbSj",
        "elements": [
          {
            "type": "rich_text_section",
            "elements": [
              {
                "type": "emoji",
                "name": "smiley",
                "unicode": "1f603"
              }
            ]
          }
        ]
      }
    ],
    "team": "T03U4J8HMUG",
    "user_team": "T03U4J8HMUG",
    "source_team": "T03U4J8HMUG",
    "user_profile": {
      "avatar_hash": "gb4893f68d1b",
      "image_72": "https://secure.gravatar.com/avatar/b4893f68d1b3098aa61b283721cedfbb.jpg?s=72&d=https%3A%2F%2Fa.slack-edge.com%2Fdf10d%2Fimg%2Favatars%2Fava_0005-72.png",
      "first_name": "Elizabeth",
      "real_name": "Elizabeth Hall",
      "display_name": "Elizabeth Hall",
      "team": "T03U4J8HMUG",
      "name": "Elizabeth",
      "is_restricted": false,
      "is_ultra_restricted": false
    },
    "reactions": [
      {
        "name": "raised_hands::skin-tone-6",
        "users": [
          "U03UL5LSTG9"
        ],
        "count": 1
      }
    ]
  },
  {
    "client_msg_id": "69fb3f5e-bf32-480a-a969-90c3ed05005c",
    "type": "message",
    "text": ":star-struck:",
    "user": "U03UFV7HFNF",
    "ts": "1665593789.148899",
    "blocks": [
      {
        "type": "rich_text",
        "block_id": "pBqTf",
        "elements": [
          {
            "type": "rich_text_section",
            "elements": [
              {
                "type": "emoji",
                "name": "star-struck",
                "unicode": "1f929"
              }
            ]
          }
        ]
      }
    ],
    "team": "T03U4J8HMUG",
    "user_team": "T03U4J8HMUG",
    "source_team": "T03U4J8HMUG",
    "user_profile": {
      "avatar_hash": "3166d51d23f1",
      "image_72": "https://avatars.slack-edge.com/2022-08-20/3991799522480_3166d51d23f1da2374e9_72.jpg",
      "first_name": "Miguel",
      "real_name": "Miguel Herring",
      "display_name": "Miguel Herring",
      "team": "T03U4J8HMUG",
      "name": "Miguel",
      "is_restricted": false,
      "is_ultra_restricted": false
    },
    "reactions": [
      {
        "name": "smiling_face_with_3_hearts",
        "users": [
          "U03UL5LSTG9",
          "U03UVHCV6KB"
        ],
        "count": 2
      }
    ]
  },
  {
    "client_msg_id": "b4d6d96c-e009-4406-add8-53406af8fc3b",
    "type": "message",
    "text": ":raised_hands:",
    "user": "U03UJGP0C68",
    "ts": "1665593818.173079",
    "blocks": [
      {
        "type": "rich_text",
        "block_id": "JQP",
        "elements": [
          {
            "type": "rich_text_section",
            "elements": [
              {
                "type": "emoji",
                "name": "raised_hands",
                "unicode": "1f64c"
              }
            ]
          }
        ]
      }
    ],
    "team": "T03U4J8HMUG",
    "user_team": "T03U4J8HMUG",
    "source_team": "T03U4J8HMUG",
    "user_profile": {
      "avatar_hash": "259faccdce43",
      "image_72": "https://avatars.slack-edge.com/2022-08-20/3965145363573_259faccdce439a8c6345_72.png",
      "first_name": "Judith",
      "real_name": "Judith Bolton",
      "display_name": "Judith Bolton",
      "team": "T03U4J8HMUG",
      "name": "Judith",
      "is_restricted": false,
      "is_ultra_restricted": false
    },
    "reactions": [
      {
        "name": "+1::skin-tone-6",
        "users": [
          "U03UL5LSTG9"
        ],
        "count": 1
      },
      {
        "name": "raised_hands",
        "users": [
          "U03UVHCV6KB"
        ],
        "count": 1
      }
    ]
  },
  {
    "client_msg_id": "5109ccab-fe8e-4a8b-b294-60b1accf0cb7",
    "type": "message",
    "text": ":sweat_smile:",
    "user": "U03V785NLSU",
    "ts": "1665594176.835989",
    "blocks": [
      {
        "type": "rich_text",
        "block_id": "U/PE",
        "elements": [
          {
            "type": "rich_text_section",
            "elements": [
              {
                "type": "emoji",
                "name": "sweat_smile",
                "unicode": "1f605"
              }
            ]
          }
        ]
      }
    ],
    "team": "T03U4J8HMUG",
    "user_team": "T03U4J8HMUG",
    "source_team": "T03U4J8HMUG",
    "user_profile": {
      "avatar_hash": "48d5c88821e9",
      "image_72": "https://avatars.slack-edge.com/2022-08-21/3993277785968_48d5c88821e922581e17_72.jpg",
      "first_name": "Ashley",
      "real_name": "Ashley Hamilton",
      "display_name": "Ashley Hamilton",
      "team": "T03U4J8HMUG",
      "name": "Ashley",
      "is_restricted": false,
      "is_ultra_restricted": false
    },
    "reactions": [
      {
        "name": "raised_hands::skin-tone-6",
        "users": [
          "U03UL5LSTG9"
        ],
        "count": 1
      }
    ]
  },
  {
    "client_msg_id": "a3a89aa6-4532-4968-a427-e391cf7f6690",
    "type": "message",
    "text": ":fish:",
    "user": "U03UVHCV6KB",
    "ts": "1665598514.408219",
    "blocks": [
      {
        "type": "rich_text",
        "block_id": "9ZJ=",
        "elements": [
          {
            "type": "rich_text_section",
            "elements": [
              {
                "type": "emoji",
                "name": "fish",
                "unicode": "1f41f"
              }
            ]
          }
        ]
      }
    ],
    "team": "T03U4J8HMUG",
    "user_team": "T03U4J8HMUG",
    "source_team": "T03U4J8HMUG",
    "user_profile": {
      "avatar_hash": "gc9619121f99",
      "image_72": "https://secure.gravatar.com/avatar/c9619121f998ee4a7e46177f2a5729de.jpg?s=72&d=https%3A%2F%2Fa.slack-edge.com%2Fdf10d%2Fimg%2Favatars%2Fava_0002-72.png",
      "first_name": "Travis",
      "real_name": "Travis Butler",
      "display_name": "Travis Butler",
      "team": "T03U4J8HMUG",
      "name": "Travis",
      "is_restricted": false,
      "is_ultra_restricted": false
    },
    "reactions": [
      {
        "name": "joy",
        "users": [
          "U03UG1Z21JP",
          "U03UJN29Y4C",
          "U03U1HAG9TR",
          "U03UG4Q7V42",
          "U03UL5LSTG9"
        ],
        "count": 5
      }
    ]
  },
  {
    "client_msg_id": "049881b9-c00a-47a3-932c-8eeb828282ab",
    "type": "message",
    "text": ":100:",
    "user": "U03UG5VFN03",
    "ts": "1665600329.251489",
    "blocks": [
      {
        "type": "rich_text",
        "block_id": "Y60",
        "elements": [
          {
            "type": "rich_text_section",
            "elements": [
              {
                "type": "emoji",
                "name": "100",
                "unicode": "1f4af"
              }
            ]
          }
        ]
      }
    ],
    "team": "T03U4J8HMUG",
    "user_team": "T03U4J8HMUG",
    "source_team": "T03U4J8HMUG",
    "user_profile": {
      "avatar_hash": "1eec51b41e1b",
      "image_72": "https://avatars.slack-edge.com/2022-08-20/3980936144801_1eec51b41e1b370500be_72.png",
      "first_name": "Nancy",
      "real_name": "Nancy Craig",
      "display_name": "Nancy Craig",
      "team": "T03U4J8HMUG",
      "name": "Nancy",
      "is_restricted": false,
      "is_ultra_restricted": false
    }
  },
  {
    "client_msg_id": "8f405794-1e5c-460c-9b23-fc6a32803847",
    "type": "message",
    "text": "Topic suggestion: Toxic positivity , is it good or bad? <@U03U93GNNVB>",
    "user": "U03V785NLSU",
    "ts": "1665610206.222149",
    "blocks": [
      {
        "type": "rich_text",
        "block_id": "x1W0F",
        "elements": [
          {
            "type": "rich_text_section",
            "elements": [
              {
                "type": "text",
                "text": "Topic suggestion: Toxic positivity , is it good or bad? "
              },
              {
                "type": "user",
                "user_id": "U03U93GNNVB"
              }
            ]
          }
        ]
      }
    ],
    "team": "T03U4J8HMUG",
    "user_team": "T03U4J8HMUG",
    "source_team": "T03U4J8HMUG",
    "user_profile": {
      "avatar_hash": "48d5c88821e9",
      "image_72": "https://avatars.slack-edge.com/2022-08-21/3993277785968_48d5c88821e922581e17_72.jpg",
      "first_name": "Ashley",
      "real_name": "Ashley Hamilton",
      "display_name": "Ashley Hamilton",
      "team": "T03U4J8HMUG",
      "name": "Ashley",
      "is_restricted": false,
      "is_ultra_restricted": false
    },
    "thread_ts": "1665555832.650109",
    "parent_user_id": "U03U93GNNVB"
  }
]