[
  {
    "client_msg_id": "1d787346-4966-498c-b0c3-14f938fe0bb2",
    "type": "message",
    "text": "Seconding this - get your CV, profile and other materials ready.",
    "user": "U03U93GNNVB",
    "ts": "1667811100.923949",
    "blocks": [
      {
        "type": "rich_text",
        "block_id": "DlADd",
        "elements": [
          {
            "type": "rich_text_section",
            "elements": [
              {
                "type": "text",
                "text": "Seconding this - get your CV, profile and other materials ready."
              }
            ]
          }
        ]
      }
    ],
    "team": "T03U4J8HMUG",
    "user_team": "T03U4J8HMUG",
    "source_team": "T03U4J8HMUG",
    "user_profile": {
      "avatar_hash": "a49779ad093d",
      "image_72": "https://avatars.slack-edge.com/2022-08-22/3994045204528_a49779ad093d4fc39a87_72.jpg",
      "first_name": "Katherine",
      "real_name": "Katherine Foster",
      "display_name": "Katherine Foster",
      "team": "T03U4J8HMUG",
      "name": "Katherine",
      "is_restricted": false,
      "is_ultra_restricted": false
    },
    "edited": {
      "user": "U03U93GNNVB",
      "ts": "1667811107.000000"
    },
    "reactions": [
      {
        "name": "raised_hands",
        "users": [
          "U03UFV7HFNF"
        ],
        "count": 1
      }
    ]
  },
  {
    "client_msg_id": "b0164cb7-dc67-4fa5-bb07-50e7b3a5525f",
    "type": "message",
    "text": "<https://www.linkedin.com/posts/ayokanmiaremu_job-interview-activity-6994278326609588224-L7zi?utm_source=share&amp;utm_medium=member_android|https://www.linkedin.com/posts/ayokanmiaremu_job-interview-activity-6994278326609588224-L7zi?utm_source=share&amp;utm_medium=member_android>",
    "user": "U03UG0YHAUT",
    "ts": "1667882175.831249",
    "blocks": [
      {
        "type": "rich_text",
        "block_id": "wIt",
        "elements": [
          {
            "type": "rich_text_section",
            "elements": [
              {
                "type": "link",
                "url": "https://www.linkedin.com/posts/ayokanmiaremu_job-interview-activity-6994278326609588224-L7zi?utm_source=share&utm_medium=member_android",
                "text": "https://www.linkedin.com/posts/ayokanmiaremu_job-interview-activity-6994278326609588224-L7zi?utm_source=share&utm_medium=member_android"
              }
            ]
          }
        ]
      }
    ],
    "team": "T03U4J8HMUG",
    "user_team": "T03U4J8HMUG",
    "source_team": "T03U4J8HMUG",
    "user_profile": {
      "avatar_hash": "e7b0c8269999",
      "image_72": "https://avatars.slack-edge.com/2022-09-20/4099393715542_e7b0c82699998d3b3ade_72.jpg",
      "first_name": "Daniel",
      "real_name": "Daniel Brown",
      "display_name": "Daniel Brown",
      "team": "T03U4J8HMUG",
      "name": "Daniel",
      "is_restricted": false,
      "is_ultra_restricted": false
    },
    "attachments": [
      {
        "from_url": "https://www.linkedin.com/posts/ayokanmiaremu_job-interview-activity-6994278326609588224-L7zi?utm_source=share&utm_medium=member_android",
        "thumb_url": "https://media-exp1.licdn.com/dms/image/D4D05AQH9mIdVva-6CA/feedshare-thumbnail_720_1280/0/1667365952603?e=2147483647&v=beta&t=AmtVMWpy4jm6Ir1N0ttQo_X8k4vCEhcqa7Kb8iHsbXw",
        "thumb_width": 405,
        "thumb_height": 720,
        "image_url": "https://media-exp1.licdn.com/dms/image/D4D05AQH9mIdVva-6CA/feedshare-thumbnail_720_1280/0/1667365952603?e=2147483647&v=beta&t=AmtVMWpy4jm6Ir1N0ttQo_X8k4vCEhcqa7Kb8iHsbXw",
        "image_width": 405,
        "image_height": 720,
        "image_bytes": 24489,
        "service_icon": "https://static-exp1.licdn.com/sc/h/al2o9zrvru7aqj8e1x2rzsrca",
        "id": 1,
        "original_url": "https://www.linkedin.com/posts/ayokanmiaremu_job-interview-activity-6994278326609588224-L7zi?utm_source=share&amp;utm_medium=member_android",
        "fallback": "Ayokanmi Aremu on LinkedIn: Really insightful.",
        "text": "Really insightful.",
        "title": "Ayokanmi Aremu on LinkedIn: Really insightful.",
        "title_link": "https://www.linkedin.com/posts/ayokanmiaremu_job-interview-activity-6994278326609588224-L7zi?utm_source=share&utm_medium=member_android",
        "service_name": "linkedin.com"
      }
    ]
  }
]