[
  {
    "client_msg_id": "5cdcbfb2-0904-4ce1-b8db-7aa571bdfd96",
    "type": "message",
    "text": "<!channel> Hi guys. I hope everyone had a wonderful weekend.\nTo assure readiness by November, we want to ensure that everyone in the batch participates in the mock interview beginning in week 7 (this week). As a result, we have prepared a line-up of those participating in the upcoming weeks; as there will be no more volunteers.\nWe advise you to browse the *<https://docs.google.com/document/d/1oyVQFvemXhZL3fVFUCOMAhrIZ-SAZKa6JWd9yK5Lq-w/|list>* and prepare in advance using the questions asked and the general assessment of previous participants. Thank you!",
    "user": "U03UL5LSTG9",
    "ts": "1664740931.925279",
    "blocks": [
      {
        "type": "rich_text",
        "block_id": "v9rB",
        "elements": [
          {
            "type": "rich_text_section",
            "elements": [
              {
                "type": "broadcast",
                "range": "channel"
              },
              {
                "type": "text",
                "text": " Hi guys. I hope everyone had a wonderful weekend.\nTo assure readiness by November, we want to ensure that everyone in the batch participates in the mock interview beginning in week 7 (this week). As a result, we have prepared a line-up of those participating in the upcoming weeks; as there will be no more volunteers.\nWe advise you to browse the "
              },
              {
                "type": "link",
                "url": "https://docs.google.com/document/d/1oyVQFvemXhZL3fVFUCOMAhrIZ-SAZKa6JWd9yK5Lq-w/",
                "text": "list",
                "style": {
                  "bold": true
                }
              },
              {
                "type": "text",
                "text": " and prepare in advance using the questions asked and the general assessment of previous participants. Thank you!"
              }
            ]
          }
        ]
      }
    ],
    "team": "T03U4J8HMUG",
    "user_team": "T03U4J8HMUG",
    "source_team": "T03U4J8HMUG",
    "user_profile": {
      "avatar_hash": "3fe4d3c0de24",
      "image_72": "https://avatars.slack-edge.com/2022-08-23/3978609497829_3fe4d3c0de24beaf8552_72.png",
      "first_name": "Samantha",
      "real_name": "Samantha Lee",
      "display_name": "Samantha Lee",
      "team": "T03U4J8HMUG",
      "name": "Samantha",
      "is_restricted": false,
      "is_ultra_restricted": false
    },
    "thread_ts": "1664740931.925279",
    "reply_count": 3,
    "reply_users_count": 2,
    "latest_reply": "1664818936.837679",
    "reply_users": [
      "U03UVHCV6KB",
      "U03UL5LSTG9"
    ],
    "replies": [
      {
        "user": "U03UVHCV6KB",
        "ts": "1664818691.241379"
      },
      {
        "user": "U03UL5LSTG9",
        "ts": "1664818894.511169"
      },
      {
        "user": "U03UVHCV6KB",
        "ts": "1664818936.837679"
      }
    ],
    "is_locked": false,
    "subscribed": false,
    "reactions": [
      {
        "name": "raised_hands",
        "users": [
          "U03U9EJR362",
          "U03TT5KEYCF",
          "U03UG5VFN03",
          "U03UJH1EQQL",
          "U03U4GULU3Y",
          "U03V6HMRPGQ",
          "U03TEPYRM2P",
          "U03UD4FEDHB"
        ],
        "count": 8
      },
      {
        "name": "white_check_mark",
        "users": [
          "U03UG5VFN03"
        ],
        "count": 1
      }
    ]
  }
]