[
  {
    "client_msg_id": "791c0f73-d8ef-4dfe-bb8e-39c78e9133f1",
    "type": "message",
    "text": "Hi Hi <!channel>",
    "user": "U03TT5KEYCF",
    "ts": "1668167594.812319",
    "blocks": [
      {
        "type": "rich_text",
        "block_id": "1KAf",
        "elements": [
          {
            "type": "rich_text_section",
            "elements": [
              {
                "type": "text",
                "text": "Hi Hi "
              },
              {
                "type": "broadcast",
                "range": "channel"
              }
            ]
          }
        ]
      }
    ],
    "team": "T03U4J8HMUG",
    "user_team": "T03U4J8HMUG",
    "source_team": "T03U4J8HMUG",
    "user_profile": {
      "avatar_hash": "aae36184306b",
      "image_72": "https://avatars.slack-edge.com/2022-08-18/3945210198087_aae36184306bb9e0b018_72.jpg",
      "first_name": "Luis",
      "real_name": "Luis Ingram",
      "display_name": "Luis Ingram",
      "team": "T03U4J8HMUG",
      "name": "Luis",
      "is_restricted": false,
      "is_ultra_restricted": false
    }
  },
  {
    "client_msg_id": "186164ad-8138-48a3-91fc-788356bc7d7f",
    "type": "message",
    "text": "Quick questions",
    "user": "U03TT5KEYCF",
    "ts": "1668167642.369659",
    "blocks": [
      {
        "type": "rich_text",
        "block_id": "X2z",
        "elements": [
          {
            "type": "rich_text_section",
            "elements": [
              {
                "type": "text",
                "text": "Quick questions"
              }
            ]
          }
        ]
      }
    ],
    "team": "T03U4J8HMUG",
    "user_team": "T03U4J8HMUG",
    "source_team": "T03U4J8HMUG",
    "user_profile": {
      "avatar_hash": "aae36184306b",
      "image_72": "https://avatars.slack-edge.com/2022-08-18/3945210198087_aae36184306bb9e0b018_72.jpg",
      "first_name": "Luis",
      "real_name": "Luis Ingram",
      "display_name": "Luis Ingram",
      "team": "T03U4J8HMUG",
      "name": "Luis",
      "is_restricted": false,
      "is_ultra_restricted": false
    },
    "reactions": [
      {
        "name": "ear",
        "users": [
          "U03UG1Z21JP"
        ],
        "count": 1
      },
      {
        "name": "heart",
        "users": [
          "U03UG5VFN03"
        ],
        "count": 1
      }
    ]
  },
  {
    "client_msg_id": "addaf4c8-3e93-4cde-8cda-56504229ae23",
    "type": "message",
    "text": "Now that we have all had one round of interview - how do we feel/think we will deliver in an actual interview ?",
    "user": "U03TT5KEYCF",
    "ts": "1668167768.623389",
    "blocks": [
      {
        "type": "rich_text",
        "block_id": "/Jcl",
        "elements": [
          {
            "type": "rich_text_section",
            "elements": [
              {
                "type": "text",
                "text": "Now that we have all had one round of interview - how do we feel/think we will deliver in an actual interview ?"
              }
            ]
          }
        ]
      }
    ],
    "team": "T03U4J8HMUG",
    "user_team": "T03U4J8HMUG",
    "source_team": "T03U4J8HMUG",
    "user_profile": {
      "avatar_hash": "aae36184306b",
      "image_72": "https://avatars.slack-edge.com/2022-08-18/3945210198087_aae36184306bb9e0b018_72.jpg",
      "first_name": "Luis",
      "real_name": "Luis Ingram",
      "display_name": "Luis Ingram",
      "team": "T03U4J8HMUG",
      "name": "Luis",
      "is_restricted": false,
      "is_ultra_restricted": false
    },
    "thread_ts": "1668167768.623389",
    "reply_count": 1,
    "reply_users_count": 1,
    "latest_reply": "1668168313.548369",
    "reply_users": [
      "U03UG1Z21JP"
    ],
    "replies": [
      {
        "user": "U03UG1Z21JP",
        "ts": "1668168313.548369"
      }
    ],
    "is_locked": false,
    "subscribed": false
  },
  {
    "client_msg_id": "7d9c61f2-0acb-4693-a32a-4dcaff96ca43",
    "type": "message",
    "text": "What steps are we personally putting in place to ensure practicing ?",
    "user": "U03TT5KEYCF",
    "ts": "1668167800.957239",
    "blocks": [
      {
        "type": "rich_text",
        "block_id": "45I/X",
        "elements": [
          {
            "type": "rich_text_section",
            "elements": [
              {
                "type": "text",
                "text": "What steps are we personally putting in place to ensure practicing ?"
              }
            ]
          }
        ]
      }
    ],
    "team": "T03U4J8HMUG",
    "user_team": "T03U4J8HMUG",
    "source_team": "T03U4J8HMUG",
    "user_profile": {
      "avatar_hash": "aae36184306b",
      "image_72": "https://avatars.slack-edge.com/2022-08-18/3945210198087_aae36184306bb9e0b018_72.jpg",
      "first_name": "Luis",
      "real_name": "Luis Ingram",
      "display_name": "Luis Ingram",
      "team": "T03U4J8HMUG",
      "name": "Luis",
      "is_restricted": false,
      "is_ultra_restricted": false
    }
  },
  {
    "client_msg_id": "620EF35B-FE61-4AFC-943C-6E6CDEF38348",
    "type": "message",
    "text": "I didn\u2019t get the question well",
    "user": "U03V6HMRPGQ",
    "ts": "1668168102.869239",
    "blocks": [
      {
        "type": "rich_text",
        "block_id": "+n+7",
        "elements": [
          {
            "type": "rich_text_section",
            "elements": [
              {
                "type": "text",
                "text": "I"
              },
              {
                "type": "text",
                "text": " "
              },
              {
                "type": "text",
                "text": "didn\u2019t get"
              },
              {
                "type": "text",
                "text": " "
              },
              {
                "type": "text",
                "text": "the"
              },
              {
                "type": "text",
                "text": " question "
              },
              {
                "type": "text",
                "text": "well"
              }
            ]
          }
        ]
      }
    ],
    "team": "T03U4J8HMUG",
    "user_team": "T03U4J8HMUG",
    "source_team": "T03U4J8HMUG",
    "user_profile": {
      "avatar_hash": "23fcf5329c03",
      "image_72": "https://avatars.slack-edge.com/2022-08-22/3969139924917_23fcf5329c03131c761f_72.png",
      "first_name": "Cristian",
      "real_name": "Cristian Wilson",
      "display_name": "Cristian Wilson",
      "team": "T03U4J8HMUG",
      "name": "Cristian",
      "is_restricted": false,
      "is_ultra_restricted": false
    },
    "thread_ts": "1668168102.869239",
    "reply_count": 2,
    "reply_users_count": 2,
    "latest_reply": "1668170762.482229",
    "reply_users": [
      "U03TT5KEYCF",
      "U03V6HMRPGQ"
    ],
    "replies": [
      {
        "user": "U03TT5KEYCF",
        "ts": "1668168409.068869"
      },
      {
        "user": "U03V6HMRPGQ",
        "ts": "1668170762.482229"
      }
    ],
    "is_locked": false,
    "subscribed": false
  },
  {
    "client_msg_id": "3c093fbf-cdea-48dc-be75-896290c0ad73",
    "type": "message",
    "text": "Still need to work on the project walk through part. I also  think I can handle other parts very well. I have got the structure to follow from the feedbacks of  you and <@U03U93GNNVB>",
    "user": "U03UG1Z21JP",
    "ts": "1668168313.548369",
    "blocks": [
      {
        "type": "rich_text",
        "block_id": "RN6x",
        "elements": [
          {
            "type": "rich_text_section",
            "elements": [
              {
                "type": "text",
                "text": "Still need to work on the project walk through part. I also  think I can handle other parts very well. I have got the structure to follow from the feedbacks of  you and "
              },
              {
                "type": "user",
                "user_id": "U03U93GNNVB"
              }
            ]
          }
        ]
      }
    ],
    "team": "T03U4J8HMUG",
    "user_team": "T03U4J8HMUG",
    "source_team": "T03U4J8HMUG",
    "user_profile": {
      "avatar_hash": "a1d3d501dd5d",
      "image_72": "https://avatars.slack-edge.com/2022-08-20/3961568205638_a1d3d501dd5d3f7ebea3_72.jpg",
      "first_name": "Jennifer",
      "real_name": "Jennifer Foley",
      "display_name": "Jennifer Foley",
      "team": "T03U4J8HMUG",
      "name": "Jennifer",
      "is_restricted": false,
      "is_ultra_restricted": false
    },
    "thread_ts": "1668167768.623389",
    "parent_user_id": "U03TT5KEYCF"
  },
  {
    "client_msg_id": "9a7b3324-f474-42a8-a38a-02cd5080694b",
    "type": "message",
    "text": "what part",
    "user": "U03TT5KEYCF",
    "ts": "1668168409.068869",
    "blocks": [
      {
        "type": "rich_text",
        "block_id": "FGems",
        "elements": [
          {
            "type": "rich_text_section",
            "elements": [
              {
                "type": "text",
                "text": "what part"
              }
            ]
          }
        ]
      }
    ],
    "team": "T03U4J8HMUG",
    "user_team": "T03U4J8HMUG",
    "source_team": "T03U4J8HMUG",
    "user_profile": {
      "avatar_hash": "aae36184306b",
      "image_72": "https://avatars.slack-edge.com/2022-08-18/3945210198087_aae36184306bb9e0b018_72.jpg",
      "first_name": "Luis",
      "real_name": "Luis Ingram",
      "display_name": "Luis Ingram",
      "team": "T03U4J8HMUG",
      "name": "Luis",
      "is_restricted": false,
      "is_ultra_restricted": false
    },
    "thread_ts": "1668168102.869239",
    "parent_user_id": "U03V6HMRPGQ"
  },
  {
    "client_msg_id": "359dcfab-bc12-479d-9b2e-94ae6eb43087",
    "type": "message",
    "text": "second question",
    "user": "U03V6HMRPGQ",
    "ts": "1668170762.482229",
    "blocks": [
      {
        "type": "rich_text",
        "block_id": "0zQW",
        "elements": [
          {
            "type": "rich_text_section",
            "elements": [
              {
                "type": "text",
                "text": "second question"
              }
            ]
          }
        ]
      }
    ],
    "team": "T03U4J8HMUG",
    "user_team": "T03U4J8HMUG",
    "source_team": "T03U4J8HMUG",
    "user_profile": {
      "avatar_hash": "23fcf5329c03",
      "image_72": "https://avatars.slack-edge.com/2022-08-22/3969139924917_23fcf5329c03131c761f_72.png",
      "first_name": "Cristian",
      "real_name": "Cristian Wilson",
      "display_name": "Cristian Wilson",
      "team": "T03U4J8HMUG",
      "name": "Cristian",
      "is_restricted": false,
      "is_ultra_restricted": false
    },
    "thread_ts": "1668168102.869239",
    "parent_user_id": "U03V6HMRPGQ"
  },
  {
    "client_msg_id": "e2dc1c70-b2c3-4daf-a616-f58180e56b66",
    "type": "message",
    "text": "Who wants to know the secret to great interview skills?",
    "user": "U03U93GNNVB",
    "ts": "1668174930.647689",
    "blocks": [
      {
        "type": "rich_text",
        "block_id": "Or/1",
        "elements": [
          {
            "type": "rich_text_section",
            "elements": [
              {
                "type": "text",
                "text": "Who wants to know the secret to great interview skills?"
              }
            ]
          }
        ]
      }
    ],
    "team": "T03U4J8HMUG",
    "user_team": "T03U4J8HMUG",
    "source_team": "T03U4J8HMUG",
    "user_profile": {
      "avatar_hash": "a49779ad093d",
      "image_72": "https://avatars.slack-edge.com/2022-08-22/3994045204528_a49779ad093d4fc39a87_72.jpg",
      "first_name": "Katherine",
      "real_name": "Katherine Foster",
      "display_name": "Katherine Foster",
      "team": "T03U4J8HMUG",
      "name": "Katherine",
      "is_restricted": false,
      "is_ultra_restricted": false
    },
    "thread_ts": "1668174930.647689",
    "reply_count": 4,
    "reply_users_count": 2,
    "latest_reply": "1668175717.826009",
    "reply_users": [
      "U03UVHCV6KB",
      "U03U93GNNVB"
    ],
    "replies": [
      {
        "user": "U03UVHCV6KB",
        "ts": "1668175258.015199"
      },
      {
        "user": "U03U93GNNVB",
        "ts": "1668175705.606969"
      },
      {
        "user": "U03U93GNNVB",
        "ts": "1668175715.966849"
      },
      {
        "user": "U03U93GNNVB",
        "ts": "1668175717.826009"
      }
    ],
    "is_locked": false,
    "subscribed": false,
    "reactions": [
      {
        "name": "raised_hand_with_fingers_splayed",
        "users": [
          "U03U1FNPEUX",
          "U03UG32J3PC",
          "U03UJGP0C68",
          "U03V5Q9N516",
          "U03UG0YHAUT",
          "U03U1J51VFZ",
          "U03UG1Z21JP",
          "U03UFV7HFNF",
          "U03UUR571A5",
          "U03UG5VFN03"
        ],
        "count": 10
      },
      {
        "name": "raised_hand_with_fingers_splayed::skin-tone-3",
        "users": [
          "U03U9EJR362"
        ],
        "count": 1
      },
      {
        "name": "raised_hands::skin-tone-3",
        "users": [
          "U03U9EJR362"
        ],
        "count": 1
      },
      {
        "name": "raised_hands",
        "users": [
          "U03UUR571A5"
        ],
        "count": 1
      },
      {
        "name": "raised_hand_with_fingers_splayed::skin-tone-4",
        "users": [
          "U03UG4Q7V42",
          "U03U1HAG9TR"
        ],
        "count": 2
      }
    ]
  },
  {
    "client_msg_id": "88097ecc-fcb5-45cd-a14c-5bd591fd5714",
    "type": "message",
    "text": "~Here are 3.~\n\n1. ~PRACTICE UNDER NORMAL CONDITIONS~\n2. ~PRACTICE UNDER PRESSURE~\n3. ~REFER TO  1 and 2, please~\n~Im sory to ruin it Arun, I just could not hold it in~ :rolling_on_the_floor_laughing:\n\n<@U03U93GNNVB> I am very sorry, I apologize for commenting on this thread without thinking first.",
    "user": "U03UVHCV6KB",
    "ts": "1668175258.015199",
    "blocks": [
      {
        "type": "rich_text",
        "block_id": "m6jMh",
        "elements": [
          {
            "type": "rich_text_section",
            "elements": [
              {
                "type": "text",
                "text": "Here are 3.",
                "style": {
                  "strike": true
                }
              },
              {
                "type": "text",
                "text": "\n\n"
              }
            ]
          },
          {
            "type": "rich_text_list",
            "elements": [
              {
                "type": "rich_text_section",
                "elements": [
                  {
                    "type": "text",
                    "text": "PRACTICE UNDER NORMAL CONDITIONS",
                    "style": {
                      "strike": true
                    }
                  }
                ]
              },
              {
                "type": "rich_text_section",
                "elements": [
                  {
                    "type": "text",
                    "text": "PRACTICE UNDER PRESSURE",
                    "style": {
                      "strike": true
                    }
                  }
                ]
              },
              {
                "type": "rich_text_section",
                "elements": [
                  {
                    "type": "text",
                    "text": "REFER TO  1 and 2, please",
                    "style": {
                      "strike": true
                    }
                  }
                ]
              }
            ],
            "style": "ordered",
            "indent": 0,
            "border": 0
          },
          {
            "type": "rich_text_section",
            "elements": [
              {
                "type": "text",
                "text": "\n"
              },
              {
                "type": "text",
                "text": "Im sory to ruin it Arun, I just could not hold it in ",
                "style": {
                  "strike": true
                }
              },
              {
                "type": "emoji",
                "name": "rolling_on_the_floor_laughing",
                "unicode": "1f923"
              },
              {
                "type": "text",
                "text": "\n\n"
              },
              {
                "type": "user",
                "user_id": "U03U93GNNVB"
              },
              {
                "type": "text",
                "text": " I am very sorry, I apologize for commenting on this thread without thinking first."
              }
            ]
          }
        ]
      }
    ],
    "team": "T03U4J8HMUG",
    "user_team": "T03U4J8HMUG",
    "source_team": "T03U4J8HMUG",
    "user_profile": {
      "avatar_hash": "gc9619121f99",
      "image_72": "https://secure.gravatar.com/avatar/c9619121f998ee4a7e46177f2a5729de.jpg?s=72&d=https%3A%2F%2Fa.slack-edge.com%2Fdf10d%2Fimg%2Favatars%2Fava_0002-72.png",
      "first_name": "Travis",
      "real_name": "Travis Butler",
      "display_name": "Travis Butler",
      "team": "T03U4J8HMUG",
      "name": "Travis",
      "is_restricted": false,
      "is_ultra_restricted": false
    },
    "edited": {
      "user": "U03UVHCV6KB",
      "ts": "1668332093.000000"
    },
    "thread_ts": "1668174930.647689",
    "parent_user_id": "U03U93GNNVB"
  },
  {
    "client_msg_id": "a169ae5d-ab4a-4583-a311-089e5f975d92",
    "type": "message",
    "text": "1. Plan out what you are going to say\n2. Practice it until you believe it\n3. Get feedback (from a friend, from someone that watched your recording, from a group of people) and write down what you need to change\n4. Back to 1",
    "user": "U03U93GNNVB",
    "ts": "1668175705.606969",
    "blocks": [
      {
        "type": "rich_text",
        "block_id": "WmQce",
        "elements": [
          {
            "type": "rich_text_list",
            "elements": [
              {
                "type": "rich_text_section",
                "elements": [
                  {
                    "type": "text",
                    "text": "Plan out what you are going to say"
                  }
                ]
              }
            ],
            "style": "ordered",
            "indent": 0,
            "border": 0
          },
          {
            "type": "rich_text_section",
            "elements": [
              {
                "type": "text",
                "text": "2. Practice it until you believe it\n3. Get feedback (from a friend, from someone that watched your recording, from a group of people) and write down what you need to change\n4. Back to 1"
              }
            ]
          }
        ]
      }
    ],
    "team": "T03U4J8HMUG",
    "user_team": "T03U4J8HMUG",
    "source_team": "T03U4J8HMUG",
    "user_profile": {
      "avatar_hash": "a49779ad093d",
      "image_72": "https://avatars.slack-edge.com/2022-08-22/3994045204528_a49779ad093d4fc39a87_72.jpg",
      "first_name": "Katherine",
      "real_name": "Katherine Foster",
      "display_name": "Katherine Foster",
      "team": "T03U4J8HMUG",
      "name": "Katherine",
      "is_restricted": false,
      "is_ultra_restricted": false
    },
    "thread_ts": "1668174930.647689",
    "parent_user_id": "U03U93GNNVB",
    "reactions": [
      {
        "name": "raised_hands",
        "users": [
          "U03V61VGQG0",
          "U03UHB8CXDY",
          "U03UUR571A5",
          "U03UG5VFN03",
          "U03UVHCV6KB",
          "U03UFV7HFNF"
        ],
        "count": 6
      }
    ]
  },
  {
    "client_msg_id": "94941de5-55fd-4314-b95a-96db3a4c0aac",
    "type": "message",
    "text": "It's about practice and improvement",
    "user": "U03U93GNNVB",
    "ts": "1668175715.966849",
    "blocks": [
      {
        "type": "rich_text",
        "block_id": "BnMB",
        "elements": [
          {
            "type": "rich_text_section",
            "elements": [
              {
                "type": "text",
                "text": "It's about practice and improvement"
              }
            ]
          }
        ]
      }
    ],
    "team": "T03U4J8HMUG",
    "user_team": "T03U4J8HMUG",
    "source_team": "T03U4J8HMUG",
    "user_profile": {
      "avatar_hash": "a49779ad093d",
      "image_72": "https://avatars.slack-edge.com/2022-08-22/3994045204528_a49779ad093d4fc39a87_72.jpg",
      "first_name": "Katherine",
      "real_name": "Katherine Foster",
      "display_name": "Katherine Foster",
      "team": "T03U4J8HMUG",
      "name": "Katherine",
      "is_restricted": false,
      "is_ultra_restricted": false
    },
    "thread_ts": "1668174930.647689",
    "parent_user_id": "U03U93GNNVB"
  },
  {
    "client_msg_id": "0b756718-444c-44c5-928e-18a9715a931a",
    "type": "message",
    "text": "That's it",
    "user": "U03U93GNNVB",
    "ts": "1668175717.826009",
    "blocks": [
      {
        "type": "rich_text",
        "block_id": "oKeR",
        "elements": [
          {
            "type": "rich_text_section",
            "elements": [
              {
                "type": "text",
                "text": "That's it"
              }
            ]
          }
        ]
      }
    ],
    "team": "T03U4J8HMUG",
    "user_team": "T03U4J8HMUG",
    "source_team": "T03U4J8HMUG",
    "user_profile": {
      "avatar_hash": "a49779ad093d",
      "image_72": "https://avatars.slack-edge.com/2022-08-22/3994045204528_a49779ad093d4fc39a87_72.jpg",
      "first_name": "Katherine",
      "real_name": "Katherine Foster",
      "display_name": "Katherine Foster",
      "team": "T03U4J8HMUG",
      "name": "Katherine",
      "is_restricted": false,
      "is_ultra_restricted": false
    },
    "thread_ts": "1668174930.647689",
    "parent_user_id": "U03U93GNNVB"
  },
  {
    "type": "message",
    "text": "I found these good....",
    "files": [
      {
        "id": "F04A7BPBF7Z",
        "created": 1668216637,
        "timestamp": 1668216637,
        "name": "image_f47ba532-44c4-4ad4-bf11-47c49e61b8d120221112_043028.jpg",
        "title": "image_f47ba532-44c4-4ad4-bf11-47c49e61b8d120221112_043028.jpg",
        "mimetype": "image/jpeg",
        "filetype": "jpg",
        "pretty_type": "JPEG",
        "user": "U03UG0YHAUT",
        "user_team": "T03U4J8HMUG",
        "editable": false,
        "size": 66248,
        "mode": "hosted",
        "is_external": false,
        "external_type": "",
        "is_public": true,
        "public_url_shared": false,
        "display_as_bot": false,
        "username": "",
        "url_private": "https://files.slack.com/files-pri/T03U4J8HMUG-F04A7BPBF7Z/image_f47ba532-44c4-4ad4-bf11-47c49e61b8d120221112_043028.jpg?t=xoxe-3956620599968-6240746766294-6247387524178-110fc6768eefd7fcb909c4550875ed49",
        "url_private_download": "https://files.slack.com/files-pri/T03U4J8HMUG-F04A7BPBF7Z/download/image_f47ba532-44c4-4ad4-bf11-47c49e61b8d120221112_043028.jpg?t=xoxe-3956620599968-6240746766294-6247387524178-110fc6768eefd7fcb909c4550875ed49",
        "media_display_type": "unknown",
        "thumb_64": "https://files.slack.com/files-tmb/T03U4J8HMUG-F04A7BPBF7Z-1a8921b268/image_f47ba532-44c4-4ad4-bf11-47c49e61b8d120221112_043028_64.jpg?t=xoxe-3956620599968-6240746766294-6247387524178-110fc6768eefd7fcb909c4550875ed49",
        "thumb_80": "https://files.slack.com/files-tmb/T03U4J8HMUG-F04A7BPBF7Z-1a8921b268/image_f47ba532-44c4-4ad4-bf11-47c49e61b8d120221112_043028_80.jpg?t=xoxe-3956620599968-6240746766294-6247387524178-110fc6768eefd7fcb909c4550875ed49",
        "thumb_360": "https://files.slack.com/files-tmb/T03U4J8HMUG-F04A7BPBF7Z-1a8921b268/image_f47ba532-44c4-4ad4-bf11-47c49e61b8d120221112_043028_360.jpg?t=xoxe-3956620599968-6240746766294-6247387524178-110fc6768eefd7fcb909c4550875ed49",
        "thumb_360_w": 360,
        "thumb_360_h": 360,
        "thumb_480": "https://files.slack.com/files-tmb/T03U4J8HMUG-F04A7BPBF7Z-1a8921b268/image_f47ba532-44c4-4ad4-bf11-47c49e61b8d120221112_043028_480.jpg?t=xoxe-3956620599968-6240746766294-6247387524178-110fc6768eefd7fcb909c4550875ed49",
        "thumb_480_w": 480,
        "thumb_480_h": 480,
        "thumb_160": "https://files.slack.com/files-tmb/T03U4J8HMUG-F04A7BPBF7Z-1a8921b268/image_f47ba532-44c4-4ad4-bf11-47c49e61b8d120221112_043028_160.jpg?t=xoxe-3956620599968-6240746766294-6247387524178-110fc6768eefd7fcb909c4550875ed49",
        "thumb_720": "https://files.slack.com/files-tmb/T03U4J8HMUG-F04A7BPBF7Z-1a8921b268/image_f47ba532-44c4-4ad4-bf11-47c49e61b8d120221112_043028_720.jpg?t=xoxe-3956620599968-6240746766294-6247387524178-110fc6768eefd7fcb909c4550875ed49",
        "thumb_720_w": 720,
        "thumb_720_h": 720,
        "thumb_800": "https://files.slack.com/files-tmb/T03U4J8HMUG-F04A7BPBF7Z-1a8921b268/image_f47ba532-44c4-4ad4-bf11-47c49e61b8d120221112_043028_800.jpg?t=xoxe-3956620599968-6240746766294-6247387524178-110fc6768eefd7fcb909c4550875ed49",
        "thumb_800_w": 800,
        "thumb_800_h": 800,
        "thumb_960": "https://files.slack.com/files-tmb/T03U4J8HMUG-F04A7BPBF7Z-1a8921b268/image_f47ba532-44c4-4ad4-bf11-47c49e61b8d120221112_043028_960.jpg?t=xoxe-3956620599968-6240746766294-6247387524178-110fc6768eefd7fcb909c4550875ed49",
        "thumb_960_w": 960,
        "thumb_960_h": 960,
        "thumb_1024": "https://files.slack.com/files-tmb/T03U4J8HMUG-F04A7BPBF7Z-1a8921b268/image_f47ba532-44c4-4ad4-bf11-47c49e61b8d120221112_043028_1024.jpg?t=xoxe-3956620599968-6240746766294-6247387524178-110fc6768eefd7fcb909c4550875ed49",
        "thumb_1024_w": 1024,
        "thumb_1024_h": 1024,
        "original_w": 1080,
        "original_h": 1080,
        "thumb_tiny": "AwAwADAopyqpXJbB9KXan9/9Ko5rDKKfsT+/TD14oFYXHqcGk6UUo5HPbvS2HuAGR/8AWpce36Ug6dqWmAY/zijA9P0oo/L9KQBj2/Smk9qd+App60AKOlL/AJ600gjrRTAd+IoyP8mm0UBcdn/Oab1oopD2P//Z",
        "permalink": "https://10academybatch6.slack.com/files/U03UG0YHAUT/F04A7BPBF7Z/image_f47ba532-44c4-4ad4-bf11-47c49e61b8d120221112_043028.jpg",
        "permalink_public": "https://slack-files.com/T03U4J8HMUG-F04A7BPBF7Z-105d6b50d5",
        "is_starred": false,
        "has_rich_preview": false,
        "file_access": "visible"
      },
      {
        "id": "F04BBJVG7CY",
        "created": 1668216640,
        "timestamp": 1668216640,
        "name": "image_16921217-0010-498a-89b5-2870f4c97f4520221112_042929.jpg",
        "title": "image_16921217-0010-498a-89b5-2870f4c97f4520221112_042929.jpg",
        "mimetype": "image/jpeg",
        "filetype": "jpg",
        "pretty_type": "JPEG",
        "user": "U03UG0YHAUT",
        "user_team": "T03U4J8HMUG",
        "editable": false,
        "size": 72645,
        "mode": "hosted",
        "is_external": false,
        "external_type": "",
        "is_public": true,
        "public_url_shared": false,
        "display_as_bot": false,
        "username": "",
        "url_private": "https://files.slack.com/files-pri/T03U4J8HMUG-F04BBJVG7CY/image_16921217-0010-498a-89b5-2870f4c97f4520221112_042929.jpg?t=xoxe-3956620599968-6240746766294-6247387524178-110fc6768eefd7fcb909c4550875ed49",
        "url_private_download": "https://files.slack.com/files-pri/T03U4J8HMUG-F04BBJVG7CY/download/image_16921217-0010-498a-89b5-2870f4c97f4520221112_042929.jpg?t=xoxe-3956620599968-6240746766294-6247387524178-110fc6768eefd7fcb909c4550875ed49",
        "media_display_type": "unknown",
        "thumb_64": "https://files.slack.com/files-tmb/T03U4J8HMUG-F04BBJVG7CY-ccf35187f3/image_16921217-0010-498a-89b5-2870f4c97f4520221112_042929_64.jpg?t=xoxe-3956620599968-6240746766294-6247387524178-110fc6768eefd7fcb909c4550875ed49",
        "thumb_80": "https://files.slack.com/files-tmb/T03U4J8HMUG-F04BBJVG7CY-ccf35187f3/image_16921217-0010-498a-89b5-2870f4c97f4520221112_042929_80.jpg?t=xoxe-3956620599968-6240746766294-6247387524178-110fc6768eefd7fcb909c4550875ed49",
        "thumb_360": "https://files.slack.com/files-tmb/T03U4J8HMUG-F04BBJVG7CY-ccf35187f3/image_16921217-0010-498a-89b5-2870f4c97f4520221112_042929_360.jpg?t=xoxe-3956620599968-6240746766294-6247387524178-110fc6768eefd7fcb909c4550875ed49",
        "thumb_360_w": 360,
        "thumb_360_h": 360,
        "thumb_480": "https://files.slack.com/files-tmb/T03U4J8HMUG-F04BBJVG7CY-ccf35187f3/image_16921217-0010-498a-89b5-2870f4c97f4520221112_042929_480.jpg?t=xoxe-3956620599968-6240746766294-6247387524178-110fc6768eefd7fcb909c4550875ed49",
        "thumb_480_w": 480,
        "thumb_480_h": 480,
        "thumb_160": "https://files.slack.com/files-tmb/T03U4J8HMUG-F04BBJVG7CY-ccf35187f3/image_16921217-0010-498a-89b5-2870f4c97f4520221112_042929_160.jpg?t=xoxe-3956620599968-6240746766294-6247387524178-110fc6768eefd7fcb909c4550875ed49",
        "thumb_720": "https://files.slack.com/files-tmb/T03U4J8HMUG-F04BBJVG7CY-ccf35187f3/image_16921217-0010-498a-89b5-2870f4c97f4520221112_042929_720.jpg?t=xoxe-3956620599968-6240746766294-6247387524178-110fc6768eefd7fcb909c4550875ed49",
        "thumb_720_w": 720,
        "thumb_720_h": 720,
        "thumb_800": "https://files.slack.com/files-tmb/T03U4J8HMUG-F04BBJVG7CY-ccf35187f3/image_16921217-0010-498a-89b5-2870f4c97f4520221112_042929_800.jpg?t=xoxe-3956620599968-6240746766294-6247387524178-110fc6768eefd7fcb909c4550875ed49",
        "thumb_800_w": 800,
        "thumb_800_h": 800,
        "thumb_960": "https://files.slack.com/files-tmb/T03U4J8HMUG-F04BBJVG7CY-ccf35187f3/image_16921217-0010-498a-89b5-2870f4c97f4520221112_042929_960.jpg?t=xoxe-3956620599968-6240746766294-6247387524178-110fc6768eefd7fcb909c4550875ed49",
        "thumb_960_w": 960,
        "thumb_960_h": 960,
        "thumb_1024": "https://files.slack.com/files-tmb/T03U4J8HMUG-F04BBJVG7CY-ccf35187f3/image_16921217-0010-498a-89b5-2870f4c97f4520221112_042929_1024.jpg?t=xoxe-3956620599968-6240746766294-6247387524178-110fc6768eefd7fcb909c4550875ed49",
        "thumb_1024_w": 1024,
        "thumb_1024_h": 1024,
        "original_w": 1080,
        "original_h": 1080,
        "thumb_tiny": "AwAwADAopwXIzg/UUpUAchh+VUc1hlFL8vvR8vvQIMepwaTpSnHbP40Dkc9u9LYe4AcdKXHt/OhelH+elMAwPT+dGB6fzoH0o4xmgAwPT+dNz2p2Pb9KbSAUdKX8v0pOV9s0bj60wF4/zij8v0puT60u4+tAXF/L9KbRRSHsf//Z",
        "permalink": "https://10academybatch6.slack.com/files/U03UG0YHAUT/F04BBJVG7CY/image_16921217-0010-498a-89b5-2870f4c97f4520221112_042929.jpg",
        "permalink_public": "https://slack-files.com/T03U4J8HMUG-F04BBJVG7CY-3c2a388699",
        "is_starred": false,
        "has_rich_preview": false,
        "file_access": "visible"
      },
      {
        "id": "F04BBJVHHDW",
        "created": 1668216642,
        "timestamp": 1668216642,
        "name": "image_a16b5bf0-538a-4e01-8f71-a1f9dc76a1bc20221112_042933.jpg",
        "title": "image_a16b5bf0-538a-4e01-8f71-a1f9dc76a1bc20221112_042933.jpg",
        "mimetype": "image/jpeg",
        "filetype": "jpg",
        "pretty_type": "JPEG",
        "user": "U03UG0YHAUT",
        "user_team": "T03U4J8HMUG",
        "editable": false,
        "size": 74634,
        "mode": "hosted",
        "is_external": false,
        "external_type": "",
        "is_public": true,
        "public_url_shared": false,
        "display_as_bot": false,
        "username": "",
        "url_private": "https://files.slack.com/files-pri/T03U4J8HMUG-F04BBJVHHDW/image_a16b5bf0-538a-4e01-8f71-a1f9dc76a1bc20221112_042933.jpg?t=xoxe-3956620599968-6240746766294-6247387524178-110fc6768eefd7fcb909c4550875ed49",
        "url_private_download": "https://files.slack.com/files-pri/T03U4J8HMUG-F04BBJVHHDW/download/image_a16b5bf0-538a-4e01-8f71-a1f9dc76a1bc20221112_042933.jpg?t=xoxe-3956620599968-6240746766294-6247387524178-110fc6768eefd7fcb909c4550875ed49",
        "media_display_type": "unknown",
        "thumb_64": "https://files.slack.com/files-tmb/T03U4J8HMUG-F04BBJVHHDW-17f9db4c15/image_a16b5bf0-538a-4e01-8f71-a1f9dc76a1bc20221112_042933_64.jpg?t=xoxe-3956620599968-6240746766294-6247387524178-110fc6768eefd7fcb909c4550875ed49",
        "thumb_80": "https://files.slack.com/files-tmb/T03U4J8HMUG-F04BBJVHHDW-17f9db4c15/image_a16b5bf0-538a-4e01-8f71-a1f9dc76a1bc20221112_042933_80.jpg?t=xoxe-3956620599968-6240746766294-6247387524178-110fc6768eefd7fcb909c4550875ed49",
        "thumb_360": "https://files.slack.com/files-tmb/T03U4J8HMUG-F04BBJVHHDW-17f9db4c15/image_a16b5bf0-538a-4e01-8f71-a1f9dc76a1bc20221112_042933_360.jpg?t=xoxe-3956620599968-6240746766294-6247387524178-110fc6768eefd7fcb909c4550875ed49",
        "thumb_360_w": 360,
        "thumb_360_h": 360,
        "thumb_480": "https://files.slack.com/files-tmb/T03U4J8HMUG-F04BBJVHHDW-17f9db4c15/image_a16b5bf0-538a-4e01-8f71-a1f9dc76a1bc20221112_042933_480.jpg?t=xoxe-3956620599968-6240746766294-6247387524178-110fc6768eefd7fcb909c4550875ed49",
        "thumb_480_w": 480,
        "thumb_480_h": 480,
        "thumb_160": "https://files.slack.com/files-tmb/T03U4J8HMUG-F04BBJVHHDW-17f9db4c15/image_a16b5bf0-538a-4e01-8f71-a1f9dc76a1bc20221112_042933_160.jpg?t=xoxe-3956620599968-6240746766294-6247387524178-110fc6768eefd7fcb909c4550875ed49",
        "thumb_720": "https://files.slack.com/files-tmb/T03U4J8HMUG-F04BBJVHHDW-17f9db4c15/image_a16b5bf0-538a-4e01-8f71-a1f9dc76a1bc20221112_042933_720.jpg?t=xoxe-3956620599968-6240746766294-6247387524178-110fc6768eefd7fcb909c4550875ed49",
        "thumb_720_w": 720,
        "thumb_720_h": 720,
        "thumb_800": "https://files.slack.com/files-tmb/T03U4J8HMUG-F04BBJVHHDW-17f9db4c15/image_a16b5bf0-538a-4e01-8f71-a1f9dc76a1bc20221112_042933_800.jpg?t=xoxe-3956620599968-6240746766294-6247387524178-110fc6768eefd7fcb909c4550875ed49",
        "thumb_800_w": 800,
        "thumb_800_h": 800,
        "thumb_960": "https://files.slack.com/files-tmb/T03U4J8HMUG-F04BBJVHHDW-17f9db4c15/image_a16b5bf0-538a-4e01-8f71-a1f9dc76a1bc20221112_042933_960.jpg?t=xoxe-3956620599968-6240746766294-6247387524178-110fc6768eefd7fcb909c4550875ed49",
        "thumb_960_w": 960,
        "thumb_960_h": 960,
        "thumb_1024": "https://files.slack.com/files-tmb/T03U4J8HMUG-F04BBJVHHDW-17f9db4c15/image_a16b5bf0-538a-4e01-8f71-a1f9dc76a1bc20221112_042933_1024.jpg?t=xoxe-3956620599968-6240746766294-6247387524178-110fc6768eefd7fcb909c4550875ed49",
        "thumb_1024_w": 1024,
        "thumb_1024_h": 1024,
        "original_w": 1080,
        "original_h": 1080,
        "thumb_tiny": "AwAwADAopQM9wPrQVx/EKo5RKKXb/tLRtH95aAsGPU4NJ0pSOM5BoHI57d6Ww9wHSl/L9KRelL2/+vTAOP8AOKPy/Sj8aP8APWkAcf5xTc9qdnmm0AOXpR3/AP10nK9R1pCc0wHev/16XnPf9aZRmgLj+ff9aZR+NFIex//Z",
        "permalink": "https://10academybatch6.slack.com/files/U03UG0YHAUT/F04BBJVHHDW/image_a16b5bf0-538a-4e01-8f71-a1f9dc76a1bc20221112_042933.jpg",
        "permalink_public": "https://slack-files.com/T03U4J8HMUG-F04BBJVHHDW-ea9b2819a2",
        "is_starred": false,
        "has_rich_preview": false,
        "file_access": "visible"
      },
      {
        "id": "F04BBJVJL1E",
        "created": 1668216643,
        "timestamp": 1668216643,
        "name": "image_04fe7504-117f-436e-b201-86b0a400cf3320221112_042937.jpg",
        "title": "image_04fe7504-117f-436e-b201-86b0a400cf3320221112_042937.jpg",
        "mimetype": "image/jpeg",
        "filetype": "jpg",
        "pretty_type": "JPEG",
        "user": "U03UG0YHAUT",
        "user_team": "T03U4J8HMUG",
        "editable": false,
        "size": 65055,
        "mode": "hosted",
        "is_external": false,
        "external_type": "",
        "is_public": true,
        "public_url_shared": false,
        "display_as_bot": false,
        "username": "",
        "url_private": "https://files.slack.com/files-pri/T03U4J8HMUG-F04BBJVJL1E/image_04fe7504-117f-436e-b201-86b0a400cf3320221112_042937.jpg?t=xoxe-3956620599968-6240746766294-6247387524178-110fc6768eefd7fcb909c4550875ed49",
        "url_private_download": "https://files.slack.com/files-pri/T03U4J8HMUG-F04BBJVJL1E/download/image_04fe7504-117f-436e-b201-86b0a400cf3320221112_042937.jpg?t=xoxe-3956620599968-6240746766294-6247387524178-110fc6768eefd7fcb909c4550875ed49",
        "media_display_type": "unknown",
        "thumb_64": "https://files.slack.com/files-tmb/T03U4J8HMUG-F04BBJVJL1E-de389b4807/image_04fe7504-117f-436e-b201-86b0a400cf3320221112_042937_64.jpg?t=xoxe-3956620599968-6240746766294-6247387524178-110fc6768eefd7fcb909c4550875ed49",
        "thumb_80": "https://files.slack.com/files-tmb/T03U4J8HMUG-F04BBJVJL1E-de389b4807/image_04fe7504-117f-436e-b201-86b0a400cf3320221112_042937_80.jpg?t=xoxe-3956620599968-6240746766294-6247387524178-110fc6768eefd7fcb909c4550875ed49",
        "thumb_360": "https://files.slack.com/files-tmb/T03U4J8HMUG-F04BBJVJL1E-de389b4807/image_04fe7504-117f-436e-b201-86b0a400cf3320221112_042937_360.jpg?t=xoxe-3956620599968-6240746766294-6247387524178-110fc6768eefd7fcb909c4550875ed49",
        "thumb_360_w": 360,
        "thumb_360_h": 360,
        "thumb_480": "https://files.slack.com/files-tmb/T03U4J8HMUG-F04BBJVJL1E-de389b4807/image_04fe7504-117f-436e-b201-86b0a400cf3320221112_042937_480.jpg?t=xoxe-3956620599968-6240746766294-6247387524178-110fc6768eefd7fcb909c4550875ed49",
        "thumb_480_w": 480,
        "thumb_480_h": 480,
        "thumb_160": "https://files.slack.com/files-tmb/T03U4J8HMUG-F04BBJVJL1E-de389b4807/image_04fe7504-117f-436e-b201-86b0a400cf3320221112_042937_160.jpg?t=xoxe-3956620599968-6240746766294-6247387524178-110fc6768eefd7fcb909c4550875ed49",
        "thumb_720": "https://files.slack.com/files-tmb/T03U4J8HMUG-F04BBJVJL1E-de389b4807/image_04fe7504-117f-436e-b201-86b0a400cf3320221112_042937_720.jpg?t=xoxe-3956620599968-6240746766294-6247387524178-110fc6768eefd7fcb909c4550875ed49",
        "thumb_720_w": 720,
        "thumb_720_h": 720,
        "thumb_800": "https://files.slack.com/files-tmb/T03U4J8HMUG-F04BBJVJL1E-de389b4807/image_04fe7504-117f-436e-b201-86b0a400cf3320221112_042937_800.jpg?t=xoxe-3956620599968-6240746766294-6247387524178-110fc6768eefd7fcb909c4550875ed49",
        "thumb_800_w": 800,
        "thumb_800_h": 800,
        "thumb_960": "https://files.slack.com/files-tmb/T03U4J8HMUG-F04BBJVJL1E-de389b4807/image_04fe7504-117f-436e-b201-86b0a400cf3320221112_042937_960.jpg?t=xoxe-3956620599968-6240746766294-6247387524178-110fc6768eefd7fcb909c4550875ed49",
        "thumb_960_w": 960,
        "thumb_960_h": 960,
        "thumb_1024": "https://files.slack.com/files-tmb/T03U4J8HMUG-F04BBJVJL1E-de389b4807/image_04fe7504-117f-436e-b201-86b0a400cf3320221112_042937_1024.jpg?t=xoxe-3956620599968-6240746766294-6247387524178-110fc6768eefd7fcb909c4550875ed49",
        "thumb_1024_w": 1024,
        "thumb_1024_h": 1024,
        "original_w": 1080,
        "original_h": 1080,
        "thumb_tiny": "AwAwADAopQM9wPrRt/2hVHKJRS7f9oUbR/eWgAx6nBpOlB69c0o5HPbvS2HuAHHSlx7UKMj/AOtRjIPFMAwPT+dGB6fzoH0opABHB4pueMU4/d6U2mAo6dqXj/OKTlfbNJQA4/h+lGe/b8KbRQFxx/z0ptFFIex//9k=",
        "permalink": "https://10academybatch6.slack.com/files/U03UG0YHAUT/F04BBJVJL1E/image_04fe7504-117f-436e-b201-86b0a400cf3320221112_042937.jpg",
        "permalink_public": "https://slack-files.com/T03U4J8HMUG-F04BBJVJL1E-055fa8f091",
        "is_starred": false,
        "has_rich_preview": false,
        "file_access": "visible"
      }
    ],
    "upload": false,
    "user": "U03UG0YHAUT",
    "ts": "1668216662.285569",
    "blocks": [
      {
        "type": "rich_text",
        "block_id": "z07KI",
        "elements": [
          {
            "type": "rich_text_section",
            "elements": [
              {
                "type": "text",
                "text": "I found these good...."
              }
            ]
          }
        ]
      }
    ],
    "edited": {
      "user": "U03UG0YHAUT",
      "ts": "1668216694.000000"
    },
    "client_msg_id": "9d461467-37a0-4423-991a-b854b3b6381e"
  }
]