[
  {
    "type": "message",
    "text": "\n<https://www.entrepreneur.com/science-technology/10-questions-to-ask-when-choosing-a-cloud-provider/226845>",
    "user": "U03V785NLSU",
    "ts": "1662729190.517489",
    "blocks": [
      {
        "type": "rich_text",
        "block_id": "6vN",
        "elements": [
          {
            "type": "rich_text_section",
            "elements": [
              {
                "type": "link",
                "url": "https://www.entrepreneur.com/science-technology/10-questions-to-ask-when-choosing-a-cloud-provider/226845"
              }
            ]
          }
        ]
      }
    ],
    "team": "T03U4J8HMUG",
    "user_team": "T03U4J8HMUG",
    "source_team": "T03U4J8HMUG",
    "user_profile": {
      "avatar_hash": "48d5c88821e9",
      "image_72": "https://avatars.slack-edge.com/2022-08-21/3993277785968_48d5c88821e922581e17_72.jpg",
      "first_name": "Ashley",
      "real_name": "Ashley Hamilton",
      "display_name": "Ashley Hamilton",
      "team": "T03U4J8HMUG",
      "name": "Ashley",
      "is_restricted": false,
      "is_ultra_restricted": false
    },
    "attachments": [
      {
        "from_url": "https://www.entrepreneur.com/science-technology/10-questions-to-ask-when-choosing-a-cloud-provider/226845",
        "ts": 1370314800,
        "image_url": "https://assets.entrepreneur.com/content/3x2/2000/10-questions-choosing-cloud-provider.jpg",
        "image_width": 375,
        "image_height": 250,
        "image_bytes": 165341,
        "service_icon": "https://assets.entrepreneur.com/ent-apple-touch-icon.jpg",
        "id": 1,
        "original_url": "https://www.entrepreneur.com/science-technology/10-questions-to-ask-when-choosing-a-cloud-provider/226845",
        "fallback": "Entrepreneur: 10 Questions to Ask When Choosing a Cloud Provider",
        "text": "Making the leap to the cloud? Here's a quick guide to finding a vendor that meets your company's needs.",
        "title": "10 Questions to Ask When Choosing a Cloud Provider",
        "title_link": "https://www.entrepreneur.com/science-technology/10-questions-to-ask-when-choosing-a-cloud-provider/226845",
        "service_name": "Entrepreneur"
      }
    ],
    "reactions": [
      {
        "name": "raised_hands",
        "users": [
          "U03UVHCV6KB",
          "U03UG1Z21JP",
          "U03UJKJGRAQ"
        ],
        "count": 3
      }
    ]
  },
  {
    "client_msg_id": "a7e607f5-e7c5-496f-88f3-a736586bc48e",
    "type": "message",
    "text": "<https://www.mrc-productivity.com/blog/2012/10/5-big-questions-to-ask-before-moving-to-the-cloud/>",
    "user": "U03UG1Z21JP",
    "ts": "1662729282.435999",
    "blocks": [
      {
        "type": "rich_text",
        "block_id": "Cehf",
        "elements": [
          {
            "type": "rich_text_section",
            "elements": [
              {
                "type": "link",
                "url": "https://www.mrc-productivity.com/blog/2012/10/5-big-questions-to-ask-before-moving-to-the-cloud/"
              }
            ]
          }
        ]
      }
    ],
    "team": "T03U4J8HMUG",
    "user_team": "T03U4J8HMUG",
    "source_team": "T03U4J8HMUG",
    "user_profile": {
      "avatar_hash": "a1d3d501dd5d",
      "image_72": "https://avatars.slack-edge.com/2022-08-20/3961568205638_a1d3d501dd5d3f7ebea3_72.jpg",
      "first_name": "Jennifer",
      "real_name": "Jennifer Foley",
      "display_name": "Jennifer Foley",
      "team": "T03U4J8HMUG",
      "name": "Jennifer",
      "is_restricted": false,
      "is_ultra_restricted": false
    },
    "attachments": [
      {
        "from_url": "https://www.mrc-productivity.com/blog/2012/10/5-big-questions-to-ask-before-moving-to-the-cloud/",
        "ts": 1349785631,
        "thumb_url": "https://www.mrc-productivity.com/blog/wp-content/uploads/2010/11/Education.jpg",
        "thumb_width": 76,
        "thumb_height": 100,
        "service_icon": "https://www.mrc-productivity.com/assets/img/apple-touch-icon.png",
        "id": 1,
        "original_url": "https://www.mrc-productivity.com/blog/2012/10/5-big-questions-to-ask-before-moving-to-the-cloud/",
        "fallback": "mrc's Cup of Joe Blog: 5 big questions to ask before moving to the cloud - mrc's Cup of Joe Blog",
        "text": "Has there ever been a more confusingly vague term than \u201ccloud computing?\u201d To get an idea of just how confused people are, take a look at the numerous cloud adoption rate surveys. Depending on which survey you read, anywhere from 37% \u2013 91% of companies are using the cloud. That\u2019s quite a range. Why the [\u2026]",
        "title": "5 big questions to ask before moving to the cloud - mrc's Cup of Joe Blog",
        "title_link": "https://www.mrc-productivity.com/blog/2012/10/5-big-questions-to-ask-before-moving-to-the-cloud/",
        "service_name": "mrc's Cup of Joe Blog",
        "fields": [
          {
            "value": "Joe Stangarone",
            "title": "Written by",
            "short": true
          },
          {
            "value": "4 minutes",
            "title": "Est. reading time",
            "short": true
          }
        ]
      }
    ]
  },
  {
    "client_msg_id": "ff9601cc-e588-4e41-896d-5514bc7c8984",
    "type": "message",
    "text": "<https://learn.financestrategists.com/finance-terms/credit-purchases/>",
    "user": "U03V785NLSU",
    "ts": "1662730923.943629",
    "blocks": [
      {
        "type": "rich_text",
        "block_id": "0is60",
        "elements": [
          {
            "type": "rich_text_section",
            "elements": [
              {
                "type": "link",
                "url": "https://learn.financestrategists.com/finance-terms/credit-purchases/"
              }
            ]
          }
        ]
      }
    ],
    "team": "T03U4J8HMUG",
    "user_team": "T03U4J8HMUG",
    "source_team": "T03U4J8HMUG",
    "user_profile": {
      "avatar_hash": "48d5c88821e9",
      "image_72": "https://avatars.slack-edge.com/2022-08-21/3993277785968_48d5c88821e922581e17_72.jpg",
      "first_name": "Ashley",
      "real_name": "Ashley Hamilton",
      "display_name": "Ashley Hamilton",
      "team": "T03U4J8HMUG",
      "name": "Ashley",
      "is_restricted": false,
      "is_ultra_restricted": false
    },
    "attachments": [
      {
        "from_url": "https://learn.financestrategists.com/finance-terms/credit-purchases/",
        "image_url": "https://learn.financestrategists.com/wp-content/uploads/What-Is-a-Credit-Purchase_-scaled.jpg",
        "image_width": 444,
        "image_height": 250,
        "image_bytes": 302986,
        "service_icon": "https://learn.financestrategists.com/wp-content/uploads/cropped-finance-strategists_icon-180x180.png",
        "id": 1,
        "original_url": "https://learn.financestrategists.com/finance-terms/credit-purchases/",
        "fallback": "Finance Strategists: Credit Purchase | Definition | Importance | Pros &amp; Cons",
        "text": "Make the most of credit purchases by knowing what they are. Learn more here about credit purchase definition, importance, pros &amp; cons. Read on below.",
        "title": "Credit Purchase | Definition | Importance | Pros &amp; Cons",
        "title_link": "https://learn.financestrategists.com/finance-terms/credit-purchases/",
        "service_name": "Finance Strategists"
      }
    ],
    "reactions": [
      {
        "name": "raised_hands",
        "users": [
          "U03UVHCV6KB",
          "U03UJKJGRAQ",
          "U03U1J51VFZ"
        ],
        "count": 3
      }
    ]
  },
  {
    "client_msg_id": "86d242a5-5e7c-496c-b54e-fe6431bec7eb",
    "type": "message",
    "text": "<https://au.indeed.com/career-advice/career-development/questions-to-ask-ceo>",
    "user": "U03UG5VFN03",
    "ts": "1662746921.518219",
    "blocks": [
      {
        "type": "rich_text",
        "block_id": "iQGJ",
        "elements": [
          {
            "type": "rich_text_section",
            "elements": [
              {
                "type": "link",
                "url": "https://au.indeed.com/career-advice/career-development/questions-to-ask-ceo"
              }
            ]
          }
        ]
      }
    ],
    "team": "T03U4J8HMUG",
    "user_team": "T03U4J8HMUG",
    "source_team": "T03U4J8HMUG",
    "user_profile": {
      "avatar_hash": "1eec51b41e1b",
      "image_72": "https://avatars.slack-edge.com/2022-08-20/3980936144801_1eec51b41e1b370500be_72.png",
      "first_name": "Nancy",
      "real_name": "Nancy Craig",
      "display_name": "Nancy Craig",
      "team": "T03U4J8HMUG",
      "name": "Nancy",
      "is_restricted": false,
      "is_ultra_restricted": false
    },
    "attachments": [
      {
        "from_url": "https://au.indeed.com/career-advice/career-development/questions-to-ask-ceo",
        "image_url": "https://images.ctfassets.net/pdf29us7flmy/2KvMS1CGoU1mdaxzXOLSXV/269f580708f5501e0da25ad893f3800a/career-hero.svg?w=720&q=100&fm=jpg",
        "image_width": 444,
        "image_height": 250,
        "image_bytes": 171428,
        "service_icon": "https://images.ctfassets.net/pdf29us7flmy/289vCHeR8VihSh6eqiStxK/0d4ad61e921b5509de060d93c736c466/favicon.png?w=152",
        "id": 1,
        "original_url": "https://au.indeed.com/career-advice/career-development/questions-to-ask-ceo",
        "fallback": "Indeed Career Guide: 10 Clever Questions to Ask Your CEO (With Helpful Tips)",
        "text": "Discover 10 essential questions to ask your CEO along with additional tips to help you explore opportunities and build a strong relationship with your CEO.",
        "title": "10 Clever Questions to Ask Your CEO (With Helpful Tips)",
        "title_link": "https://au.indeed.com/career-advice/career-development/questions-to-ask-ceo",
        "service_name": "Indeed Career Guide"
      }
    ]
  },
  {
    "client_msg_id": "35440f6b-098e-46ac-b8e1-1df85100b86a",
    "type": "message",
    "text": "<https://creativesomething.net/post/132082899741/use-this-combinatorial-question-equation-if|https://creativesomething.net/post/132082899741/use-this-combinatorial-question-equation-if>",
    "user": "U03UFV7TUTV",
    "ts": "1662747264.283219",
    "blocks": [
      {
        "type": "rich_text",
        "block_id": "qPEzf",
        "elements": [
          {
            "type": "rich_text_section",
            "elements": [
              {
                "type": "link",
                "url": "https://creativesomething.net/post/132082899741/use-this-combinatorial-question-equation-if",
                "text": "https://creativesomething.net/post/132082899741/use-this-combinatorial-question-equation-if"
              }
            ]
          }
        ]
      }
    ],
    "team": "T03U4J8HMUG",
    "user_team": "T03U4J8HMUG",
    "source_team": "T03U4J8HMUG",
    "user_profile": {
      "avatar_hash": "g2d3549811da",
      "image_72": "https://secure.gravatar.com/avatar/2d3549811dae404f2ab1ffd6d153680c.jpg?s=72&d=https%3A%2F%2Fa.slack-edge.com%2Fdf10d%2Fimg%2Favatars%2Fava_0003-72.png",
      "first_name": "Anthony",
      "real_name": "Anthony Galloway",
      "display_name": "Anthony Galloway",
      "team": "T03U4J8HMUG",
      "name": "Anthony",
      "is_restricted": false,
      "is_ultra_restricted": false
    },
    "attachments": [
      {
        "from_url": "https://creativesomething.net/post/132082899741/use-this-combinatorial-question-equation-if",
        "thumb_url": "http://static1.squarespace.com/static/58eaee1915d5dbf58cd95dfa/58eaeeabb8a79b774aa2c810/5a1cceee53450a9c54a1d523/1511837473070/senses.jpg?format=1500w",
        "thumb_width": 1200,
        "thumb_height": 474,
        "service_icon": "https://creativesomething.net/favicon.ico",
        "id": 1,
        "original_url": "https://creativesomething.net/post/132082899741/use-this-combinatorial-question-equation-if",
        "fallback": "Creative Something: Use this combinatorial question equation if you want to be more curious \u2014 Creative Something",
        "text": "Learning to be curious is the most impactful thing you can do to live a more creative life. I have no doubt about this notion, because time and time again my exploration into the history of creative research indicates that, when it comes to creativity,&amp;nbsp; curiosity is everything . Really it",
        "title": "Use this combinatorial question equation if you want to be more curious \u2014 Creative Something",
        "title_link": "https://creativesomething.net/post/132082899741/use-this-combinatorial-question-equation-if",
        "service_name": "Creative Something"
      }
    ]
  }
]