[
  {
    "client_msg_id": "234b556c-a77c-4612-9d78-28f7cbd0264e",
    "type": "message",
    "text": "Hi Hi <@U03UG5VFN03> <@U03UJKJGRAQ> <@U03U1FNPEUX> <@U03UG1Z21JP>\nPlease kindly share your CV with me against Friday mock up interview. Thanks.",
    "user": "U03TT5KEYCF",
    "ts": "1664960492.033649",
    "blocks": [
      {
        "type": "rich_text",
        "block_id": "2g76s",
        "elements": [
          {
            "type": "rich_text_section",
            "elements": [
              {
                "type": "text",
                "text": "Hi Hi "
              },
              {
                "type": "user",
                "user_id": "U03UG5VFN03"
              },
              {
                "type": "text",
                "text": " "
              },
              {
                "type": "user",
                "user_id": "U03UJKJGRAQ"
              },
              {
                "type": "text",
                "text": " "
              },
              {
                "type": "user",
                "user_id": "U03U1FNPEUX"
              },
              {
                "type": "text",
                "text": " "
              },
              {
                "type": "user",
                "user_id": "U03UG1Z21JP"
              },
              {
                "type": "text",
                "text": "\nPlease kindly share your CV with me against Friday mock up interview. Thanks."
              }
            ]
          }
        ]
      }
    ],
    "team": "T03U4J8HMUG",
    "user_team": "T03U4J8HMUG",
    "source_team": "T03U4J8HMUG",
    "user_profile": {
      "avatar_hash": "aae36184306b",
      "image_72": "https://avatars.slack-edge.com/2022-08-18/3945210198087_aae36184306bb9e0b018_72.jpg",
      "first_name": "Luis",
      "real_name": "Luis Ingram",
      "display_name": "Luis Ingram",
      "team": "T03U4J8HMUG",
      "name": "Luis",
      "is_restricted": false,
      "is_ultra_restricted": false
    },
    "reactions": [
      {
        "name": "raised_hands",
        "users": [
          "U03UG5VFN03",
          "U03U1FNPEUX",
          "U03UJKJGRAQ",
          "U03UG1Z21JP"
        ],
        "count": 4
      }
    ]
  },
  {
    "client_msg_id": "b88b6a34-6ff6-49ea-ae7c-383680edae8b",
    "type": "message",
    "text": "<!channel> Hello ; the career exercise for week 6 *\"Developing Curiosity and the Ability to Ask Good Questions\"* has been returned ; please see <https://docs.google.com/document/d/1BHyf8hHKhIkMvpEOoH4IADSjwaKB4lUd2foYVJI7ZqI/|exemplar list>. Thank you",
    "user": "U03UL5LSTG9",
    "ts": "1664980283.787309",
    "blocks": [
      {
        "type": "rich_text",
        "block_id": "0S7E",
        "elements": [
          {
            "type": "rich_text_section",
            "elements": [
              {
                "type": "broadcast",
                "range": "channel"
              },
              {
                "type": "text",
                "text": " Hello ; the career exercise for week 6 "
              },
              {
                "type": "text",
                "text": "\"Developing Curiosity and the Ability to Ask Good Questions\" ",
                "style": {
                  "bold": true
                }
              },
              {
                "type": "text",
                "text": "has been returned ; please see "
              },
              {
                "type": "link",
                "url": "https://docs.google.com/document/d/1BHyf8hHKhIkMvpEOoH4IADSjwaKB4lUd2foYVJI7ZqI/",
                "text": "exemplar list"
              },
              {
                "type": "text",
                "text": ". Thank you"
              }
            ]
          }
        ]
      }
    ],
    "team": "T03U4J8HMUG",
    "user_team": "T03U4J8HMUG",
    "source_team": "T03U4J8HMUG",
    "user_profile": {
      "avatar_hash": "3fe4d3c0de24",
      "image_72": "https://avatars.slack-edge.com/2022-08-23/3978609497829_3fe4d3c0de24beaf8552_72.png",
      "first_name": "Samantha",
      "real_name": "Samantha Lee",
      "display_name": "Samantha Lee",
      "team": "T03U4J8HMUG",
      "name": "Samantha",
      "is_restricted": false,
      "is_ultra_restricted": false
    },
    "reactions": [
      {
        "name": "eyes",
        "users": [
          "U03UVHCV6KB",
          "U03UG0YHAUT",
          "U03UG1Z21JP"
        ],
        "count": 3
      },
      {
        "name": "pray",
        "users": [
          "U03UG5VFN03"
        ],
        "count": 1
      }
    ]
  }
]