[
  {
    "client_msg_id": "3db501ff-d401-49c9-b17d-dc316d865c24",
    "type": "message",
    "text": "<!channel> please find <https://docs.google.com/document/d/1U8l5TRQuvXMReO9pMC6Kc_yc6mRujoBeXdTvrg9lCyY/edit#bookmark=id.wie1uk81tn6m|here> , LinkedIn profile guide",
    "user": "U03TT5KEYCF",
    "ts": "1669025901.631719",
    "blocks": [
      {
        "type": "rich_text",
        "block_id": "L5b",
        "elements": [
          {
            "type": "rich_text_section",
            "elements": [
              {
                "type": "broadcast",
                "range": "channel"
              },
              {
                "type": "text",
                "text": " please find "
              },
              {
                "type": "link",
                "url": "https://docs.google.com/document/d/1U8l5TRQuvXMReO9pMC6Kc_yc6mRujoBeXdTvrg9lCyY/edit#bookmark=id.wie1uk81tn6m",
                "text": "here"
              },
              {
                "type": "text",
                "text": " , LinkedIn profile guide"
              }
            ]
          }
        ]
      }
    ],
    "team": "T03U4J8HMUG",
    "user_team": "T03U4J8HMUG",
    "source_team": "T03U4J8HMUG",
    "user_profile": {
      "avatar_hash": "aae36184306b",
      "image_72": "https://avatars.slack-edge.com/2022-08-18/3945210198087_aae36184306bb9e0b018_72.jpg",
      "first_name": "Luis",
      "real_name": "Luis Ingram",
      "display_name": "Luis Ingram",
      "team": "T03U4J8HMUG",
      "name": "Luis",
      "is_restricted": false,
      "is_ultra_restricted": false
    },
    "reactions": [
      {
        "name": "raised_hands",
        "users": [
          "U03U93GNNVB",
          "U03UJGP0C68",
          "U03UG0YHAUT",
          "U03UG5VFN03"
        ],
        "count": 4
      }
    ]
  }
]