[
  {
    "client_msg_id": "ba14cce1-ca7a-4f57-9bc2-1d604a32e9fe",
    "type": "message",
    "text": "Check your partners for the second Career exercise.\n<https://docs.google.com/document/d/153z_jy38-2hJgxjOM6xUIbgKVvFXj_yuQ7SpcmA_JYk/edit>",
    "user": "U03UFV7HFNF",
    "ts": "1661419815.316969",
    "blocks": [
      {
        "type": "rich_text",
        "block_id": "COW2d",
        "elements": [
          {
            "type": "rich_text_section",
            "elements": [
              {
                "type": "text",
                "text": "Check your partners for the second Career exercise.\n"
              },
              {
                "type": "link",
                "url": "https://docs.google.com/document/d/153z_jy38-2hJgxjOM6xUIbgKVvFXj_yuQ7SpcmA_JYk/edit"
              }
            ]
          }
        ]
      }
    ],
    "team": "T03U4J8HMUG",
    "user_team": "T03U4J8HMUG",
    "source_team": "T03U4J8HMUG",
    "user_profile": {
      "avatar_hash": "3166d51d23f1",
      "image_72": "https://avatars.slack-edge.com/2022-08-20/3991799522480_3166d51d23f1da2374e9_72.jpg",
      "first_name": "Miguel",
      "real_name": "Miguel Herring",
      "display_name": "Miguel Herring",
      "team": "T03U4J8HMUG",
      "name": "Miguel",
      "is_restricted": false,
      "is_ultra_restricted": false
    },
    "reactions": [
      {
        "name": "white_check_mark",
        "users": [
          "U03UG4Q7V42",
          "U03UG32J3PC",
          "U03UD68RQH3",
          "U03UD4FEDHB"
        ],
        "count": 4
      }
    ]
  },
  {
    "client_msg_id": "76b8c71e-492c-4284-ad3e-cf26bddc4ea3",
    "type": "message",
    "text": "In the document explaining the exercise <https://docs.google.com/document/d/1gwPe0xfnMYWwEmi_KGP4QMhymmUUTayFbql4en0sG94/edit?usp=sharing|Becoming a Peer Mentor>, we are asked to research and google our peer mentors before reaching out to them. What should I do if I can't find anything?\n\n (I also think my mentee won't find anything about me since my name on the list is written without my last name)",
    "user": "U03UJKJGRAQ",
    "ts": "1661420400.348759",
    "blocks": [
      {
        "type": "rich_text",
        "block_id": "IIih",
        "elements": [
          {
            "type": "rich_text_section",
            "elements": [
              {
                "type": "text",
                "text": "In the document explaining the exercise "
              },
              {
                "type": "link",
                "url": "https://docs.google.com/document/d/1gwPe0xfnMYWwEmi_KGP4QMhymmUUTayFbql4en0sG94/edit?usp=sharing",
                "text": "Becoming a Peer Mentor"
              },
              {
                "type": "text",
                "text": ", we are asked to research and google our peer mentors before reaching out to them. What should I do if I can't find anything?\n\n (I also think my mentee won't find anything about me since my name on the list is written without my last name)"
              }
            ]
          }
        ]
      }
    ],
    "team": "T03U4J8HMUG",
    "user_team": "T03U4J8HMUG",
    "source_team": "T03U4J8HMUG",
    "user_profile": {
      "avatar_hash": "3d318a55b9e2",
      "image_72": "https://avatars.slack-edge.com/2022-10-03/4158852852038_3d318a55b9e221ad2cb3_72.jpg",
      "first_name": "Brian",
      "real_name": "Brian Odom",
      "display_name": "Brian Odom",
      "team": "T03U4J8HMUG",
      "name": "Brian",
      "is_restricted": false,
      "is_ultra_restricted": false
    },
    "thread_ts": "1661420400.348759",
    "reply_count": 4,
    "reply_users_count": 3,
    "latest_reply": "1661421503.127799",
    "reply_users": [
      "U03UL5LSTG9",
      "U03U4GULU3Y",
      "U03UJKJGRAQ"
    ],
    "replies": [
      {
        "user": "U03UL5LSTG9",
        "ts": "1661420943.495749"
      },
      {
        "user": "U03U4GULU3Y",
        "ts": "1661420960.882289"
      },
      {
        "user": "U03UJKJGRAQ",
        "ts": "1661421233.379369"
      },
      {
        "user": "U03U4GULU3Y",
        "ts": "1661421503.127799"
      }
    ],
    "is_locked": false,
    "subscribed": false
  },
  {
    "client_msg_id": "774da698-6a39-4174-817f-3804bd4632b6",
    "type": "message",
    "text": "Hi Emtinan, I apologize for leaving out your last name, but I have nonetheless added it.",
    "user": "U03UL5LSTG9",
    "ts": "1661420943.495749",
    "blocks": [
      {
        "type": "rich_text",
        "block_id": "lgtj4",
        "elements": [
          {
            "type": "rich_text_section",
            "elements": [
              {
                "type": "text",
                "text": "Hi Emtinan, I apologize for leaving out your last name, but I have nonetheless added it."
              }
            ]
          }
        ]
      }
    ],
    "team": "T03U4J8HMUG",
    "user_team": "T03U4J8HMUG",
    "source_team": "T03U4J8HMUG",
    "user_profile": {
      "avatar_hash": "3fe4d3c0de24",
      "image_72": "https://avatars.slack-edge.com/2022-08-23/3978609497829_3fe4d3c0de24beaf8552_72.png",
      "first_name": "Samantha",
      "real_name": "Samantha Lee",
      "display_name": "Samantha Lee",
      "team": "T03U4J8HMUG",
      "name": "Samantha",
      "is_restricted": false,
      "is_ultra_restricted": false
    },
    "thread_ts": "1661420400.348759",
    "parent_user_id": "U03UJKJGRAQ"
  },
  {
    "client_msg_id": "4f314d39-9637-46bf-bc8a-a817a3bf7d75",
    "type": "message",
    "text": "The research on your partner task, basically  gives you an idea of who they are or how they look like, however you are not to pry so much on them, for example you can look them up linked-in, Git hub and such apps.. if you don't find them there it is still ok..you will be able  know them better and further on the call that you will have later.",
    "user": "U03U4GULU3Y",
    "ts": "1661420960.882289",
    "blocks": [
      {
        "type": "rich_text",
        "block_id": "OLdI",
        "elements": [
          {
            "type": "rich_text_section",
            "elements": [
              {
                "type": "text",
                "text": "The research on your partner task, basically  gives you an idea of who they are or how they look like, however you are not to pry so much on them, for example you can look them up linked-in, Git hub and such apps.. if you don't find them there it is still ok..you will be able  know them better and further on the call that you will have later."
              }
            ]
          }
        ]
      }
    ],
    "team": "T03U4J8HMUG",
    "user_team": "T03U4J8HMUG",
    "source_team": "T03U4J8HMUG",
    "user_profile": {
      "avatar_hash": "99e77e6d73e2",
      "image_72": "https://avatars.slack-edge.com/2022-08-19/3986877623392_99e77e6d73e294e4f45c_72.png",
      "first_name": "Allison",
      "real_name": "Allison Thompson",
      "display_name": "Allison Thompson",
      "team": "T03U4J8HMUG",
      "name": "Allison",
      "is_restricted": false,
      "is_ultra_restricted": false
    },
    "thread_ts": "1661420400.348759",
    "parent_user_id": "U03UJKJGRAQ"
  },
  {
    "client_msg_id": "76f17e0c-ce9b-4359-9c81-2d2a13a28f4a",
    "type": "message",
    "text": "<@U03U4GULU3Y> thank you for explaining. Since I tried to look them up, I will wait to get info from them directly.\n\n<@U03UL5LSTG9> no worries. My name is long and a bit confusing to most people.",
    "user": "U03UJKJGRAQ",
    "ts": "1661421233.379369",
    "blocks": [
      {
        "type": "rich_text",
        "block_id": "94L",
        "elements": [
          {
            "type": "rich_text_section",
            "elements": [
              {
                "type": "user",
                "user_id": "U03U4GULU3Y"
              },
              {
                "type": "text",
                "text": " thank you for explaining. Since I tried to look them up, I will wait to get info from them directly.\n\n"
              },
              {
                "type": "user",
                "user_id": "U03UL5LSTG9"
              },
              {
                "type": "text",
                "text": " no worries. My name is long and a bit confusing to most people."
              }
            ]
          }
        ]
      }
    ],
    "team": "T03U4J8HMUG",
    "user_team": "T03U4J8HMUG",
    "source_team": "T03U4J8HMUG",
    "user_profile": {
      "avatar_hash": "3d318a55b9e2",
      "image_72": "https://avatars.slack-edge.com/2022-10-03/4158852852038_3d318a55b9e221ad2cb3_72.jpg",
      "first_name": "Brian",
      "real_name": "Brian Odom",
      "display_name": "Brian Odom",
      "team": "T03U4J8HMUG",
      "name": "Brian",
      "is_restricted": false,
      "is_ultra_restricted": false
    },
    "thread_ts": "1661420400.348759",
    "parent_user_id": "U03UJKJGRAQ"
  },
  {
    "client_msg_id": "76949db7-73bb-43c8-8a43-253589890781",
    "type": "message",
    "text": "great! <@U03UJKJGRAQ>",
    "user": "U03U4GULU3Y",
    "ts": "1661421503.127799",
    "blocks": [
      {
        "type": "rich_text",
        "block_id": "EfICX",
        "elements": [
          {
            "type": "rich_text_section",
            "elements": [
              {
                "type": "text",
                "text": "great! "
              },
              {
                "type": "user",
                "user_id": "U03UJKJGRAQ"
              }
            ]
          }
        ]
      }
    ],
    "team": "T03U4J8HMUG",
    "user_team": "T03U4J8HMUG",
    "source_team": "T03U4J8HMUG",
    "user_profile": {
      "avatar_hash": "99e77e6d73e2",
      "image_72": "https://avatars.slack-edge.com/2022-08-19/3986877623392_99e77e6d73e294e4f45c_72.png",
      "first_name": "Allison",
      "real_name": "Allison Thompson",
      "display_name": "Allison Thompson",
      "team": "T03U4J8HMUG",
      "name": "Allison",
      "is_restricted": false,
      "is_ultra_restricted": false
    },
    "thread_ts": "1661420400.348759",
    "parent_user_id": "U03UJKJGRAQ"
  },
  {
    "client_msg_id": "ed63dbfe-0767-4aa7-bee6-24cf169b1e35",
    "type": "message",
    "text": "Any one who makes me clarification on Careers Exercise?",
    "user": "U03UHB8CXDY",
    "ts": "1661422118.887959",
    "blocks": [
      {
        "type": "rich_text",
        "block_id": "hJYIu",
        "elements": [
          {
            "type": "rich_text_section",
            "elements": [
              {
                "type": "text",
                "text": "Any one who makes me clarification on Careers Exercise?"
              }
            ]
          }
        ]
      }
    ],
    "team": "T03U4J8HMUG",
    "user_team": "T03U4J8HMUG",
    "source_team": "T03U4J8HMUG",
    "user_profile": {
      "avatar_hash": "374fee609510",
      "image_72": "https://avatars.slack-edge.com/2022-09-30/4159182498980_374fee609510e6ff1526_72.jpg",
      "first_name": "Yvonne",
      "real_name": "Yvonne Gonzalez",
      "display_name": "Yvonne Gonzalez",
      "team": "T03U4J8HMUG",
      "name": "Yvonne",
      "is_restricted": false,
      "is_ultra_restricted": false
    },
    "thread_ts": "1661422118.887959",
    "reply_count": 3,
    "reply_users_count": 3,
    "latest_reply": "1661424261.225489",
    "reply_users": [
      "U03U4GULU3Y",
      "U03UHB8CXDY",
      "U03UL5LSTG9"
    ],
    "replies": [
      {
        "user": "U03U4GULU3Y",
        "ts": "1661422200.911109"
      },
      {
        "user": "U03UHB8CXDY",
        "ts": "1661423496.123829"
      },
      {
        "user": "U03UL5LSTG9",
        "ts": "1661424261.225489"
      }
    ],
    "is_locked": false,
    "subscribed": false
  },
  {
    "client_msg_id": "2d5bf21f-55c3-4191-9a5d-e241d5553ccf",
    "type": "message",
    "text": "Hi <@U03UHB8CXDY> you go ahead and ask your question.",
    "user": "U03U4GULU3Y",
    "ts": "1661422200.911109",
    "blocks": [
      {
        "type": "rich_text",
        "block_id": "3tC",
        "elements": [
          {
            "type": "rich_text_section",
            "elements": [
              {
                "type": "text",
                "text": "Hi "
              },
              {
                "type": "user",
                "user_id": "U03UHB8CXDY"
              },
              {
                "type": "text",
                "text": " you go ahead and ask your question."
              }
            ]
          }
        ]
      }
    ],
    "team": "T03U4J8HMUG",
    "user_team": "T03U4J8HMUG",
    "source_team": "T03U4J8HMUG",
    "user_profile": {
      "avatar_hash": "99e77e6d73e2",
      "image_72": "https://avatars.slack-edge.com/2022-08-19/3986877623392_99e77e6d73e294e4f45c_72.png",
      "first_name": "Allison",
      "real_name": "Allison Thompson",
      "display_name": "Allison Thompson",
      "team": "T03U4J8HMUG",
      "name": "Allison",
      "is_restricted": false,
      "is_ultra_restricted": false
    },
    "thread_ts": "1661422118.887959",
    "parent_user_id": "U03UHB8CXDY"
  },
  {
    "client_msg_id": "4e06160f-2618-4103-b2d1-c56ffb3a3096",
    "type": "message",
    "text": "<@U03U4GULU3Y> my question is 1. is only job related to data Engineering\n2. what is to mean no link to <http://Google.com|Google.com>\n3. what about Experience b/c many of them require Experience?\n4. if any sample?",
    "user": "U03UHB8CXDY",
    "ts": "1661423496.123829",
    "blocks": [
      {
        "type": "rich_text",
        "block_id": "iuv+G",
        "elements": [
          {
            "type": "rich_text_section",
            "elements": [
              {
                "type": "user",
                "user_id": "U03U4GULU3Y"
              },
              {
                "type": "text",
                "text": " my question is 1. is only job related to data Engineering\n2. what is to mean no link to "
              },
              {
                "type": "link",
                "url": "http://Google.com",
                "text": "Google.com"
              },
              {
                "type": "text",
                "text": "\n3. what about Experience b/c many of them require Experience?\n4. if any sample?"
              }
            ]
          }
        ]
      }
    ],
    "team": "T03U4J8HMUG",
    "user_team": "T03U4J8HMUG",
    "source_team": "T03U4J8HMUG",
    "user_profile": {
      "avatar_hash": "374fee609510",
      "image_72": "https://avatars.slack-edge.com/2022-09-30/4159182498980_374fee609510e6ff1526_72.jpg",
      "first_name": "Yvonne",
      "real_name": "Yvonne Gonzalez",
      "display_name": "Yvonne Gonzalez",
      "team": "T03U4J8HMUG",
      "name": "Yvonne",
      "is_restricted": false,
      "is_ultra_restricted": false
    },
    "edited": {
      "user": "U03UHB8CXDY",
      "ts": "1661423531.000000"
    },
    "thread_ts": "1661422118.887959",
    "parent_user_id": "U03UHB8CXDY"
  },
  {
    "client_msg_id": "4a4f252b-4ea2-40bb-ac08-ea82a3d4526f",
    "type": "message",
    "text": "<@U03UHB8CXDY> Your questions will be addressed during the current session.",
    "user": "U03UL5LSTG9",
    "ts": "1661424261.225489",
    "blocks": [
      {
        "type": "rich_text",
        "block_id": "Tw2rA",
        "elements": [
          {
            "type": "rich_text_section",
            "elements": [
              {
                "type": "user",
                "user_id": "U03UHB8CXDY"
              },
              {
                "type": "text",
                "text": " Your questions will be addressed during the current session."
              }
            ]
          }
        ]
      }
    ],
    "team": "T03U4J8HMUG",
    "user_team": "T03U4J8HMUG",
    "source_team": "T03U4J8HMUG",
    "user_profile": {
      "avatar_hash": "3fe4d3c0de24",
      "image_72": "https://avatars.slack-edge.com/2022-08-23/3978609497829_3fe4d3c0de24beaf8552_72.png",
      "first_name": "Samantha",
      "real_name": "Samantha Lee",
      "display_name": "Samantha Lee",
      "team": "T03U4J8HMUG",
      "name": "Samantha",
      "is_restricted": false,
      "is_ultra_restricted": false
    },
    "thread_ts": "1661422118.887959",
    "parent_user_id": "U03UHB8CXDY"
  },
  {
    "client_msg_id": "c37880bc-4332-4bab-bc80-4fe84913f205",
    "type": "message",
    "text": "Hi <!channel> a copy of ppt slides for todays tutorial is <https://docs.google.com/presentation/d/1eIWKdO9X3IlkoBdPS9lUV7C-SENvUTfuNag29S6RuVU/edit?usp=sharing|here> .Becoming a peer mentor. All the best on the exercises!:raised_hands:",
    "user": "U03U4GULU3Y",
    "ts": "1661429029.532689",
    "blocks": [
      {
        "type": "rich_text",
        "block_id": "oQg",
        "elements": [
          {
            "type": "rich_text_section",
            "elements": [
              {
                "type": "text",
                "text": "Hi "
              },
              {
                "type": "broadcast",
                "range": "channel"
              },
              {
                "type": "text",
                "text": " a copy of ppt slides for todays tutorial is "
              },
              {
                "type": "link",
                "url": "https://docs.google.com/presentation/d/1eIWKdO9X3IlkoBdPS9lUV7C-SENvUTfuNag29S6RuVU/edit?usp=sharing",
                "text": "here"
              },
              {
                "type": "text",
                "text": " .Becoming a peer mentor. All the best on the exercises!"
              },
              {
                "type": "emoji",
                "name": "raised_hands",
                "unicode": "1f64c"
              }
            ]
          }
        ]
      }
    ],
    "team": "T03U4J8HMUG",
    "user_team": "T03U4J8HMUG",
    "source_team": "T03U4J8HMUG",
    "user_profile": {
      "avatar_hash": "99e77e6d73e2",
      "image_72": "https://avatars.slack-edge.com/2022-08-19/3986877623392_99e77e6d73e294e4f45c_72.png",
      "first_name": "Allison",
      "real_name": "Allison Thompson",
      "display_name": "Allison Thompson",
      "team": "T03U4J8HMUG",
      "name": "Allison",
      "is_restricted": false,
      "is_ultra_restricted": false
    },
    "reactions": [
      {
        "name": "raised_hands",
        "users": [
          "U03UL5LSTG9"
        ],
        "count": 1
      }
    ]
  },
  {
    "client_msg_id": "9331eda0-633d-4ac5-93c5-176f06efa0e3",
    "type": "message",
    "text": "<@U03UUMR26Q1> <https://docs.google.com/document/d/1gwPe0xfnMYWwEmi_KGP4QMhymmUUTayFbql4en0sG94/edit>",
    "user": "U03TT5KEYCF",
    "ts": "1661431297.123239",
    "blocks": [
      {
        "type": "rich_text",
        "block_id": "QFQ2",
        "elements": [
          {
            "type": "rich_text_section",
            "elements": [
              {
                "type": "user",
                "user_id": "U03UUMR26Q1"
              },
              {
                "type": "text",
                "text": " "
              },
              {
                "type": "link",
                "url": "https://docs.google.com/document/d/1gwPe0xfnMYWwEmi_KGP4QMhymmUUTayFbql4en0sG94/edit"
              }
            ]
          }
        ]
      }
    ],
    "team": "T03U4J8HMUG",
    "user_team": "T03U4J8HMUG",
    "source_team": "T03U4J8HMUG",
    "user_profile": {
      "avatar_hash": "aae36184306b",
      "image_72": "https://avatars.slack-edge.com/2022-08-18/3945210198087_aae36184306bb9e0b018_72.jpg",
      "first_name": "Luis",
      "real_name": "Luis Ingram",
      "display_name": "Luis Ingram",
      "team": "T03U4J8HMUG",
      "name": "Luis",
      "is_restricted": false,
      "is_ultra_restricted": false
    }
  },
  {
    "client_msg_id": "eac78fc8-e0ac-4e7a-9399-4ca99e9ad757",
    "type": "message",
    "text": "\u2022 I have one question , is it possible to use the three job of post from different company only  from only (instance <https://www.indeed.com/|Indeed>;)\n",
    "user": "U03UG5VFN03",
    "ts": "1661437895.676409",
    "blocks": [
      {
        "type": "rich_text",
        "block_id": "WH2",
        "elements": [
          {
            "type": "rich_text_list",
            "elements": [
              {
                "type": "rich_text_section",
                "elements": [
                  {
                    "type": "text",
                    "text": "I have one question , is it possible to use the three job of post from different company only  from only (instance "
                  },
                  {
                    "type": "link",
                    "url": "https://www.indeed.com/",
                    "text": "Indeed"
                  },
                  {
                    "type": "text",
                    "text": ";)"
                  }
                ]
              }
            ],
            "style": "bullet",
            "indent": 0,
            "border": 0
          },
          {
            "type": "rich_text_section",
            "elements": []
          }
        ]
      }
    ],
    "team": "T03U4J8HMUG",
    "user_team": "T03U4J8HMUG",
    "source_team": "T03U4J8HMUG",
    "user_profile": {
      "avatar_hash": "1eec51b41e1b",
      "image_72": "https://avatars.slack-edge.com/2022-08-20/3980936144801_1eec51b41e1b370500be_72.png",
      "first_name": "Nancy",
      "real_name": "Nancy Craig",
      "display_name": "Nancy Craig",
      "team": "T03U4J8HMUG",
      "name": "Nancy",
      "is_restricted": false,
      "is_ultra_restricted": false
    },
    "thread_ts": "1661437895.676409",
    "reply_count": 6,
    "reply_users_count": 4,
    "latest_reply": "1661487993.578469",
    "reply_users": [
      "U03V1AM5TFA",
      "U03UL5LSTG9",
      "U03UG5VFN03",
      "U03U93GNNVB"
    ],
    "replies": [
      {
        "user": "U03V1AM5TFA",
        "ts": "1661440860.155359"
      },
      {
        "user": "U03UL5LSTG9",
        "ts": "1661443984.227779"
      },
      {
        "user": "U03UG5VFN03",
        "ts": "1661444873.491149"
      },
      {
        "user": "U03U93GNNVB",
        "ts": "1661487939.902239"
      },
      {
        "user": "U03U93GNNVB",
        "ts": "1661487967.805189"
      },
      {
        "user": "U03U93GNNVB",
        "ts": "1661487993.578469"
      }
    ],
    "is_locked": false,
    "subscribed": false
  },
  {
    "client_msg_id": "84422bd2-bea3-4665-920f-d367ee20fef2",
    "type": "message",
    "text": "<@U03UL5LSTG9> can assist",
    "user": "U03V1AM5TFA",
    "ts": "1661440860.155359",
    "blocks": [
      {
        "type": "rich_text",
        "block_id": "0Us7h",
        "elements": [
          {
            "type": "rich_text_section",
            "elements": [
              {
                "type": "user",
                "user_id": "U03UL5LSTG9"
              },
              {
                "type": "text",
                "text": " can assist"
              }
            ]
          }
        ]
      }
    ],
    "team": "T03U4J8HMUG",
    "user_team": "T03U4J8HMUG",
    "source_team": "T03U4J8HMUG",
    "user_profile": {
      "avatar_hash": "102fdd0c183f",
      "image_72": "https://avatars.slack-edge.com/2022-08-19/3963732043714_102fdd0c183f8d6d4215_72.png",
      "first_name": "Vanessa",
      "real_name": "Vanessa Norman",
      "display_name": "Vanessa Norman",
      "team": "T03U4J8HMUG",
      "name": "Vanessa",
      "is_restricted": false,
      "is_ultra_restricted": false
    },
    "thread_ts": "1661437895.676409",
    "parent_user_id": "U03UG5VFN03"
  },
  {
    "client_msg_id": "98FA03F5-E6FB-469B-A4BE-7430C47CA078",
    "type": "message",
    "text": "Yes, it is possible. ",
    "user": "U03UL5LSTG9",
    "ts": "1661443984.227779",
    "blocks": [
      {
        "type": "rich_text",
        "block_id": "lIM7",
        "elements": [
          {
            "type": "rich_text_section",
            "elements": [
              {
                "type": "text",
                "text": "Yes, it is possible. "
              }
            ]
          }
        ]
      }
    ],
    "team": "T03U4J8HMUG",
    "user_team": "T03U4J8HMUG",
    "source_team": "T03U4J8HMUG",
    "user_profile": {
      "avatar_hash": "3fe4d3c0de24",
      "image_72": "https://avatars.slack-edge.com/2022-08-23/3978609497829_3fe4d3c0de24beaf8552_72.png",
      "first_name": "Samantha",
      "real_name": "Samantha Lee",
      "display_name": "Samantha Lee",
      "team": "T03U4J8HMUG",
      "name": "Samantha",
      "is_restricted": false,
      "is_ultra_restricted": false
    },
    "thread_ts": "1661437895.676409",
    "parent_user_id": "U03UG5VFN03"
  },
  {
    "client_msg_id": "c94de59b-b601-430b-a90d-aaeec2676b7f",
    "type": "message",
    "text": "okay thank you so much",
    "user": "U03UG5VFN03",
    "ts": "1661444873.491149",
    "blocks": [
      {
        "type": "rich_text",
        "block_id": "i6s1H",
        "elements": [
          {
            "type": "rich_text_section",
            "elements": [
              {
                "type": "text",
                "text": "okay thank you so much"
              }
            ]
          }
        ]
      }
    ],
    "team": "T03U4J8HMUG",
    "user_team": "T03U4J8HMUG",
    "source_team": "T03U4J8HMUG",
    "user_profile": {
      "avatar_hash": "1eec51b41e1b",
      "image_72": "https://avatars.slack-edge.com/2022-08-20/3980936144801_1eec51b41e1b370500be_72.png",
      "first_name": "Nancy",
      "real_name": "Nancy Craig",
      "display_name": "Nancy Craig",
      "team": "T03U4J8HMUG",
      "name": "Nancy",
      "is_restricted": false,
      "is_ultra_restricted": false
    },
    "thread_ts": "1661437895.676409",
    "parent_user_id": "U03UG5VFN03"
  },
  {
    "client_msg_id": "8b25110c-1159-4dca-b5a3-02281a8e60a0",
    "type": "message",
    "text": "<@U03UG5VFN03> One company or one search portal?",
    "user": "U03U93GNNVB",
    "ts": "1661487939.902239",
    "blocks": [
      {
        "type": "rich_text",
        "block_id": "au7n",
        "elements": [
          {
            "type": "rich_text_section",
            "elements": [
              {
                "type": "user",
                "user_id": "U03UG5VFN03"
              },
              {
                "type": "text",
                "text": " One company or one search portal?"
              }
            ]
          }
        ]
      }
    ],
    "team": "T03U4J8HMUG",
    "user_team": "T03U4J8HMUG",
    "source_team": "T03U4J8HMUG",
    "user_profile": {
      "avatar_hash": "a49779ad093d",
      "image_72": "https://avatars.slack-edge.com/2022-08-22/3994045204528_a49779ad093d4fc39a87_72.jpg",
      "first_name": "Katherine",
      "real_name": "Katherine Foster",
      "display_name": "Katherine Foster",
      "team": "T03U4J8HMUG",
      "name": "Katherine",
      "is_restricted": false,
      "is_ultra_restricted": false
    },
    "thread_ts": "1661437895.676409",
    "parent_user_id": "U03UG5VFN03"
  },
  {
    "client_msg_id": "236e0345-0044-442e-a4c5-3cb4403bb839",
    "type": "message",
    "text": "If it's one company, it's OK but it would be better for you/your experience to look for multiple companies, to learn from how different companies post differently",
    "user": "U03U93GNNVB",
    "ts": "1661487967.805189",
    "blocks": [
      {
        "type": "rich_text",
        "block_id": "IdZe7",
        "elements": [
          {
            "type": "rich_text_section",
            "elements": [
              {
                "type": "text",
                "text": "If it's one company, it's OK but it would be better for you/your experience to look for multiple companies, to learn from how different companies post differently"
              }
            ]
          }
        ]
      }
    ],
    "team": "T03U4J8HMUG",
    "user_team": "T03U4J8HMUG",
    "source_team": "T03U4J8HMUG",
    "user_profile": {
      "avatar_hash": "a49779ad093d",
      "image_72": "https://avatars.slack-edge.com/2022-08-22/3994045204528_a49779ad093d4fc39a87_72.jpg",
      "first_name": "Katherine",
      "real_name": "Katherine Foster",
      "display_name": "Katherine Foster",
      "team": "T03U4J8HMUG",
      "name": "Katherine",
      "is_restricted": false,
      "is_ultra_restricted": false
    },
    "thread_ts": "1661437895.676409",
    "parent_user_id": "U03UG5VFN03"
  },
  {
    "client_msg_id": "30bc9b71-ac07-4618-99a1-b7f51f7a0928",
    "type": "message",
    "text": "If it's just one search site, then I think that's totally fine",
    "user": "U03U93GNNVB",
    "ts": "1661487993.578469",
    "blocks": [
      {
        "type": "rich_text",
        "block_id": "OHE",
        "elements": [
          {
            "type": "rich_text_section",
            "elements": [
              {
                "type": "text",
                "text": "If it's just one search site, then I think that's totally fine"
              }
            ]
          }
        ]
      }
    ],
    "team": "T03U4J8HMUG",
    "user_team": "T03U4J8HMUG",
    "source_team": "T03U4J8HMUG",
    "user_profile": {
      "avatar_hash": "a49779ad093d",
      "image_72": "https://avatars.slack-edge.com/2022-08-22/3994045204528_a49779ad093d4fc39a87_72.jpg",
      "first_name": "Katherine",
      "real_name": "Katherine Foster",
      "display_name": "Katherine Foster",
      "team": "T03U4J8HMUG",
      "name": "Katherine",
      "is_restricted": false,
      "is_ultra_restricted": false
    },
    "thread_ts": "1661437895.676409",
    "parent_user_id": "U03UG5VFN03"
  }
]