[
  {
    "client_msg_id": "0ee6f909-c56f-4622-a7a0-c170588ab85a",
    "type": "message",
    "text": "Quick reminder: the careers tutorial begins in 5 minutes.",
    "user": "U03UL5LSTG9",
    "ts": "1664881042.659419",
    "blocks": [
      {
        "type": "rich_text",
        "block_id": "gRpz",
        "elements": [
          {
            "type": "rich_text_section",
            "elements": [
              {
                "type": "text",
                "text": "Quick reminder: the careers tutorial begins in 5 minutes."
              }
            ]
          }
        ]
      }
    ],
    "team": "T03U4J8HMUG",
    "user_team": "T03U4J8HMUG",
    "source_team": "T03U4J8HMUG",
    "user_profile": {
      "avatar_hash": "3fe4d3c0de24",
      "image_72": "https://avatars.slack-edge.com/2022-08-23/3978609497829_3fe4d3c0de24beaf8552_72.png",
      "first_name": "Samantha",
      "real_name": "Samantha Lee",
      "display_name": "Samantha Lee",
      "team": "T03U4J8HMUG",
      "name": "Samantha",
      "is_restricted": false,
      "is_ultra_restricted": false
    }
  },
  {
    "client_msg_id": "112ab4d9-f13a-47cf-bb4c-2f532920604a",
    "type": "message",
    "text": "<@U03TX2VN6H5> Submission: Provide a professional report summarising the research you did for the debate session, the conclusions you reached at the end, and the benefits you received from the debate session. The report should be no more than two pages. The report should be in essay format, with introductory and concluding paragraphs. Make sure to title all paragraphs correctly, use bullet points where necessary, and ensure that you write so that all information is cohesive and coherent. Comment especially",
    "user": "U03UHB8CXDY",
    "ts": "1664883172.119829",
    "blocks": [
      {
        "type": "rich_text",
        "block_id": "Txbp",
        "elements": [
          {
            "type": "rich_text_section",
            "elements": [
              {
                "type": "user",
                "user_id": "U03TX2VN6H5"
              },
              {
                "type": "text",
                "text": " Submission: Provide a professional report summarising the research you did for the debate session, the conclusions you reached at the end, and the benefits you received from the debate session. The report should be no more than two pages. The report should be in essay format, with introductory and concluding paragraphs. Make sure to title all paragraphs correctly, use bullet points where necessary, and ensure that you write so that all information is cohesive and coherent. Comment especially"
              }
            ]
          }
        ]
      }
    ],
    "team": "T03U4J8HMUG",
    "user_team": "T03U4J8HMUG",
    "source_team": "T03U4J8HMUG",
    "user_profile": {
      "avatar_hash": "374fee609510",
      "image_72": "https://avatars.slack-edge.com/2022-09-30/4159182498980_374fee609510e6ff1526_72.jpg",
      "first_name": "Yvonne",
      "real_name": "Yvonne Gonzalez",
      "display_name": "Yvonne Gonzalez",
      "team": "T03U4J8HMUG",
      "name": "Yvonne",
      "is_restricted": false,
      "is_ultra_restricted": false
    },
    "edited": {
      "user": "U03UHB8CXDY",
      "ts": "1664883197.000000"
    },
    "reactions": [
      {
        "name": "raised_hands",
        "users": [
          "U03UL5LSTG9",
          "U03UD68RQH3",
          "U03UJKJGRAQ",
          "U03UG5VFN03"
        ],
        "count": 4
      }
    ]
  },
  {
    "client_msg_id": "629fe479-4b1d-44df-8d39-8d21b7c66bb3",
    "type": "message",
    "text": "<!here> Kindly signify if you don't belong to a debate group. Thank you.",
    "user": "U03UL5LSTG9",
    "ts": "1664884962.530969",
    "blocks": [
      {
        "type": "rich_text",
        "block_id": "ucKh",
        "elements": [
          {
            "type": "rich_text_section",
            "elements": [
              {
                "type": "broadcast",
                "range": "here"
              },
              {
                "type": "text",
                "text": " Kindly signify if you don't belong to a debate group. Thank you."
              }
            ]
          }
        ]
      }
    ],
    "team": "T03U4J8HMUG",
    "user_team": "T03U4J8HMUG",
    "source_team": "T03U4J8HMUG",
    "user_profile": {
      "avatar_hash": "3fe4d3c0de24",
      "image_72": "https://avatars.slack-edge.com/2022-08-23/3978609497829_3fe4d3c0de24beaf8552_72.png",
      "first_name": "Samantha",
      "real_name": "Samantha Lee",
      "display_name": "Samantha Lee",
      "team": "T03U4J8HMUG",
      "name": "Samantha",
      "is_restricted": false,
      "is_ultra_restricted": false
    },
    "thread_ts": "1664884962.530969",
    "reply_count": 1,
    "reply_users_count": 1,
    "latest_reply": "1664885191.484329",
    "reply_users": [
      "U03V61VGQG0"
    ],
    "replies": [
      {
        "user": "U03V61VGQG0",
        "ts": "1664885191.484329"
      }
    ],
    "is_locked": false,
    "subscribed": false
  },
  {
    "client_msg_id": "C29CEC38-B94A-4869-9B4D-9B3A14288710",
    "type": "message",
    "text": "I am not included.",
    "user": "U03V61VGQG0",
    "ts": "1664885191.484329",
    "blocks": [
      {
        "type": "rich_text",
        "block_id": "XvDh",
        "elements": [
          {
            "type": "rich_text_section",
            "elements": [
              {
                "type": "text",
                "text": "I am not included."
              }
            ]
          }
        ]
      }
    ],
    "team": "T03U4J8HMUG",
    "user_team": "T03U4J8HMUG",
    "source_team": "T03U4J8HMUG",
    "user_profile": {
      "avatar_hash": "5e18062f5298",
      "image_72": "https://avatars.slack-edge.com/2022-08-29/3997574519670_5e18062f5298c6182ca5_72.jpg",
      "first_name": "Paula",
      "real_name": "Paula Bryant",
      "display_name": "Paula Bryant",
      "team": "T03U4J8HMUG",
      "name": "Paula",
      "is_restricted": false,
      "is_ultra_restricted": false
    },
    "thread_ts": "1664884962.530969",
    "parent_user_id": "U03UL5LSTG9"
  }
]