[
  {
    "client_msg_id": "a20fa4a8-3dac-41eb-a43b-84725a1df6d2",
    "type": "message",
    "text": "to have a clear understanding. this week career exercise is a pdf document that contains   :\n\u2022 30 questions on which recommendation we should make to our ceo \n\u2022 from those 30 questions we should choose only 5 better questions \n\u2022 we should make a separate  presentation to answer those questions for our ceo\n\u2022 2 paragraph suggestions of  question that we wish if we were asked in w 1 \nis it like that, specifically point 3 <@U03TT5KEYCF>, <@U03U4GULU3Y>, <@U03UL5LSTG9>",
    "user": "U03V6HMRPGQ",
    "ts": "1662659602.948519",
    "blocks": [
      {
        "type": "rich_text",
        "block_id": "n20y",
        "elements": [
          {
            "type": "rich_text_section",
            "elements": [
              {
                "type": "text",
                "text": "to have a clear understanding. this week career exercise is a pdf document that contains   :\n"
              }
            ]
          },
          {
            "type": "rich_text_list",
            "elements": [
              {
                "type": "rich_text_section",
                "elements": [
                  {
                    "type": "text",
                    "text": "30 questions on which recommendation we should make to our ceo "
                  }
                ]
              },
              {
                "type": "rich_text_section",
                "elements": [
                  {
                    "type": "text",
                    "text": "from those 30 questions we should choose only 5 better questions "
                  }
                ]
              },
              {
                "type": "rich_text_section",
                "elements": [
                  {
                    "type": "text",
                    "text": "we should make a separate  presentation to answer those questions for our ceo"
                  }
                ]
              },
              {
                "type": "rich_text_section",
                "elements": [
                  {
                    "type": "text",
                    "text": "2 paragraph suggestions of  question that we wish if we were asked in w 1 "
                  }
                ]
              }
            ],
            "style": "bullet",
            "indent": 0,
            "border": 0
          },
          {
            "type": "rich_text_section",
            "elements": [
              {
                "type": "text",
                "text": "is it like that, specifically point 3 "
              },
              {
                "type": "user",
                "user_id": "U03TT5KEYCF"
              },
              {
                "type": "text",
                "text": ", "
              },
              {
                "type": "user",
                "user_id": "U03U4GULU3Y"
              },
              {
                "type": "text",
                "text": ", "
              },
              {
                "type": "user",
                "user_id": "U03UL5LSTG9"
              }
            ]
          }
        ]
      }
    ],
    "team": "T03U4J8HMUG",
    "user_team": "T03U4J8HMUG",
    "source_team": "T03U4J8HMUG",
    "user_profile": {
      "avatar_hash": "23fcf5329c03",
      "image_72": "https://avatars.slack-edge.com/2022-08-22/3969139924917_23fcf5329c03131c761f_72.png",
      "first_name": "Cristian",
      "real_name": "Cristian Wilson",
      "display_name": "Cristian Wilson",
      "team": "T03U4J8HMUG",
      "name": "Cristian",
      "is_restricted": false,
      "is_ultra_restricted": false
    },
    "thread_ts": "1662659602.948519",
    "reply_count": 3,
    "reply_users_count": 3,
    "latest_reply": "1662701110.986229",
    "reply_users": [
      "U03TT5KEYCF",
      "U03V6HMRPGQ",
      "U03UHB8CXDY"
    ],
    "replies": [
      {
        "user": "U03TT5KEYCF",
        "ts": "1662660139.164899"
      },
      {
        "user": "U03V6HMRPGQ",
        "ts": "1662661034.817419"
      },
      {
        "user": "U03UHB8CXDY",
        "ts": "1662701110.986229"
      }
    ],
    "is_locked": false,
    "subscribed": false
  },
  {
    "client_msg_id": "255d49e7-6356-4d2a-8b89-983e54ad2fe6",
    "type": "message",
    "text": "3rd bullet not required.\nAfter 30 questions (which the CEO will need to answer before you can make your recommendation), pick top 5, then improve that top 5.\n4th bullet- not suggestion but questions YOU wished you asked in W1 (i.e on reaching w3 what are those questions you wished you asked way early during the training)\nIs it clear now ?",
    "user": "U03TT5KEYCF",
    "ts": "1662660139.164899",
    "blocks": [
      {
        "type": "rich_text",
        "block_id": "aBQ",
        "elements": [
          {
            "type": "rich_text_section",
            "elements": [
              {
                "type": "text",
                "text": "3rd bullet not required.\nAfter 30 questions (which the CEO will need to answer before you can make your recommendation), pick top 5, then improve that top 5.\n4th bullet- not suggestion but questions YOU wished you asked in W1 (i.e on reaching w3 what are those questions you wished you asked way early during the training)\nIs it clear now ?"
              }
            ]
          }
        ]
      }
    ],
    "team": "T03U4J8HMUG",
    "user_team": "T03U4J8HMUG",
    "source_team": "T03U4J8HMUG",
    "user_profile": {
      "avatar_hash": "aae36184306b",
      "image_72": "https://avatars.slack-edge.com/2022-08-18/3945210198087_aae36184306bb9e0b018_72.jpg",
      "first_name": "Luis",
      "real_name": "Luis Ingram",
      "display_name": "Luis Ingram",
      "team": "T03U4J8HMUG",
      "name": "Luis",
      "is_restricted": false,
      "is_ultra_restricted": false
    },
    "thread_ts": "1662659602.948519",
    "parent_user_id": "U03V6HMRPGQ",
    "reactions": [
      {
        "name": "white_check_mark",
        "users": [
          "U03V6HMRPGQ",
          "U03UJGP0C68",
          "U03UL5LSTG9",
          "U03U1HAG9TR"
        ],
        "count": 4
      }
    ]
  },
  {
    "client_msg_id": "fa81f258-b97f-42f6-b78f-f6b163eff27b",
    "type": "message",
    "text": "okay, Thank you that was very helpful",
    "user": "U03V6HMRPGQ",
    "ts": "1662661034.817419",
    "blocks": [
      {
        "type": "rich_text",
        "block_id": "Knsr",
        "elements": [
          {
            "type": "rich_text_section",
            "elements": [
              {
                "type": "text",
                "text": "okay, Thank you that was very helpful"
              }
            ]
          }
        ]
      }
    ],
    "team": "T03U4J8HMUG",
    "user_team": "T03U4J8HMUG",
    "source_team": "T03U4J8HMUG",
    "user_profile": {
      "avatar_hash": "23fcf5329c03",
      "image_72": "https://avatars.slack-edge.com/2022-08-22/3969139924917_23fcf5329c03131c761f_72.png",
      "first_name": "Cristian",
      "real_name": "Cristian Wilson",
      "display_name": "Cristian Wilson",
      "team": "T03U4J8HMUG",
      "name": "Cristian",
      "is_restricted": false,
      "is_ultra_restricted": false
    },
    "thread_ts": "1662659602.948519",
    "parent_user_id": "U03V6HMRPGQ"
  },
  {
    "client_msg_id": "07D8E288-7050-452B-858F-4E659EF9FD67",
    "type": "message",
    "text": "I have some questions on the task developing curiosity and the ability to ask good questions. Are we supposed to tailor questions specific to choosing a cloud platform or should we ask questions about the whole scenario? Like what is my role in the startup? Some concepts are new to me in the scenario, should I also include the my questions on these concepts in the thirty questions?\nI hope I make sense.",
    "user": "U03V785NLSU",
    "ts": "1662672281.365629",
    "blocks": [
      {
        "type": "rich_text",
        "block_id": "=xA9",
        "elements": [
          {
            "type": "rich_text_section",
            "elements": [
              {
                "type": "text",
                "text": "I have some questions on the task developing curiosity and the ability to ask good questions. Are we supposed to tailor questions specific to choosing a cloud platform or should we ask questions about the whole scenario? Like what is my role in the startup? Some concepts are new to me in the scenario, should I also include the my questions on these concepts in the thirty questions?\nI hope I make sense."
              }
            ]
          }
        ]
      }
    ],
    "team": "T03U4J8HMUG",
    "user_team": "T03U4J8HMUG",
    "source_team": "T03U4J8HMUG",
    "user_profile": {
      "avatar_hash": "48d5c88821e9",
      "image_72": "https://avatars.slack-edge.com/2022-08-21/3993277785968_48d5c88821e922581e17_72.jpg",
      "first_name": "Ashley",
      "real_name": "Ashley Hamilton",
      "display_name": "Ashley Hamilton",
      "team": "T03U4J8HMUG",
      "name": "Ashley",
      "is_restricted": false,
      "is_ultra_restricted": false
    },
    "edited": {
      "user": "U03V785NLSU",
      "ts": "1662672638.000000"
    },
    "thread_ts": "1662672281.365629",
    "reply_count": 3,
    "reply_users_count": 2,
    "latest_reply": "1662706540.599669",
    "reply_users": [
      "U03TT5KEYCF",
      "U03V785NLSU"
    ],
    "replies": [
      {
        "user": "U03TT5KEYCF",
        "ts": "1662696732.746119"
      },
      {
        "user": "U03V785NLSU",
        "ts": "1662706219.116029"
      },
      {
        "user": "U03TT5KEYCF",
        "ts": "1662706540.599669"
      }
    ],
    "is_locked": false,
    "subscribed": false,
    "reactions": [
      {
        "name": "white_check_mark",
        "users": [
          "U03U1FNPEUX",
          "U03UG5VFN03",
          "U03UG03HQ2F"
        ],
        "count": 3
      }
    ]
  },
  {
    "client_msg_id": "38a118ef-4a24-49fd-a93f-aade7b14da9d",
    "type": "message",
    "text": "Here is the overall basis - before you can help your CEO choose between those 3 cloud options i.e before you can recommend any of them - what are those questions she needs to answer (basically her answers will influence your recommendation).",
    "user": "U03TT5KEYCF",
    "ts": "1662696732.746119",
    "blocks": [
      {
        "type": "rich_text",
        "block_id": "Lro78",
        "elements": [
          {
            "type": "rich_text_section",
            "elements": [
              {
                "type": "text",
                "text": "Here is the overall basis - before you can help your CEO choose between those 3 cloud options i.e before you can recommend any of them - what are those questions she needs to answer (basically her answers will influence your recommendation)."
              }
            ]
          }
        ]
      }
    ],
    "team": "T03U4J8HMUG",
    "user_team": "T03U4J8HMUG",
    "source_team": "T03U4J8HMUG",
    "user_profile": {
      "avatar_hash": "aae36184306b",
      "image_72": "https://avatars.slack-edge.com/2022-08-18/3945210198087_aae36184306bb9e0b018_72.jpg",
      "first_name": "Luis",
      "real_name": "Luis Ingram",
      "display_name": "Luis Ingram",
      "team": "T03U4J8HMUG",
      "name": "Luis",
      "is_restricted": false,
      "is_ultra_restricted": false
    },
    "thread_ts": "1662672281.365629",
    "parent_user_id": "U03V785NLSU"
  },
  {
    "client_msg_id": "15b7fe56-983c-4a97-b441-d234611618c1",
    "type": "message",
    "text": "If I say something like - \" I'm not sure what to have for breakfast - help me decide - pancakes, jollof rice or chicken-mayo sandwich ? \"\nPossible questions will include;\n\u2022 Which one doesn't take long to cook ?\n\u2022 Which aligns with your current diet ?\n\u2022 Do you have complete ingredients for any of them ?\n\u2022 Which do you think will fill you more before lunch time ?\n\u2022 What did you have for breakfast the day before ?",
    "user": "U03TT5KEYCF",
    "ts": "1662697476.293419",
    "blocks": [
      {
        "type": "rich_text",
        "block_id": "FmP",
        "elements": [
          {
            "type": "rich_text_section",
            "elements": [
              {
                "type": "text",
                "text": "If I say something like - \" I'm not sure what to have for breakfast - help me decide - pancakes, jollof rice or chicken-mayo sandwich ? \"\nPossible questions will include;\n"
              }
            ]
          },
          {
            "type": "rich_text_list",
            "elements": [
              {
                "type": "rich_text_section",
                "elements": [
                  {
                    "type": "text",
                    "text": "Which one doesn't take long to cook ?"
                  }
                ]
              },
              {
                "type": "rich_text_section",
                "elements": [
                  {
                    "type": "text",
                    "text": "Which aligns with your current diet ?"
                  }
                ]
              },
              {
                "type": "rich_text_section",
                "elements": [
                  {
                    "type": "text",
                    "text": "Do you have complete ingredients for any of them ?"
                  }
                ]
              },
              {
                "type": "rich_text_section",
                "elements": [
                  {
                    "type": "text",
                    "text": "Which do you think will fill you more before lunch time ?"
                  }
                ]
              },
              {
                "type": "rich_text_section",
                "elements": [
                  {
                    "type": "text",
                    "text": "What did you have for breakfast the day before ?"
                  }
                ]
              }
            ],
            "style": "bullet",
            "indent": 0,
            "border": 0
          }
        ]
      }
    ],
    "team": "T03U4J8HMUG",
    "user_team": "T03U4J8HMUG",
    "source_team": "T03U4J8HMUG",
    "user_profile": {
      "avatar_hash": "aae36184306b",
      "image_72": "https://avatars.slack-edge.com/2022-08-18/3945210198087_aae36184306bb9e0b018_72.jpg",
      "first_name": "Luis",
      "real_name": "Luis Ingram",
      "display_name": "Luis Ingram",
      "team": "T03U4J8HMUG",
      "name": "Luis",
      "is_restricted": false,
      "is_ultra_restricted": false
    },
    "thread_ts": "1662697476.293419",
    "reply_count": 7,
    "reply_users_count": 3,
    "latest_reply": "1662705898.025089",
    "reply_users": [
      "U03U1FNPEUX",
      "U03TT5KEYCF",
      "U03V6HMRPGQ"
    ],
    "replies": [
      {
        "user": "U03U1FNPEUX",
        "ts": "1662704727.695509"
      },
      {
        "user": "U03TT5KEYCF",
        "ts": "1662705669.206139"
      },
      {
        "user": "U03U1FNPEUX",
        "ts": "1662705767.138899"
      },
      {
        "user": "U03V6HMRPGQ",
        "ts": "1662705837.640509"
      },
      {
        "user": "U03V6HMRPGQ",
        "ts": "1662705850.342319"
      },
      {
        "user": "U03TT5KEYCF",
        "ts": "1662705852.744099"
      },
      {
        "user": "U03U1FNPEUX",
        "ts": "1662705898.025089"
      }
    ],
    "is_locked": false,
    "subscribed": false
  },
  {
    "client_msg_id": "EF9E6AA3-F8D1-4473-B621-920F9AA9169E",
    "type": "message",
    "text": "Clear",
    "user": "U03UHB8CXDY",
    "ts": "1662701110.986229",
    "blocks": [
      {
        "type": "rich_text",
        "block_id": "aSxi",
        "elements": [
          {
            "type": "rich_text_section",
            "elements": [
              {
                "type": "text",
                "text": "Clear"
              }
            ]
          }
        ]
      }
    ],
    "team": "T03U4J8HMUG",
    "user_team": "T03U4J8HMUG",
    "source_team": "T03U4J8HMUG",
    "user_profile": {
      "avatar_hash": "374fee609510",
      "image_72": "https://avatars.slack-edge.com/2022-09-30/4159182498980_374fee609510e6ff1526_72.jpg",
      "first_name": "Yvonne",
      "real_name": "Yvonne Gonzalez",
      "display_name": "Yvonne Gonzalez",
      "team": "T03U4J8HMUG",
      "name": "Yvonne",
      "is_restricted": false,
      "is_ultra_restricted": false
    },
    "thread_ts": "1662659602.948519",
    "parent_user_id": "U03V6HMRPGQ"
  },
  {
    "client_msg_id": "1F9C612E-37A1-48AE-BC68-1A7AA196C826",
    "type": "message",
    "text": "And to ask those questions it's a must to know how to cook all the three. Right? <@U03TT5KEYCF> ",
    "user": "U03U1FNPEUX",
    "ts": "1662704727.695509",
    "blocks": [
      {
        "type": "rich_text",
        "block_id": "L2otZ",
        "elements": [
          {
            "type": "rich_text_section",
            "elements": [
              {
                "type": "text",
                "text": "And to ask those questions it's a must to know how to cook all the three. Right? "
              },
              {
                "type": "user",
                "user_id": "U03TT5KEYCF"
              },
              {
                "type": "text",
                "text": " "
              }
            ]
          }
        ]
      }
    ],
    "team": "T03U4J8HMUG",
    "user_team": "T03U4J8HMUG",
    "source_team": "T03U4J8HMUG",
    "user_profile": {
      "avatar_hash": "37a12a7dbb92",
      "image_72": "https://avatars.slack-edge.com/2022-09-09/4058043481011_37a12a7dbb926b2c9c86_72.png",
      "first_name": "Joshua",
      "real_name": "Joshua Rhodes",
      "display_name": "Joshua Rhodes",
      "team": "T03U4J8HMUG",
      "name": "Joshua",
      "is_restricted": false,
      "is_ultra_restricted": false
    },
    "thread_ts": "1662697476.293419",
    "parent_user_id": "U03TT5KEYCF"
  },
  {
    "client_msg_id": "b814856f-fc85-4d1e-bdf0-7679c9696b0e",
    "type": "message",
    "text": "Perhaps, for the exercise sake - the CEO is familiar with all 3 options but just need to pick 1.",
    "user": "U03TT5KEYCF",
    "ts": "1662705669.206139",
    "blocks": [
      {
        "type": "rich_text",
        "block_id": "jeF",
        "elements": [
          {
            "type": "rich_text_section",
            "elements": [
              {
                "type": "text",
                "text": "Perhaps, for the exercise sake - the CEO is familiar with all 3 options but just need to pick 1."
              }
            ]
          }
        ]
      }
    ],
    "team": "T03U4J8HMUG",
    "user_team": "T03U4J8HMUG",
    "source_team": "T03U4J8HMUG",
    "user_profile": {
      "avatar_hash": "aae36184306b",
      "image_72": "https://avatars.slack-edge.com/2022-08-18/3945210198087_aae36184306bb9e0b018_72.jpg",
      "first_name": "Luis",
      "real_name": "Luis Ingram",
      "display_name": "Luis Ingram",
      "team": "T03U4J8HMUG",
      "name": "Luis",
      "is_restricted": false,
      "is_ultra_restricted": false
    },
    "thread_ts": "1662697476.293419",
    "parent_user_id": "U03TT5KEYCF",
    "reactions": [
      {
        "name": "white_check_mark",
        "users": [
          "U03U1FNPEUX"
        ],
        "count": 1
      }
    ]
  },
  {
    "client_msg_id": "A55AE7A4-2BD5-45E9-85BE-B043F4A3CB67",
    "type": "message",
    "text": "Should we include all the questions in the report? Or just the refined ones",
    "user": "U03U1FNPEUX",
    "ts": "1662705767.138899",
    "blocks": [
      {
        "type": "rich_text",
        "block_id": "4K9e",
        "elements": [
          {
            "type": "rich_text_section",
            "elements": [
              {
                "type": "text",
                "text": "Should we include all the questions in the report? Or just the refined ones"
              }
            ]
          }
        ]
      }
    ],
    "team": "T03U4J8HMUG",
    "user_team": "T03U4J8HMUG",
    "source_team": "T03U4J8HMUG",
    "user_profile": {
      "avatar_hash": "37a12a7dbb92",
      "image_72": "https://avatars.slack-edge.com/2022-09-09/4058043481011_37a12a7dbb926b2c9c86_72.png",
      "first_name": "Joshua",
      "real_name": "Joshua Rhodes",
      "display_name": "Joshua Rhodes",
      "team": "T03U4J8HMUG",
      "name": "Joshua",
      "is_restricted": false,
      "is_ultra_restricted": false
    },
    "thread_ts": "1662697476.293419",
    "parent_user_id": "U03TT5KEYCF"
  },
  {
    "client_msg_id": "7131134F-2E97-4B10-82D3-6DAF7B754E96",
    "type": "message",
    "text": "<@U03U1FNPEUX> you should include all of them 30+5+5",
    "user": "U03V6HMRPGQ",
    "ts": "1662705837.640509",
    "blocks": [
      {
        "type": "rich_text",
        "block_id": "Poh",
        "elements": [
          {
            "type": "rich_text_section",
            "elements": [
              {
                "type": "user",
                "user_id": "U03U1FNPEUX"
              },
              {
                "type": "text",
                "text": " you"
              },
              {
                "type": "text",
                "text": " should include "
              },
              {
                "type": "text",
                "text": "all"
              },
              {
                "type": "text",
                "text": " "
              },
              {
                "type": "text",
                "text": "of"
              },
              {
                "type": "text",
                "text": " "
              },
              {
                "type": "text",
                "text": "them"
              },
              {
                "type": "text",
                "text": " "
              },
              {
                "type": "text",
                "text": "30+5+5"
              }
            ]
          }
        ]
      }
    ],
    "team": "T03U4J8HMUG",
    "user_team": "T03U4J8HMUG",
    "source_team": "T03U4J8HMUG",
    "user_profile": {
      "avatar_hash": "23fcf5329c03",
      "image_72": "https://avatars.slack-edge.com/2022-08-22/3969139924917_23fcf5329c03131c761f_72.png",
      "first_name": "Cristian",
      "real_name": "Cristian Wilson",
      "display_name": "Cristian Wilson",
      "team": "T03U4J8HMUG",
      "name": "Cristian",
      "is_restricted": false,
      "is_ultra_restricted": false
    },
    "thread_ts": "1662697476.293419",
    "parent_user_id": "U03TT5KEYCF",
    "reactions": [
      {
        "name": "white_check_mark",
        "users": [
          "U03TT5KEYCF",
          "U03U1FNPEUX",
          "U03UJGP0C68"
        ],
        "count": 3
      }
    ]
  },
  {
    "client_msg_id": "A466CBEF-1685-4F2B-AD52-C76ADFB6ADEA",
    "type": "message",
    "text": "+2 paragraphs ",
    "user": "U03V6HMRPGQ",
    "ts": "1662705850.342319",
    "blocks": [
      {
        "type": "rich_text",
        "block_id": "hmbdQ",
        "elements": [
          {
            "type": "rich_text_section",
            "elements": [
              {
                "type": "text",
                "text": "+2"
              },
              {
                "type": "text",
                "text": " paragraph"
              },
              {
                "type": "text",
                "text": "s"
              },
              {
                "type": "text",
                "text": " "
              }
            ]
          }
        ]
      }
    ],
    "team": "T03U4J8HMUG",
    "user_team": "T03U4J8HMUG",
    "source_team": "T03U4J8HMUG",
    "user_profile": {
      "avatar_hash": "23fcf5329c03",
      "image_72": "https://avatars.slack-edge.com/2022-08-22/3969139924917_23fcf5329c03131c761f_72.png",
      "first_name": "Cristian",
      "real_name": "Cristian Wilson",
      "display_name": "Cristian Wilson",
      "team": "T03U4J8HMUG",
      "name": "Cristian",
      "is_restricted": false,
      "is_ultra_restricted": false
    },
    "thread_ts": "1662697476.293419",
    "parent_user_id": "U03TT5KEYCF",
    "reactions": [
      {
        "name": "white_check_mark",
        "users": [
          "U03U1FNPEUX",
          "U03UJGP0C68"
        ],
        "count": 2
      }
    ]
  },
  {
    "client_msg_id": "407af50b-0ee8-4cd1-b1a0-e734b039ee54",
    "type": "message",
    "text": "Correct",
    "user": "U03TT5KEYCF",
    "ts": "1662705852.744099",
    "blocks": [
      {
        "type": "rich_text",
        "block_id": "Ax62W",
        "elements": [
          {
            "type": "rich_text_section",
            "elements": [
              {
                "type": "text",
                "text": "Correct"
              }
            ]
          }
        ]
      }
    ],
    "team": "T03U4J8HMUG",
    "user_team": "T03U4J8HMUG",
    "source_team": "T03U4J8HMUG",
    "user_profile": {
      "avatar_hash": "aae36184306b",
      "image_72": "https://avatars.slack-edge.com/2022-08-18/3945210198087_aae36184306bb9e0b018_72.jpg",
      "first_name": "Luis",
      "real_name": "Luis Ingram",
      "display_name": "Luis Ingram",
      "team": "T03U4J8HMUG",
      "name": "Luis",
      "is_restricted": false,
      "is_ultra_restricted": false
    },
    "thread_ts": "1662697476.293419",
    "parent_user_id": "U03TT5KEYCF"
  },
  {
    "client_msg_id": "E8A78947-B54D-491E-A980-A68E0A773907",
    "type": "message",
    "text": "Thank you <@U03V6HMRPGQ> <@U03TT5KEYCF> ",
    "user": "U03U1FNPEUX",
    "ts": "1662705898.025089",
    "blocks": [
      {
        "type": "rich_text",
        "block_id": "v3t",
        "elements": [
          {
            "type": "rich_text_section",
            "elements": [
              {
                "type": "text",
                "text": "Thank you "
              },
              {
                "type": "user",
                "user_id": "U03V6HMRPGQ"
              },
              {
                "type": "text",
                "text": " "
              },
              {
                "type": "user",
                "user_id": "U03TT5KEYCF"
              },
              {
                "type": "text",
                "text": " "
              }
            ]
          }
        ]
      }
    ],
    "team": "T03U4J8HMUG",
    "user_team": "T03U4J8HMUG",
    "source_team": "T03U4J8HMUG",
    "user_profile": {
      "avatar_hash": "37a12a7dbb92",
      "image_72": "https://avatars.slack-edge.com/2022-09-09/4058043481011_37a12a7dbb926b2c9c86_72.png",
      "first_name": "Joshua",
      "real_name": "Joshua Rhodes",
      "display_name": "Joshua Rhodes",
      "team": "T03U4J8HMUG",
      "name": "Joshua",
      "is_restricted": false,
      "is_ultra_restricted": false
    },
    "thread_ts": "1662697476.293419",
    "parent_user_id": "U03TT5KEYCF"
  },
  {
    "client_msg_id": "C5D8B4D6-42E9-4806-9B6B-14D784C59406",
    "type": "message",
    "text": "Okay, let me reframe the question to see if I have understood it;                                                        \n\nAssuming that;\n\u2022 I already know my role in the startup, \n\u2022 I know what credit scoring predictions and mobile credit purchases are,\n\u2022 I fully understand the exit strategy,\n\u2022 and I have been in the startup long enough to know how the startup operates, \nWhat cloud platform between AWS, GCP and Azure should we choose?",
    "user": "U03V785NLSU",
    "ts": "1662706219.116029",
    "blocks": [
      {
        "type": "rich_text",
        "block_id": "mxNAQ",
        "elements": [
          {
            "type": "rich_text_section",
            "elements": [
              {
                "type": "text",
                "text": "Okay, let me reframe the question to see if I have understood it;                                                        "
              },
              {
                "type": "text",
                "text": "\n"
              },
              {
                "type": "text",
                "text": "\nAssuming that;"
              },
              {
                "type": "text",
                "text": "\n"
              }
            ]
          },
          {
            "type": "rich_text_list",
            "elements": [
              {
                "type": "rich_text_section",
                "elements": [
                  {
                    "type": "text",
                    "text": "I already know my role in the startup, "
                  }
                ]
              },
              {
                "type": "rich_text_section",
                "elements": [
                  {
                    "type": "text",
                    "text": "I know what credit scoring predictions and mobile credit purchases are,"
                  }
                ]
              },
              {
                "type": "rich_text_section",
                "elements": [
                  {
                    "type": "text",
                    "text": "I fully understand the exit strategy,"
                  }
                ]
              },
              {
                "type": "rich_text_section",
                "elements": [
                  {
                    "type": "text",
                    "text": "and I have been in the startup long enough to know how the startup operates, "
                  }
                ]
              }
            ],
            "style": "bullet",
            "indent": 0,
            "offset": 0,
            "border": 0
          },
          {
            "type": "rich_text_section",
            "elements": [
              {
                "type": "text",
                "text": "\nWhat cloud platform between AWS, GCP and Azure should we choose?"
              }
            ]
          }
        ]
      }
    ],
    "team": "T03U4J8HMUG",
    "user_team": "T03U4J8HMUG",
    "source_team": "T03U4J8HMUG",
    "user_profile": {
      "avatar_hash": "48d5c88821e9",
      "image_72": "https://avatars.slack-edge.com/2022-08-21/3993277785968_48d5c88821e922581e17_72.jpg",
      "first_name": "Ashley",
      "real_name": "Ashley Hamilton",
      "display_name": "Ashley Hamilton",
      "team": "T03U4J8HMUG",
      "name": "Ashley",
      "is_restricted": false,
      "is_ultra_restricted": false
    },
    "thread_ts": "1662672281.365629",
    "parent_user_id": "U03V785NLSU"
  },
  {
    "client_msg_id": "ca23775d-95ac-41cb-b212-42c52bd2322d",
    "type": "message",
    "text": "Yes",
    "user": "U03TT5KEYCF",
    "ts": "1662706540.599669",
    "blocks": [
      {
        "type": "rich_text",
        "block_id": "jWI",
        "elements": [
          {
            "type": "rich_text_section",
            "elements": [
              {
                "type": "text",
                "text": "Yes"
              }
            ]
          }
        ]
      }
    ],
    "team": "T03U4J8HMUG",
    "user_team": "T03U4J8HMUG",
    "source_team": "T03U4J8HMUG",
    "user_profile": {
      "avatar_hash": "aae36184306b",
      "image_72": "https://avatars.slack-edge.com/2022-08-18/3945210198087_aae36184306bb9e0b018_72.jpg",
      "first_name": "Luis",
      "real_name": "Luis Ingram",
      "display_name": "Luis Ingram",
      "team": "T03U4J8HMUG",
      "name": "Luis",
      "is_restricted": false,
      "is_ultra_restricted": false
    },
    "thread_ts": "1662672281.365629",
    "parent_user_id": "U03V785NLSU"
  }
]