[
  {
    "client_msg_id": "53413a3f-3048-4061-a7d0-082e073126f5",
    "type": "message",
    "text": "Hello everyone:mega: <!channel> I hope you are well and had a restful weekend:raised_hands: ready for a pumped week ahead:fire:...this is to let you know that your *careers exercise* -_*Tools for remote work*_ for this *week* is ready and available in your folder as we will be having the *tutorial for this week tomorrow 30 th /08/2022 at 10:30 AM UTC- 11:30 AM UTC .*  Kindly check it out and avail yourselves as we will be looking forward to having an amazing and productive session with you guys!:100:",
    "user": "U03U4GULU3Y",
    "ts": "1661770107.298559",
    "blocks": [
      {
        "type": "rich_text",
        "block_id": "yc1",
        "elements": [
          {
            "type": "rich_text_section",
            "elements": [
              {
                "type": "text",
                "text": "Hello everyone"
              },
              {
                "type": "emoji",
                "name": "mega",
                "unicode": "1f4e3"
              },
              {
                "type": "text",
                "text": " "
              },
              {
                "type": "broadcast",
                "range": "channel"
              },
              {
                "type": "text",
                "text": " I hope you are well and had a restful weekend"
              },
              {
                "type": "emoji",
                "name": "raised_hands",
                "unicode": "1f64c"
              },
              {
                "type": "text",
                "text": " ready for a pumped week ahead"
              },
              {
                "type": "emoji",
                "name": "fire",
                "unicode": "1f525"
              },
              {
                "type": "text",
                "text": "...this is to let you know that your "
              },
              {
                "type": "text",
                "text": "careers exercise",
                "style": {
                  "bold": true
                }
              },
              {
                "type": "text",
                "text": " -"
              },
              {
                "type": "text",
                "text": "Tools for remote work",
                "style": {
                  "bold": true,
                  "italic": true
                }
              },
              {
                "type": "text",
                "text": " for this "
              },
              {
                "type": "text",
                "text": "week",
                "style": {
                  "bold": true
                }
              },
              {
                "type": "text",
                "text": " is ready and available in your folder as we will be having the "
              },
              {
                "type": "text",
                "text": "tutorial for this week tomorrow 30 th /08/2022 at 10:30 AM UTC- 11:30 AM UTC .  ",
                "style": {
                  "bold": true
                }
              },
              {
                "type": "text",
                "text": "Kindly check it out and avail yourselves as we will be looking forward to having an amazing and productive session with you guys!"
              },
              {
                "type": "emoji",
                "name": "100",
                "unicode": "1f4af"
              }
            ]
          }
        ]
      }
    ],
    "team": "T03U4J8HMUG",
    "user_team": "T03U4J8HMUG",
    "source_team": "T03U4J8HMUG",
    "user_profile": {
      "avatar_hash": "99e77e6d73e2",
      "image_72": "https://avatars.slack-edge.com/2022-08-19/3986877623392_99e77e6d73e294e4f45c_72.png",
      "first_name": "Allison",
      "real_name": "Allison Thompson",
      "display_name": "Allison Thompson",
      "team": "T03U4J8HMUG",
      "name": "Allison",
      "is_restricted": false,
      "is_ultra_restricted": false
    },
    "reactions": [
      {
        "name": "raised_hands",
        "users": [
          "U03UL5LSTG9",
          "U03U9FWPNCE",
          "U03UJN29Y4C",
          "U03UJGFG2HJ",
          "U03UG4Q7V42",
          "U03UFV7HFNF",
          "U03UD68RQH3",
          "U03U9EJR362"
        ],
        "count": 8
      }
    ]
  },
  {
    "client_msg_id": "aacf3a0a-2a6a-443c-8352-5961f485ec65",
    "type": "message",
    "text": "Thanks <@U03U4GULU3Y>",
    "user": "U03UH397319",
    "ts": "1661772060.058169",
    "blocks": [
      {
        "type": "rich_text",
        "block_id": "2GPI",
        "elements": [
          {
            "type": "rich_text_section",
            "elements": [
              {
                "type": "text",
                "text": "Thanks "
              },
              {
                "type": "user",
                "user_id": "U03U4GULU3Y"
              }
            ]
          }
        ]
      }
    ],
    "team": "T03U4J8HMUG",
    "user_team": "T03U4J8HMUG",
    "source_team": "T03U4J8HMUG",
    "user_profile": {
      "avatar_hash": "gc7c2fbea497",
      "image_72": "https://secure.gravatar.com/avatar/c7c2fbea4976d191e3ad19004e067c11.jpg?s=72&d=https%3A%2F%2Fa.slack-edge.com%2Fdf10d%2Fimg%2Favatars%2Fava_0014-72.png",
      "first_name": "Brenda",
      "real_name": "Brenda Hernandez",
      "display_name": "Brenda Hernandez",
      "team": "T03U4J8HMUG",
      "name": "Brenda",
      "is_restricted": false,
      "is_ultra_restricted": false
    },
    "reactions": [
      {
        "name": "+1",
        "users": [
          "U03U4GULU3Y"
        ],
        "count": 1
      }
    ]
  },
  {
    "client_msg_id": "4490c5d6-c5d7-4b94-93e0-76a97a5b210d",
    "type": "message",
    "text": "Hello <!channel> for those who were not able to complete the Becoming a peer mentor careers exercise due to the fact that your fellow partner did not avail themselves kindly pair up with anyone and complete the exercise , we are extending a grace period of up to tomorrow *11 AM UTC to submit.* Thanks!",
    "user": "U03U4GULU3Y",
    "ts": "1661798336.244629",
    "blocks": [
      {
        "type": "rich_text",
        "block_id": "WxGi7",
        "elements": [
          {
            "type": "rich_text_section",
            "elements": [
              {
                "type": "text",
                "text": "Hello "
              },
              {
                "type": "broadcast",
                "range": "channel"
              },
              {
                "type": "text",
                "text": " for those who were not able to complete the Becoming a peer mentor careers exercise due to the fact that your fellow partner did not avail themselves kindly pair up with anyone and complete the exercise , we are extending a grace period of up to tomorrow "
              },
              {
                "type": "text",
                "text": "11 AM UTC to submit. ",
                "style": {
                  "bold": true
                }
              },
              {
                "type": "text",
                "text": "Thanks!"
              }
            ]
          }
        ]
      }
    ],
    "team": "T03U4J8HMUG",
    "user_team": "T03U4J8HMUG",
    "source_team": "T03U4J8HMUG",
    "user_profile": {
      "avatar_hash": "99e77e6d73e2",
      "image_72": "https://avatars.slack-edge.com/2022-08-19/3986877623392_99e77e6d73e294e4f45c_72.png",
      "first_name": "Allison",
      "real_name": "Allison Thompson",
      "display_name": "Allison Thompson",
      "team": "T03U4J8HMUG",
      "name": "Allison",
      "is_restricted": false,
      "is_ultra_restricted": false
    }
  },
  {
    "client_msg_id": "84086793-e762-4570-a985-6f5150bbccd1",
    "type": "message",
    "text": "Hi <!channel> if you are unable to complete the Becoming a Peer Mentor exercise I'm available for the call, please do reach out",
    "user": "U03UJN29Y4C",
    "ts": "1661800897.555749",
    "blocks": [
      {
        "type": "rich_text",
        "block_id": "QhZ",
        "elements": [
          {
            "type": "rich_text_section",
            "elements": [
              {
                "type": "text",
                "text": "Hi "
              },
              {
                "type": "broadcast",
                "range": "channel"
              },
              {
                "type": "text",
                "text": " if you are unable to complete the Becoming a Peer Mentor exercise I'm available for the call, please do reach out"
              }
            ]
          }
        ]
      }
    ],
    "team": "T03U4J8HMUG",
    "user_team": "T03U4J8HMUG",
    "source_team": "T03U4J8HMUG",
    "user_profile": {
      "avatar_hash": "9bf024280cf1",
      "image_72": "https://avatars.slack-edge.com/2022-10-08/4190947116101_9bf024280cf14dffb003_72.jpg",
      "first_name": "Michelle",
      "real_name": "Michelle Lewis",
      "display_name": "Michelle Lewis",
      "team": "T03U4J8HMUG",
      "name": "Michelle",
      "is_restricted": false,
      "is_ultra_restricted": false
    },
    "thread_ts": "1661800897.555749",
    "reply_count": 4,
    "reply_users_count": 3,
    "latest_reply": "1661848980.075249",
    "reply_users": [
      "U03TT5KEYCF",
      "U03UVHCV6KB",
      "U03UJN29Y4C"
    ],
    "replies": [
      {
        "user": "U03TT5KEYCF",
        "ts": "1661845173.925419"
      },
      {
        "user": "U03UVHCV6KB",
        "ts": "1661848857.224449"
      },
      {
        "user": "U03UJN29Y4C",
        "ts": "1661848934.957179"
      },
      {
        "user": "U03UVHCV6KB",
        "ts": "1661848980.075249"
      }
    ],
    "is_locked": false,
    "subscribed": false
  }
]