[
  {
    "client_msg_id": "069ddb0a-1668-42ca-b05e-bdfb3d1dc654",
    "type": "message",
    "text": "This would be interesting, I've never had a job interview before in my whole life :rolling_on_the_floor_laughing:",
    "user": "U03UJN29Y4C",
    "ts": "1663525227.392279",
    "blocks": [
      {
        "type": "rich_text",
        "block_id": "oC=7u",
        "elements": [
          {
            "type": "rich_text_section",
            "elements": [
              {
                "type": "text",
                "text": "This would be interesting, I've never had a job interview before in my whole life "
              },
              {
                "type": "emoji",
                "name": "rolling_on_the_floor_laughing",
                "unicode": "1f923"
              }
            ]
          }
        ]
      }
    ],
    "team": "T03U4J8HMUG",
    "user_team": "T03U4J8HMUG",
    "source_team": "T03U4J8HMUG",
    "user_profile": {
      "avatar_hash": "9bf024280cf1",
      "image_72": "https://avatars.slack-edge.com/2022-10-08/4190947116101_9bf024280cf14dffb003_72.jpg",
      "first_name": "Michelle",
      "real_name": "Michelle Lewis",
      "display_name": "Michelle Lewis",
      "team": "T03U4J8HMUG",
      "name": "Michelle",
      "is_restricted": false,
      "is_ultra_restricted": false
    },
    "thread_ts": "1663416259.084249",
    "parent_user_id": "U03TT5KEYCF"
  },
  {
    "client_msg_id": "9118aa0b-66dd-4173-b624-4a8aa6310598",
    "type": "message",
    "text": "Should be fun &amp; informative",
    "user": "U03TT5KEYCF",
    "ts": "1663537291.307339",
    "blocks": [
      {
        "type": "rich_text",
        "block_id": "r4dxF",
        "elements": [
          {
            "type": "rich_text_section",
            "elements": [
              {
                "type": "text",
                "text": "Should be fun & informative"
              }
            ]
          }
        ]
      }
    ],
    "team": "T03U4J8HMUG",
    "user_team": "T03U4J8HMUG",
    "source_team": "T03U4J8HMUG",
    "user_profile": {
      "avatar_hash": "aae36184306b",
      "image_72": "https://avatars.slack-edge.com/2022-08-18/3945210198087_aae36184306bb9e0b018_72.jpg",
      "first_name": "Luis",
      "real_name": "Luis Ingram",
      "display_name": "Luis Ingram",
      "team": "T03U4J8HMUG",
      "name": "Luis",
      "is_restricted": false,
      "is_ultra_restricted": false
    },
    "thread_ts": "1663416259.084249",
    "parent_user_id": "U03TT5KEYCF"
  }
]