[
  {
    "type": "message",
    "text": "Better emails.. source: instagram",
    "files": [
      {
        "id": "F04AH5CAL1L",
        "created": 1668329382,
        "timestamp": 1668329382,
        "name": "IMG_2507.jpg",
        "title": "IMG_2507",
        "mimetype": "image/jpeg",
        "filetype": "jpg",
        "pretty_type": "JPEG",
        "user": "U03U1FNPEUX",
        "user_team": "T03U4J8HMUG",
        "editable": false,
        "size": 44849,
        "mode": "hosted",
        "is_external": false,
        "external_type": "",
        "is_public": true,
        "public_url_shared": false,
        "display_as_bot": false,
        "username": "",
        "url_private": "https://files.slack.com/files-pri/T03U4J8HMUG-F04AH5CAL1L/img_2507.jpg?t=xoxe-3956620599968-6240746766294-6247387524178-110fc6768eefd7fcb909c4550875ed49",
        "url_private_download": "https://files.slack.com/files-pri/T03U4J8HMUG-F04AH5CAL1L/download/img_2507.jpg?t=xoxe-3956620599968-6240746766294-6247387524178-110fc6768eefd7fcb909c4550875ed49",
        "media_display_type": "unknown",
        "thumb_64": "https://files.slack.com/files-tmb/T03U4J8HMUG-F04AH5CAL1L-d17eddb229/img_2507_64.jpg?t=xoxe-3956620599968-6240746766294-6247387524178-110fc6768eefd7fcb909c4550875ed49",
        "thumb_80": "https://files.slack.com/files-tmb/T03U4J8HMUG-F04AH5CAL1L-d17eddb229/img_2507_80.jpg?t=xoxe-3956620599968-6240746766294-6247387524178-110fc6768eefd7fcb909c4550875ed49",
        "thumb_360": "https://files.slack.com/files-tmb/T03U4J8HMUG-F04AH5CAL1L-d17eddb229/img_2507_360.jpg?t=xoxe-3956620599968-6240746766294-6247387524178-110fc6768eefd7fcb909c4550875ed49",
        "thumb_360_w": 333,
        "thumb_360_h": 360,
        "thumb_480": "https://files.slack.com/files-tmb/T03U4J8HMUG-F04AH5CAL1L-d17eddb229/img_2507_480.jpg?t=xoxe-3956620599968-6240746766294-6247387524178-110fc6768eefd7fcb909c4550875ed49",
        "thumb_480_w": 444,
        "thumb_480_h": 480,
        "thumb_160": "https://files.slack.com/files-tmb/T03U4J8HMUG-F04AH5CAL1L-d17eddb229/img_2507_160.jpg?t=xoxe-3956620599968-6240746766294-6247387524178-110fc6768eefd7fcb909c4550875ed49",
        "thumb_720": "https://files.slack.com/files-tmb/T03U4J8HMUG-F04AH5CAL1L-d17eddb229/img_2507_720.jpg?t=xoxe-3956620599968-6240746766294-6247387524178-110fc6768eefd7fcb909c4550875ed49",
        "thumb_720_w": 665,
        "thumb_720_h": 720,
        "thumb_800": "https://files.slack.com/files-tmb/T03U4J8HMUG-F04AH5CAL1L-d17eddb229/img_2507_800.jpg?t=xoxe-3956620599968-6240746766294-6247387524178-110fc6768eefd7fcb909c4550875ed49",
        "thumb_800_w": 800,
        "thumb_800_h": 866,
        "original_w": 828,
        "original_h": 896,
        "thumb_tiny": "AwAwACyYgnocUtJz7UnPtUHQBYDqRSggjIpOfaloAD65wKByOuaKKAEI9s0Y5+6KD16GkwAPumgBcf7IoAHXGDQPXBpc+xoAKKAc0UAIfqaAPc0tFABj3NA4FFFABRRRQB//2Q==",
        "permalink": "https://10academybatch6.slack.com/files/U03U1FNPEUX/F04AH5CAL1L/img_2507.jpg",
        "permalink_public": "https://slack-files.com/T03U4J8HMUG-F04AH5CAL1L-7aab033bcc",
        "is_starred": false,
        "has_rich_preview": false,
        "file_access": "visible"
      }
    ],
    "upload": false,
    "user": "U03U1FNPEUX",
    "display_as_bot": false,
    "ts": "1668329406.791059",
    "blocks": [
      {
        "type": "rich_text",
        "block_id": "sBsb",
        "elements": [
          {
            "type": "rich_text_section",
            "elements": [
              {
                "type": "text",
                "text": "Better emails.. source: instagram"
              }
            ]
          }
        ]
      }
    ],
    "client_msg_id": "0D553178-561A-4812-9522-35A30B120CB7"
  },
  {
    "client_msg_id": "b6ede6a1-a46c-4824-bd52-4b6752cd5942",
    "type": "message",
    "text": "First careers sprint starts 28 Nov",
    "user": "U03U93GNNVB",
    "ts": "1668412671.187909",
    "blocks": [
      {
        "type": "rich_text",
        "block_id": "+c6u+",
        "elements": [
          {
            "type": "rich_text_section",
            "elements": [
              {
                "type": "text",
                "text": "First careers sprint starts 28 Nov"
              }
            ]
          }
        ]
      }
    ],
    "team": "T03U4J8HMUG",
    "user_team": "T03U4J8HMUG",
    "source_team": "T03U4J8HMUG",
    "user_profile": {
      "avatar_hash": "a49779ad093d",
      "image_72": "https://avatars.slack-edge.com/2022-08-22/3994045204528_a49779ad093d4fc39a87_72.jpg",
      "first_name": "Katherine",
      "real_name": "Katherine Foster",
      "display_name": "Katherine Foster",
      "team": "T03U4J8HMUG",
      "name": "Katherine",
      "is_restricted": false,
      "is_ultra_restricted": false
    },
    "edited": {
      "user": "U03U93GNNVB",
      "ts": "1668412682.000000"
    },
    "reactions": [
      {
        "name": "raised_hands",
        "users": [
          "U03UG0YHAUT",
          "U03UG32J3PC",
          "U03UD68RQH3",
          "U03UG0SFHGT",
          "U03UFV7HFNF",
          "U03UG5VFN03",
          "U03V6HMRPGQ"
        ],
        "count": 7
      },
      {
        "name": "raised_hands::skin-tone-4",
        "users": [
          "U03U1HAG9TR"
        ],
        "count": 1
      }
    ]
  },
  {
    "client_msg_id": "76478954-4470-4655-a7a7-faa72ebe2b73",
    "type": "message",
    "text": "Before then, all materials (CV, LinkedIn, Git, 10 Ac profile) must be error-free",
    "user": "U03U93GNNVB",
    "ts": "1668412697.698539",
    "blocks": [
      {
        "type": "rich_text",
        "block_id": "6Ohfz",
        "elements": [
          {
            "type": "rich_text_section",
            "elements": [
              {
                "type": "text",
                "text": "Before then, all materials (CV, LinkedIn, Git, 10 Ac profile) must be error-free"
              }
            ]
          }
        ]
      }
    ],
    "team": "T03U4J8HMUG",
    "user_team": "T03U4J8HMUG",
    "source_team": "T03U4J8HMUG",
    "user_profile": {
      "avatar_hash": "a49779ad093d",
      "image_72": "https://avatars.slack-edge.com/2022-08-22/3994045204528_a49779ad093d4fc39a87_72.jpg",
      "first_name": "Katherine",
      "real_name": "Katherine Foster",
      "display_name": "Katherine Foster",
      "team": "T03U4J8HMUG",
      "name": "Katherine",
      "is_restricted": false,
      "is_ultra_restricted": false
    },
    "reactions": [
      {
        "name": "raised_hands",
        "users": [
          "U03UG0YHAUT",
          "U03UG32J3PC",
          "U03UD68RQH3",
          "U03UG0SFHGT",
          "U03UJGP0C68",
          "U03UG5VFN03",
          "U03V6HMRPGQ",
          "U03UFV7HFNF"
        ],
        "count": 8
      },
      {
        "name": "+1",
        "users": [
          "U03UUMR26Q1",
          "U03UG5VFN03"
        ],
        "count": 2
      }
    ]
  }
]