[
  {
    "client_msg_id": "b544802f-224f-40f4-9415-64114853e570",
    "type": "message",
    "text": "Hey guys. I hope your training is going well. *\"Time management and prioritization\"* &amp; *\"The T-shaped Professional\"* are the two career exercises we have for this week.  The tutorial sessions will also take place on Tuesday and Thursday, respectively. For the time management &amp; prioritization exercise, we will have a 30-minute tutorial, and you will need to submission will be an hour after the session. So, I'll encourage you to peruse the tutorial guide that has been published in your folder, familiarize yourself with the task, and prepare any questions you want to put forth during the session.",
    "user": "U03UL5LSTG9",
    "ts": "1662980052.547229",
    "blocks": [
      {
        "type": "rich_text",
        "block_id": "SL5",
        "elements": [
          {
            "type": "rich_text_section",
            "elements": [
              {
                "type": "text",
                "text": "Hey guys. I hope your training is going well. "
              },
              {
                "type": "text",
                "text": "\"Time management and prioritization\"",
                "style": {
                  "bold": true
                }
              },
              {
                "type": "text",
                "text": " & "
              },
              {
                "type": "text",
                "text": "\"The T-shaped Professional\"",
                "style": {
                  "bold": true
                }
              },
              {
                "type": "text",
                "text": " are the two career exercises we have for this week.  The tutorial sessions will also take place on Tuesday and Thursday, respectively. For the time management & prioritization exercise, we will have a 30-minute tutorial, and you will need to submission will be an hour after the session. So, I'll encourage you to peruse the tutorial guide that has been published in your folder, familiarize yourself with the task, and prepare any questions you want to put forth during the session."
              }
            ]
          }
        ]
      }
    ],
    "team": "T03U4J8HMUG",
    "user_team": "T03U4J8HMUG",
    "source_team": "T03U4J8HMUG",
    "user_profile": {
      "avatar_hash": "3fe4d3c0de24",
      "image_72": "https://avatars.slack-edge.com/2022-08-23/3978609497829_3fe4d3c0de24beaf8552_72.png",
      "first_name": "Samantha",
      "real_name": "Samantha Lee",
      "display_name": "Samantha Lee",
      "team": "T03U4J8HMUG",
      "name": "Samantha",
      "is_restricted": false,
      "is_ultra_restricted": false
    },
    "edited": {
      "user": "U03UL5LSTG9",
      "ts": "1662980419.000000"
    }
  },
  {
    "client_msg_id": "4a57d10c-1fe8-4ec3-9f76-83cbd348e413",
    "type": "message",
    "text": "You may also queue up questions here - so it will be treated during the tutorial or answered directly here.\nIt is *super important* to go through the exercise document and attend tomorrows tutorial.",
    "user": "U03TT5KEYCF",
    "ts": "1662980875.085819",
    "blocks": [
      {
        "type": "rich_text",
        "block_id": "Qnh3h",
        "elements": [
          {
            "type": "rich_text_section",
            "elements": [
              {
                "type": "text",
                "text": "You may also queue up questions here - so it will be treated during the tutorial or answered directly here.\nIt is "
              },
              {
                "type": "text",
                "text": "super important",
                "style": {
                  "bold": true
                }
              },
              {
                "type": "text",
                "text": " to go through the exercise document and attend tomorrows tutorial."
              }
            ]
          }
        ]
      }
    ],
    "team": "T03U4J8HMUG",
    "user_team": "T03U4J8HMUG",
    "source_team": "T03U4J8HMUG",
    "user_profile": {
      "avatar_hash": "aae36184306b",
      "image_72": "https://avatars.slack-edge.com/2022-08-18/3945210198087_aae36184306bb9e0b018_72.jpg",
      "first_name": "Luis",
      "real_name": "Luis Ingram",
      "display_name": "Luis Ingram",
      "team": "T03U4J8HMUG",
      "name": "Luis",
      "is_restricted": false,
      "is_ultra_restricted": false
    },
    "reactions": [
      {
        "name": "+1",
        "users": [
          "U03UFV7TUTV",
          "U03UG5VFN03",
          "U03U1HAG9TR"
        ],
        "count": 3
      }
    ]
  },
  {
    "client_msg_id": "3b556940-5992-4cef-8a81-3a9156f6f869",
    "type": "message",
    "text": "is the 3- page document link submission in one hour",
    "user": "U03UG5VFN03",
    "ts": "1663022849.333939",
    "blocks": [
      {
        "type": "rich_text",
        "block_id": "2o5d",
        "elements": [
          {
            "type": "rich_text_section",
            "elements": [
              {
                "type": "text",
                "text": "is the 3- page document link submission in one hour"
              }
            ]
          }
        ]
      }
    ],
    "team": "T03U4J8HMUG",
    "user_team": "T03U4J8HMUG",
    "source_team": "T03U4J8HMUG",
    "user_profile": {
      "avatar_hash": "1eec51b41e1b",
      "image_72": "https://avatars.slack-edge.com/2022-08-20/3980936144801_1eec51b41e1b370500be_72.png",
      "first_name": "Nancy",
      "real_name": "Nancy Craig",
      "display_name": "Nancy Craig",
      "team": "T03U4J8HMUG",
      "name": "Nancy",
      "is_restricted": false,
      "is_ultra_restricted": false
    },
    "thread_ts": "1663022849.333939",
    "reply_count": 2,
    "reply_users_count": 2,
    "latest_reply": "1663055897.324589",
    "reply_users": [
      "U03TT5KEYCF",
      "U03UG5VFN03"
    ],
    "replies": [
      {
        "user": "U03TT5KEYCF",
        "ts": "1663053785.240549"
      },
      {
        "user": "U03UG5VFN03",
        "ts": "1663055897.324589"
      }
    ],
    "is_locked": false,
    "subscribed": false
  }
]