[
  {
    "type": "message",
    "text": "<!channel> Reminder for those having theirs tomorrow.\nAlso if time didn't permit you to ask all questions, you can use this channel or reach out to a specific tutor. Thanks.",
    "user": "U03TT5KEYCF",
    "ts": "1664445684.457709",
    "blocks": [
      {
        "type": "rich_text",
        "block_id": "DZc",
        "elements": [
          {
            "type": "rich_text_section",
            "elements": [
              {
                "type": "broadcast",
                "range": "channel"
              },
              {
                "type": "text",
                "text": " Reminder for those having theirs tomorrow.\nAlso if time didn't permit you to ask all questions, you can use this channel or reach out to a specific tutor. Thanks."
              }
            ]
          }
        ]
      }
    ],
    "team": "T03U4J8HMUG",
    "user_team": "T03U4J8HMUG",
    "source_team": "T03U4J8HMUG",
    "user_profile": {
      "avatar_hash": "aae36184306b",
      "image_72": "https://avatars.slack-edge.com/2022-08-18/3945210198087_aae36184306bb9e0b018_72.jpg",
      "first_name": "Luis",
      "real_name": "Luis Ingram",
      "display_name": "Luis Ingram",
      "team": "T03U4J8HMUG",
      "name": "Luis",
      "is_restricted": false,
      "is_ultra_restricted": false
    },
    "attachments": [
      {
        "from_url": "https://10academybatch6.slack.com/archives/C03T89KDGA2/p1663914038615049",
        "ts": "1663914038.615049",
        "author_id": "U03TT5KEYCF",
        "channel_id": "C03T89KDGA2",
        "channel_team": "T03U4J8HMUG",
        "is_msg_unfurl": true,
        "message_blocks": [
          {
            "team": "T03U4J8HMUG",
            "channel": "C03T89KDGA2",
            "ts": "1663914038.615049",
            "message": {
              "blocks": [
                {
                  "type": "rich_text",
                  "block_id": "1g+z",
                  "elements": [
                    {
                      "type": "rich_text_section",
                      "elements": [
                        {
                          "type": "text",
                          "text": "Morning "
                        },
                        {
                          "type": "broadcast",
                          "range": "channel"
                        },
                        {
                          "type": "text",
                          "text": "\nReminder - For those that have their 1-on-1 session today please remember to ask the training team the questions you developed from your week 5 careers exercise."
                        }
                      ]
                    }
                  ]
                }
              ]
            }
          }
        ],
        "color": "D0D0D0",
        "is_share": true,
        "fallback": "[September 23rd, 2022 7:20 AM] mmusa: Morning <!channel>\nReminder - For those that have their 1-on-1 session today please remember to ask the training team the questions you developed from your week 5 careers exercise.",
        "text": "Morning <!channel>\nReminder - For those that have their 1-on-1 session today please remember to ask the training team the questions you developed from your week 5 careers exercise.",
        "author_name": "Maryam Musa",
        "author_link": "https://10academybatch6.slack.com/team/U03TT5KEYCF",
        "author_icon": "https://avatars.slack-edge.com/2022-08-18/3945210198087_aae36184306bb9e0b018_48.jpg",
        "author_subname": "Maryam Musa",
        "mrkdwn_in": [
          "text"
        ],
        "footer": "Slack Conversation"
      }
    ],
    "reactions": [
      {
        "name": "raised_hands",
        "users": [
          "U03UVHCV6KB"
        ],
        "count": 1
      }
    ]
  },
  {
    "client_msg_id": "ef850b3d-8650-484a-95b3-b3a16df20217",
    "type": "message",
    "text": "<https://www.youtube.com/watch?v=-V_q9MJDrZY>\n\nThis woks for almost any job application, not only for a developer job",
    "user": "U03UVHCV6KB",
    "ts": "1664451120.982099",
    "blocks": [
      {
        "type": "rich_text",
        "block_id": "Mz0O",
        "elements": [
          {
            "type": "rich_text_section",
            "elements": [
              {
                "type": "link",
                "url": "https://www.youtube.com/watch?v=-V_q9MJDrZY"
              },
              {
                "type": "text",
                "text": "\n\nThis woks for almost any job application, not only for a developer job"
              }
            ]
          }
        ]
      }
    ],
    "team": "T03U4J8HMUG",
    "user_team": "T03U4J8HMUG",
    "source_team": "T03U4J8HMUG",
    "user_profile": {
      "avatar_hash": "gc9619121f99",
      "image_72": "https://secure.gravatar.com/avatar/c9619121f998ee4a7e46177f2a5729de.jpg?s=72&d=https%3A%2F%2Fa.slack-edge.com%2Fdf10d%2Fimg%2Favatars%2Fava_0002-72.png",
      "first_name": "Travis",
      "real_name": "Travis Butler",
      "display_name": "Travis Butler",
      "team": "T03U4J8HMUG",
      "name": "Travis",
      "is_restricted": false,
      "is_ultra_restricted": false
    },
    "attachments": [
      {
        "from_url": "https://www.youtube.com/watch?v=-V_q9MJDrZY",
        "thumb_url": "https://i.ytimg.com/vi/-V_q9MJDrZY/hqdefault.jpg",
        "thumb_width": 480,
        "thumb_height": 360,
        "video_html": "<iframe width=\"400\" height=\"225\" src=\"https://www.youtube.com/embed/-V_q9MJDrZY?feature=oembed&autoplay=1&iv_load_policy=3\" frameborder=\"0\" allow=\"accelerometer; autoplay; clipboard-write; encrypted-media; gyroscope; picture-in-picture\" allowfullscreen title=\"How NOT To Land A Developer Job\"></iframe>",
        "video_html_width": 400,
        "video_html_height": 225,
        "service_icon": "https://a.slack-edge.com/80588/img/unfurl_icons/youtube.png",
        "id": 1,
        "original_url": "https://www.youtube.com/watch?v=-V_q9MJDrZY",
        "fallback": "YouTube Video: How NOT To Land A Developer Job",
        "title": "How NOT To Land A Developer Job",
        "title_link": "https://www.youtube.com/watch?v=-V_q9MJDrZY",
        "author_name": "Tech With Tim",
        "author_link": "https://www.youtube.com/c/TechWithTim",
        "service_name": "YouTube",
        "service_url": "https://www.youtube.com/"
      }
    ],
    "reactions": [
      {
        "name": "raised_hands",
        "users": [
          "U03UJGRN5E0"
        ],
        "count": 1
      }
    ]
  },
  {
    "client_msg_id": "3a705836-f529-4aa2-9c4c-9b59fe2d8485",
    "type": "message",
    "text": "I don't know if you think this is possible and or ethical but these things are also out there my fellow trainees.\n<https://www.youtube.com/watch?v=oR-mzzIsHVE&amp;ab_channel=AaronJack>",
    "user": "U03UVHCV6KB",
    "ts": "1664452002.329089",
    "blocks": [
      {
        "type": "rich_text",
        "block_id": "YIL9",
        "elements": [
          {
            "type": "rich_text_section",
            "elements": [
              {
                "type": "text",
                "text": "I don't know if you think this is possible and or ethical but these things are also out there my fellow trainees.\n"
              },
              {
                "type": "link",
                "url": "https://www.youtube.com/watch?v=oR-mzzIsHVE&ab_channel=AaronJack"
              }
            ]
          }
        ]
      }
    ],
    "team": "T03U4J8HMUG",
    "user_team": "T03U4J8HMUG",
    "source_team": "T03U4J8HMUG",
    "user_profile": {
      "avatar_hash": "gc9619121f99",
      "image_72": "https://secure.gravatar.com/avatar/c9619121f998ee4a7e46177f2a5729de.jpg?s=72&d=https%3A%2F%2Fa.slack-edge.com%2Fdf10d%2Fimg%2Favatars%2Fava_0002-72.png",
      "first_name": "Travis",
      "real_name": "Travis Butler",
      "display_name": "Travis Butler",
      "team": "T03U4J8HMUG",
      "name": "Travis",
      "is_restricted": false,
      "is_ultra_restricted": false
    },
    "attachments": [
      {
        "from_url": "https://www.youtube.com/watch?v=oR-mzzIsHVE&amp;ab_channel=AaronJack",
        "thumb_url": "https://i.ytimg.com/vi/oR-mzzIsHVE/hqdefault.jpg",
        "thumb_width": 480,
        "thumb_height": 360,
        "video_html": "<iframe width=\"400\" height=\"225\" src=\"https://www.youtube.com/embed/oR-mzzIsHVE?feature=oembed&autoplay=1&iv_load_policy=3\" frameborder=\"0\" allow=\"accelerometer; autoplay; clipboard-write; encrypted-media; gyroscope; picture-in-picture\" allowfullscreen title=\"How \u201cOveremployed\u201d Programmers Are Earning Multiple FULL TIME Salaries\"></iframe>",
        "video_html_width": 400,
        "video_html_height": 225,
        "service_icon": "https://a.slack-edge.com/80588/img/unfurl_icons/youtube.png",
        "id": 1,
        "original_url": "https://www.youtube.com/watch?v=oR-mzzIsHVE&amp;ab_channel=AaronJack",
        "fallback": "YouTube Video: How \u201cOveremployed\u201d Programmers Are Earning Multiple FULL TIME Salaries",
        "title": "How \u201cOveremployed\u201d Programmers Are Earning Multiple FULL TIME Salaries",
        "title_link": "https://www.youtube.com/watch?v=oR-mzzIsHVE&amp;ab_channel=AaronJack",
        "author_name": "Aaron Jack",
        "author_link": "https://www.youtube.com/c/AaronJackFreemote",
        "service_name": "YouTube",
        "service_url": "https://www.youtube.com/"
      }
    ],
    "thread_ts": "1664452002.329089",
    "reply_count": 5,
    "reply_users_count": 2,
    "latest_reply": "1664514911.194379",
    "reply_users": [
      "U03U93GNNVB",
      "U03UVHCV6KB"
    ],
    "replies": [
      {
        "user": "U03U93GNNVB",
        "ts": "1664455725.408949"
      },
      {
        "user": "U03U93GNNVB",
        "ts": "1664455732.271409"
      },
      {
        "user": "U03UVHCV6KB",
        "ts": "1664456665.600609"
      },
      {
        "user": "U03U93GNNVB",
        "ts": "1664514883.627379"
      },
      {
        "user": "U03U93GNNVB",
        "ts": "1664514911.194379"
      }
    ],
    "is_locked": false,
    "subscribed": false
  },
  {
    "client_msg_id": "934a4701-b348-4d26-8741-7b3cce9c9b50",
    "type": "message",
    "text": "unlikely at FAANG companies",
    "user": "U03U93GNNVB",
    "ts": "1664455725.408949",
    "blocks": [
      {
        "type": "rich_text",
        "block_id": "sw6Q0",
        "elements": [
          {
            "type": "rich_text_section",
            "elements": [
              {
                "type": "text",
                "text": "unlikely at FAANG companies"
              }
            ]
          }
        ]
      }
    ],
    "team": "T03U4J8HMUG",
    "user_team": "T03U4J8HMUG",
    "source_team": "T03U4J8HMUG",
    "user_profile": {
      "avatar_hash": "a49779ad093d",
      "image_72": "https://avatars.slack-edge.com/2022-08-22/3994045204528_a49779ad093d4fc39a87_72.jpg",
      "first_name": "Katherine",
      "real_name": "Katherine Foster",
      "display_name": "Katherine Foster",
      "team": "T03U4J8HMUG",
      "name": "Katherine",
      "is_restricted": false,
      "is_ultra_restricted": false
    },
    "thread_ts": "1664452002.329089",
    "parent_user_id": "U03UVHCV6KB"
  },
  {
    "client_msg_id": "b86ed0c4-6b6c-40e2-b135-bb3fd85f7da0",
    "type": "message",
    "text": "but possible, yes",
    "user": "U03U93GNNVB",
    "ts": "1664455732.271409",
    "blocks": [
      {
        "type": "rich_text",
        "block_id": "S6gH",
        "elements": [
          {
            "type": "rich_text_section",
            "elements": [
              {
                "type": "text",
                "text": "but possible, yes"
              }
            ]
          }
        ]
      }
    ],
    "team": "T03U4J8HMUG",
    "user_team": "T03U4J8HMUG",
    "source_team": "T03U4J8HMUG",
    "user_profile": {
      "avatar_hash": "a49779ad093d",
      "image_72": "https://avatars.slack-edge.com/2022-08-22/3994045204528_a49779ad093d4fc39a87_72.jpg",
      "first_name": "Katherine",
      "real_name": "Katherine Foster",
      "display_name": "Katherine Foster",
      "team": "T03U4J8HMUG",
      "name": "Katherine",
      "is_restricted": false,
      "is_ultra_restricted": false
    },
    "thread_ts": "1664452002.329089",
    "parent_user_id": "U03UVHCV6KB",
    "reactions": [
      {
        "name": "pray",
        "users": [
          "U03UVHCV6KB"
        ],
        "count": 1
      }
    ]
  },
  {
    "client_msg_id": "5883fc4e-537c-447c-b33e-efe2ed76e090",
    "type": "message",
    "text": "yeah highly unlikely at FAANG, even very unlikely at other companies.",
    "user": "U03UVHCV6KB",
    "ts": "1664456665.600609",
    "blocks": [
      {
        "type": "rich_text",
        "block_id": "lfdao",
        "elements": [
          {
            "type": "rich_text_section",
            "elements": [
              {
                "type": "text",
                "text": "yeah highly unlikely at FAANG, even very unlikely at other companies."
              }
            ]
          }
        ]
      }
    ],
    "team": "T03U4J8HMUG",
    "user_team": "T03U4J8HMUG",
    "source_team": "T03U4J8HMUG",
    "user_profile": {
      "avatar_hash": "gc9619121f99",
      "image_72": "https://secure.gravatar.com/avatar/c9619121f998ee4a7e46177f2a5729de.jpg?s=72&d=https%3A%2F%2Fa.slack-edge.com%2Fdf10d%2Fimg%2Favatars%2Fava_0002-72.png",
      "first_name": "Travis",
      "real_name": "Travis Butler",
      "display_name": "Travis Butler",
      "team": "T03U4J8HMUG",
      "name": "Travis",
      "is_restricted": false,
      "is_ultra_restricted": false
    },
    "thread_ts": "1664452002.329089",
    "parent_user_id": "U03UVHCV6KB"
  },
  {
    "client_msg_id": "e4b004fb-ba13-430a-b2e4-25e10b1c9bec",
    "type": "message",
    "text": "<!channel> please react with a :fire: if you will be interested in next week mock interview .",
    "user": "U03TT5KEYCF",
    "ts": "1664475593.323879",
    "blocks": [
      {
        "type": "rich_text",
        "block_id": "W44",
        "elements": [
          {
            "type": "rich_text_section",
            "elements": [
              {
                "type": "broadcast",
                "range": "channel"
              },
              {
                "type": "text",
                "text": " please react with a "
              },
              {
                "type": "emoji",
                "name": "fire",
                "unicode": "1f525"
              },
              {
                "type": "text",
                "text": " if you will be interested in next week mock interview ."
              }
            ]
          }
        ]
      }
    ],
    "team": "T03U4J8HMUG",
    "user_team": "T03U4J8HMUG",
    "source_team": "T03U4J8HMUG",
    "user_profile": {
      "avatar_hash": "aae36184306b",
      "image_72": "https://avatars.slack-edge.com/2022-08-18/3945210198087_aae36184306bb9e0b018_72.jpg",
      "first_name": "Luis",
      "real_name": "Luis Ingram",
      "display_name": "Luis Ingram",
      "team": "T03U4J8HMUG",
      "name": "Luis",
      "is_restricted": false,
      "is_ultra_restricted": false
    },
    "reactions": [
      {
        "name": "fire",
        "users": [
          "U03UD5B7C3X"
        ],
        "count": 1
      }
    ]
  },
  {
    "client_msg_id": "cfd87539-fb1e-4e6a-90f8-2d125f7ae229",
    "type": "message",
    "text": "I think it depends",
    "user": "U03U93GNNVB",
    "ts": "1664514883.627379",
    "blocks": [
      {
        "type": "rich_text",
        "block_id": "IXuqa",
        "elements": [
          {
            "type": "rich_text_section",
            "elements": [
              {
                "type": "text",
                "text": "I think it depends"
              }
            ]
          }
        ]
      }
    ],
    "team": "T03U4J8HMUG",
    "user_team": "T03U4J8HMUG",
    "source_team": "T03U4J8HMUG",
    "user_profile": {
      "avatar_hash": "a49779ad093d",
      "image_72": "https://avatars.slack-edge.com/2022-08-22/3994045204528_a49779ad093d4fc39a87_72.jpg",
      "first_name": "Katherine",
      "real_name": "Katherine Foster",
      "display_name": "Katherine Foster",
      "team": "T03U4J8HMUG",
      "name": "Katherine",
      "is_restricted": false,
      "is_ultra_restricted": false
    },
    "thread_ts": "1664452002.329089",
    "parent_user_id": "U03UVHCV6KB"
  },
  {
    "client_msg_id": "7fd5e47c-059c-4c06-bf11-5675ea357596",
    "type": "message",
    "text": "There are different models of employment - some companies expect full-time (they buy your time) and others expect results (they are more flexible on time)",
    "user": "U03U93GNNVB",
    "ts": "1664514911.194379",
    "blocks": [
      {
        "type": "rich_text",
        "block_id": "7Cu8u",
        "elements": [
          {
            "type": "rich_text_section",
            "elements": [
              {
                "type": "text",
                "text": "There are different models of employment - some companies expect full-time (they buy your time) and others expect results (they are more flexible on time)"
              }
            ]
          }
        ]
      }
    ],
    "team": "T03U4J8HMUG",
    "user_team": "T03U4J8HMUG",
    "source_team": "T03U4J8HMUG",
    "user_profile": {
      "avatar_hash": "a49779ad093d",
      "image_72": "https://avatars.slack-edge.com/2022-08-22/3994045204528_a49779ad093d4fc39a87_72.jpg",
      "first_name": "Katherine",
      "real_name": "Katherine Foster",
      "display_name": "Katherine Foster",
      "team": "T03U4J8HMUG",
      "name": "Katherine",
      "is_restricted": false,
      "is_ultra_restricted": false
    },
    "thread_ts": "1664452002.329089",
    "parent_user_id": "U03UVHCV6KB",
    "reactions": [
      {
        "name": "raised_hands",
        "users": [
          "U03UVHCV6KB"
        ],
        "count": 1
      }
    ]
  }
]