[
  {
    "client_msg_id": "e93da0a5-a7d2-4bc5-aee9-4e0c271ec403",
    "type": "message",
    "text": "Q1 - Tell me about yourself (2-3 minutes)\nQ2 - How did you get to your current status as a (MLEng, DataEng)\nQ3 - Take me through a project that you are proud of\nQ4 - 3-4 questions that you would ask them for the role/company\n\nFor Q1 - forget the job, tell them about you to start. Give them a why, if you have one. What is important to you.\n\u2022 Your name in  full\n\u2022 Where you live\n\u2022 What you are doing right now\n\u2022 What your university education was - which course. Mention notable courses and projects. Mention challenges as well, if any.\n\u2022 Link to 10 Academy - why did you apply? How does it link to your future goals.\n\u2022 Overview of what you learned at 10 Academy. Sprinkle in keywords on technologies that you have used. Look at the list of expertise keywords in the careers doc.\n\u2022 You don't need to close it off with a 'hire me' - it's one part of the discussion.\n\u2022 You should feel free to talk about things that you like. Your parents, kids, cats, neighbours....etc.\nIt's a summary of who you are and where you come from\n\nFor Q2 - Your background in MLEng and Data Eng\n\u2022 Start with your university - which courses did you take that were relevant?\n\u2022 Highlight your math and your algorithms and other related courses\n\u2022 Talk about student projects or internships that were relevant - mention them in the frame of MLEng or DEng - what aspects of them were related\n\u2022 Talk about 10 Academy and highlight 2-3 key projects that you are proud of, and which could be related to what the employer is interested in. If the job is NLP, talk about Speech to Text and especially the processing part.  If the job is ETL, talk about your pipeline buliding\n\u2022 Talk about any self-learning including which resources you used\n\u2022 Give a summary of your background at the end as it relates to the whole stack. So that you have some background in Data Eng, you have worked on different models, you have deep expertise in Python and SQL, you have done some CI/CD and ML DevOps, visualization and reporting. Tie it together and show that you know where your expertise fits in the overall context.\nQ3 - Be ready to walk them through a project that is relevant, in a lot of detail.\n\u2022 Have your notebook clean and ready to present and walk though.\n\u2022 Be ready to explain approaches you took\n\u2022 Be ready to explain why you chose one approach over other approaches\n\u2022 Be ready to talk about things that you realize you didn't do as well as you could have\n\u2022 Be ready to talk about things that you would have implemented, given the time\n\u2022 Be ready to talk about where you would take the project next\nQ4 - Prepare questions for the company and the role\n\u2022 This is one of the most important things - it\u2019s your opportunity to showcase the type of thinker that you are.\n\u2022 Ask meaningful questions that you would be likely to ask if you started work and it was Day 1.\n",
    "user": "U03U93GNNVB",
    "ts": "1663839365.770289",
    "blocks": [
      {
        "type": "rich_text",
        "block_id": "F2t",
        "elements": [
          {
            "type": "rich_text_section",
            "elements": [
              {
                "type": "text",
                "text": "Q1 - Tell me about yourself (2-3 minutes)\nQ2 - How did you get to your current status as a (MLEng, DataEng)\nQ3 - Take me through a project that you are proud of\nQ4 - 3-4 questions that you would ask them for the role/company\n\nFor Q1 - forget the job, tell them about you to start. Give them a why, if you have one. What is important to you.\n"
              }
            ]
          },
          {
            "type": "rich_text_list",
            "elements": [
              {
                "type": "rich_text_section",
                "elements": [
                  {
                    "type": "text",
                    "text": "Your name in  full"
                  }
                ]
              },
              {
                "type": "rich_text_section",
                "elements": [
                  {
                    "type": "text",
                    "text": "Where you live"
                  }
                ]
              },
              {
                "type": "rich_text_section",
                "elements": [
                  {
                    "type": "text",
                    "text": "What you are doing right now"
                  }
                ]
              },
              {
                "type": "rich_text_section",
                "elements": [
                  {
                    "type": "text",
                    "text": "What your university education was - which course. Mention notable courses and projects. Mention challenges as well, if any."
                  }
                ]
              },
              {
                "type": "rich_text_section",
                "elements": [
                  {
                    "type": "text",
                    "text": "Link to 10 Academy - why did you apply? How does it link to your future goals."
                  }
                ]
              },
              {
                "type": "rich_text_section",
                "elements": [
                  {
                    "type": "text",
                    "text": "Overview of what you learned at 10 Academy. Sprinkle in keywords on technologies that you have used. Look at the list of expertise keywords in the careers doc."
                  }
                ]
              },
              {
                "type": "rich_text_section",
                "elements": [
                  {
                    "type": "text",
                    "text": "You don't need to close it off with a 'hire me' - it's one part of the discussion."
                  }
                ]
              },
              {
                "type": "rich_text_section",
                "elements": [
                  {
                    "type": "text",
                    "text": "You should feel free to talk about things that you like. Your parents, kids, cats, neighbours....etc."
                  }
                ]
              }
            ],
            "style": "bullet",
            "indent": 0,
            "border": 0
          },
          {
            "type": "rich_text_section",
            "elements": [
              {
                "type": "text",
                "text": "It's a summary of who you are and where you come from\n\nFor Q2 - Your background in MLEng and Data Eng\n"
              }
            ]
          },
          {
            "type": "rich_text_list",
            "elements": [
              {
                "type": "rich_text_section",
                "elements": [
                  {
                    "type": "text",
                    "text": "Start with your university - which courses did you take that were relevant?"
                  }
                ]
              },
              {
                "type": "rich_text_section",
                "elements": [
                  {
                    "type": "text",
                    "text": "Highlight your math and your algorithms and other related courses"
                  }
                ]
              },
              {
                "type": "rich_text_section",
                "elements": [
                  {
                    "type": "text",
                    "text": "Talk about student projects or internships that were relevant - mention them in the frame of MLEng or DEng - what aspects of them were related"
                  }
                ]
              },
              {
                "type": "rich_text_section",
                "elements": [
                  {
                    "type": "text",
                    "text": "Talk about 10 Academy and highlight 2-3 key projects that you are proud of, and which could be related to what the employer is interested in. If the job is NLP, talk about Speech to Text and especially the processing part.  If the job is ETL, talk about your pipeline buliding"
                  }
                ]
              },
              {
                "type": "rich_text_section",
                "elements": [
                  {
                    "type": "text",
                    "text": "Talk about any self-learning including which resources you used"
                  }
                ]
              },
              {
                "type": "rich_text_section",
                "elements": [
                  {
                    "type": "text",
                    "text": "Give a summary of your background at the end as it relates to the whole stack. So that you have some background in Data Eng, you have worked on different models, you have deep expertise in Python and SQL, you have done some CI/CD and ML DevOps, visualization and reporting. Tie it together and show that you know where your expertise fits in the overall context."
                  }
                ]
              }
            ],
            "style": "bullet",
            "indent": 0,
            "border": 0
          },
          {
            "type": "rich_text_section",
            "elements": [
              {
                "type": "text",
                "text": "\nQ3 - Be ready to walk them through a project that is relevant, in a lot of detail.\n"
              }
            ]
          },
          {
            "type": "rich_text_list",
            "elements": [
              {
                "type": "rich_text_section",
                "elements": [
                  {
                    "type": "text",
                    "text": "Have your notebook clean and ready to present and walk though."
                  }
                ]
              },
              {
                "type": "rich_text_section",
                "elements": [
                  {
                    "type": "text",
                    "text": "Be ready to explain approaches you took"
                  }
                ]
              },
              {
                "type": "rich_text_section",
                "elements": [
                  {
                    "type": "text",
                    "text": "Be ready to explain why you chose one approach over other approaches"
                  }
                ]
              },
              {
                "type": "rich_text_section",
                "elements": [
                  {
                    "type": "text",
                    "text": "Be ready to talk about things that you realize you didn't do as well as you could have"
                  }
                ]
              },
              {
                "type": "rich_text_section",
                "elements": [
                  {
                    "type": "text",
                    "text": "Be ready to talk about things that you would have implemented, given the time"
                  }
                ]
              },
              {
                "type": "rich_text_section",
                "elements": [
                  {
                    "type": "text",
                    "text": "Be ready to talk about where you would take the project next"
                  }
                ]
              }
            ],
            "style": "bullet",
            "indent": 0,
            "border": 0
          },
          {
            "type": "rich_text_section",
            "elements": [
              {
                "type": "text",
                "text": "\nQ4 - Prepare questions for the company and the role\n"
              }
            ]
          },
          {
            "type": "rich_text_list",
            "elements": [
              {
                "type": "rich_text_section",
                "elements": [
                  {
                    "type": "text",
                    "text": "This is one of the most important things - it\u2019s your opportunity to showcase the type of thinker that you are."
                  }
                ]
              },
              {
                "type": "rich_text_section",
                "elements": [
                  {
                    "type": "text",
                    "text": "Ask meaningful questions that you would be likely to ask if you started work and it was Day 1."
                  }
                ]
              }
            ],
            "style": "bullet",
            "indent": 0,
            "border": 0
          },
          {
            "type": "rich_text_section",
            "elements": []
          }
        ]
      }
    ],
    "team": "T03U4J8HMUG",
    "user_team": "T03U4J8HMUG",
    "source_team": "T03U4J8HMUG",
    "user_profile": {
      "avatar_hash": "a49779ad093d",
      "image_72": "https://avatars.slack-edge.com/2022-08-22/3994045204528_a49779ad093d4fc39a87_72.jpg",
      "first_name": "Katherine",
      "real_name": "Katherine Foster",
      "display_name": "Katherine Foster",
      "team": "T03U4J8HMUG",
      "name": "Katherine",
      "is_restricted": false,
      "is_ultra_restricted": false
    },
    "thread_ts": "1663839365.770289",
    "reply_count": 1,
    "reply_users_count": 1,
    "latest_reply": "1663839626.694049",
    "reply_users": [
      "U03UHB8CXDY"
    ],
    "replies": [
      {
        "user": "U03UHB8CXDY",
        "ts": "1663839626.694049"
      }
    ],
    "is_locked": false,
    "subscribed": false,
    "reactions": [
      {
        "name": "raised_hands",
        "users": [
          "U03UVHCV6KB",
          "U03U9EJR362",
          "U03UHB8CXDY",
          "U03UJGRN5E0",
          "U03UG1Z21JP",
          "U03UFV7HFNF",
          "U03UG0SFHGT",
          "U03UG5VFN03",
          "U03UH397319",
          "U03U1HAG9TR"
        ],
        "count": 10
      },
      {
        "name": "eyes",
        "users": [
          "U03UVHCV6KB"
        ],
        "count": 1
      }
    ]
  },
  {
    "client_msg_id": "999608D9-53D1-4E6F-8762-7302A15DAF86",
    "type": "message",
    "text": "Great! Thanks ",
    "user": "U03UHB8CXDY",
    "ts": "1663839626.694049",
    "blocks": [
      {
        "type": "rich_text",
        "block_id": "u4ud",
        "elements": [
          {
            "type": "rich_text_section",
            "elements": [
              {
                "type": "text",
                "text": "Great! Thanks "
              }
            ]
          }
        ]
      }
    ],
    "team": "T03U4J8HMUG",
    "user_team": "T03U4J8HMUG",
    "source_team": "T03U4J8HMUG",
    "user_profile": {
      "avatar_hash": "374fee609510",
      "image_72": "https://avatars.slack-edge.com/2022-09-30/4159182498980_374fee609510e6ff1526_72.jpg",
      "first_name": "Yvonne",
      "real_name": "Yvonne Gonzalez",
      "display_name": "Yvonne Gonzalez",
      "team": "T03U4J8HMUG",
      "name": "Yvonne",
      "is_restricted": false,
      "is_ultra_restricted": false
    },
    "thread_ts": "1663839365.770289",
    "parent_user_id": "U03U93GNNVB"
  },
  {
    "client_msg_id": "f9ca6d77-4b4e-47ba-9d2e-2e056c65509c",
    "type": "message",
    "text": "Hi <!channel> the T-shaped person careers exercise has been graded and returned, kindly find the <https://docs.google.com/document/d/1-L3UXANI58AzfemfdCQZkADQfUHmvqJcyK7ILB_zjAU/edit?usp=sharing|Exemplar list-T shaped Professional >.",
    "user": "U03U4GULU3Y",
    "ts": "1663841123.193709",
    "blocks": [
      {
        "type": "rich_text",
        "block_id": "MhoT",
        "elements": [
          {
            "type": "rich_text_section",
            "elements": [
              {
                "type": "text",
                "text": "Hi "
              },
              {
                "type": "broadcast",
                "range": "channel"
              },
              {
                "type": "text",
                "text": " the T-shaped person careers exercise has been graded and returned, kindly find the "
              },
              {
                "type": "link",
                "url": "https://docs.google.com/document/d/1-L3UXANI58AzfemfdCQZkADQfUHmvqJcyK7ILB_zjAU/edit?usp=sharing",
                "text": "Exemplar list-T shaped Professional "
              },
              {
                "type": "text",
                "text": "."
              }
            ]
          }
        ]
      }
    ],
    "team": "T03U4J8HMUG",
    "user_team": "T03U4J8HMUG",
    "source_team": "T03U4J8HMUG",
    "user_profile": {
      "avatar_hash": "99e77e6d73e2",
      "image_72": "https://avatars.slack-edge.com/2022-08-19/3986877623392_99e77e6d73e294e4f45c_72.png",
      "first_name": "Allison",
      "real_name": "Allison Thompson",
      "display_name": "Allison Thompson",
      "team": "T03U4J8HMUG",
      "name": "Allison",
      "is_restricted": false,
      "is_ultra_restricted": false
    }
  },
  {
    "client_msg_id": "a17a3893-77aa-4fb0-bb34-94a906f4ebac",
    "type": "message",
    "text": "<!channel> <!here> will it be helpful to have the mock interviews posted on YouTube ?",
    "user": "U03TT5KEYCF",
    "ts": "1663856731.006959",
    "blocks": [
      {
        "type": "rich_text",
        "block_id": "grj",
        "elements": [
          {
            "type": "rich_text_section",
            "elements": [
              {
                "type": "broadcast",
                "range": "channel"
              },
              {
                "type": "text",
                "text": " "
              },
              {
                "type": "broadcast",
                "range": "here"
              },
              {
                "type": "text",
                "text": " will it be helpful to have the mock interviews posted on YouTube ?"
              }
            ]
          }
        ]
      }
    ],
    "team": "T03U4J8HMUG",
    "user_team": "T03U4J8HMUG",
    "source_team": "T03U4J8HMUG",
    "user_profile": {
      "avatar_hash": "aae36184306b",
      "image_72": "https://avatars.slack-edge.com/2022-08-18/3945210198087_aae36184306bb9e0b018_72.jpg",
      "first_name": "Luis",
      "real_name": "Luis Ingram",
      "display_name": "Luis Ingram",
      "team": "T03U4J8HMUG",
      "name": "Luis",
      "is_restricted": false,
      "is_ultra_restricted": false
    },
    "thread_ts": "1663856731.006959",
    "reply_count": 1,
    "reply_users_count": 1,
    "latest_reply": "1663867848.730359",
    "reply_users": [
      "U03UG0YHAUT"
    ],
    "replies": [
      {
        "user": "U03UG0YHAUT",
        "ts": "1663867848.730359"
      }
    ],
    "is_locked": false,
    "subscribed": false,
    "reactions": [
      {
        "name": "+1",
        "users": [
          "U03UD68RQH3",
          "U03UHB8CXDY",
          "U03UG4Q7V42",
          "U03UG32J3PC",
          "U03UG1Z21JP",
          "U03U1HAG9TR",
          "U03UVHCV6KB",
          "U03UAKATQ22"
        ],
        "count": 8
      }
    ]
  },
  {
    "client_msg_id": "1e23ea77-642d-425b-ad99-e9d1994e1847",
    "type": "message",
    "text": "Definetly",
    "user": "U03UG0YHAUT",
    "ts": "1663867848.730359",
    "blocks": [
      {
        "type": "rich_text",
        "block_id": "1PnPy",
        "elements": [
          {
            "type": "rich_text_section",
            "elements": [
              {
                "type": "text",
                "text": "Definetly"
              }
            ]
          }
        ]
      }
    ],
    "team": "T03U4J8HMUG",
    "user_team": "T03U4J8HMUG",
    "source_team": "T03U4J8HMUG",
    "user_profile": {
      "avatar_hash": "e7b0c8269999",
      "image_72": "https://avatars.slack-edge.com/2022-09-20/4099393715542_e7b0c82699998d3b3ade_72.jpg",
      "first_name": "Daniel",
      "real_name": "Daniel Brown",
      "display_name": "Daniel Brown",
      "team": "T03U4J8HMUG",
      "name": "Daniel",
      "is_restricted": false,
      "is_ultra_restricted": false
    },
    "thread_ts": "1663856731.006959",
    "parent_user_id": "U03TT5KEYCF"
  },
  {
    "client_msg_id": "d4a3f39c-574c-439b-aea2-44d4b68625c7",
    "type": "message",
    "text": "<!here> Q1. Were the mock interviews useful for those that were listening.  Thread your answers",
    "user": "U03U93GNNVB",
    "ts": "1663910072.869279",
    "blocks": [
      {
        "type": "rich_text",
        "block_id": "yGly3",
        "elements": [
          {
            "type": "rich_text_section",
            "elements": [
              {
                "type": "broadcast",
                "range": "here"
              },
              {
                "type": "text",
                "text": " Q1. Were the mock interviews useful for those that were listening.  Thread your answers"
              }
            ]
          }
        ]
      }
    ],
    "team": "T03U4J8HMUG",
    "user_team": "T03U4J8HMUG",
    "source_team": "T03U4J8HMUG",
    "user_profile": {
      "avatar_hash": "a49779ad093d",
      "image_72": "https://avatars.slack-edge.com/2022-08-22/3994045204528_a49779ad093d4fc39a87_72.jpg",
      "first_name": "Katherine",
      "real_name": "Katherine Foster",
      "display_name": "Katherine Foster",
      "team": "T03U4J8HMUG",
      "name": "Katherine",
      "is_restricted": false,
      "is_ultra_restricted": false
    },
    "thread_ts": "1663910072.869279",
    "reply_count": 3,
    "reply_users_count": 3,
    "latest_reply": "1663924090.332019",
    "reply_users": [
      "U03UUP56MDF",
      "U03UVHCV6KB",
      "U03UD5B7C3X"
    ],
    "replies": [
      {
        "user": "U03UUP56MDF",
        "ts": "1663920434.135489"
      },
      {
        "user": "U03UVHCV6KB",
        "ts": "1663920923.747319"
      },
      {
        "user": "U03UD5B7C3X",
        "ts": "1663924090.332019"
      }
    ],
    "is_locked": false,
    "subscribed": false
  },
  {
    "client_msg_id": "18fb5feb-4a05-4b3a-92f8-afd6d17a835a",
    "type": "message",
    "text": "<!here> Q2. How useful would a regular careers Q&amp;A session be, focussing on post-10Ac employment?  Thread your answers.",
    "user": "U03U93GNNVB",
    "ts": "1663910107.277719",
    "blocks": [
      {
        "type": "rich_text",
        "block_id": "5Hm",
        "elements": [
          {
            "type": "rich_text_section",
            "elements": [
              {
                "type": "broadcast",
                "range": "here"
              },
              {
                "type": "text",
                "text": " Q2. How useful would a regular careers Q&A session be, focussing on post-10Ac employment?  Thread your answers."
              }
            ]
          }
        ]
      }
    ],
    "team": "T03U4J8HMUG",
    "user_team": "T03U4J8HMUG",
    "source_team": "T03U4J8HMUG",
    "user_profile": {
      "avatar_hash": "a49779ad093d",
      "image_72": "https://avatars.slack-edge.com/2022-08-22/3994045204528_a49779ad093d4fc39a87_72.jpg",
      "first_name": "Katherine",
      "real_name": "Katherine Foster",
      "display_name": "Katherine Foster",
      "team": "T03U4J8HMUG",
      "name": "Katherine",
      "is_restricted": false,
      "is_ultra_restricted": false
    },
    "thread_ts": "1663910107.277719",
    "reply_count": 5,
    "reply_users_count": 4,
    "latest_reply": "1663947871.929919",
    "reply_users": [
      "U03UVHCV6KB",
      "U03U93GNNVB",
      "U03UD5B7C3X",
      "U03UAKATQ22"
    ],
    "replies": [
      {
        "user": "U03UVHCV6KB",
        "ts": "1663921502.079809"
      },
      {
        "user": "U03U93GNNVB",
        "ts": "1663921646.491299"
      },
      {
        "user": "U03UVHCV6KB",
        "ts": "1663923634.162299"
      },
      {
        "user": "U03UD5B7C3X",
        "ts": "1663923822.969109"
      },
      {
        "user": "U03UAKATQ22",
        "ts": "1663947871.929919"
      }
    ],
    "is_locked": false,
    "subscribed": false
  },
  {
    "client_msg_id": "c15bd999-df27-437d-a967-e7af8499352f",
    "type": "message",
    "text": "[7:03 AM]\nI think of it like this.\n\nKitchens in a restaurant, serving hundreds of people.\n\u2022 Data Scientists are the head chefs, figuring out the recipes that people want to eat and which fit the budget.\n\u2022 ML Engineers do the cooking for people at scale.  They use the ingredients from DEng and the recipes from DSci.\n\u2022 Data Engineers ensure that all the ingredients are coming into the kitchen, prepared and ready.  No ingredients, no food. Choosing good quality ingredients and preparing them well is hard.\n\u2022 MLOps folks build and maintain the kitchen infrastructure (stoves, ovens, etc.).\n\ndata scientist can do what data engineer do? but is reverse ok?\n<https://10academybatch6.slack.com/archives/C03TBUCU4UD/p1663848752185189?thread_ts=1663848752185189&amp;cid=C03TBUCU4UD|Thread in random> | <https://10academybatch6.slack.com/archives/C03TBUCU4UD/p1663848752185189?thread_ts=1663848752185189&amp;cid=C03TBUCU4UD|Yesterday at 2:12 PM> | <https://10academybatch6.slack.com/archives/C03TBUCU4UD/p1663848752185189?thread_ts=1663848752185189&amp;cid=C03TBUCU4UD|View message>\n[7:05 AM] The majority of industry will not touch you for a DSci role - they want a PhD.  It's not necessarily fair, but that's the reality.  Don't waste your time going for a Data Scientist role - you'll only decrease your interview rate from 5% to 0.5%.",
    "user": "U03U93GNNVB",
    "ts": "1663910132.397519",
    "blocks": [
      {
        "type": "rich_text",
        "block_id": "ZqPU",
        "elements": [
          {
            "type": "rich_text_section",
            "elements": [
              {
                "type": "text",
                "text": "[7:03 AM]\nI think of it like this.\n\nKitchens in a restaurant, serving hundreds of people.\n"
              }
            ]
          },
          {
            "type": "rich_text_list",
            "elements": [
              {
                "type": "rich_text_section",
                "elements": [
                  {
                    "type": "text",
                    "text": "Data Scientists are the head chefs, figuring out the recipes that people want to eat and which fit the budget."
                  }
                ]
              },
              {
                "type": "rich_text_section",
                "elements": [
                  {
                    "type": "text",
                    "text": "ML Engineers do the cooking for people at scale.  They use the ingredients from DEng and the recipes from DSci."
                  }
                ]
              },
              {
                "type": "rich_text_section",
                "elements": [
                  {
                    "type": "text",
                    "text": "Data Engineers ensure that all the ingredients are coming into the kitchen, prepared and ready.  No ingredients, no food. Choosing good quality ingredients and preparing them well is hard."
                  }
                ]
              },
              {
                "type": "rich_text_section",
                "elements": [
                  {
                    "type": "text",
                    "text": "MLOps folks build and maintain the kitchen infrastructure (stoves, ovens, etc.)."
                  }
                ]
              }
            ],
            "style": "bullet",
            "indent": 0,
            "border": 0
          },
          {
            "type": "rich_text_section",
            "elements": [
              {
                "type": "text",
                "text": "\n\ndata scientist can do what data engineer do? but is reverse ok?\n"
              },
              {
                "type": "link",
                "url": "https://10academybatch6.slack.com/archives/C03TBUCU4UD/p1663848752185189?thread_ts=1663848752185189&cid=C03TBUCU4UD",
                "text": "Thread in random"
              },
              {
                "type": "text",
                "text": " | "
              },
              {
                "type": "link",
                "url": "https://10academybatch6.slack.com/archives/C03TBUCU4UD/p1663848752185189?thread_ts=1663848752185189&cid=C03TBUCU4UD",
                "text": "Yesterday at 2:12 PM"
              },
              {
                "type": "text",
                "text": " | "
              },
              {
                "type": "link",
                "url": "https://10academybatch6.slack.com/archives/C03TBUCU4UD/p1663848752185189?thread_ts=1663848752185189&cid=C03TBUCU4UD",
                "text": "View message"
              },
              {
                "type": "text",
                "text": "\n[7:05 AM] The majority of industry will not touch you for a DSci role - they want a PhD.  It's not necessarily fair, but that's the reality.  Don't waste your time going for a Data Scientist role - you'll only decrease your interview rate from 5% to 0.5%."
              }
            ]
          }
        ]
      }
    ],
    "team": "T03U4J8HMUG",
    "user_team": "T03U4J8HMUG",
    "source_team": "T03U4J8HMUG",
    "user_profile": {
      "avatar_hash": "a49779ad093d",
      "image_72": "https://avatars.slack-edge.com/2022-08-22/3994045204528_a49779ad093d4fc39a87_72.jpg",
      "first_name": "Katherine",
      "real_name": "Katherine Foster",
      "display_name": "Katherine Foster",
      "team": "T03U4J8HMUG",
      "name": "Katherine",
      "is_restricted": false,
      "is_ultra_restricted": false
    },
    "attachments": [
      {
        "from_url": "https://10academybatch6.slack.com/archives/C03TBUCU4UD/p1663848752185189?thread_ts=1663848752185189&amp;cid=C03TBUCU4UD",
        "ts": "1663848752.185189",
        "author_id": "U03UHB8CXDY",
        "channel_team": "T03U4J8HMUG",
        "channel_id": "C03TBUCU4UD",
        "is_msg_unfurl": true,
        "is_thread_root_unfurl": true,
        "message_blocks": [
          {
            "team": "T03U4J8HMUG",
            "channel": "C03TBUCU4UD",
            "ts": "1663848752.185189",
            "message": {
              "blocks": [
                {
                  "type": "rich_text",
                  "block_id": "YXgbJ",
                  "elements": [
                    {
                      "type": "rich_text_section",
                      "elements": [
                        {
                          "type": "text",
                          "text": "data scientist can do what data engineer do? but is reverse ok?"
                        }
                      ]
                    }
                  ]
                }
              ]
            }
          }
        ],
        "id": 1,
        "original_url": "https://10academybatch6.slack.com/archives/C03TBUCU4UD/p1663848752185189?thread_ts=1663848752185189&amp;cid=C03TBUCU4UD",
        "fallback": "[September 22nd, 2022 5:12 AM] yohgut: data scientist can do what data engineer do? but is reverse ok?",
        "text": "data scientist can do what data engineer do? but is reverse ok?",
        "author_name": "Yohanes Gutema",
        "author_link": "https://10academybatch6.slack.com/team/U03UHB8CXDY",
        "author_icon": "https://avatars.slack-edge.com/2022-08-22/3974601371508_5ff1a40dd1078a672d89_48.jpg",
        "author_subname": "Yohanes Gutema",
        "mrkdwn_in": [
          "text"
        ],
        "footer": "Thread in Slack Conversation"
      }
    ],
    "reactions": [
      {
        "name": "raised_hands",
        "users": [
          "U03UG5VFN03",
          "U03UVHCV6KB",
          "U03UD5B7C3X"
        ],
        "count": 3
      },
      {
        "name": "100",
        "users": [
          "U03U1HAG9TR",
          "U03UVHCV6KB"
        ],
        "count": 2
      }
    ]
  },
  {
    "client_msg_id": "311045e1-5a9f-4a76-9bf5-0565a8b41543",
    "type": "message",
    "text": "Morning <!channel>\nReminder - For those that have their 1-on-1 session today please remember to ask the training team the questions you developed from your week 5 careers exercise.",
    "user": "U03TT5KEYCF",
    "ts": "1663914038.615049",
    "blocks": [
      {
        "type": "rich_text",
        "block_id": "1g+z",
        "elements": [
          {
            "type": "rich_text_section",
            "elements": [
              {
                "type": "text",
                "text": "Morning "
              },
              {
                "type": "broadcast",
                "range": "channel"
              },
              {
                "type": "text",
                "text": "\nReminder - For those that have their 1-on-1 session today please remember to ask the training team the questions you developed from your week 5 careers exercise."
              }
            ]
          }
        ]
      }
    ],
    "team": "T03U4J8HMUG",
    "user_team": "T03U4J8HMUG",
    "source_team": "T03U4J8HMUG",
    "user_profile": {
      "avatar_hash": "aae36184306b",
      "image_72": "https://avatars.slack-edge.com/2022-08-18/3945210198087_aae36184306bb9e0b018_72.jpg",
      "first_name": "Luis",
      "real_name": "Luis Ingram",
      "display_name": "Luis Ingram",
      "team": "T03U4J8HMUG",
      "name": "Luis",
      "is_restricted": false,
      "is_ultra_restricted": false
    },
    "reactions": [
      {
        "name": "+1",
        "users": [
          "U03UG0YHAUT",
          "U03U1HAG9TR",
          "U03UVHCV6KB",
          "U03UL5LSTG9"
        ],
        "count": 4
      }
    ]
  }
]