[
  {
    "client_msg_id": "aaaece91-cac2-4f29-a888-d60faebce4aa",
    "type": "message",
    "text": "oh I see. Got it, thanks",
    "user": "U03UJGP0C68",
    "ts": "1665126582.837739",
    "blocks": [
      {
        "type": "rich_text",
        "block_id": "L=t",
        "elements": [
          {
            "type": "rich_text_section",
            "elements": [
              {
                "type": "text",
                "text": "oh I see. Got it, thanks"
              }
            ]
          }
        ]
      }
    ],
    "team": "T03U4J8HMUG",
    "user_team": "T03U4J8HMUG",
    "source_team": "T03U4J8HMUG",
    "user_profile": {
      "avatar_hash": "259faccdce43",
      "image_72": "https://avatars.slack-edge.com/2022-08-20/3965145363573_259faccdce439a8c6345_72.png",
      "first_name": "Judith",
      "real_name": "Judith Bolton",
      "display_name": "Judith Bolton",
      "team": "T03U4J8HMUG",
      "name": "Judith",
      "is_restricted": false,
      "is_ultra_restricted": false
    },
    "thread_ts": "1665059781.006929",
    "parent_user_id": "U03U93GNNVB"
  },
  {
    "client_msg_id": "0bb6201d-f480-4be9-80b6-d1d9a89996c2",
    "type": "message",
    "text": "that being said <@U03UJGP0C68> there is the case where you realize the role advertised isn't a fit for you.",
    "user": "U03U93GNNVB",
    "ts": "1665130378.787519",
    "blocks": [
      {
        "type": "rich_text",
        "block_id": "OrD",
        "elements": [
          {
            "type": "rich_text_section",
            "elements": [
              {
                "type": "text",
                "text": "that being said "
              },
              {
                "type": "user",
                "user_id": "U03UJGP0C68"
              },
              {
                "type": "text",
                "text": " there is the case where you realize the role advertised isn't a fit for you."
              }
            ]
          }
        ]
      }
    ],
    "team": "T03U4J8HMUG",
    "user_team": "T03U4J8HMUG",
    "source_team": "T03U4J8HMUG",
    "user_profile": {
      "avatar_hash": "a49779ad093d",
      "image_72": "https://avatars.slack-edge.com/2022-08-22/3994045204528_a49779ad093d4fc39a87_72.jpg",
      "first_name": "Katherine",
      "real_name": "Katherine Foster",
      "display_name": "Katherine Foster",
      "team": "T03U4J8HMUG",
      "name": "Katherine",
      "is_restricted": false,
      "is_ultra_restricted": false
    },
    "thread_ts": "1665059781.006929",
    "parent_user_id": "U03U93GNNVB"
  },
  {
    "client_msg_id": "9d8e65fd-5430-40a2-ac0e-fbba8ac5d3a0",
    "type": "message",
    "text": "In that case, explain why you are not interested and, if possible, explain why you see a jr. or a sr. role being a better fit",
    "user": "U03U93GNNVB",
    "ts": "1665130400.692519",
    "blocks": [
      {
        "type": "rich_text",
        "block_id": "zlWWe",
        "elements": [
          {
            "type": "rich_text_section",
            "elements": [
              {
                "type": "text",
                "text": "In that case, explain why you are not interested and, if possible, explain why you see a jr. or a sr. role being a better fit"
              }
            ]
          }
        ]
      }
    ],
    "team": "T03U4J8HMUG",
    "user_team": "T03U4J8HMUG",
    "source_team": "T03U4J8HMUG",
    "user_profile": {
      "avatar_hash": "a49779ad093d",
      "image_72": "https://avatars.slack-edge.com/2022-08-22/3994045204528_a49779ad093d4fc39a87_72.jpg",
      "first_name": "Katherine",
      "real_name": "Katherine Foster",
      "display_name": "Katherine Foster",
      "team": "T03U4J8HMUG",
      "name": "Katherine",
      "is_restricted": false,
      "is_ultra_restricted": false
    },
    "thread_ts": "1665059781.006929",
    "parent_user_id": "U03U93GNNVB",
    "reactions": [
      {
        "name": "white_check_mark",
        "users": [
          "U03UJGP0C68"
        ],
        "count": 1
      }
    ]
  },
  {
    "client_msg_id": "256ad2d4-27b2-4a12-958c-6331b7571a40",
    "type": "message",
    "text": "pls. don't forget to get this onto the calendar",
    "user": "U03U93GNNVB",
    "ts": "1665130427.190449",
    "blocks": [
      {
        "type": "rich_text",
        "block_id": "uVOEc",
        "elements": [
          {
            "type": "rich_text_section",
            "elements": [
              {
                "type": "text",
                "text": "pls. don't forget to get this onto the calendar"
              }
            ]
          }
        ]
      }
    ],
    "team": "T03U4J8HMUG",
    "user_team": "T03U4J8HMUG",
    "source_team": "T03U4J8HMUG",
    "user_profile": {
      "avatar_hash": "a49779ad093d",
      "image_72": "https://avatars.slack-edge.com/2022-08-22/3994045204528_a49779ad093d4fc39a87_72.jpg",
      "first_name": "Katherine",
      "real_name": "Katherine Foster",
      "display_name": "Katherine Foster",
      "team": "T03U4J8HMUG",
      "name": "Katherine",
      "is_restricted": false,
      "is_ultra_restricted": false
    },
    "thread_ts": "1665059974.900249",
    "parent_user_id": "U03V61VGQG0",
    "reactions": [
      {
        "name": "heavy_check_mark",
        "users": [
          "U03UJKJGRAQ",
          "U03V61VGQG0"
        ],
        "count": 2
      }
    ]
  }
]