[
  {
    "client_msg_id": "ac587201-6a1c-455f-a0c7-489e7f22b963",
    "type": "message",
    "text": "Anyone that wants to can craft and post good questions here in advance of today's careers Q&amp;A",
    "user": "U03U93GNNVB",
    "ts": "1665487006.443179",
    "blocks": [
      {
        "type": "rich_text",
        "block_id": "BMKEe",
        "elements": [
          {
            "type": "rich_text_section",
            "elements": [
              {
                "type": "text",
                "text": "Anyone that wants to can craft and post good questions here in advance of today's careers Q&A"
              }
            ]
          }
        ]
      }
    ],
    "team": "T03U4J8HMUG",
    "user_team": "T03U4J8HMUG",
    "source_team": "T03U4J8HMUG",
    "user_profile": {
      "avatar_hash": "a49779ad093d",
      "image_72": "https://avatars.slack-edge.com/2022-08-22/3994045204528_a49779ad093d4fc39a87_72.jpg",
      "first_name": "Katherine",
      "real_name": "Katherine Foster",
      "display_name": "Katherine Foster",
      "team": "T03U4J8HMUG",
      "name": "Katherine",
      "is_restricted": false,
      "is_ultra_restricted": false
    },
    "thread_ts": "1665487006.443179",
    "reply_count": 8,
    "reply_users_count": 6,
    "latest_reply": "1665491089.177389",
    "reply_users": [
      "U03UUR571A5",
      "U03UG4Q7V42",
      "U03U1HAG9TR",
      "U03UG0YHAUT",
      "U03V785NLSU",
      "U03V6HMRPGQ"
    ],
    "replies": [
      {
        "user": "U03UUR571A5",
        "ts": "1665487119.312959"
      },
      {
        "user": "U03UG4Q7V42",
        "ts": "1665487428.970719"
      },
      {
        "user": "U03U1HAG9TR",
        "ts": "1665487498.227899"
      },
      {
        "user": "U03UG0YHAUT",
        "ts": "1665487812.627289"
      },
      {
        "user": "U03V785NLSU",
        "ts": "1665489625.191669"
      },
      {
        "user": "U03V6HMRPGQ",
        "ts": "1665490488.389689"
      },
      {
        "user": "U03V785NLSU",
        "ts": "1665490697.262599"
      },
      {
        "user": "U03UG0YHAUT",
        "ts": "1665491089.177389"
      }
    ],
    "is_locked": false,
    "subscribed": false
  },
  {
    "client_msg_id": "4e46daa3-0fbb-4b0e-858b-373422e30305",
    "type": "message",
    "text": "What are the key things we should consider while choosing our track?",
    "user": "U03UUR571A5",
    "ts": "1665487119.312959",
    "blocks": [
      {
        "type": "rich_text",
        "block_id": "VHt2c",
        "elements": [
          {
            "type": "rich_text_section",
            "elements": [
              {
                "type": "text",
                "text": "What are the key things we should consider while choosing our track?"
              }
            ]
          }
        ]
      }
    ],
    "team": "T03U4J8HMUG",
    "user_team": "T03U4J8HMUG",
    "source_team": "T03U4J8HMUG",
    "user_profile": {
      "avatar_hash": "g95c5cde44bc",
      "image_72": "https://secure.gravatar.com/avatar/95c5cde44bc023bd369920b7e1ed0c94.jpg?s=72&d=https%3A%2F%2Fa.slack-edge.com%2Fdf10d%2Fimg%2Favatars%2Fava_0017-72.png",
      "first_name": "Amy",
      "real_name": "Amy Leon",
      "display_name": "Amy Leon",
      "team": "T03U4J8HMUG",
      "name": "Amy",
      "is_restricted": false,
      "is_ultra_restricted": false
    },
    "thread_ts": "1665487006.443179",
    "parent_user_id": "U03U93GNNVB"
  },
  {
    "client_msg_id": "6b1840d3-3873-4b1e-bbca-5c5cd0ab8370",
    "type": "message",
    "text": "I want to try a slightly different format - where it isn't a Q&amp;A, but rather a community discussion",
    "user": "U03U93GNNVB",
    "ts": "1665487264.625399",
    "blocks": [
      {
        "type": "rich_text",
        "block_id": "WG9Y",
        "elements": [
          {
            "type": "rich_text_section",
            "elements": [
              {
                "type": "text",
                "text": "I want to try a slightly different format - where it isn't a Q&A, but rather a community discussion"
              }
            ]
          }
        ]
      }
    ],
    "team": "T03U4J8HMUG",
    "user_team": "T03U4J8HMUG",
    "source_team": "T03U4J8HMUG",
    "user_profile": {
      "avatar_hash": "a49779ad093d",
      "image_72": "https://avatars.slack-edge.com/2022-08-22/3994045204528_a49779ad093d4fc39a87_72.jpg",
      "first_name": "Katherine",
      "real_name": "Katherine Foster",
      "display_name": "Katherine Foster",
      "team": "T03U4J8HMUG",
      "name": "Katherine",
      "is_restricted": false,
      "is_ultra_restricted": false
    }
  },
  {
    "client_msg_id": "3876ee50-a183-4c6e-97a2-91015742badb",
    "type": "message",
    "text": "I will lead the discussion, but the goal is for all of us to feel free to contribute",
    "user": "U03U93GNNVB",
    "ts": "1665487284.298719",
    "blocks": [
      {
        "type": "rich_text",
        "block_id": "w6g",
        "elements": [
          {
            "type": "rich_text_section",
            "elements": [
              {
                "type": "text",
                "text": "I will lead the discussion, but the goal is for all of us to feel free to contribute"
              }
            ]
          }
        ]
      }
    ],
    "team": "T03U4J8HMUG",
    "user_team": "T03U4J8HMUG",
    "source_team": "T03U4J8HMUG",
    "user_profile": {
      "avatar_hash": "a49779ad093d",
      "image_72": "https://avatars.slack-edge.com/2022-08-22/3994045204528_a49779ad093d4fc39a87_72.jpg",
      "first_name": "Katherine",
      "real_name": "Katherine Foster",
      "display_name": "Katherine Foster",
      "team": "T03U4J8HMUG",
      "name": "Katherine",
      "is_restricted": false,
      "is_ultra_restricted": false
    },
    "reactions": [
      {
        "name": "raised_hands",
        "users": [
          "U03UVHCV6KB",
          "U03UG5VFN03"
        ],
        "count": 2
      }
    ]
  },
  {
    "client_msg_id": "73ea748a-d90c-43bc-996e-7abe0de8caa3",
    "type": "message",
    "text": "can you maybe invite, the 10 Academy alumni, one from each tracks? If that's possible.",
    "user": "U03V61VGQG0",
    "ts": "1665487383.030349",
    "blocks": [
      {
        "type": "rich_text",
        "block_id": "4s8c",
        "elements": [
          {
            "type": "rich_text_section",
            "elements": [
              {
                "type": "text",
                "text": "can you maybe invite, the 10"
              },
              {
                "type": "text",
                "text": " "
              },
              {
                "type": "text",
                "text": "Academy alumni, one from each tracks? If that's possible."
              }
            ]
          }
        ]
      }
    ],
    "team": "T03U4J8HMUG",
    "user_team": "T03U4J8HMUG",
    "source_team": "T03U4J8HMUG",
    "user_profile": {
      "avatar_hash": "5e18062f5298",
      "image_72": "https://avatars.slack-edge.com/2022-08-29/3997574519670_5e18062f5298c6182ca5_72.jpg",
      "first_name": "Paula",
      "real_name": "Paula Bryant",
      "display_name": "Paula Bryant",
      "team": "T03U4J8HMUG",
      "name": "Paula",
      "is_restricted": false,
      "is_ultra_restricted": false
    },
    "edited": {
      "user": "U03V61VGQG0",
      "ts": "1665491384.000000"
    },
    "thread_ts": "1665487383.030349",
    "reply_count": 5,
    "reply_users_count": 3,
    "latest_reply": "1665491320.133149",
    "reply_users": [
      "U03U93GNNVB",
      "U03U1FNPEUX",
      "U03V61VGQG0"
    ],
    "replies": [
      {
        "user": "U03U93GNNVB",
        "ts": "1665489660.585979"
      },
      {
        "user": "U03U1FNPEUX",
        "ts": "1665490072.024959"
      },
      {
        "user": "U03V61VGQG0",
        "ts": "1665490136.159889"
      },
      {
        "user": "U03U93GNNVB",
        "ts": "1665491156.648679"
      },
      {
        "user": "U03V61VGQG0",
        "ts": "1665491320.133149"
      }
    ],
    "is_locked": false,
    "subscribed": false,
    "reactions": [
      {
        "name": "raised_hands",
        "users": [
          "U03UD68RQH3",
          "U03UG0YHAUT",
          "U03U1FNPEUX"
        ],
        "count": 3
      },
      {
        "name": "raised_hands::skin-tone-4",
        "users": [
          "U03UG4Q7V42"
        ],
        "count": 1
      }
    ]
  },
  {
    "client_msg_id": "78f70729-872b-4188-9e3f-7bc3208e8eaa",
    "type": "message",
    "text": "What are the chances of applying for two roles like graduating as DE and ML engineer?",
    "user": "U03UG4Q7V42",
    "ts": "1665487428.970719",
    "blocks": [
      {
        "type": "rich_text",
        "block_id": "U+U",
        "elements": [
          {
            "type": "rich_text_section",
            "elements": [
              {
                "type": "text",
                "text": "What are the chances of applying for two roles like graduating as DE and ML engineer?"
              }
            ]
          }
        ]
      }
    ],
    "team": "T03U4J8HMUG",
    "user_team": "T03U4J8HMUG",
    "source_team": "T03U4J8HMUG",
    "user_profile": {
      "avatar_hash": "5bc346a85286",
      "image_72": "https://avatars.slack-edge.com/2022-08-20/3968048875651_5bc346a852866218ec6b_72.png",
      "first_name": "Phillip",
      "real_name": "Phillip Atkins",
      "display_name": "Phillip Atkins",
      "team": "T03U4J8HMUG",
      "name": "Phillip",
      "is_restricted": false,
      "is_ultra_restricted": false
    },
    "thread_ts": "1665487006.443179",
    "parent_user_id": "U03U93GNNVB"
  },
  {
    "client_msg_id": "6d7ccddc-964c-4836-98d0-e6ecfbad3032",
    "type": "message",
    "text": "If I select a track can I switch to another track later on in my career?",
    "user": "U03U1HAG9TR",
    "ts": "1665487498.227899",
    "blocks": [
      {
        "type": "rich_text",
        "block_id": "Dj97",
        "elements": [
          {
            "type": "rich_text_section",
            "elements": [
              {
                "type": "text",
                "text": "If I select a track can I switch to another track later on in my career?"
              }
            ]
          }
        ]
      }
    ],
    "team": "T03U4J8HMUG",
    "user_team": "T03U4J8HMUG",
    "source_team": "T03U4J8HMUG",
    "user_profile": {
      "avatar_hash": "4e4331305ef1",
      "image_72": "https://avatars.slack-edge.com/2022-08-20/3980783297649_4e4331305ef102cc4346_72.jpg",
      "first_name": "Robert",
      "real_name": "Robert Carter",
      "display_name": "Robert Carter",
      "team": "T03U4J8HMUG",
      "name": "Robert",
      "is_restricted": false,
      "is_ultra_restricted": false
    },
    "thread_ts": "1665487006.443179",
    "parent_user_id": "U03U93GNNVB"
  },
  {
    "client_msg_id": "f47ebdf5-5a3c-4275-a971-c05592c855ac",
    "type": "message",
    "text": "What do you think are three most significant parameters when chosing my first job?",
    "user": "U03UG0YHAUT",
    "ts": "1665487812.627289",
    "blocks": [
      {
        "type": "rich_text",
        "block_id": "vGH",
        "elements": [
          {
            "type": "rich_text_section",
            "elements": [
              {
                "type": "text",
                "text": "What do you think are three most significant parameters when chosing my first job?"
              }
            ]
          }
        ]
      }
    ],
    "team": "T03U4J8HMUG",
    "user_team": "T03U4J8HMUG",
    "source_team": "T03U4J8HMUG",
    "user_profile": {
      "avatar_hash": "e7b0c8269999",
      "image_72": "https://avatars.slack-edge.com/2022-09-20/4099393715542_e7b0c82699998d3b3ade_72.jpg",
      "first_name": "Daniel",
      "real_name": "Daniel Brown",
      "display_name": "Daniel Brown",
      "team": "T03U4J8HMUG",
      "name": "Daniel",
      "is_restricted": false,
      "is_ultra_restricted": false
    },
    "thread_ts": "1665487006.443179",
    "parent_user_id": "U03U93GNNVB"
  },
  {
    "client_msg_id": "461d65e4-fe91-4e67-8aa0-f01f62a30536",
    "type": "message",
    "text": "Which track has the highest demand in the job market at the moment?",
    "user": "U03V785NLSU",
    "ts": "1665489625.191669",
    "blocks": [
      {
        "type": "rich_text",
        "block_id": "APd",
        "elements": [
          {
            "type": "rich_text_section",
            "elements": [
              {
                "type": "text",
                "text": "Which track has the highest demand in the job market at the moment?"
              }
            ]
          }
        ]
      }
    ],
    "team": "T03U4J8HMUG",
    "user_team": "T03U4J8HMUG",
    "source_team": "T03U4J8HMUG",
    "user_profile": {
      "avatar_hash": "48d5c88821e9",
      "image_72": "https://avatars.slack-edge.com/2022-08-21/3993277785968_48d5c88821e922581e17_72.jpg",
      "first_name": "Ashley",
      "real_name": "Ashley Hamilton",
      "display_name": "Ashley Hamilton",
      "team": "T03U4J8HMUG",
      "name": "Ashley",
      "is_restricted": false,
      "is_ultra_restricted": false
    },
    "thread_ts": "1665487006.443179",
    "parent_user_id": "U03U93GNNVB"
  },
  {
    "client_msg_id": "bf741c15-c2f1-45d6-b387-8351f4b29bb2",
    "type": "message",
    "text": "What's ten academy?",
    "user": "U03U93GNNVB",
    "ts": "1665489660.585979",
    "blocks": [
      {
        "type": "rich_text",
        "block_id": "4HaU",
        "elements": [
          {
            "type": "rich_text_section",
            "elements": [
              {
                "type": "text",
                "text": "What's ten academy?"
              }
            ]
          }
        ]
      }
    ],
    "team": "T03U4J8HMUG",
    "user_team": "T03U4J8HMUG",
    "source_team": "T03U4J8HMUG",
    "user_profile": {
      "avatar_hash": "a49779ad093d",
      "image_72": "https://avatars.slack-edge.com/2022-08-22/3994045204528_a49779ad093d4fc39a87_72.jpg",
      "first_name": "Katherine",
      "real_name": "Katherine Foster",
      "display_name": "Katherine Foster",
      "team": "T03U4J8HMUG",
      "name": "Katherine",
      "is_restricted": false,
      "is_ultra_restricted": false
    },
    "thread_ts": "1665487383.030349",
    "parent_user_id": "U03V61VGQG0",
    "reactions": [
      {
        "name": "confused",
        "users": [
          "U03UVHCV6KB"
        ],
        "count": 1
      }
    ]
  },
  {
    "client_msg_id": "69CBFB03-FE2A-4D9A-A5D9-758E7C925B5D",
    "type": "message",
    "text": "10Academy?",
    "user": "U03U1FNPEUX",
    "ts": "1665490072.024959",
    "blocks": [
      {
        "type": "rich_text",
        "block_id": "zGK",
        "elements": [
          {
            "type": "rich_text_section",
            "elements": [
              {
                "type": "text",
                "text": "10Academy?"
              }
            ]
          }
        ]
      }
    ],
    "team": "T03U4J8HMUG",
    "user_team": "T03U4J8HMUG",
    "source_team": "T03U4J8HMUG",
    "user_profile": {
      "avatar_hash": "37a12a7dbb92",
      "image_72": "https://avatars.slack-edge.com/2022-09-09/4058043481011_37a12a7dbb926b2c9c86_72.png",
      "first_name": "Joshua",
      "real_name": "Joshua Rhodes",
      "display_name": "Joshua Rhodes",
      "team": "T03U4J8HMUG",
      "name": "Joshua",
      "is_restricted": false,
      "is_ultra_restricted": false
    },
    "thread_ts": "1665487383.030349",
    "parent_user_id": "U03V61VGQG0"
  },
  {
    "client_msg_id": "1971792b-74ba-46ad-899b-920fe577ad6a",
    "type": "message",
    "text": "I think 10 Academy is an organization which works on young Africans to make them job ready, and provide them with all the necessary tools and supports to jump start their career on remote jobs globally.\n\nIf I get your question right.",
    "user": "U03V61VGQG0",
    "ts": "1665490136.159889",
    "blocks": [
      {
        "type": "rich_text",
        "block_id": "kh=",
        "elements": [
          {
            "type": "rich_text_section",
            "elements": [
              {
                "type": "text",
                "text": "I think 10 Academy is an organization which works on young Africans to make them job ready, and provide them with all the necessary tools and supports to jump start their career on remote jobs globally.\n\nIf I get your question right."
              }
            ]
          }
        ]
      }
    ],
    "team": "T03U4J8HMUG",
    "user_team": "T03U4J8HMUG",
    "source_team": "T03U4J8HMUG",
    "user_profile": {
      "avatar_hash": "5e18062f5298",
      "image_72": "https://avatars.slack-edge.com/2022-08-29/3997574519670_5e18062f5298c6182ca5_72.jpg",
      "first_name": "Paula",
      "real_name": "Paula Bryant",
      "display_name": "Paula Bryant",
      "team": "T03U4J8HMUG",
      "name": "Paula",
      "is_restricted": false,
      "is_ultra_restricted": false
    },
    "edited": {
      "user": "U03V61VGQG0",
      "ts": "1665490307.000000"
    },
    "thread_ts": "1665487383.030349",
    "parent_user_id": "U03V61VGQG0"
  },
  {
    "client_msg_id": "0868A624-D874-41CB-86B3-A93E7CF7BFD0",
    "type": "message",
    "text": "If I have interest in one track although I haven\u2019t met the requirements yet ,could I pursue it?",
    "user": "U03V6HMRPGQ",
    "ts": "1665490488.389689",
    "blocks": [
      {
        "type": "rich_text",
        "block_id": "JaxE",
        "elements": [
          {
            "type": "rich_text_section",
            "elements": [
              {
                "type": "text",
                "text": "If"
              },
              {
                "type": "text",
                "text": " "
              },
              {
                "type": "text",
                "text": "I"
              },
              {
                "type": "text",
                "text": " "
              },
              {
                "type": "text",
                "text": "have"
              },
              {
                "type": "text",
                "text": " "
              },
              {
                "type": "text",
                "text": "interest"
              },
              {
                "type": "text",
                "text": " "
              },
              {
                "type": "text",
                "text": "in"
              },
              {
                "type": "text",
                "text": " "
              },
              {
                "type": "text",
                "text": "one"
              },
              {
                "type": "text",
                "text": " track although "
              },
              {
                "type": "text",
                "text": "I"
              },
              {
                "type": "text",
                "text": " "
              },
              {
                "type": "text",
                "text": "haven\u2019t met"
              },
              {
                "type": "text",
                "text": " "
              },
              {
                "type": "text",
                "text": "the"
              },
              {
                "type": "text",
                "text": " requirements "
              },
              {
                "type": "text",
                "text": "yet"
              },
              {
                "type": "text",
                "text": " "
              },
              {
                "type": "text",
                "text": ",could"
              },
              {
                "type": "text",
                "text": " "
              },
              {
                "type": "text",
                "text": "I"
              },
              {
                "type": "text",
                "text": " pursue "
              },
              {
                "type": "text",
                "text": "it?"
              }
            ]
          }
        ]
      }
    ],
    "team": "T03U4J8HMUG",
    "user_team": "T03U4J8HMUG",
    "source_team": "T03U4J8HMUG",
    "user_profile": {
      "avatar_hash": "23fcf5329c03",
      "image_72": "https://avatars.slack-edge.com/2022-08-22/3969139924917_23fcf5329c03131c761f_72.png",
      "first_name": "Cristian",
      "real_name": "Cristian Wilson",
      "display_name": "Cristian Wilson",
      "team": "T03U4J8HMUG",
      "name": "Cristian",
      "is_restricted": false,
      "is_ultra_restricted": false
    },
    "thread_ts": "1665487006.443179",
    "parent_user_id": "U03U93GNNVB"
  },
  {
    "client_msg_id": "b4972135-4b12-4563-8a0e-fc7053629847",
    "type": "message",
    "text": "Talk about the availability of these positions in different countries, in Kenya, Ethiopia, Rwanda e.t.c, in Africa as a whole, and globally. Where are most of the opportunities found?",
    "user": "U03V785NLSU",
    "ts": "1665490697.262599",
    "blocks": [
      {
        "type": "rich_text",
        "block_id": "RdCI",
        "elements": [
          {
            "type": "rich_text_section",
            "elements": [
              {
                "type": "text",
                "text": "Talk about the availability of these positions in different countries, in Kenya, Ethiopia, Rwanda e.t.c, in Africa as a whole, and globally. Where are most of the opportunities found?"
              }
            ]
          }
        ]
      }
    ],
    "team": "T03U4J8HMUG",
    "user_team": "T03U4J8HMUG",
    "source_team": "T03U4J8HMUG",
    "user_profile": {
      "avatar_hash": "48d5c88821e9",
      "image_72": "https://avatars.slack-edge.com/2022-08-21/3993277785968_48d5c88821e922581e17_72.jpg",
      "first_name": "Ashley",
      "real_name": "Ashley Hamilton",
      "display_name": "Ashley Hamilton",
      "team": "T03U4J8HMUG",
      "name": "Ashley",
      "is_restricted": false,
      "is_ultra_restricted": false
    },
    "thread_ts": "1665487006.443179",
    "parent_user_id": "U03U93GNNVB"
  },
  {
    "client_msg_id": "7e927d79-ead9-426d-b4f4-a6e9f0a3b445",
    "type": "message",
    "text": "I think Europe and Africa are the main job destinations for us due to timezone issues",
    "user": "U03UG0YHAUT",
    "ts": "1665491089.177389",
    "blocks": [
      {
        "type": "rich_text",
        "block_id": "hCR",
        "elements": [
          {
            "type": "rich_text_section",
            "elements": [
              {
                "type": "text",
                "text": "I think Europe and Africa are the main job destinations for us due to timezone issues"
              }
            ]
          }
        ]
      }
    ],
    "team": "T03U4J8HMUG",
    "user_team": "T03U4J8HMUG",
    "source_team": "T03U4J8HMUG",
    "user_profile": {
      "avatar_hash": "e7b0c8269999",
      "image_72": "https://avatars.slack-edge.com/2022-09-20/4099393715542_e7b0c82699998d3b3ade_72.jpg",
      "first_name": "Daniel",
      "real_name": "Daniel Brown",
      "display_name": "Daniel Brown",
      "team": "T03U4J8HMUG",
      "name": "Daniel",
      "is_restricted": false,
      "is_ultra_restricted": false
    },
    "thread_ts": "1665487006.443179",
    "parent_user_id": "U03U93GNNVB"
  },
  {
    "client_msg_id": "0ada078b-d43d-4443-9f16-cae1bca4e0c9",
    "type": "message",
    "text": "I was just pointing out that 10 Academy does not necessarily = ten academy",
    "user": "U03U93GNNVB",
    "ts": "1665491156.648679",
    "blocks": [
      {
        "type": "rich_text",
        "block_id": "Svk3",
        "elements": [
          {
            "type": "rich_text_section",
            "elements": [
              {
                "type": "text",
                "text": "I was just pointing out that 10 Academy does not necessarily = ten academy"
              }
            ]
          }
        ]
      }
    ],
    "team": "T03U4J8HMUG",
    "user_team": "T03U4J8HMUG",
    "source_team": "T03U4J8HMUG",
    "user_profile": {
      "avatar_hash": "a49779ad093d",
      "image_72": "https://avatars.slack-edge.com/2022-08-22/3994045204528_a49779ad093d4fc39a87_72.jpg",
      "first_name": "Katherine",
      "real_name": "Katherine Foster",
      "display_name": "Katherine Foster",
      "team": "T03U4J8HMUG",
      "name": "Katherine",
      "is_restricted": false,
      "is_ultra_restricted": false
    },
    "thread_ts": "1665487383.030349",
    "parent_user_id": "U03V61VGQG0"
  },
  {
    "client_msg_id": "D10F08F1-7E9F-4605-A8F1-768874669876",
    "type": "message",
    "text": "Ow yeah, I got it confused with the website.",
    "user": "U03V61VGQG0",
    "ts": "1665491320.133149",
    "blocks": [
      {
        "type": "rich_text",
        "block_id": "GO/Ut",
        "elements": [
          {
            "type": "rich_text_section",
            "elements": [
              {
                "type": "text",
                "text": "Ow yeah, I got it confused with the website."
              }
            ]
          }
        ]
      }
    ],
    "team": "T03U4J8HMUG",
    "user_team": "T03U4J8HMUG",
    "source_team": "T03U4J8HMUG",
    "user_profile": {
      "avatar_hash": "5e18062f5298",
      "image_72": "https://avatars.slack-edge.com/2022-08-29/3997574519670_5e18062f5298c6182ca5_72.jpg",
      "first_name": "Paula",
      "real_name": "Paula Bryant",
      "display_name": "Paula Bryant",
      "team": "T03U4J8HMUG",
      "name": "Paula",
      "is_restricted": false,
      "is_ultra_restricted": false
    },
    "thread_ts": "1665487383.030349",
    "parent_user_id": "U03V61VGQG0"
  },
  {
    "client_msg_id": "9c265698-1f75-450a-b9d6-1bf323b3db96",
    "type": "message",
    "text": "<!here> The Q&amp;A session has begun.",
    "user": "U03UL5LSTG9",
    "ts": "1665493622.448709",
    "blocks": [
      {
        "type": "rich_text",
        "block_id": "KW4NT",
        "elements": [
          {
            "type": "rich_text_section",
            "elements": [
              {
                "type": "broadcast",
                "range": "here"
              },
              {
                "type": "text",
                "text": " The Q&A session has begun."
              }
            ]
          }
        ]
      }
    ],
    "team": "T03U4J8HMUG",
    "user_team": "T03U4J8HMUG",
    "source_team": "T03U4J8HMUG",
    "user_profile": {
      "avatar_hash": "3fe4d3c0de24",
      "image_72": "https://avatars.slack-edge.com/2022-08-23/3978609497829_3fe4d3c0de24beaf8552_72.png",
      "first_name": "Samantha",
      "real_name": "Samantha Lee",
      "display_name": "Samantha Lee",
      "team": "T03U4J8HMUG",
      "name": "Samantha",
      "is_restricted": false,
      "is_ultra_restricted": false
    }
  },
  {
    "client_msg_id": "b5307217-4263-47d6-b47f-3532d5c9751c",
    "type": "message",
    "text": "Where is the link",
    "user": "U03UG32J3PC",
    "ts": "1665494568.315159",
    "blocks": [
      {
        "type": "rich_text",
        "block_id": "hQ5y",
        "elements": [
          {
            "type": "rich_text_section",
            "elements": [
              {
                "type": "text",
                "text": "Where is the link"
              }
            ]
          }
        ]
      }
    ],
    "team": "T03U4J8HMUG",
    "user_team": "T03U4J8HMUG",
    "source_team": "T03U4J8HMUG",
    "user_profile": {
      "avatar_hash": "g9e7487b036e",
      "image_72": "https://secure.gravatar.com/avatar/9e7487b036ed726d016a0c5d8189773c.jpg?s=72&d=https%3A%2F%2Fa.slack-edge.com%2Fdf10d%2Fimg%2Favatars%2Fava_0005-72.png",
      "first_name": "April",
      "real_name": "April Lucas",
      "display_name": "April Lucas",
      "team": "T03U4J8HMUG",
      "name": "April",
      "is_restricted": false,
      "is_ultra_restricted": false
    },
    "thread_ts": "1665494568.315159",
    "reply_count": 4,
    "reply_users_count": 3,
    "latest_reply": "1665554713.623849",
    "reply_users": [
      "U03V61VGQG0",
      "U03UG32J3PC",
      "U03U93GNNVB"
    ],
    "replies": [
      {
        "user": "U03V61VGQG0",
        "ts": "1665494591.353389"
      },
      {
        "user": "U03UG32J3PC",
        "ts": "1665494597.982179"
      },
      {
        "user": "U03U93GNNVB",
        "ts": "1665550510.510379"
      },
      {
        "user": "U03UG32J3PC",
        "ts": "1665554713.623849"
      }
    ],
    "is_locked": false,
    "subscribed": false
  },
  {
    "client_msg_id": "7c7032cd-f2d4-4579-962a-b50a49d247e0",
    "type": "message",
    "text": "<https://10academybatch6.slack.com/archives/C03T89KDGA2/p1665487006443179>",
    "user": "U03V61VGQG0",
    "ts": "1665494591.353389",
    "blocks": [
      {
        "type": "rich_text",
        "block_id": "pUn",
        "elements": [
          {
            "type": "rich_text_section",
            "elements": [
              {
                "type": "link",
                "url": "https://10academybatch6.slack.com/archives/C03T89KDGA2/p1665487006443179"
              }
            ]
          }
        ]
      }
    ],
    "team": "T03U4J8HMUG",
    "user_team": "T03U4J8HMUG",
    "source_team": "T03U4J8HMUG",
    "user_profile": {
      "avatar_hash": "5e18062f5298",
      "image_72": "https://avatars.slack-edge.com/2022-08-29/3997574519670_5e18062f5298c6182ca5_72.jpg",
      "first_name": "Paula",
      "real_name": "Paula Bryant",
      "display_name": "Paula Bryant",
      "team": "T03U4J8HMUG",
      "name": "Paula",
      "is_restricted": false,
      "is_ultra_restricted": false
    },
    "attachments": [
      {
        "from_url": "https://10academybatch6.slack.com/archives/C03T89KDGA2/p1665487006443179",
        "ts": "1665487006.443179",
        "author_id": "U03U93GNNVB",
        "channel_id": "C03T89KDGA2",
        "channel_team": "T03U4J8HMUG",
        "is_msg_unfurl": true,
        "is_thread_root_unfurl": true,
        "message_blocks": [
          {
            "team": "T03U4J8HMUG",
            "channel": "C03T89KDGA2",
            "ts": "1665487006.443179",
            "message": {
              "blocks": [
                {
                  "type": "rich_text",
                  "block_id": "BMKEe",
                  "elements": [
                    {
                      "type": "rich_text_section",
                      "elements": [
                        {
                          "type": "text",
                          "text": "Anyone that wants to can craft and post good questions here in advance of today's careers Q&A"
                        }
                      ]
                    }
                  ]
                }
              ]
            }
          }
        ],
        "id": 1,
        "original_url": "https://10academybatch6.slack.com/archives/C03T89KDGA2/p1665487006443179",
        "fallback": "[October 11th, 2022 4:16 AM] arun: Anyone that wants to can craft and post good questions here in advance of today's careers Q&amp;A",
        "text": "Anyone that wants to can craft and post good questions here in advance of today's careers Q&amp;A",
        "author_name": "Arun Sharma",
        "author_link": "https://10academybatch6.slack.com/team/U03U93GNNVB",
        "author_icon": "https://avatars.slack-edge.com/2022-08-22/3994045204528_a49779ad093d4fc39a87_48.jpg",
        "author_subname": "Arun Sharma",
        "mrkdwn_in": [
          "text"
        ],
        "footer": "Thread in Slack Conversation"
      }
    ],
    "thread_ts": "1665494568.315159",
    "parent_user_id": "U03UG32J3PC"
  },
  {
    "client_msg_id": "937e7242-9667-4121-8f25-fd9dfee356fa",
    "type": "message",
    "text": "Thanks",
    "user": "U03UG32J3PC",
    "ts": "1665494597.982179",
    "blocks": [
      {
        "type": "rich_text",
        "block_id": "Juy5",
        "elements": [
          {
            "type": "rich_text_section",
            "elements": [
              {
                "type": "text",
                "text": "Thanks"
              }
            ]
          }
        ]
      }
    ],
    "team": "T03U4J8HMUG",
    "user_team": "T03U4J8HMUG",
    "source_team": "T03U4J8HMUG",
    "user_profile": {
      "avatar_hash": "g9e7487b036e",
      "image_72": "https://secure.gravatar.com/avatar/9e7487b036ed726d016a0c5d8189773c.jpg?s=72&d=https%3A%2F%2Fa.slack-edge.com%2Fdf10d%2Fimg%2Favatars%2Fava_0005-72.png",
      "first_name": "April",
      "real_name": "April Lucas",
      "display_name": "April Lucas",
      "team": "T03U4J8HMUG",
      "name": "April",
      "is_restricted": false,
      "is_ultra_restricted": false
    },
    "thread_ts": "1665494568.315159",
    "parent_user_id": "U03UG32J3PC"
  },
  {
    "client_msg_id": "4764263c-d83c-4894-b42d-2a93f04d49c9",
    "type": "message",
    "text": "<@U03U93GNNVB>, I am not sure if I got your answer, but can you tell me again why a computer science background is important to pursue the Machine learning track why not math for example?",
    "user": "U03V6HMRPGQ",
    "ts": "1665504642.246359",
    "blocks": [
      {
        "type": "rich_text",
        "block_id": "vVFu+",
        "elements": [
          {
            "type": "rich_text_section",
            "elements": [
              {
                "type": "user",
                "user_id": "U03U93GNNVB"
              },
              {
                "type": "text",
                "text": ", I am not sure if I got your answer, but can you tell me again why a computer science background is important to pursue the Machine learning track why not math for example?"
              }
            ]
          }
        ]
      }
    ],
    "team": "T03U4J8HMUG",
    "user_team": "T03U4J8HMUG",
    "source_team": "T03U4J8HMUG",
    "user_profile": {
      "avatar_hash": "23fcf5329c03",
      "image_72": "https://avatars.slack-edge.com/2022-08-22/3969139924917_23fcf5329c03131c761f_72.png",
      "first_name": "Cristian",
      "real_name": "Cristian Wilson",
      "display_name": "Cristian Wilson",
      "team": "T03U4J8HMUG",
      "name": "Cristian",
      "is_restricted": false,
      "is_ultra_restricted": false
    },
    "thread_ts": "1665504642.246359",
    "reply_count": 15,
    "reply_users_count": 3,
    "latest_reply": "1665559266.923169",
    "reply_users": [
      "U03UD5B7C3X",
      "U03V6HMRPGQ",
      "U03U93GNNVB"
    ],
    "replies": [
      {
        "user": "U03UD5B7C3X",
        "ts": "1665508406.139779"
      },
      {
        "user": "U03V6HMRPGQ",
        "ts": "1665509349.787489"
      },
      {
        "user": "U03U93GNNVB",
        "ts": "1665550530.927679"
      },
      {
        "user": "U03V6HMRPGQ",
        "ts": "1665558732.830109"
      },
      {
        "user": "U03U93GNNVB",
        "ts": "1665558761.135849"
      },
      {
        "user": "U03U93GNNVB",
        "ts": "1665558843.269209"
      },
      {
        "user": "U03U93GNNVB",
        "ts": "1665558885.690349"
      },
      {
        "user": "U03U93GNNVB",
        "ts": "1665558902.573809"
      },
      {
        "user": "U03U93GNNVB",
        "ts": "1665558981.337619"
      },
      {
        "user": "U03U93GNNVB",
        "ts": "1665559014.439529"
      },
      {
        "user": "U03V6HMRPGQ",
        "ts": "1665559207.907369"
      },
      {
        "user": "U03U93GNNVB",
        "ts": "1665559232.171829"
      },
      {
        "user": "U03V6HMRPGQ",
        "ts": "1665559258.103889"
      },
      {
        "user": "U03U93GNNVB",
        "ts": "1665559259.924209"
      },
      {
        "user": "U03U93GNNVB",
        "ts": "1665559266.923169"
      }
    ],
    "is_locked": false,
    "subscribed": false
  },
  {
    "client_msg_id": "09f78345-25c0-4ade-8087-9bb57a6f4247",
    "type": "message",
    "text": "from what i remember of the session, a computer science background (and particularly being able to use javascript frontend frameworks) is useful because the interviews for the ml track generally give challenges where you're supposed to be able to create a webpage to present your results. (so they're testing ml skill + javascript frameworks via webpage implementation)",
    "user": "U03UD5B7C3X",
    "ts": "1665508406.139779",
    "blocks": [
      {
        "type": "rich_text",
        "block_id": "cZYQ",
        "elements": [
          {
            "type": "rich_text_section",
            "elements": [
              {
                "type": "text",
                "text": "from what i remember of the session, a computer science background (and particularly being able to use javascript frontend frameworks) is useful because the interviews for the ml track generally give challenges where you're supposed to be able to create a webpage to present your results. (so they're testing ml skill + javascript frameworks via webpage implementation)"
              }
            ]
          }
        ]
      }
    ],
    "team": "T03U4J8HMUG",
    "user_team": "T03U4J8HMUG",
    "source_team": "T03U4J8HMUG",
    "user_profile": {
      "avatar_hash": "gb4893f68d1b",
      "image_72": "https://secure.gravatar.com/avatar/b4893f68d1b3098aa61b283721cedfbb.jpg?s=72&d=https%3A%2F%2Fa.slack-edge.com%2Fdf10d%2Fimg%2Favatars%2Fava_0005-72.png",
      "first_name": "Elizabeth",
      "real_name": "Elizabeth Hall",
      "display_name": "Elizabeth Hall",
      "team": "T03U4J8HMUG",
      "name": "Elizabeth",
      "is_restricted": false,
      "is_ultra_restricted": false
    },
    "thread_ts": "1665504642.246359",
    "parent_user_id": "U03V6HMRPGQ"
  },
  {
    "client_msg_id": "708ca500-a00c-4e36-8180-50f7978a05eb",
    "type": "message",
    "text": "okay, so does stremlit,redash tablue not enough for this ?",
    "user": "U03V6HMRPGQ",
    "ts": "1665509349.787489",
    "blocks": [
      {
        "type": "rich_text",
        "block_id": "uxE1T",
        "elements": [
          {
            "type": "rich_text_section",
            "elements": [
              {
                "type": "text",
                "text": "okay, so does stremlit,redash tablue not enough for this ?"
              }
            ]
          }
        ]
      }
    ],
    "team": "T03U4J8HMUG",
    "user_team": "T03U4J8HMUG",
    "source_team": "T03U4J8HMUG",
    "user_profile": {
      "avatar_hash": "23fcf5329c03",
      "image_72": "https://avatars.slack-edge.com/2022-08-22/3969139924917_23fcf5329c03131c761f_72.png",
      "first_name": "Cristian",
      "real_name": "Cristian Wilson",
      "display_name": "Cristian Wilson",
      "team": "T03U4J8HMUG",
      "name": "Cristian",
      "is_restricted": false,
      "is_ultra_restricted": false
    },
    "thread_ts": "1665504642.246359",
    "parent_user_id": "U03V6HMRPGQ"
  },
  {
    "client_msg_id": "81310b9f-9f27-4cfc-851f-d87c3de968fa",
    "type": "message",
    "text": "<@U03UG32J3PC> it's week 8 - is this a serious question?",
    "user": "U03U93GNNVB",
    "ts": "1665550510.510379",
    "blocks": [
      {
        "type": "rich_text",
        "block_id": "N27zF",
        "elements": [
          {
            "type": "rich_text_section",
            "elements": [
              {
                "type": "user",
                "user_id": "U03UG32J3PC"
              },
              {
                "type": "text",
                "text": " it's week 8 - is this a serious question?"
              }
            ]
          }
        ]
      }
    ],
    "team": "T03U4J8HMUG",
    "user_team": "T03U4J8HMUG",
    "source_team": "T03U4J8HMUG",
    "user_profile": {
      "avatar_hash": "a49779ad093d",
      "image_72": "https://avatars.slack-edge.com/2022-08-22/3994045204528_a49779ad093d4fc39a87_72.jpg",
      "first_name": "Katherine",
      "real_name": "Katherine Foster",
      "display_name": "Katherine Foster",
      "team": "T03U4J8HMUG",
      "name": "Katherine",
      "is_restricted": false,
      "is_ultra_restricted": false
    },
    "thread_ts": "1665494568.315159",
    "parent_user_id": "U03UG32J3PC"
  },
  {
    "client_msg_id": "39dbbe3f-05b3-4471-8093-47ff47b041d2",
    "type": "message",
    "text": "<@U03V6HMRPGQ> question back to you - what do you expect typical MLEngineers do all day",
    "user": "U03U93GNNVB",
    "ts": "1665550530.927679",
    "blocks": [
      {
        "type": "rich_text",
        "block_id": "Bgv",
        "elements": [
          {
            "type": "rich_text_section",
            "elements": [
              {
                "type": "user",
                "user_id": "U03V6HMRPGQ"
              },
              {
                "type": "text",
                "text": " question back to you - what do you expect typical MLEngineers do all day"
              }
            ]
          }
        ]
      }
    ],
    "team": "T03U4J8HMUG",
    "user_team": "T03U4J8HMUG",
    "source_team": "T03U4J8HMUG",
    "user_profile": {
      "avatar_hash": "a49779ad093d",
      "image_72": "https://avatars.slack-edge.com/2022-08-22/3994045204528_a49779ad093d4fc39a87_72.jpg",
      "first_name": "Katherine",
      "real_name": "Katherine Foster",
      "display_name": "Katherine Foster",
      "team": "T03U4J8HMUG",
      "name": "Katherine",
      "is_restricted": false,
      "is_ultra_restricted": false
    },
    "thread_ts": "1665504642.246359",
    "parent_user_id": "U03V6HMRPGQ"
  },
  {
    "client_msg_id": "aa707657-7d7e-4523-8ff9-360d2d3bc488",
    "type": "message",
    "text": "I m sorry! I was trying the wrong link.",
    "user": "U03UG32J3PC",
    "ts": "1665554713.623849",
    "blocks": [
      {
        "type": "rich_text",
        "block_id": "5yb4c",
        "elements": [
          {
            "type": "rich_text_section",
            "elements": [
              {
                "type": "text",
                "text": "I m sorry! I was trying the wrong link."
              }
            ]
          }
        ]
      }
    ],
    "team": "T03U4J8HMUG",
    "user_team": "T03U4J8HMUG",
    "source_team": "T03U4J8HMUG",
    "user_profile": {
      "avatar_hash": "g9e7487b036e",
      "image_72": "https://secure.gravatar.com/avatar/9e7487b036ed726d016a0c5d8189773c.jpg?s=72&d=https%3A%2F%2Fa.slack-edge.com%2Fdf10d%2Fimg%2Favatars%2Fava_0005-72.png",
      "first_name": "April",
      "real_name": "April Lucas",
      "display_name": "April Lucas",
      "team": "T03U4J8HMUG",
      "name": "April",
      "is_restricted": false,
      "is_ultra_restricted": false
    },
    "thread_ts": "1665494568.315159",
    "parent_user_id": "U03UG32J3PC"
  },
  {
    "client_msg_id": "74ebcfb1-6042-4cd7-a9ff-9d3fff007371",
    "type": "message",
    "text": "The careers assignment seems clear to me - it's in the drive - someone had asked yesterday about what's due - please ping with any questions",
    "user": "U03U93GNNVB",
    "ts": "1665555807.143009",
    "blocks": [
      {
        "type": "rich_text",
        "block_id": "MC2Ao",
        "elements": [
          {
            "type": "rich_text_section",
            "elements": [
              {
                "type": "text",
                "text": "The careers assignment seems clear to me - it's in the drive - someone had asked yesterday about what's due - please ping with any questions"
              }
            ]
          }
        ]
      }
    ],
    "team": "T03U4J8HMUG",
    "user_team": "T03U4J8HMUG",
    "source_team": "T03U4J8HMUG",
    "user_profile": {
      "avatar_hash": "a49779ad093d",
      "image_72": "https://avatars.slack-edge.com/2022-08-22/3994045204528_a49779ad093d4fc39a87_72.jpg",
      "first_name": "Katherine",
      "real_name": "Katherine Foster",
      "display_name": "Katherine Foster",
      "team": "T03U4J8HMUG",
      "name": "Katherine",
      "is_restricted": false,
      "is_ultra_restricted": false
    }
  },
  {
    "client_msg_id": "e9a526a1-b9ce-4bee-abc5-0051ffb36929",
    "type": "message",
    "text": "The debate session was well reflected on, and seemed to be appreciated.  When is the group organizing B6 vs. 10 Ac team?",
    "user": "U03U93GNNVB",
    "ts": "1665555832.650109",
    "blocks": [
      {
        "type": "rich_text",
        "block_id": "xHT",
        "elements": [
          {
            "type": "rich_text_section",
            "elements": [
              {
                "type": "text",
                "text": "The debate session was well reflected on, and seemed to be appreciated.  When is the group organizing B6 vs. 10 Ac team?"
              }
            ]
          }
        ]
      }
    ],
    "team": "T03U4J8HMUG",
    "user_team": "T03U4J8HMUG",
    "source_team": "T03U4J8HMUG",
    "user_profile": {
      "avatar_hash": "a49779ad093d",
      "image_72": "https://avatars.slack-edge.com/2022-08-22/3994045204528_a49779ad093d4fc39a87_72.jpg",
      "first_name": "Katherine",
      "real_name": "Katherine Foster",
      "display_name": "Katherine Foster",
      "team": "T03U4J8HMUG",
      "name": "Katherine",
      "is_restricted": false,
      "is_ultra_restricted": false
    },
    "thread_ts": "1665555832.650109",
    "reply_count": 2,
    "reply_users_count": 1,
    "latest_reply": "1665610206.222149",
    "reply_users": [
      "U03V785NLSU"
    ],
    "replies": [
      {
        "user": "U03V785NLSU",
        "ts": "1665560973.952929"
      },
      {
        "user": "U03V785NLSU",
        "ts": "1665610206.222149"
      }
    ],
    "is_locked": false,
    "subscribed": false,
    "reactions": [
      {
        "name": "+1",
        "users": [
          "U03UG0YHAUT",
          "U03UJN29Y4C",
          "U03V6HMRPGQ",
          "U03UL5LSTG9"
        ],
        "count": 4
      },
      {
        "name": "raised_hands",
        "users": [
          "U03UG5VFN03"
        ],
        "count": 1
      }
    ]
  },
  {
    "client_msg_id": "797dbc04-1d98-4320-ab41-687454e63562",
    "type": "message",
    "text": "We could get moderators from the alumni",
    "user": "U03U93GNNVB",
    "ts": "1665555854.443319",
    "blocks": [
      {
        "type": "rich_text",
        "block_id": "9Iq",
        "elements": [
          {
            "type": "rich_text_section",
            "elements": [
              {
                "type": "text",
                "text": "We could get moderators from the alumni"
              }
            ]
          }
        ]
      }
    ],
    "team": "T03U4J8HMUG",
    "user_team": "T03U4J8HMUG",
    "source_team": "T03U4J8HMUG",
    "user_profile": {
      "avatar_hash": "a49779ad093d",
      "image_72": "https://avatars.slack-edge.com/2022-08-22/3994045204528_a49779ad093d4fc39a87_72.jpg",
      "first_name": "Katherine",
      "real_name": "Katherine Foster",
      "display_name": "Katherine Foster",
      "team": "T03U4J8HMUG",
      "name": "Katherine",
      "is_restricted": false,
      "is_ultra_restricted": false
    }
  }
]