[
  {
    "client_msg_id": "f7352e66-0c20-4f7a-905d-b22cb545f601",
    "type": "message",
    "text": "Should a question be longer to be a good questions? Is it not possible to ask good open-ended question by just using 5 words?",
    "user": "U03U1FNPEUX",
    "ts": "1664639788.505779",
    "blocks": [
      {
        "type": "rich_text",
        "block_id": "S+3N=",
        "elements": [
          {
            "type": "rich_text_section",
            "elements": [
              {
                "type": "text",
                "text": "Should a question be longer to be a good questions? Is it not possible to ask good open-ended question by just using 5 words?"
              }
            ]
          }
        ]
      }
    ],
    "team": "T03U4J8HMUG",
    "user_team": "T03U4J8HMUG",
    "source_team": "T03U4J8HMUG",
    "user_profile": {
      "avatar_hash": "37a12a7dbb92",
      "image_72": "https://avatars.slack-edge.com/2022-09-09/4058043481011_37a12a7dbb926b2c9c86_72.png",
      "first_name": "Joshua",
      "real_name": "Joshua Rhodes",
      "display_name": "Joshua Rhodes",
      "team": "T03U4J8HMUG",
      "name": "Joshua",
      "is_restricted": false,
      "is_ultra_restricted": false
    },
    "thread_ts": "1664639788.505779",
    "reply_count": 1,
    "reply_users_count": 1,
    "latest_reply": "1664641497.726439",
    "reply_users": [
      "U03UVHCV6KB"
    ],
    "replies": [
      {
        "user": "U03UVHCV6KB",
        "ts": "1664641497.726439"
      }
    ],
    "is_locked": false,
    "subscribed": false
  },
  {
    "client_msg_id": "06308f23-85ce-4f38-8dcf-995e84c7a1e0",
    "type": "message",
    "text": "I think it can. I think it depends on how you put it?",
    "user": "U03UVHCV6KB",
    "ts": "1664641497.726439",
    "blocks": [
      {
        "type": "rich_text",
        "block_id": "JLTt",
        "elements": [
          {
            "type": "rich_text_section",
            "elements": [
              {
                "type": "text",
                "text": "I think it can. I think it depends on how you put it?"
              }
            ]
          }
        ]
      }
    ],
    "team": "T03U4J8HMUG",
    "user_team": "T03U4J8HMUG",
    "source_team": "T03U4J8HMUG",
    "user_profile": {
      "avatar_hash": "gc9619121f99",
      "image_72": "https://secure.gravatar.com/avatar/c9619121f998ee4a7e46177f2a5729de.jpg?s=72&d=https%3A%2F%2Fa.slack-edge.com%2Fdf10d%2Fimg%2Favatars%2Fava_0002-72.png",
      "first_name": "Travis",
      "real_name": "Travis Butler",
      "display_name": "Travis Butler",
      "team": "T03U4J8HMUG",
      "name": "Travis",
      "is_restricted": false,
      "is_ultra_restricted": false
    },
    "thread_ts": "1664639788.505779",
    "parent_user_id": "U03U1FNPEUX",
    "reactions": [
      {
        "name": "white_check_mark",
        "users": [
          "U03U1FNPEUX"
        ],
        "count": 1
      }
    ]
  }
]