[
  {
    "client_msg_id": "0dd464b3-2658-4775-9a4c-0314fd21b1a5",
    "type": "message",
    "text": "The reason for the video as opposed to picture\n\nMost employers are not familiar with talent from your countries.  The idea is to 'reduce the distance' from you to them - to hear you speak, to see your expressions, it gives a sense of who you are and what you are able to do",
    "user": "U03U93GNNVB",
    "ts": "1667033148.102899",
    "blocks": [
      {
        "type": "rich_text",
        "block_id": "eYb",
        "elements": [
          {
            "type": "rich_text_section",
            "elements": [
              {
                "type": "text",
                "text": "The reason for the video as opposed to picture\n\nMost employers are not familiar with talent from your countries.  The idea is to 'reduce the distance' from you to them - to hear you speak, to see your expressions, it gives a sense of who you are and what you are able to do"
              }
            ]
          }
        ]
      }
    ],
    "team": "T03U4J8HMUG",
    "user_team": "T03U4J8HMUG",
    "source_team": "T03U4J8HMUG",
    "user_profile": {
      "avatar_hash": "a49779ad093d",
      "image_72": "https://avatars.slack-edge.com/2022-08-22/3994045204528_a49779ad093d4fc39a87_72.jpg",
      "first_name": "Katherine",
      "real_name": "Katherine Foster",
      "display_name": "Katherine Foster",
      "team": "T03U4J8HMUG",
      "name": "Katherine",
      "is_restricted": false,
      "is_ultra_restricted": false
    },
    "reactions": [
      {
        "name": "white_check_mark",
        "users": [
          "U03U1HAG9TR",
          "U03UG0YHAUT",
          "U03UG32J3PC",
          "U03UL5LSTG9",
          "U03UG5VFN03",
          "U03UG0SFHGT",
          "U03UJN29Y4C"
        ],
        "count": 7
      }
    ]
  },
  {
    "client_msg_id": "09839ff8-3a6c-4a84-b895-53596079b987",
    "type": "message",
    "text": "this this one: <https://www.youtube.com/watch?v=x4vmxBN-z3o>",
    "user": "U03U93GNNVB",
    "ts": "1667033263.606439",
    "blocks": [
      {
        "type": "rich_text",
        "block_id": "Srnb=",
        "elements": [
          {
            "type": "rich_text_section",
            "elements": [
              {
                "type": "text",
                "text": "this this one: "
              },
              {
                "type": "link",
                "url": "https://www.youtube.com/watch?v=x4vmxBN-z3o"
              }
            ]
          }
        ]
      }
    ],
    "team": "T03U4J8HMUG",
    "user_team": "T03U4J8HMUG",
    "source_team": "T03U4J8HMUG",
    "user_profile": {
      "avatar_hash": "a49779ad093d",
      "image_72": "https://avatars.slack-edge.com/2022-08-22/3994045204528_a49779ad093d4fc39a87_72.jpg",
      "first_name": "Katherine",
      "real_name": "Katherine Foster",
      "display_name": "Katherine Foster",
      "team": "T03U4J8HMUG",
      "name": "Katherine",
      "is_restricted": false,
      "is_ultra_restricted": false
    },
    "attachments": [
      {
        "from_url": "https://www.youtube.com/watch?v=x4vmxBN-z3o",
        "thumb_url": "https://i.ytimg.com/vi/x4vmxBN-z3o/hqdefault.jpg",
        "thumb_width": 480,
        "thumb_height": 360,
        "video_html": "<iframe width=\"400\" height=\"225\" src=\"https://www.youtube.com/embed/x4vmxBN-z3o?feature=oembed&autoplay=1&iv_load_policy=3\" frameborder=\"0\" allow=\"accelerometer; autoplay; clipboard-write; encrypted-media; gyroscope; picture-in-picture\" allowfullscreen title=\"August 11, 2021\"></iframe>",
        "video_html_width": 400,
        "video_html_height": 225,
        "service_icon": "https://a.slack-edge.com/80588/img/unfurl_icons/youtube.png",
        "id": 1,
        "original_url": "https://www.youtube.com/watch?v=x4vmxBN-z3o",
        "fallback": "YouTube Video: August 11, 2021",
        "title": "August 11, 2021",
        "title_link": "https://www.youtube.com/watch?v=x4vmxBN-z3o",
        "author_name": "Arun Sharma",
        "author_link": "https://www.youtube.com/channel/UCoch8wo4vOdMfElW4bPo5pA",
        "service_name": "YouTube",
        "service_url": "https://www.youtube.com/"
      }
    ],
    "thread_ts": "1666997030.198629",
    "parent_user_id": "U03UL5LSTG9",
    "reactions": [
      {
        "name": "eyes",
        "users": [
          "U03UVHCV6KB"
        ],
        "count": 1
      }
    ]
  },
  {
    "client_msg_id": "2df5cdc0-bbc5-446c-943d-324d613dbdee",
    "type": "message",
    "text": "<https://www.blocktrain.info/blog/find-a-job-in-the-blockchain-world>",
    "user": "U03UG0SFHGT",
    "ts": "1667062385.208769",
    "blocks": [
      {
        "type": "rich_text",
        "block_id": "QSO",
        "elements": [
          {
            "type": "rich_text_section",
            "elements": [
              {
                "type": "link",
                "url": "https://www.blocktrain.info/blog/find-a-job-in-the-blockchain-world"
              }
            ]
          }
        ]
      }
    ],
    "team": "T03U4J8HMUG",
    "user_team": "T03U4J8HMUG",
    "source_team": "T03U4J8HMUG",
    "user_profile": {
      "avatar_hash": "60e1cb8a7a1b",
      "image_72": "https://avatars.slack-edge.com/2022-08-20/3953568416743_60e1cb8a7a1b6c71c2bb_72.jpg",
      "first_name": "Willie",
      "real_name": "Willie Yang",
      "display_name": "Willie Yang",
      "team": "T03U4J8HMUG",
      "name": "Willie",
      "is_restricted": false,
      "is_ultra_restricted": false
    }
  }
]