[
  {
    "client_msg_id": "99569ff1-54c3-47b9-9d58-e4ff8fb4840d",
    "type": "message",
    "text": "<https://novoresume.com/gb?noRedirect=true>",
    "user": "U03UD68RQH3",
    "ts": "1663339568.192849",
    "blocks": [
      {
        "type": "rich_text",
        "block_id": "Jmhhr",
        "elements": [
          {
            "type": "rich_text_section",
            "elements": [
              {
                "type": "link",
                "url": "https://novoresume.com/gb?noRedirect=true"
              }
            ]
          }
        ]
      }
    ],
    "team": "T03U4J8HMUG",
    "user_team": "T03U4J8HMUG",
    "source_team": "T03U4J8HMUG",
    "user_profile": {
      "avatar_hash": "20cf1bb98890",
      "image_72": "https://avatars.slack-edge.com/2022-09-19/4112933864561_20cf1bb98890146c716f_72.png",
      "first_name": "Brady",
      "real_name": "Brady Rhodes",
      "display_name": "Brady Rhodes",
      "team": "T03U4J8HMUG",
      "name": "Brady",
      "is_restricted": false,
      "is_ultra_restricted": false
    },
    "attachments": [
      {
        "from_url": "https://novoresume.com/gb?noRedirect=true",
        "image_url": "https://d.novoresume.com/images/ts/home.png",
        "image_width": 476,
        "image_height": 250,
        "image_bytes": 415233,
        "service_icon": "https://novoresume.com/nvlib/images/favi/57x57.png",
        "id": 1,
        "original_url": "https://novoresume.com/gb?noRedirect=true",
        "fallback": "Novor\u00e9sum\u00e9: Resume Builder for 2022 | Free Resume Builder | Novor\u00e9sum\u00e9",
        "text": "Make a perfect resume in 2022 and get your dream job using the free resume builder. Select a template. Personalize it. Get more interviews.",
        "title": "Resume Builder for 2022 | Free Resume Builder | Novor\u00e9sum\u00e9",
        "title_link": "https://novoresume.com/gb?noRedirect=true",
        "service_name": "Novor\u00e9sum\u00e9"
      }
    ],
    "reactions": [
      {
        "name": "raised_hands",
        "users": [
          "U03UG4Q7V42",
          "U03UFV7HFNF"
        ],
        "count": 2
      }
    ]
  }
]