[
  {
    "client_msg_id": "d6f5c98c-d9e5-475b-b9c4-0e3da8beb774",
    "type": "message",
    "text": "okey",
    "user": "U03UHB8CXDY",
    "ts": "1667673612.901239",
    "blocks": [
      {
        "type": "rich_text",
        "block_id": "Ubi",
        "elements": [
          {
            "type": "rich_text_section",
            "elements": [
              {
                "type": "text",
                "text": "okey"
              }
            ]
          }
        ]
      }
    ],
    "team": "T03U4J8HMUG",
    "user_team": "T03U4J8HMUG",
    "source_team": "T03U4J8HMUG",
    "user_profile": {
      "avatar_hash": "374fee609510",
      "image_72": "https://avatars.slack-edge.com/2022-09-30/4159182498980_374fee609510e6ff1526_72.jpg",
      "first_name": "Yvonne",
      "real_name": "Yvonne Gonzalez",
      "display_name": "Yvonne Gonzalez",
      "team": "T03U4J8HMUG",
      "name": "Yvonne",
      "is_restricted": false,
      "is_ultra_restricted": false
    },
    "thread_ts": "1667563237.223389",
    "parent_user_id": "U03TT5KEYCF"
  }
]