[
  {
    "client_msg_id": "81c86e3b-ff4c-4fed-aacb-cc7af9e69ad4",
    "type": "message",
    "text": "You can also reach out to anyone who would not mind jumping a call with you, so you can get the exercise done.",
    "user": "U03TT5KEYCF",
    "ts": "1661845173.925419",
    "blocks": [
      {
        "type": "rich_text",
        "block_id": "1hy",
        "elements": [
          {
            "type": "rich_text_section",
            "elements": [
              {
                "type": "text",
                "text": "You can also reach out to anyone who would not mind jumping a call with you, so you can get the exercise done."
              }
            ]
          }
        ]
      }
    ],
    "team": "T03U4J8HMUG",
    "user_team": "T03U4J8HMUG",
    "source_team": "T03U4J8HMUG",
    "user_profile": {
      "avatar_hash": "aae36184306b",
      "image_72": "https://avatars.slack-edge.com/2022-08-18/3945210198087_aae36184306bb9e0b018_72.jpg",
      "first_name": "Luis",
      "real_name": "Luis Ingram",
      "display_name": "Luis Ingram",
      "team": "T03U4J8HMUG",
      "name": "Luis",
      "is_restricted": false,
      "is_ultra_restricted": false
    },
    "thread_ts": "1661800897.555749",
    "parent_user_id": "U03UJN29Y4C"
  },
  {
    "client_msg_id": "2647f0b0-e03d-4815-89ba-3cd338b6be67",
    "type": "message",
    "text": "I will be happy to do the carrier exercise with you",
    "user": "U03UVHCV6KB",
    "ts": "1661848857.224449",
    "blocks": [
      {
        "type": "rich_text",
        "block_id": "CVRj",
        "elements": [
          {
            "type": "rich_text_section",
            "elements": [
              {
                "type": "text",
                "text": "I will be happy to do the carrier exercise with you"
              }
            ]
          }
        ]
      }
    ],
    "team": "T03U4J8HMUG",
    "user_team": "T03U4J8HMUG",
    "source_team": "T03U4J8HMUG",
    "user_profile": {
      "avatar_hash": "gc9619121f99",
      "image_72": "https://secure.gravatar.com/avatar/c9619121f998ee4a7e46177f2a5729de.jpg?s=72&d=https%3A%2F%2Fa.slack-edge.com%2Fdf10d%2Fimg%2Favatars%2Fava_0002-72.png",
      "first_name": "Travis",
      "real_name": "Travis Butler",
      "display_name": "Travis Butler",
      "team": "T03U4J8HMUG",
      "name": "Travis",
      "is_restricted": false,
      "is_ultra_restricted": false
    },
    "thread_ts": "1661800897.555749",
    "parent_user_id": "U03UJN29Y4C"
  },
  {
    "client_msg_id": "6e6adc2d-cccd-4829-bb5d-b404b447d671",
    "type": "message",
    "text": "Thank you Fish",
    "user": "U03UJN29Y4C",
    "ts": "1661848934.957179",
    "blocks": [
      {
        "type": "rich_text",
        "block_id": "1SoeZ",
        "elements": [
          {
            "type": "rich_text_section",
            "elements": [
              {
                "type": "text",
                "text": "Thank you Fish"
              }
            ]
          }
        ]
      }
    ],
    "team": "T03U4J8HMUG",
    "user_team": "T03U4J8HMUG",
    "source_team": "T03U4J8HMUG",
    "user_profile": {
      "avatar_hash": "9bf024280cf1",
      "image_72": "https://avatars.slack-edge.com/2022-10-08/4190947116101_9bf024280cf14dffb003_72.jpg",
      "first_name": "Michelle",
      "real_name": "Michelle Lewis",
      "display_name": "Michelle Lewis",
      "team": "T03U4J8HMUG",
      "name": "Michelle",
      "is_restricted": false,
      "is_ultra_restricted": false
    },
    "thread_ts": "1661800897.555749",
    "parent_user_id": "U03UJN29Y4C"
  },
  {
    "client_msg_id": "0cc5d22b-4b46-48db-8719-ba00d210d07b",
    "type": "message",
    "text": "you are more than welcome",
    "user": "U03UVHCV6KB",
    "ts": "1661848980.075249",
    "blocks": [
      {
        "type": "rich_text",
        "block_id": "rjYt",
        "elements": [
          {
            "type": "rich_text_section",
            "elements": [
              {
                "type": "text",
                "text": "you are more than welcome"
              }
            ]
          }
        ]
      }
    ],
    "team": "T03U4J8HMUG",
    "user_team": "T03U4J8HMUG",
    "source_team": "T03U4J8HMUG",
    "user_profile": {
      "avatar_hash": "gc9619121f99",
      "image_72": "https://secure.gravatar.com/avatar/c9619121f998ee4a7e46177f2a5729de.jpg?s=72&d=https%3A%2F%2Fa.slack-edge.com%2Fdf10d%2Fimg%2Favatars%2Fava_0002-72.png",
      "first_name": "Travis",
      "real_name": "Travis Butler",
      "display_name": "Travis Butler",
      "team": "T03U4J8HMUG",
      "name": "Travis",
      "is_restricted": false,
      "is_ultra_restricted": false
    },
    "thread_ts": "1661800897.555749",
    "parent_user_id": "U03UJN29Y4C"
  },
  {
    "client_msg_id": "0e12accd-7714-4ad9-8e39-4f4f73fb8611",
    "type": "message",
    "text": "Career tutorial as started",
    "user": "U03UH397319",
    "ts": "1661855588.542179",
    "blocks": [
      {
        "type": "rich_text",
        "block_id": "LWW",
        "elements": [
          {
            "type": "rich_text_section",
            "elements": [
              {
                "type": "text",
                "text": "Career tutorial as started"
              }
            ]
          }
        ]
      }
    ],
    "team": "T03U4J8HMUG",
    "user_team": "T03U4J8HMUG",
    "source_team": "T03U4J8HMUG",
    "user_profile": {
      "avatar_hash": "gc7c2fbea497",
      "image_72": "https://secure.gravatar.com/avatar/c7c2fbea4976d191e3ad19004e067c11.jpg?s=72&d=https%3A%2F%2Fa.slack-edge.com%2Fdf10d%2Fimg%2Favatars%2Fava_0014-72.png",
      "first_name": "Brenda",
      "real_name": "Brenda Hernandez",
      "display_name": "Brenda Hernandez",
      "team": "T03U4J8HMUG",
      "name": "Brenda",
      "is_restricted": false,
      "is_ultra_restricted": false
    },
    "reactions": [
      {
        "name": "+1",
        "users": [
          "U03U1HAG9TR",
          "U03TEPYRM2P"
        ],
        "count": 2
      },
      {
        "name": "white_check_mark",
        "users": [
          "U03UL5LSTG9"
        ],
        "count": 1
      }
    ]
  },
  {
    "client_msg_id": "7d1b7045-4ba8-4222-842b-5c447f63de9d",
    "type": "message",
    "text": "<http://meet.google.com/ysb-kjdn-hpp|meet.google.com/ysb-kjdn-hpp>",
    "user": "U03UH397319",
    "ts": "1661855624.066219",
    "blocks": [
      {
        "type": "rich_text",
        "block_id": "kfU",
        "elements": [
          {
            "type": "rich_text_section",
            "elements": [
              {
                "type": "link",
                "url": "http://meet.google.com/ysb-kjdn-hpp",
                "text": "meet.google.com/ysb-kjdn-hpp"
              }
            ]
          }
        ]
      }
    ],
    "team": "T03U4J8HMUG",
    "user_team": "T03U4J8HMUG",
    "source_team": "T03U4J8HMUG",
    "user_profile": {
      "avatar_hash": "gc7c2fbea497",
      "image_72": "https://secure.gravatar.com/avatar/c7c2fbea4976d191e3ad19004e067c11.jpg?s=72&d=https%3A%2F%2Fa.slack-edge.com%2Fdf10d%2Fimg%2Favatars%2Fava_0014-72.png",
      "first_name": "Brenda",
      "real_name": "Brenda Hernandez",
      "display_name": "Brenda Hernandez",
      "team": "T03U4J8HMUG",
      "name": "Brenda",
      "is_restricted": false,
      "is_ultra_restricted": false
    }
  },
  {
    "client_msg_id": "187c30fa-fa94-4112-8c86-9bd761c1b6bd",
    "type": "message",
    "text": "<!here> Please join as soon as you can as there are only a few people on the call.",
    "user": "U03UL5LSTG9",
    "ts": "1661855660.308739",
    "blocks": [
      {
        "type": "rich_text",
        "block_id": "=FG1",
        "elements": [
          {
            "type": "rich_text_section",
            "elements": [
              {
                "type": "broadcast",
                "range": "here"
              },
              {
                "type": "text",
                "text": " Please join as soon as you can as there are only a few people on the call."
              }
            ]
          }
        ]
      }
    ],
    "team": "T03U4J8HMUG",
    "user_team": "T03U4J8HMUG",
    "source_team": "T03U4J8HMUG",
    "user_profile": {
      "avatar_hash": "3fe4d3c0de24",
      "image_72": "https://avatars.slack-edge.com/2022-08-23/3978609497829_3fe4d3c0de24beaf8552_72.png",
      "first_name": "Samantha",
      "real_name": "Samantha Lee",
      "display_name": "Samantha Lee",
      "team": "T03U4J8HMUG",
      "name": "Samantha",
      "is_restricted": false,
      "is_ultra_restricted": false
    },
    "thread_ts": "1661855660.308739",
    "reply_count": 5,
    "reply_users_count": 3,
    "latest_reply": "1661856813.736199",
    "reply_users": [
      "U03UD5B7C3X",
      "U03UL5LSTG9",
      "U03UG4Q7V42"
    ],
    "replies": [
      {
        "user": "U03UD5B7C3X",
        "ts": "1661855736.683349"
      },
      {
        "user": "U03UL5LSTG9",
        "ts": "1661855759.534179"
      },
      {
        "user": "U03UG4Q7V42",
        "ts": "1661856770.331799"
      },
      {
        "user": "U03UD5B7C3X",
        "ts": "1661856790.383719"
      },
      {
        "user": "U03UG4Q7V42",
        "ts": "1661856813.736199"
      }
    ],
    "is_locked": false,
    "subscribed": false
  },
  {
    "client_msg_id": "6cbf514a-a153-445e-8f70-e3ddb7e41984",
    "type": "message",
    "text": "hi, please let me in",
    "user": "U03UD5B7C3X",
    "ts": "1661855736.683349",
    "blocks": [
      {
        "type": "rich_text",
        "block_id": "=i5vu",
        "elements": [
          {
            "type": "rich_text_section",
            "elements": [
              {
                "type": "text",
                "text": "hi, please let me in"
              }
            ]
          }
        ]
      }
    ],
    "team": "T03U4J8HMUG",
    "user_team": "T03U4J8HMUG",
    "source_team": "T03U4J8HMUG",
    "user_profile": {
      "avatar_hash": "gb4893f68d1b",
      "image_72": "https://secure.gravatar.com/avatar/b4893f68d1b3098aa61b283721cedfbb.jpg?s=72&d=https%3A%2F%2Fa.slack-edge.com%2Fdf10d%2Fimg%2Favatars%2Fava_0005-72.png",
      "first_name": "Elizabeth",
      "real_name": "Elizabeth Hall",
      "display_name": "Elizabeth Hall",
      "team": "T03U4J8HMUG",
      "name": "Elizabeth",
      "is_restricted": false,
      "is_ultra_restricted": false
    },
    "thread_ts": "1661855660.308739",
    "parent_user_id": "U03UL5LSTG9"
  },
  {
    "client_msg_id": "36f89fd4-8dff-474c-8c5e-20aa97b71a3e",
    "type": "message",
    "text": "ok, try joining again",
    "user": "U03UL5LSTG9",
    "ts": "1661855759.534179",
    "blocks": [
      {
        "type": "rich_text",
        "block_id": "IIbS",
        "elements": [
          {
            "type": "rich_text_section",
            "elements": [
              {
                "type": "text",
                "text": "ok, try joining again"
              }
            ]
          }
        ]
      }
    ],
    "team": "T03U4J8HMUG",
    "user_team": "T03U4J8HMUG",
    "source_team": "T03U4J8HMUG",
    "user_profile": {
      "avatar_hash": "3fe4d3c0de24",
      "image_72": "https://avatars.slack-edge.com/2022-08-23/3978609497829_3fe4d3c0de24beaf8552_72.png",
      "first_name": "Samantha",
      "real_name": "Samantha Lee",
      "display_name": "Samantha Lee",
      "team": "T03U4J8HMUG",
      "name": "Samantha",
      "is_restricted": false,
      "is_ultra_restricted": false
    },
    "thread_ts": "1661855660.308739",
    "parent_user_id": "U03UL5LSTG9"
  },
  {
    "client_msg_id": "010adb4c-345d-4dc7-8941-1e76738c09f1",
    "type": "message",
    "text": "is the meeting over?",
    "user": "U03UG4Q7V42",
    "ts": "1661856770.331799",
    "blocks": [
      {
        "type": "rich_text",
        "block_id": "eoyV",
        "elements": [
          {
            "type": "rich_text_section",
            "elements": [
              {
                "type": "text",
                "text": "is the meeting over?"
              }
            ]
          }
        ]
      }
    ],
    "team": "T03U4J8HMUG",
    "user_team": "T03U4J8HMUG",
    "source_team": "T03U4J8HMUG",
    "user_profile": {
      "avatar_hash": "5bc346a85286",
      "image_72": "https://avatars.slack-edge.com/2022-08-20/3968048875651_5bc346a852866218ec6b_72.png",
      "first_name": "Phillip",
      "real_name": "Phillip Atkins",
      "display_name": "Phillip Atkins",
      "team": "T03U4J8HMUG",
      "name": "Phillip",
      "is_restricted": false,
      "is_ultra_restricted": false
    },
    "thread_ts": "1661855660.308739",
    "parent_user_id": "U03UL5LSTG9"
  },
  {
    "client_msg_id": "95e49b35-75e7-4c20-a137-c8de69ea8651",
    "type": "message",
    "text": "it's still going on",
    "user": "U03UD5B7C3X",
    "ts": "1661856790.383719",
    "blocks": [
      {
        "type": "rich_text",
        "block_id": "7vz+M",
        "elements": [
          {
            "type": "rich_text_section",
            "elements": [
              {
                "type": "text",
                "text": "it's still going on"
              }
            ]
          }
        ]
      }
    ],
    "team": "T03U4J8HMUG",
    "user_team": "T03U4J8HMUG",
    "source_team": "T03U4J8HMUG",
    "user_profile": {
      "avatar_hash": "gb4893f68d1b",
      "image_72": "https://secure.gravatar.com/avatar/b4893f68d1b3098aa61b283721cedfbb.jpg?s=72&d=https%3A%2F%2Fa.slack-edge.com%2Fdf10d%2Fimg%2Favatars%2Fava_0005-72.png",
      "first_name": "Elizabeth",
      "real_name": "Elizabeth Hall",
      "display_name": "Elizabeth Hall",
      "team": "T03U4J8HMUG",
      "name": "Elizabeth",
      "is_restricted": false,
      "is_ultra_restricted": false
    },
    "thread_ts": "1661855660.308739",
    "parent_user_id": "U03UL5LSTG9"
  },
  {
    "client_msg_id": "1d307d66-65aa-4cee-8450-8ac0282b80cd",
    "type": "message",
    "text": "they are not letting me in <@U03UL5LSTG9>",
    "user": "U03UG4Q7V42",
    "ts": "1661856813.736199",
    "blocks": [
      {
        "type": "rich_text",
        "block_id": "QNi",
        "elements": [
          {
            "type": "rich_text_section",
            "elements": [
              {
                "type": "text",
                "text": "they are not letting me in "
              },
              {
                "type": "user",
                "user_id": "U03UL5LSTG9"
              }
            ]
          }
        ]
      }
    ],
    "team": "T03U4J8HMUG",
    "user_team": "T03U4J8HMUG",
    "source_team": "T03U4J8HMUG",
    "user_profile": {
      "avatar_hash": "5bc346a85286",
      "image_72": "https://avatars.slack-edge.com/2022-08-20/3968048875651_5bc346a852866218ec6b_72.png",
      "first_name": "Phillip",
      "real_name": "Phillip Atkins",
      "display_name": "Phillip Atkins",
      "team": "T03U4J8HMUG",
      "name": "Phillip",
      "is_restricted": false,
      "is_ultra_restricted": false
    },
    "thread_ts": "1661855660.308739",
    "parent_user_id": "U03UL5LSTG9"
  },
  {
    "client_msg_id": "6c062760-8bcc-4cb3-80dc-00ed98277a5b",
    "type": "message",
    "text": "I  was disconnected in between session, I hope I will get records",
    "user": "U03UG5VFN03",
    "ts": "1661858110.147339",
    "blocks": [
      {
        "type": "rich_text",
        "block_id": "hLY",
        "elements": [
          {
            "type": "rich_text_section",
            "elements": [
              {
                "type": "text",
                "text": "I  was disconnected in between session, I hope I will get records"
              }
            ]
          }
        ]
      }
    ],
    "team": "T03U4J8HMUG",
    "user_team": "T03U4J8HMUG",
    "source_team": "T03U4J8HMUG",
    "user_profile": {
      "avatar_hash": "1eec51b41e1b",
      "image_72": "https://avatars.slack-edge.com/2022-08-20/3980936144801_1eec51b41e1b370500be_72.png",
      "first_name": "Nancy",
      "real_name": "Nancy Craig",
      "display_name": "Nancy Craig",
      "team": "T03U4J8HMUG",
      "name": "Nancy",
      "is_restricted": false,
      "is_ultra_restricted": false
    },
    "thread_ts": "1661858110.147339",
    "reply_count": 1,
    "reply_users_count": 1,
    "latest_reply": "1661858158.603989",
    "reply_users": [
      "U03TEPYRM2P"
    ],
    "replies": [
      {
        "user": "U03TEPYRM2P",
        "ts": "1661858158.603989"
      }
    ],
    "is_locked": false,
    "subscribed": true,
    "last_read": "1661858158.603989"
  },
  {
    "client_msg_id": "4a1bff66-7d23-427c-9224-fce14a8b6486",
    "type": "message",
    "text": "sure! It will be uploaded on youtube as soon as possible",
    "user": "U03TEPYRM2P",
    "ts": "1661858158.603989",
    "blocks": [
      {
        "type": "rich_text",
        "block_id": "rNa",
        "elements": [
          {
            "type": "rich_text_section",
            "elements": [
              {
                "type": "text",
                "text": "sure! It will be uploaded on youtube as soon as possible"
              }
            ]
          }
        ]
      }
    ],
    "team": "T03U4J8HMUG",
    "user_team": "T03U4J8HMUG",
    "source_team": "T03U4J8HMUG",
    "user_profile": {
      "avatar_hash": "f113df20f89c",
      "image_72": "https://avatars.slack-edge.com/2022-08-23/3977820714178_f113df20f89c894062b4_72.jpg",
      "first_name": "Garrett",
      "real_name": "Garrett Bell",
      "display_name": "Garrett Bell",
      "team": "T03U4J8HMUG",
      "name": "Garrett",
      "is_restricted": false,
      "is_ultra_restricted": false
    },
    "thread_ts": "1661858110.147339",
    "parent_user_id": "U03UG5VFN03"
  },
  {
    "client_msg_id": "3df806f3-0ed4-477c-8ac9-ae23340f4f32",
    "type": "message",
    "text": "I couldn't find the slides on week 2 folder, please let me know if anyone get the shared link",
    "user": "U03UJGP0C68",
    "ts": "1661858237.576439",
    "blocks": [
      {
        "type": "rich_text",
        "block_id": "VU+24",
        "elements": [
          {
            "type": "rich_text_section",
            "elements": [
              {
                "type": "text",
                "text": "I couldn't find the slides on week 2 folder, please let me know if anyone get the shared link"
              }
            ]
          }
        ]
      }
    ],
    "team": "T03U4J8HMUG",
    "user_team": "T03U4J8HMUG",
    "source_team": "T03U4J8HMUG",
    "user_profile": {
      "avatar_hash": "259faccdce43",
      "image_72": "https://avatars.slack-edge.com/2022-08-20/3965145363573_259faccdce439a8c6345_72.png",
      "first_name": "Judith",
      "real_name": "Judith Bolton",
      "display_name": "Judith Bolton",
      "team": "T03U4J8HMUG",
      "name": "Judith",
      "is_restricted": false,
      "is_ultra_restricted": false
    },
    "thread_ts": "1661858237.576439",
    "reply_count": 6,
    "reply_users_count": 4,
    "latest_reply": "1661861282.237569",
    "reply_users": [
      "U03U1FNPEUX",
      "U03UJGP0C68",
      "U03TT5KEYCF",
      "U03UH397319"
    ],
    "replies": [
      {
        "user": "U03U1FNPEUX",
        "ts": "1661858397.997549"
      },
      {
        "user": "U03UJGP0C68",
        "ts": "1661858416.700639"
      },
      {
        "user": "U03U1FNPEUX",
        "ts": "1661858462.729649"
      },
      {
        "user": "U03UJGP0C68",
        "ts": "1661858590.000389"
      },
      {
        "user": "U03TT5KEYCF",
        "ts": "1661858618.248519"
      },
      {
        "user": "U03UH397319",
        "ts": "1661861282.237569"
      }
    ],
    "is_locked": false,
    "subscribed": false
  },
  {
    "client_msg_id": "81d25828-d148-4ced-9b73-a617d76f6487",
    "type": "message",
    "text": "for the careers?",
    "user": "U03U1FNPEUX",
    "ts": "1661858397.997549",
    "blocks": [
      {
        "type": "rich_text",
        "block_id": "vcUX",
        "elements": [
          {
            "type": "rich_text_section",
            "elements": [
              {
                "type": "text",
                "text": "for the careers?"
              }
            ]
          }
        ]
      }
    ],
    "team": "T03U4J8HMUG",
    "user_team": "T03U4J8HMUG",
    "source_team": "T03U4J8HMUG",
    "user_profile": {
      "avatar_hash": "37a12a7dbb92",
      "image_72": "https://avatars.slack-edge.com/2022-09-09/4058043481011_37a12a7dbb926b2c9c86_72.png",
      "first_name": "Joshua",
      "real_name": "Joshua Rhodes",
      "display_name": "Joshua Rhodes",
      "team": "T03U4J8HMUG",
      "name": "Joshua",
      "is_restricted": false,
      "is_ultra_restricted": false
    },
    "edited": {
      "user": "U03U1FNPEUX",
      "ts": "1661858411.000000"
    },
    "thread_ts": "1661858237.576439",
    "parent_user_id": "U03UJGP0C68"
  },
  {
    "client_msg_id": "a24caeda-7069-496c-bfc8-986feeffff19",
    "type": "message",
    "text": "yes",
    "user": "U03UJGP0C68",
    "ts": "1661858416.700639",
    "blocks": [
      {
        "type": "rich_text",
        "block_id": "tLYFd",
        "elements": [
          {
            "type": "rich_text_section",
            "elements": [
              {
                "type": "text",
                "text": "yes"
              }
            ]
          }
        ]
      }
    ],
    "team": "T03U4J8HMUG",
    "user_team": "T03U4J8HMUG",
    "source_team": "T03U4J8HMUG",
    "user_profile": {
      "avatar_hash": "259faccdce43",
      "image_72": "https://avatars.slack-edge.com/2022-08-20/3965145363573_259faccdce439a8c6345_72.png",
      "first_name": "Judith",
      "real_name": "Judith Bolton",
      "display_name": "Judith Bolton",
      "team": "T03U4J8HMUG",
      "name": "Judith",
      "is_restricted": false,
      "is_ultra_restricted": false
    },
    "thread_ts": "1661858237.576439",
    "parent_user_id": "U03UJGP0C68"
  },
  {
    "client_msg_id": "a2b37666-ad8d-4306-8ec4-5fa6773afc16",
    "type": "message",
    "text": "<https://docs.google.com/document/d/1dantbcihX0tzzKqn4-WHgnxZ-oxp7gMK1Uc5fmS_Lek/edit?usp=sharing>",
    "user": "U03U1FNPEUX",
    "ts": "1661858462.729649",
    "blocks": [
      {
        "type": "rich_text",
        "block_id": "j4/se",
        "elements": [
          {
            "type": "rich_text_section",
            "elements": [
              {
                "type": "link",
                "url": "https://docs.google.com/document/d/1dantbcihX0tzzKqn4-WHgnxZ-oxp7gMK1Uc5fmS_Lek/edit?usp=sharing"
              }
            ]
          }
        ]
      }
    ],
    "team": "T03U4J8HMUG",
    "user_team": "T03U4J8HMUG",
    "source_team": "T03U4J8HMUG",
    "user_profile": {
      "avatar_hash": "37a12a7dbb92",
      "image_72": "https://avatars.slack-edge.com/2022-09-09/4058043481011_37a12a7dbb926b2c9c86_72.png",
      "first_name": "Joshua",
      "real_name": "Joshua Rhodes",
      "display_name": "Joshua Rhodes",
      "team": "T03U4J8HMUG",
      "name": "Joshua",
      "is_restricted": false,
      "is_ultra_restricted": false
    },
    "thread_ts": "1661858237.576439",
    "parent_user_id": "U03UJGP0C68"
  },
  {
    "client_msg_id": "d85c848a-4d83-4b59-923e-bc8e08c01585",
    "type": "message",
    "text": "this is the link for the guidelines right? I wanted the slide that just got presented, thanks regardless",
    "user": "U03UJGP0C68",
    "ts": "1661858590.000389",
    "blocks": [
      {
        "type": "rich_text",
        "block_id": "wk=y",
        "elements": [
          {
            "type": "rich_text_section",
            "elements": [
              {
                "type": "text",
                "text": "this is the link for the guidelines right? I wanted the slide that just got presented, thanks regardless"
              }
            ]
          }
        ]
      }
    ],
    "team": "T03U4J8HMUG",
    "user_team": "T03U4J8HMUG",
    "source_team": "T03U4J8HMUG",
    "user_profile": {
      "avatar_hash": "259faccdce43",
      "image_72": "https://avatars.slack-edge.com/2022-08-20/3965145363573_259faccdce439a8c6345_72.png",
      "first_name": "Judith",
      "real_name": "Judith Bolton",
      "display_name": "Judith Bolton",
      "team": "T03U4J8HMUG",
      "name": "Judith",
      "is_restricted": false,
      "is_ultra_restricted": false
    },
    "thread_ts": "1661858237.576439",
    "parent_user_id": "U03UJGP0C68"
  },
  {
    "client_msg_id": "a895f83c-046b-4ff9-9ffc-0b0b1352128d",
    "type": "message",
    "text": "<@U03U4GULU3Y>",
    "user": "U03TT5KEYCF",
    "ts": "1661858618.248519",
    "blocks": [
      {
        "type": "rich_text",
        "block_id": "jiD2P",
        "elements": [
          {
            "type": "rich_text_section",
            "elements": [
              {
                "type": "user",
                "user_id": "U03U4GULU3Y"
              }
            ]
          }
        ]
      }
    ],
    "team": "T03U4J8HMUG",
    "user_team": "T03U4J8HMUG",
    "source_team": "T03U4J8HMUG",
    "user_profile": {
      "avatar_hash": "aae36184306b",
      "image_72": "https://avatars.slack-edge.com/2022-08-18/3945210198087_aae36184306bb9e0b018_72.jpg",
      "first_name": "Luis",
      "real_name": "Luis Ingram",
      "display_name": "Luis Ingram",
      "team": "T03U4J8HMUG",
      "name": "Luis",
      "is_restricted": false,
      "is_ultra_restricted": false
    },
    "thread_ts": "1661858237.576439",
    "parent_user_id": "U03UJGP0C68"
  },
  {
    "client_msg_id": "74515fb6-3fc5-447a-9aa7-46bf9e521b7d",
    "type": "message",
    "text": "<!here> The Week 2 tutorial guidelines can be found *<https://docs.google.com/document/d/1dantbcihX0tzzKqn4-WHgnxZ-oxp7gMK1Uc5fmS_Lek/edit?usp=sharing|here>*",
    "user": "U03UL5LSTG9",
    "ts": "1661858922.859449",
    "blocks": [
      {
        "type": "rich_text",
        "block_id": "ZG1Z7",
        "elements": [
          {
            "type": "rich_text_section",
            "elements": [
              {
                "type": "broadcast",
                "range": "here"
              },
              {
                "type": "text",
                "text": " The Week 2 tutorial guidelines can be found "
              },
              {
                "type": "link",
                "url": "https://docs.google.com/document/d/1dantbcihX0tzzKqn4-WHgnxZ-oxp7gMK1Uc5fmS_Lek/edit?usp=sharing",
                "text": "here",
                "style": {
                  "bold": true
                }
              }
            ]
          }
        ]
      }
    ],
    "team": "T03U4J8HMUG",
    "user_team": "T03U4J8HMUG",
    "source_team": "T03U4J8HMUG",
    "user_profile": {
      "avatar_hash": "3fe4d3c0de24",
      "image_72": "https://avatars.slack-edge.com/2022-08-23/3978609497829_3fe4d3c0de24beaf8552_72.png",
      "first_name": "Samantha",
      "real_name": "Samantha Lee",
      "display_name": "Samantha Lee",
      "team": "T03U4J8HMUG",
      "name": "Samantha",
      "is_restricted": false,
      "is_ultra_restricted": false
    }
  },
  {
    "client_msg_id": "5925451b-11d9-4744-9353-7d2a8309df11",
    "type": "message",
    "text": "I think they will share it as soon as possiblie <@U03UJGP0C68>",
    "user": "U03UH397319",
    "ts": "1661861282.237569",
    "blocks": [
      {
        "type": "rich_text",
        "block_id": "K/N",
        "elements": [
          {
            "type": "rich_text_section",
            "elements": [
              {
                "type": "text",
                "text": "I think they will share it as soon as possiblie "
              },
              {
                "type": "user",
                "user_id": "U03UJGP0C68"
              }
            ]
          }
        ]
      }
    ],
    "team": "T03U4J8HMUG",
    "user_team": "T03U4J8HMUG",
    "source_team": "T03U4J8HMUG",
    "user_profile": {
      "avatar_hash": "gc7c2fbea497",
      "image_72": "https://secure.gravatar.com/avatar/c7c2fbea4976d191e3ad19004e067c11.jpg?s=72&d=https%3A%2F%2Fa.slack-edge.com%2Fdf10d%2Fimg%2Favatars%2Fava_0014-72.png",
      "first_name": "Brenda",
      "real_name": "Brenda Hernandez",
      "display_name": "Brenda Hernandez",
      "team": "T03U4J8HMUG",
      "name": "Brenda",
      "is_restricted": false,
      "is_ultra_restricted": false
    },
    "thread_ts": "1661858237.576439",
    "parent_user_id": "U03UJGP0C68",
    "reactions": [
      {
        "name": "raised_hands",
        "users": [
          "U03UJGP0C68"
        ],
        "count": 1
      }
    ]
  },
  {
    "client_msg_id": "e88289a5-642f-489f-a321-ec97a835e5e3",
    "type": "message",
    "text": "Hello <!channel> kindly find <https://docs.google.com/presentation/d/1mDbFVRze-NKLHTPh3PMgrJwQKEBaSTkBfVsRFjxulqw/edit?usp=sharing|PPT Slides Tools for Remote work> , still found in your folder.. while using this link ,kindly login with the email registered with 10 academy . thanks!",
    "user": "U03U4GULU3Y",
    "ts": "1661883702.868099",
    "blocks": [
      {
        "type": "rich_text",
        "block_id": "E5sAT",
        "elements": [
          {
            "type": "rich_text_section",
            "elements": [
              {
                "type": "text",
                "text": "Hello "
              },
              {
                "type": "broadcast",
                "range": "channel"
              },
              {
                "type": "text",
                "text": " kindly find "
              },
              {
                "type": "link",
                "url": "https://docs.google.com/presentation/d/1mDbFVRze-NKLHTPh3PMgrJwQKEBaSTkBfVsRFjxulqw/edit?usp=sharing",
                "text": "PPT Slides Tools for Remote work"
              },
              {
                "type": "text",
                "text": " , still found in your folder.. while using this link ,kindly login with the email registered with 10 academy . thanks!"
              }
            ]
          }
        ]
      }
    ],
    "team": "T03U4J8HMUG",
    "user_team": "T03U4J8HMUG",
    "source_team": "T03U4J8HMUG",
    "user_profile": {
      "avatar_hash": "99e77e6d73e2",
      "image_72": "https://avatars.slack-edge.com/2022-08-19/3986877623392_99e77e6d73e294e4f45c_72.png",
      "first_name": "Allison",
      "real_name": "Allison Thompson",
      "display_name": "Allison Thompson",
      "team": "T03U4J8HMUG",
      "name": "Allison",
      "is_restricted": false,
      "is_ultra_restricted": false
    },
    "reactions": [
      {
        "name": "white_check_mark",
        "users": [
          "U03UJGP0C68",
          "U03UG4Q7V42"
        ],
        "count": 2
      }
    ]
  }
]