[
  {
    "client_msg_id": "dd3595d3-7417-4d8e-9b4b-3b85eefd03e2",
    "type": "message",
    "text": "Hi Hi\n<@U03UJGP0C68> <@U03UG32J3PC> <@U03U9EJR362>\nPlease share your CV's with me against tomorrow mock interviews.\nThanks",
    "user": "U03TT5KEYCF",
    "ts": "1668083101.760969",
    "blocks": [
      {
        "type": "rich_text",
        "block_id": "MQ6",
        "elements": [
          {
            "type": "rich_text_section",
            "elements": [
              {
                "type": "text",
                "text": "Hi Hi\n"
              },
              {
                "type": "user",
                "user_id": "U03UJGP0C68"
              },
              {
                "type": "text",
                "text": " "
              },
              {
                "type": "user",
                "user_id": "U03UG32J3PC"
              },
              {
                "type": "text",
                "text": " "
              },
              {
                "type": "user",
                "user_id": "U03U9EJR362"
              },
              {
                "type": "text",
                "text": "\nPlease share your CV's with me against tomorrow mock interviews.\nThanks"
              }
            ]
          }
        ]
      }
    ],
    "team": "T03U4J8HMUG",
    "user_team": "T03U4J8HMUG",
    "source_team": "T03U4J8HMUG",
    "user_profile": {
      "avatar_hash": "aae36184306b",
      "image_72": "https://avatars.slack-edge.com/2022-08-18/3945210198087_aae36184306bb9e0b018_72.jpg",
      "first_name": "Luis",
      "real_name": "Luis Ingram",
      "display_name": "Luis Ingram",
      "team": "T03U4J8HMUG",
      "name": "Luis",
      "is_restricted": false,
      "is_ultra_restricted": false
    }
  },
  {
    "type": "message",
    "text": "",
    "files": [
      {
        "id": "F04B45X8MHN",
        "created": 1668102655,
        "timestamp": 1668102655,
        "name": "image.png",
        "title": "image.png",
        "mimetype": "image/png",
        "filetype": "png",
        "pretty_type": "PNG",
        "user": "U03UL5LSTG9",
        "user_team": "T03U4J8HMUG",
        "editable": false,
        "size": 13662,
        "mode": "hosted",
        "is_external": false,
        "external_type": "",
        "is_public": true,
        "public_url_shared": false,
        "display_as_bot": false,
        "username": "",
        "url_private": "https://files.slack.com/files-pri/T03U4J8HMUG-F04B45X8MHN/image.png?t=xoxe-3956620599968-6240746766294-6247387524178-110fc6768eefd7fcb909c4550875ed49",
        "url_private_download": "https://files.slack.com/files-pri/T03U4J8HMUG-F04B45X8MHN/download/image.png?t=xoxe-3956620599968-6240746766294-6247387524178-110fc6768eefd7fcb909c4550875ed49",
        "media_display_type": "unknown",
        "thumb_64": "https://files.slack.com/files-tmb/T03U4J8HMUG-F04B45X8MHN-b3488a702e/image_64.png?t=xoxe-3956620599968-6240746766294-6247387524178-110fc6768eefd7fcb909c4550875ed49",
        "thumb_80": "https://files.slack.com/files-tmb/T03U4J8HMUG-F04B45X8MHN-b3488a702e/image_80.png?t=xoxe-3956620599968-6240746766294-6247387524178-110fc6768eefd7fcb909c4550875ed49",
        "thumb_360": "https://files.slack.com/files-tmb/T03U4J8HMUG-F04B45X8MHN-b3488a702e/image_360.png?t=xoxe-3956620599968-6240746766294-6247387524178-110fc6768eefd7fcb909c4550875ed49",
        "thumb_360_w": 360,
        "thumb_360_h": 30,
        "thumb_480": "https://files.slack.com/files-tmb/T03U4J8HMUG-F04B45X8MHN-b3488a702e/image_480.png?t=xoxe-3956620599968-6240746766294-6247387524178-110fc6768eefd7fcb909c4550875ed49",
        "thumb_480_w": 480,
        "thumb_480_h": 40,
        "thumb_160": "https://files.slack.com/files-tmb/T03U4J8HMUG-F04B45X8MHN-b3488a702e/image_160.png?t=xoxe-3956620599968-6240746766294-6247387524178-110fc6768eefd7fcb909c4550875ed49",
        "thumb_720": "https://files.slack.com/files-tmb/T03U4J8HMUG-F04B45X8MHN-b3488a702e/image_720.png?t=xoxe-3956620599968-6240746766294-6247387524178-110fc6768eefd7fcb909c4550875ed49",
        "thumb_720_w": 720,
        "thumb_720_h": 61,
        "thumb_800": "https://files.slack.com/files-tmb/T03U4J8HMUG-F04B45X8MHN-b3488a702e/image_800.png?t=xoxe-3956620599968-6240746766294-6247387524178-110fc6768eefd7fcb909c4550875ed49",
        "thumb_800_w": 800,
        "thumb_800_h": 67,
        "original_w": 913,
        "original_h": 77,
        "thumb_tiny": "AwAEADDQx70oHSigdaAFwKNopaKAEIBoAANLRQB//9k=",
        "permalink": "https://10academybatch6.slack.com/files/U03UL5LSTG9/F04B45X8MHN/image.png",
        "permalink_public": "https://slack-files.com/T03U4J8HMUG-F04B45X8MHN-9c91772509",
        "is_starred": false,
        "has_rich_preview": false,
        "file_access": "visible"
      }
    ],
    "upload": false,
    "user": "U03UL5LSTG9",
    "display_as_bot": false,
    "ts": "1668102657.964289",
    "client_msg_id": "3884010f-b43f-46f6-b79c-cecec665d22b",
    "reactions": [
      {
        "name": "raised_hands",
        "users": [
          "U03UG32J3PC",
          "U03UG0YHAUT"
        ],
        "count": 2
      }
    ]
  }
]