[
  {
    "client_msg_id": "b27777a5-8754-4eed-bea9-e67f1a95582c",
    "type": "message",
    "text": "What we do for applications which asks for letter of reference. Would any of the 10 academy team provide us with a letter of references?",
    "user": "U03UJGRN5E0",
    "ts": "1667909911.343329",
    "blocks": [
      {
        "type": "rich_text",
        "block_id": "aJmT",
        "elements": [
          {
            "type": "rich_text_section",
            "elements": [
              {
                "type": "text",
                "text": "What we do for applications which asks for letter of reference. Would any of the 10 academy team provide us with a letter of references?"
              }
            ]
          }
        ]
      }
    ],
    "team": "T03U4J8HMUG",
    "user_team": "T03U4J8HMUG",
    "source_team": "T03U4J8HMUG",
    "user_profile": {
      "avatar_hash": "35b05758f532",
      "image_72": "https://avatars.slack-edge.com/2022-09-30/4156429070997_35b05758f532bdef5b5f_72.jpg",
      "first_name": "Katie",
      "real_name": "Katie Dickerson",
      "display_name": "Katie Dickerson",
      "team": "T03U4J8HMUG",
      "name": "Katie",
      "is_restricted": false,
      "is_ultra_restricted": false
    },
    "thread_ts": "1667909911.343329",
    "reply_count": 2,
    "reply_users_count": 1,
    "latest_reply": "1667912409.625029",
    "reply_users": [
      "U03U93GNNVB"
    ],
    "replies": [
      {
        "user": "U03U93GNNVB",
        "ts": "1667912401.790229"
      },
      {
        "user": "U03U93GNNVB",
        "ts": "1667912409.625029"
      }
    ],
    "is_locked": false,
    "subscribed": false,
    "reactions": [
      {
        "name": "+1::skin-tone-3",
        "users": [
          "U03U9EJR362"
        ],
        "count": 1
      }
    ]
  },
  {
    "client_msg_id": "8adf650e-f998-4d4b-8f28-4256d0debf69",
    "type": "message",
    "text": "if needed, yes",
    "user": "U03U93GNNVB",
    "ts": "1667912401.790229",
    "blocks": [
      {
        "type": "rich_text",
        "block_id": "Fxtq",
        "elements": [
          {
            "type": "rich_text_section",
            "elements": [
              {
                "type": "text",
                "text": "if needed, yes"
              }
            ]
          }
        ]
      }
    ],
    "team": "T03U4J8HMUG",
    "user_team": "T03U4J8HMUG",
    "source_team": "T03U4J8HMUG",
    "user_profile": {
      "avatar_hash": "a49779ad093d",
      "image_72": "https://avatars.slack-edge.com/2022-08-22/3994045204528_a49779ad093d4fc39a87_72.jpg",
      "first_name": "Katherine",
      "real_name": "Katherine Foster",
      "display_name": "Katherine Foster",
      "team": "T03U4J8HMUG",
      "name": "Katherine",
      "is_restricted": false,
      "is_ultra_restricted": false
    },
    "thread_ts": "1667909911.343329",
    "parent_user_id": "U03UJGRN5E0"
  },
  {
    "client_msg_id": "30c878f6-c0ed-4534-ad90-9e7f261c2edd",
    "type": "message",
    "text": "I've rarely seen one that wants a letter",
    "user": "U03U93GNNVB",
    "ts": "1667912409.625029",
    "blocks": [
      {
        "type": "rich_text",
        "block_id": "dhV",
        "elements": [
          {
            "type": "rich_text_section",
            "elements": [
              {
                "type": "text",
                "text": "I've rarely seen one that wants a letter"
              }
            ]
          }
        ]
      }
    ],
    "team": "T03U4J8HMUG",
    "user_team": "T03U4J8HMUG",
    "source_team": "T03U4J8HMUG",
    "user_profile": {
      "avatar_hash": "a49779ad093d",
      "image_72": "https://avatars.slack-edge.com/2022-08-22/3994045204528_a49779ad093d4fc39a87_72.jpg",
      "first_name": "Katherine",
      "real_name": "Katherine Foster",
      "display_name": "Katherine Foster",
      "team": "T03U4J8HMUG",
      "name": "Katherine",
      "is_restricted": false,
      "is_ultra_restricted": false
    },
    "thread_ts": "1667909911.343329",
    "parent_user_id": "U03UJGRN5E0"
  }
]