[
  {
    "client_msg_id": "684948d1-1815-425e-a3b6-4cde5f2b03b8",
    "type": "message",
    "text": "*GRADUATION CAP MAKING!* \n_Good Morning_ *<!here>*\n\n*Dear Trainees,*\nAs mentioned during CBS, we are all requested to make ourselves a homemade *GRADUATION CAP* made from paper. See the tutorial below or use any other that you find easier. *See you all on 17th November 2022*\n\n*Specs:*\n*Colour -* Black (use any available material to paint - black marker, ink, paint etc)\n*Size -* That fits your head\n*Material -* Paper (can be carton, manilla paper, box etc)\n*Tutorial:* <https://www.youtube.com/watch?v=YpXV45Wsznw>",
    "user": "U03V1AM5TFA",
    "ts": "1668411889.015559",
    "blocks": [
      {
        "type": "rich_text",
        "block_id": "Rn+",
        "elements": [
          {
            "type": "rich_text_section",
            "elements": [
              {
                "type": "text",
                "text": "GRADUATION CAP MAKING! ",
                "style": {
                  "bold": true
                }
              },
              {
                "type": "text",
                "text": "\n"
              },
              {
                "type": "text",
                "text": "Good Morning",
                "style": {
                  "italic": true
                }
              },
              {
                "type": "text",
                "text": " ",
                "style": {
                  "bold": true
                }
              },
              {
                "type": "broadcast",
                "range": "here",
                "style": {
                  "bold": true
                }
              },
              {
                "type": "text",
                "text": "\n\n"
              },
              {
                "type": "text",
                "text": "Dear Trainees,",
                "style": {
                  "bold": true
                }
              },
              {
                "type": "text",
                "text": "\nAs mentioned during CBS, we are all requested to make ourselves a homemade "
              },
              {
                "type": "text",
                "text": "GRADUATION CAP",
                "style": {
                  "bold": true
                }
              },
              {
                "type": "text",
                "text": " made from paper. See the tutorial below or use any other that you find easier. "
              },
              {
                "type": "text",
                "text": "See you all on 17th November 2022",
                "style": {
                  "bold": true
                }
              },
              {
                "type": "text",
                "text": "\n\n"
              },
              {
                "type": "text",
                "text": "Specs:",
                "style": {
                  "bold": true
                }
              },
              {
                "type": "text",
                "text": "\n"
              },
              {
                "type": "text",
                "text": "Colour - ",
                "style": {
                  "bold": true
                }
              },
              {
                "type": "text",
                "text": "Black (use any available material to paint - black marker, ink, paint etc)\n"
              },
              {
                "type": "text",
                "text": "Size -",
                "style": {
                  "bold": true
                }
              },
              {
                "type": "text",
                "text": " That fits your head\n"
              },
              {
                "type": "text",
                "text": "Material - ",
                "style": {
                  "bold": true
                }
              },
              {
                "type": "text",
                "text": "Paper (can be carton, manilla paper, box etc)\n"
              },
              {
                "type": "text",
                "text": "Tutorial: ",
                "style": {
                  "bold": true
                }
              },
              {
                "type": "link",
                "url": "https://www.youtube.com/watch?v=YpXV45Wsznw"
              }
            ]
          }
        ]
      }
    ],
    "team": "T03U4J8HMUG",
    "user_team": "T03U4J8HMUG",
    "source_team": "T03U4J8HMUG",
    "user_profile": {
      "avatar_hash": "102fdd0c183f",
      "image_72": "https://avatars.slack-edge.com/2022-08-19/3963732043714_102fdd0c183f8d6d4215_72.png",
      "first_name": "Vanessa",
      "real_name": "Vanessa Norman",
      "display_name": "Vanessa Norman",
      "team": "T03U4J8HMUG",
      "name": "Vanessa",
      "is_restricted": false,
      "is_ultra_restricted": false
    },
    "attachments": [
      {
        "from_url": "https://www.youtube.com/watch?v=YpXV45Wsznw",
        "thumb_url": "https://i.ytimg.com/vi/YpXV45Wsznw/hqdefault.jpg",
        "thumb_width": 480,
        "thumb_height": 360,
        "video_html": "<iframe width=\"400\" height=\"225\" src=\"https://www.youtube.com/embed/YpXV45Wsznw?feature=oembed&autoplay=1&iv_load_policy=3\" frameborder=\"0\" allow=\"accelerometer; autoplay; clipboard-write; encrypted-media; gyroscope; picture-in-picture\" allowfullscreen title=\"How to make graduation cap/convocation Cap \ud83c\udf93/graduation cap making with chart paper/#graduationcap\"></iframe>",
        "video_html_width": 400,
        "video_html_height": 225,
        "service_icon": "https://a.slack-edge.com/80588/img/unfurl_icons/youtube.png",
        "id": 1,
        "original_url": "https://www.youtube.com/watch?v=YpXV45Wsznw",
        "fallback": "YouTube Video: How to make graduation cap/convocation Cap \ud83c\udf93/graduation cap making with chart paper/#graduationcap",
        "title": "How to make graduation cap/convocation Cap \ud83c\udf93/graduation cap making with chart paper/#graduationcap",
        "title_link": "https://www.youtube.com/watch?v=YpXV45Wsznw",
        "author_name": "My Crafts and Creations",
        "author_link": "https://www.youtube.com/channel/UCCsgzmFx3Ia6sTNa09QTplQ",
        "service_name": "YouTube",
        "service_url": "https://www.youtube.com/"
      }
    ]
  }
]