[
  {
    "type": "message",
    "text": "You all need this kind of Friend :rolling_on_the_floor_laughing:",
    "files": [
      {
        "id": "F04CWDHSUAD",
        "created": 1669392726,
        "timestamp": 1669392726,
        "name": "image.png",
        "title": "image.png",
        "mimetype": "image/png",
        "filetype": "png",
        "pretty_type": "PNG",
        "user": "U03UG32J3PC",
        "user_team": "T03U4J8HMUG",
        "editable": false,
        "size": 16127,
        "mode": "hosted",
        "is_external": false,
        "external_type": "",
        "is_public": true,
        "public_url_shared": false,
        "display_as_bot": false,
        "username": "",
        "url_private": "https://files.slack.com/files-pri/T03U4J8HMUG-F04CWDHSUAD/image.png?t=xoxe-3956620599968-6240746766294-6247387524178-110fc6768eefd7fcb909c4550875ed49",
        "url_private_download": "https://files.slack.com/files-pri/T03U4J8HMUG-F04CWDHSUAD/download/image.png?t=xoxe-3956620599968-6240746766294-6247387524178-110fc6768eefd7fcb909c4550875ed49",
        "media_display_type": "unknown",
        "thumb_64": "https://files.slack.com/files-tmb/T03U4J8HMUG-F04CWDHSUAD-071acce8cb/image_64.png?t=xoxe-3956620599968-6240746766294-6247387524178-110fc6768eefd7fcb909c4550875ed49",
        "thumb_80": "https://files.slack.com/files-tmb/T03U4J8HMUG-F04CWDHSUAD-071acce8cb/image_80.png?t=xoxe-3956620599968-6240746766294-6247387524178-110fc6768eefd7fcb909c4550875ed49",
        "thumb_360": "https://files.slack.com/files-tmb/T03U4J8HMUG-F04CWDHSUAD-071acce8cb/image_360.png?t=xoxe-3956620599968-6240746766294-6247387524178-110fc6768eefd7fcb909c4550875ed49",
        "thumb_360_w": 360,
        "thumb_360_h": 55,
        "thumb_160": "https://files.slack.com/files-tmb/T03U4J8HMUG-F04CWDHSUAD-071acce8cb/image_160.png?t=xoxe-3956620599968-6240746766294-6247387524178-110fc6768eefd7fcb909c4550875ed49",
        "original_w": 424,
        "original_h": 65,
        "thumb_tiny": "AwAHADC3GVEa9M9+KcCncgfh/wDWqJfuj6UUhXJsx+o/75ozH/e/8dqGlFAXJsr65/CmHG446UgooA//2Q==",
        "permalink": "https://10academybatch6.slack.com/files/U03UG32J3PC/F04CWDHSUAD/image.png",
        "permalink_public": "https://slack-files.com/T03U4J8HMUG-F04CWDHSUAD-2e18f3065a",
        "is_starred": false,
        "has_rich_preview": false,
        "file_access": "visible"
      }
    ],
    "upload": false,
    "user": "U03UG32J3PC",
    "display_as_bot": false,
    "ts": "1669392749.586729",
    "blocks": [
      {
        "type": "rich_text",
        "block_id": "Nu3j",
        "elements": [
          {
            "type": "rich_text_section",
            "elements": [
              {
                "type": "text",
                "text": "You all need this kind of Friend "
              },
              {
                "type": "emoji",
                "name": "rolling_on_the_floor_laughing",
                "unicode": "1f923"
              }
            ]
          }
        ]
      }
    ],
    "client_msg_id": "a33c1b42-c0c1-4ca0-949d-533936b32a4e",
    "thread_ts": "1669392749.586729",
    "reply_count": 2,
    "reply_users_count": 2,
    "latest_reply": "1669396126.099139",
    "reply_users": [
      "U03UJGRN5E0",
      "U03UG32J3PC"
    ],
    "replies": [
      {
        "user": "U03UJGRN5E0",
        "ts": "1669396046.109249"
      },
      {
        "user": "U03UG32J3PC",
        "ts": "1669396126.099139"
      }
    ],
    "is_locked": false,
    "subscribed": false,
    "reactions": [
      {
        "name": "grinning",
        "users": [
          "U03UUR571A5",
          "U03UG0YHAUT",
          "U03UJGP0C68",
          "U03UJGRN5E0",
          "U03U9EJR362",
          "U03UFV7HFNF"
        ],
        "count": 6
      }
    ]
  },
  {
    "client_msg_id": "f75afa19-ff55-41de-b11a-832dc12395d0",
    "type": "message",
    "text": "We need someone who prays for us like this. BZW, I have told my parent and they are praying for me. :palms_up_together:",
    "user": "U03UJGRN5E0",
    "ts": "1669396046.109249",
    "blocks": [
      {
        "type": "rich_text",
        "block_id": "uEih",
        "elements": [
          {
            "type": "rich_text_section",
            "elements": [
              {
                "type": "text",
                "text": "We need someone who prays for us like this. BZW, I have told my parent and they are praying for me. "
              },
              {
                "type": "emoji",
                "name": "palms_up_together",
                "unicode": "1f932"
              }
            ]
          }
        ]
      }
    ],
    "team": "T03U4J8HMUG",
    "user_team": "T03U4J8HMUG",
    "source_team": "T03U4J8HMUG",
    "user_profile": {
      "avatar_hash": "35b05758f532",
      "image_72": "https://avatars.slack-edge.com/2022-09-30/4156429070997_35b05758f532bdef5b5f_72.jpg",
      "first_name": "Katie",
      "real_name": "Katie Dickerson",
      "display_name": "Katie Dickerson",
      "team": "T03U4J8HMUG",
      "name": "Katie",
      "is_restricted": false,
      "is_ultra_restricted": false
    },
    "thread_ts": "1669392749.586729",
    "parent_user_id": "U03UG32J3PC",
    "reactions": [
      {
        "name": "rolling_on_the_floor_laughing",
        "users": [
          "U03UG32J3PC",
          "U03UFV7HFNF",
          "U03UG1Z21JP"
        ],
        "count": 3
      }
    ]
  },
  {
    "client_msg_id": "b93ed140-dadb-437f-a0b7-3cbffbbfc962",
    "type": "message",
    "text": "<@U03UUR571A5> also told me that He is outsourcing prayers :rolling_on_the_floor_laughing: to get a job immediately",
    "user": "U03UG32J3PC",
    "ts": "1669396126.099139",
    "blocks": [
      {
        "type": "rich_text",
        "block_id": "J4Q8",
        "elements": [
          {
            "type": "rich_text_section",
            "elements": [
              {
                "type": "user",
                "user_id": "U03UUR571A5"
              },
              {
                "type": "text",
                "text": " also told me that He is outsourcing prayers "
              },
              {
                "type": "emoji",
                "name": "rolling_on_the_floor_laughing",
                "unicode": "1f923"
              },
              {
                "type": "text",
                "text": " to get a job immediately"
              }
            ]
          }
        ]
      }
    ],
    "team": "T03U4J8HMUG",
    "user_team": "T03U4J8HMUG",
    "source_team": "T03U4J8HMUG",
    "user_profile": {
      "avatar_hash": "g9e7487b036e",
      "image_72": "https://secure.gravatar.com/avatar/9e7487b036ed726d016a0c5d8189773c.jpg?s=72&d=https%3A%2F%2Fa.slack-edge.com%2Fdf10d%2Fimg%2Favatars%2Fava_0005-72.png",
      "first_name": "April",
      "real_name": "April Lucas",
      "display_name": "April Lucas",
      "team": "T03U4J8HMUG",
      "name": "April",
      "is_restricted": false,
      "is_ultra_restricted": false
    },
    "thread_ts": "1669392749.586729",
    "parent_user_id": "U03UG32J3PC",
    "reactions": [
      {
        "name": "joy",
        "users": [
          "U03V6HMRPGQ",
          "U03UUR571A5",
          "U03UJGRN5E0",
          "U03UFV7HFNF"
        ],
        "count": 4
      }
    ]
  }
]