[
  {
    "client_msg_id": "6ba0367e-3c03-42a1-87de-9ab86698a79b",
    "type": "message",
    "text": "Good morning <!here>",
    "user": "U03V1AM5TFA",
    "ts": "1665988596.041059",
    "blocks": [
      {
        "type": "rich_text",
        "block_id": "xuK",
        "elements": [
          {
            "type": "rich_text_section",
            "elements": [
              {
                "type": "text",
                "text": "Good morning "
              },
              {
                "type": "broadcast",
                "range": "here"
              }
            ]
          }
        ]
      }
    ],
    "team": "T03U4J8HMUG",
    "user_team": "T03U4J8HMUG",
    "source_team": "T03U4J8HMUG",
    "user_profile": {
      "avatar_hash": "102fdd0c183f",
      "image_72": "https://avatars.slack-edge.com/2022-08-19/3963732043714_102fdd0c183f8d6d4215_72.png",
      "first_name": "Vanessa",
      "real_name": "Vanessa Norman",
      "display_name": "Vanessa Norman",
      "team": "T03U4J8HMUG",
      "name": "Vanessa",
      "is_restricted": false,
      "is_ultra_restricted": false
    },
    "thread_ts": "1665988596.041059",
    "reply_count": 2,
    "reply_users_count": 2,
    "latest_reply": "1665991217.610679",
    "reply_users": [
      "U03UG32J3PC",
      "U03UG4Q7V42"
    ],
    "replies": [
      {
        "user": "U03UG32J3PC",
        "ts": "1665988624.095799"
      },
      {
        "user": "U03UG4Q7V42",
        "ts": "1665991217.610679"
      }
    ],
    "is_locked": false,
    "subscribed": false
  },
  {
    "client_msg_id": "71f6963b-968e-4dcd-ae73-4272e7725490",
    "type": "message",
    "text": "Good Morning, Emillien",
    "user": "U03UG32J3PC",
    "ts": "1665988624.095799",
    "blocks": [
      {
        "type": "rich_text",
        "block_id": "0Sbw",
        "elements": [
          {
            "type": "rich_text_section",
            "elements": [
              {
                "type": "text",
                "text": "Good Morning, Emillien"
              }
            ]
          }
        ]
      }
    ],
    "team": "T03U4J8HMUG",
    "user_team": "T03U4J8HMUG",
    "source_team": "T03U4J8HMUG",
    "user_profile": {
      "avatar_hash": "g9e7487b036e",
      "image_72": "https://secure.gravatar.com/avatar/9e7487b036ed726d016a0c5d8189773c.jpg?s=72&d=https%3A%2F%2Fa.slack-edge.com%2Fdf10d%2Fimg%2Favatars%2Fava_0005-72.png",
      "first_name": "April",
      "real_name": "April Lucas",
      "display_name": "April Lucas",
      "team": "T03U4J8HMUG",
      "name": "April",
      "is_restricted": false,
      "is_ultra_restricted": false
    },
    "edited": {
      "user": "U03UG32J3PC",
      "ts": "1665989914.000000"
    },
    "thread_ts": "1665988596.041059",
    "parent_user_id": "U03V1AM5TFA"
  },
  {
    "client_msg_id": "9c8710ab-bf4e-456c-9a8c-54c36c8951f5",
    "type": "message",
    "text": "Good morning",
    "user": "U03U1J51VFZ",
    "ts": "1665988750.442899",
    "blocks": [
      {
        "type": "rich_text",
        "block_id": "VJ65",
        "elements": [
          {
            "type": "rich_text_section",
            "elements": [
              {
                "type": "text",
                "text": "Good morning"
              }
            ]
          }
        ]
      }
    ],
    "team": "T03U4J8HMUG",
    "user_team": "T03U4J8HMUG",
    "source_team": "T03U4J8HMUG",
    "user_profile": {
      "avatar_hash": "f10afbc7b806",
      "image_72": "https://avatars.slack-edge.com/2022-08-20/3968075210083_f10afbc7b8060c472ad0_72.png",
      "first_name": "Cheryl",
      "real_name": "Cheryl Hudson",
      "display_name": "Cheryl Hudson",
      "team": "T03U4J8HMUG",
      "name": "Cheryl",
      "is_restricted": false,
      "is_ultra_restricted": false
    }
  },
  {
    "client_msg_id": "529ADA8B-F601-46E9-B17D-77375DB349AB",
    "type": "message",
    "text": "Good morning ",
    "user": "U03U1FNPEUX",
    "ts": "1665989842.783299",
    "blocks": [
      {
        "type": "rich_text",
        "block_id": "UR0w",
        "elements": [
          {
            "type": "rich_text_section",
            "elements": [
              {
                "type": "text",
                "text": "Good morning "
              }
            ]
          }
        ]
      }
    ],
    "team": "T03U4J8HMUG",
    "user_team": "T03U4J8HMUG",
    "source_team": "T03U4J8HMUG",
    "user_profile": {
      "avatar_hash": "37a12a7dbb92",
      "image_72": "https://avatars.slack-edge.com/2022-09-09/4058043481011_37a12a7dbb926b2c9c86_72.png",
      "first_name": "Joshua",
      "real_name": "Joshua Rhodes",
      "display_name": "Joshua Rhodes",
      "team": "T03U4J8HMUG",
      "name": "Joshua",
      "is_restricted": false,
      "is_ultra_restricted": false
    }
  },
  {
    "client_msg_id": "ac3151c4-abbd-47c4-9c56-7933b0ba82b0",
    "type": "message",
    "text": "Good Morning!!",
    "user": "U03UJH1EQQL",
    "ts": "1665989920.765999",
    "blocks": [
      {
        "type": "rich_text",
        "block_id": "S9Hl",
        "elements": [
          {
            "type": "rich_text_section",
            "elements": [
              {
                "type": "text",
                "text": "Good Morning!!"
              }
            ]
          }
        ]
      }
    ],
    "team": "T03U4J8HMUG",
    "user_team": "T03U4J8HMUG",
    "source_team": "T03U4J8HMUG",
    "user_profile": {
      "avatar_hash": "81b299d9869c",
      "image_72": "https://avatars.slack-edge.com/2022-08-20/3953555815671_81b299d9869ca44e70c1_72.png",
      "first_name": "Kelly",
      "real_name": "Kelly Soto",
      "display_name": "Kelly Soto",
      "team": "T03U4J8HMUG",
      "name": "Kelly",
      "is_restricted": false,
      "is_ultra_restricted": false
    }
  },
  {
    "client_msg_id": "1fc3f8c2-cb71-428b-99cc-635d59c6e9ce",
    "type": "message",
    "text": "morning",
    "user": "U03UG1Z21JP",
    "ts": "1665989949.431499",
    "blocks": [
      {
        "type": "rich_text",
        "block_id": "lAR7",
        "elements": [
          {
            "type": "rich_text_section",
            "elements": [
              {
                "type": "text",
                "text": "morning"
              }
            ]
          }
        ]
      }
    ],
    "team": "T03U4J8HMUG",
    "user_team": "T03U4J8HMUG",
    "source_team": "T03U4J8HMUG",
    "user_profile": {
      "avatar_hash": "a1d3d501dd5d",
      "image_72": "https://avatars.slack-edge.com/2022-08-20/3961568205638_a1d3d501dd5d3f7ebea3_72.jpg",
      "first_name": "Jennifer",
      "real_name": "Jennifer Foley",
      "display_name": "Jennifer Foley",
      "team": "T03U4J8HMUG",
      "name": "Jennifer",
      "is_restricted": false,
      "is_ultra_restricted": false
    }
  }
]