[
  {
    "type": "message",
    "subtype": "channel_join",
    "ts": "1668759897.611609",
    "user": "U03UL5LSTG9",
    "text": "<@U03UL5LSTG9> has joined the channel"
  },
  {
    "type": "message",
    "subtype": "channel_join",
    "ts": "1668760136.346919",
    "user": "U03UD68RQH3",
    "text": "<@U03UD68RQH3> has joined the channel",
    "inviter": "U03UL5LSTG9"
  },
  {
    "type": "message",
    "subtype": "channel_join",
    "ts": "1668760136.418959",
    "user": "U03UJGRN5E0",
    "text": "<@U03UJGRN5E0> has joined the channel",
    "inviter": "U03UL5LSTG9"
  },
  {
    "type": "message",
    "subtype": "channel_join",
    "ts": "1668760136.485139",
    "user": "U03UUP56MDF",
    "text": "<@U03UUP56MDF> has joined the channel",
    "inviter": "U03UL5LSTG9"
  },
  {
    "type": "message",
    "subtype": "channel_join",
    "ts": "1668760136.554679",
    "user": "U03V61VGQG0",
    "text": "<@U03V61VGQG0> has joined the channel",
    "inviter": "U03UL5LSTG9"
  },
  {
    "type": "message",
    "subtype": "channel_join",
    "ts": "1668760136.618399",
    "user": "U03UD4FEDHB",
    "text": "<@U03UD4FEDHB> has joined the channel",
    "inviter": "U03UL5LSTG9"
  },
  {
    "type": "message",
    "subtype": "channel_join",
    "ts": "1668760136.680809",
    "user": "U03U93GNNVB",
    "text": "<@U03U93GNNVB> has joined the channel",
    "inviter": "U03UL5LSTG9"
  },
  {
    "type": "message",
    "subtype": "channel_join",
    "ts": "1668760136.750539",
    "user": "U03TT5KEYCF",
    "text": "<@U03TT5KEYCF> has joined the channel",
    "inviter": "U03UL5LSTG9"
  },
  {
    "type": "message",
    "subtype": "channel_join",
    "ts": "1668760136.813349",
    "user": "U03U4GULU3Y",
    "text": "<@U03U4GULU3Y> has joined the channel",
    "inviter": "U03UL5LSTG9"
  },
  {
    "type": "message",
    "subtype": "channel_join",
    "ts": "1668760136.877549",
    "user": "U03TEPYRM2P",
    "text": "<@U03TEPYRM2P> has joined the channel",
    "inviter": "U03UL5LSTG9"
  },
  {
    "type": "message",
    "subtype": "channel_join",
    "ts": "1668760136.941129",
    "user": "U03V1AM5TFA",
    "text": "<@U03V1AM5TFA> has joined the channel",
    "inviter": "U03UL5LSTG9"
  },
  {
    "type": "message",
    "subtype": "channel_join",
    "ts": "1668760137.009259",
    "user": "U03UP7V9Q57",
    "text": "<@U03UP7V9Q57> has joined the channel",
    "inviter": "U03UL5LSTG9"
  },
  {
    "type": "message",
    "subtype": "channel_join",
    "ts": "1668760137.074349",
    "user": "U03UKL27B0R",
    "text": "<@U03UKL27B0R> has joined the channel",
    "inviter": "U03UL5LSTG9"
  },
  {
    "type": "message",
    "subtype": "channel_join",
    "ts": "1668760137.152349",
    "user": "U03U9DB7REG",
    "text": "<@U03U9DB7REG> has joined the channel",
    "inviter": "U03UL5LSTG9"
  },
  {
    "type": "message",
    "subtype": "channel_join",
    "ts": "1668760137.236349",
    "user": "U03UYNR4TS4",
    "text": "<@U03UYNR4TS4> has joined the channel",
    "inviter": "U03UL5LSTG9"
  },
  {
    "type": "message",
    "subtype": "channel_join",
    "ts": "1668760137.299509",
    "user": "U03V8LHPDME",
    "text": "<@U03V8LHPDME> has joined the channel",
    "inviter": "U03UL5LSTG9"
  },
  {
    "type": "message",
    "subtype": "channel_join",
    "ts": "1668760137.375919",
    "user": "U03UUN8M4RX",
    "text": "<@U03UUN8M4RX> has joined the channel",
    "inviter": "U03UL5LSTG9"
  },
  {
    "type": "message",
    "subtype": "channel_join",
    "ts": "1668760137.605329",
    "user": "U03T89ACUUW",
    "text": "<@U03T89ACUUW> has joined the channel",
    "inviter": "U03UL5LSTG9"
  },
  {
    "type": "message",
    "subtype": "channel_join",
    "ts": "1668760137.669719",
    "user": "U03UDBUL7CL",
    "text": "<@U03UDBUL7CL> has joined the channel",
    "inviter": "U03UL5LSTG9"
  }
]