[
  {
    "client_msg_id": "9D8A21BA-F030-4499-B3B0-C1C296670FF3",
    "type": "message",
    "text": "<@U03UUN8M4RX> could you please echo what you said about what parts to remove from our project?",
    "user": "U03V785NLSU",
    "ts": "1664183003.584899",
    "blocks": [
      {
        "type": "rich_text",
        "block_id": "GyRRj",
        "elements": [
          {
            "type": "rich_text_section",
            "elements": [
              {
                "type": "user",
                "user_id": "U03UUN8M4RX"
              },
              {
                "type": "text",
                "text": " could you please echo what you said about what parts to remove from our project?"
              }
            ]
          }
        ]
      }
    ],
    "team": "T03U4J8HMUG",
    "user_team": "T03U4J8HMUG",
    "source_team": "T03U4J8HMUG",
    "user_profile": {
      "avatar_hash": "48d5c88821e9",
      "image_72": "https://avatars.slack-edge.com/2022-08-21/3993277785968_48d5c88821e922581e17_72.jpg",
      "first_name": "Ashley",
      "real_name": "Ashley Hamilton",
      "display_name": "Ashley Hamilton",
      "team": "T03U4J8HMUG",
      "name": "Ashley",
      "is_restricted": false,
      "is_ultra_restricted": false
    },
    "thread_ts": "1664183003.584899",
    "reply_count": 8,
    "reply_users_count": 4,
    "latest_reply": "1664197215.911939",
    "reply_users": [
      "U03UH397319",
      "U03UD68RQH3",
      "U03UUR571A5",
      "U03UUN8M4RX"
    ],
    "replies": [
      {
        "user": "U03UH397319",
        "ts": "1664183340.611149"
      },
      {
        "user": "U03UH397319",
        "ts": "1664183351.659499"
      },
      {
        "user": "U03UH397319",
        "ts": "1664183358.319519"
      },
      {
        "user": "U03UD68RQH3",
        "ts": "1664184208.091709"
      },
      {
        "user": "U03UUR571A5",
        "ts": "1664184657.087289"
      },
      {
        "user": "U03UH397319",
        "ts": "1664184677.999949"
      },
      {
        "user": "U03UD68RQH3",
        "ts": "1664185031.550729"
      },
      {
        "user": "U03UUN8M4RX",
        "ts": "1664197215.911939"
      }
    ],
    "is_locked": false,
    "subscribed": false
  },
  {
    "client_msg_id": "dbcc0961-596c-4241-a80b-5b671654ca54",
    "type": "message",
    "text": "the example data",
    "user": "U03UH397319",
    "ts": "1664183340.611149",
    "blocks": [
      {
        "type": "rich_text",
        "block_id": "9kSO",
        "elements": [
          {
            "type": "rich_text_section",
            "elements": [
              {
                "type": "text",
                "text": "the example data"
              }
            ]
          }
        ]
      }
    ],
    "team": "T03U4J8HMUG",
    "user_team": "T03U4J8HMUG",
    "source_team": "T03U4J8HMUG",
    "user_profile": {
      "avatar_hash": "gc7c2fbea497",
      "image_72": "https://secure.gravatar.com/avatar/c7c2fbea4976d191e3ad19004e067c11.jpg?s=72&d=https%3A%2F%2Fa.slack-edge.com%2Fdf10d%2Fimg%2Favatars%2Fava_0014-72.png",
      "first_name": "Brenda",
      "real_name": "Brenda Hernandez",
      "display_name": "Brenda Hernandez",
      "team": "T03U4J8HMUG",
      "name": "Brenda",
      "is_restricted": false,
      "is_ultra_restricted": false
    },
    "thread_ts": "1664183003.584899",
    "parent_user_id": "U03V785NLSU"
  },
  {
    "client_msg_id": "bb9ef03c-cadc-4456-8274-7bb0535ae36b",
    "type": "message",
    "text": "if you've put it on your github",
    "user": "U03UH397319",
    "ts": "1664183351.659499",
    "blocks": [
      {
        "type": "rich_text",
        "block_id": "X1b",
        "elements": [
          {
            "type": "rich_text_section",
            "elements": [
              {
                "type": "text",
                "text": "if you've put it on your github"
              }
            ]
          }
        ]
      }
    ],
    "team": "T03U4J8HMUG",
    "user_team": "T03U4J8HMUG",
    "source_team": "T03U4J8HMUG",
    "user_profile": {
      "avatar_hash": "gc7c2fbea497",
      "image_72": "https://secure.gravatar.com/avatar/c7c2fbea4976d191e3ad19004e067c11.jpg?s=72&d=https%3A%2F%2Fa.slack-edge.com%2Fdf10d%2Fimg%2Favatars%2Fava_0014-72.png",
      "first_name": "Brenda",
      "real_name": "Brenda Hernandez",
      "display_name": "Brenda Hernandez",
      "team": "T03U4J8HMUG",
      "name": "Brenda",
      "is_restricted": false,
      "is_ultra_restricted": false
    },
    "thread_ts": "1664183003.584899",
    "parent_user_id": "U03V785NLSU"
  },
  {
    "client_msg_id": "0aaf93f3-0edf-4810-96c4-14e303a1913a",
    "type": "message",
    "text": "or from your drive",
    "user": "U03UH397319",
    "ts": "1664183358.319519",
    "blocks": [
      {
        "type": "rich_text",
        "block_id": "w0CI",
        "elements": [
          {
            "type": "rich_text_section",
            "elements": [
              {
                "type": "text",
                "text": "or from your drive"
              }
            ]
          }
        ]
      }
    ],
    "team": "T03U4J8HMUG",
    "user_team": "T03U4J8HMUG",
    "source_team": "T03U4J8HMUG",
    "user_profile": {
      "avatar_hash": "gc7c2fbea497",
      "image_72": "https://secure.gravatar.com/avatar/c7c2fbea4976d191e3ad19004e067c11.jpg?s=72&d=https%3A%2F%2Fa.slack-edge.com%2Fdf10d%2Fimg%2Favatars%2Fava_0014-72.png",
      "first_name": "Brenda",
      "real_name": "Brenda Hernandez",
      "display_name": "Brenda Hernandez",
      "team": "T03U4J8HMUG",
      "name": "Brenda",
      "is_restricted": false,
      "is_ultra_restricted": false
    },
    "thread_ts": "1664183003.584899",
    "parent_user_id": "U03V785NLSU"
  },
  {
    "client_msg_id": "1858c737-d494-47cc-8ade-0b610de48ba7",
    "type": "message",
    "text": "which one <@U03UH397319> ? job description or the news csv ?",
    "user": "U03UD68RQH3",
    "ts": "1664184208.091709",
    "blocks": [
      {
        "type": "rich_text",
        "block_id": "i3/M",
        "elements": [
          {
            "type": "rich_text_section",
            "elements": [
              {
                "type": "text",
                "text": "which one "
              },
              {
                "type": "user",
                "user_id": "U03UH397319"
              },
              {
                "type": "text",
                "text": " ? job description or the news csv ?"
              }
            ]
          }
        ]
      }
    ],
    "team": "T03U4J8HMUG",
    "user_team": "T03U4J8HMUG",
    "source_team": "T03U4J8HMUG",
    "user_profile": {
      "avatar_hash": "20cf1bb98890",
      "image_72": "https://avatars.slack-edge.com/2022-09-19/4112933864561_20cf1bb98890146c716f_72.png",
      "first_name": "Brady",
      "real_name": "Brady Rhodes",
      "display_name": "Brady Rhodes",
      "team": "T03U4J8HMUG",
      "name": "Brady",
      "is_restricted": false,
      "is_ultra_restricted": false
    },
    "thread_ts": "1664183003.584899",
    "parent_user_id": "U03V785NLSU"
  },
  {
    "client_msg_id": "c8bc01d0-3121-48c5-9ea1-63a0547b671c",
    "type": "message",
    "text": "<@U03UD68RQH3> The News csv",
    "user": "U03UUR571A5",
    "ts": "1664184657.087289",
    "blocks": [
      {
        "type": "rich_text",
        "block_id": "VqUu",
        "elements": [
          {
            "type": "rich_text_section",
            "elements": [
              {
                "type": "user",
                "user_id": "U03UD68RQH3"
              },
              {
                "type": "text",
                "text": " The News csv"
              }
            ]
          }
        ]
      }
    ],
    "team": "T03U4J8HMUG",
    "user_team": "T03U4J8HMUG",
    "source_team": "T03U4J8HMUG",
    "user_profile": {
      "avatar_hash": "g95c5cde44bc",
      "image_72": "https://secure.gravatar.com/avatar/95c5cde44bc023bd369920b7e1ed0c94.jpg?s=72&d=https%3A%2F%2Fa.slack-edge.com%2Fdf10d%2Fimg%2Favatars%2Fava_0017-72.png",
      "first_name": "Amy",
      "real_name": "Amy Leon",
      "display_name": "Amy Leon",
      "team": "T03U4J8HMUG",
      "name": "Amy",
      "is_restricted": false,
      "is_ultra_restricted": false
    },
    "thread_ts": "1664183003.584899",
    "parent_user_id": "U03V785NLSU"
  },
  {
    "client_msg_id": "33d46c04-11c5-4434-bee1-ab90c9379d07",
    "type": "message",
    "text": "The news csv",
    "user": "U03UH397319",
    "ts": "1664184677.999949",
    "blocks": [
      {
        "type": "rich_text",
        "block_id": "kl3j",
        "elements": [
          {
            "type": "rich_text_section",
            "elements": [
              {
                "type": "text",
                "text": "The news csv"
              }
            ]
          }
        ]
      }
    ],
    "team": "T03U4J8HMUG",
    "user_team": "T03U4J8HMUG",
    "source_team": "T03U4J8HMUG",
    "user_profile": {
      "avatar_hash": "gc7c2fbea497",
      "image_72": "https://secure.gravatar.com/avatar/c7c2fbea4976d191e3ad19004e067c11.jpg?s=72&d=https%3A%2F%2Fa.slack-edge.com%2Fdf10d%2Fimg%2Favatars%2Fava_0014-72.png",
      "first_name": "Brenda",
      "real_name": "Brenda Hernandez",
      "display_name": "Brenda Hernandez",
      "team": "T03U4J8HMUG",
      "name": "Brenda",
      "is_restricted": false,
      "is_ultra_restricted": false
    },
    "thread_ts": "1664183003.584899",
    "parent_user_id": "U03V785NLSU"
  },
  {
    "client_msg_id": "0b77eb18-9539-4118-93d1-4f598297fbc1",
    "type": "message",
    "text": "Thanks <@U03UH397319>",
    "user": "U03UD68RQH3",
    "ts": "1664185031.550729",
    "blocks": [
      {
        "type": "rich_text",
        "block_id": "wY5m",
        "elements": [
          {
            "type": "rich_text_section",
            "elements": [
              {
                "type": "text",
                "text": "Thanks "
              },
              {
                "type": "user",
                "user_id": "U03UH397319"
              }
            ]
          }
        ]
      }
    ],
    "team": "T03U4J8HMUG",
    "user_team": "T03U4J8HMUG",
    "source_team": "T03U4J8HMUG",
    "user_profile": {
      "avatar_hash": "20cf1bb98890",
      "image_72": "https://avatars.slack-edge.com/2022-09-19/4112933864561_20cf1bb98890146c716f_72.png",
      "first_name": "Brady",
      "real_name": "Brady Rhodes",
      "display_name": "Brady Rhodes",
      "team": "T03U4J8HMUG",
      "name": "Brady",
      "is_restricted": false,
      "is_ultra_restricted": false
    },
    "thread_ts": "1664183003.584899",
    "parent_user_id": "U03V785NLSU"
  },
  {
    "client_msg_id": "10dcff98-c254-4a40-a720-a3a967a2443d",
    "type": "message",
    "text": "Thanks guys, yes it is the news data that you should remove from your git",
    "user": "U03UUN8M4RX",
    "ts": "1664197215.911939",
    "blocks": [
      {
        "type": "rich_text",
        "block_id": "jKo",
        "elements": [
          {
            "type": "rich_text_section",
            "elements": [
              {
                "type": "text",
                "text": "Thanks guys, yes it is the news data that you should remove from your git"
              }
            ]
          }
        ]
      }
    ],
    "team": "T03U4J8HMUG",
    "user_team": "T03U4J8HMUG",
    "source_team": "T03U4J8HMUG",
    "user_profile": {
      "avatar_hash": "bc5543c34cbf",
      "image_72": "https://avatars.slack-edge.com/2022-08-20/3965164038549_bc5543c34cbf4cc3f27d_72.png",
      "first_name": "Eric",
      "real_name": "Eric Myers",
      "display_name": "Eric Myers",
      "team": "T03U4J8HMUG",
      "name": "Eric",
      "is_restricted": false,
      "is_ultra_restricted": false
    },
    "thread_ts": "1664183003.584899",
    "parent_user_id": "U03V785NLSU"
  },
  {
    "client_msg_id": "523b716a-a5e5-482e-b2a2-6273dbfe91f6",
    "type": "message",
    "text": "<!channel> confirm if you have removed the news data from your git, and also if you put it in the medium blog (edit to remove that particular table).",
    "user": "U03UUN8M4RX",
    "ts": "1664197292.152259",
    "blocks": [
      {
        "type": "rich_text",
        "block_id": "okuq1",
        "elements": [
          {
            "type": "rich_text_section",
            "elements": [
              {
                "type": "broadcast",
                "range": "channel"
              },
              {
                "type": "text",
                "text": " confirm if you have removed the news data from your git, and also if you put it in the medium blog (edit to remove that particular table)."
              }
            ]
          }
        ]
      }
    ],
    "team": "T03U4J8HMUG",
    "user_team": "T03U4J8HMUG",
    "source_team": "T03U4J8HMUG",
    "user_profile": {
      "avatar_hash": "bc5543c34cbf",
      "image_72": "https://avatars.slack-edge.com/2022-08-20/3965164038549_bc5543c34cbf4cc3f27d_72.png",
      "first_name": "Eric",
      "real_name": "Eric Myers",
      "display_name": "Eric Myers",
      "team": "T03U4J8HMUG",
      "name": "Eric",
      "is_restricted": false,
      "is_ultra_restricted": false
    },
    "thread_ts": "1664197292.152259",
    "reply_count": 12,
    "reply_users_count": 8,
    "latest_reply": "1664366553.792089",
    "reply_users": [
      "U03UVHCV6KB",
      "U03UG4Q7V42",
      "U03UG5VFN03",
      "U03UUN8M4RX",
      "U03U1HAG9TR",
      "U03UH397319",
      "U03UD68RQH3",
      "U03UJGP0C68"
    ],
    "replies": [
      {
        "user": "U03UVHCV6KB",
        "ts": "1664197340.707369"
      },
      {
        "user": "U03UG4Q7V42",
        "ts": "1664197505.272129"
      },
      {
        "user": "U03UVHCV6KB",
        "ts": "1664197534.080959"
      },
      {
        "user": "U03UG5VFN03",
        "ts": "1664201782.402309"
      },
      {
        "user": "U03UUN8M4RX",
        "ts": "1664202619.369329"
      },
      {
        "user": "U03UUN8M4RX",
        "ts": "1664202629.575279"
      },
      {
        "user": "U03U1HAG9TR",
        "ts": "1664207250.804599"
      },
      {
        "user": "U03UH397319",
        "ts": "1664209193.803669"
      },
      {
        "user": "U03UD68RQH3",
        "ts": "1664210379.643299"
      },
      {
        "user": "U03UJGP0C68",
        "ts": "1664218691.062949"
      },
      {
        "user": "U03UUN8M4RX",
        "ts": "1664366548.344239"
      },
      {
        "user": "U03UUN8M4RX",
        "ts": "1664366553.792089"
      }
    ],
    "is_locked": false,
    "subscribed": false,
    "reactions": [
      {
        "name": "white_check_mark",
        "users": [
          "U03UG32J3PC",
          "U03UFV7HFNF",
          "U03UJGRN5E0",
          "U03U9EJR362",
          "U03UH397319"
        ],
        "count": 5
      }
    ]
  },
  {
    "client_msg_id": "fbbf1cee-bc86-4f58-9651-8548d78ff206",
    "type": "message",
    "text": "like in this thread?",
    "user": "U03UVHCV6KB",
    "ts": "1664197340.707369",
    "blocks": [
      {
        "type": "rich_text",
        "block_id": "UD3L",
        "elements": [
          {
            "type": "rich_text_section",
            "elements": [
              {
                "type": "text",
                "text": "like in this thread?"
              }
            ]
          }
        ]
      }
    ],
    "team": "T03U4J8HMUG",
    "user_team": "T03U4J8HMUG",
    "source_team": "T03U4J8HMUG",
    "user_profile": {
      "avatar_hash": "gc9619121f99",
      "image_72": "https://secure.gravatar.com/avatar/c9619121f998ee4a7e46177f2a5729de.jpg?s=72&d=https%3A%2F%2Fa.slack-edge.com%2Fdf10d%2Fimg%2Favatars%2Fava_0002-72.png",
      "first_name": "Travis",
      "real_name": "Travis Butler",
      "display_name": "Travis Butler",
      "team": "T03U4J8HMUG",
      "name": "Travis",
      "is_restricted": false,
      "is_ultra_restricted": false
    },
    "thread_ts": "1664197292.152259",
    "parent_user_id": "U03UUN8M4RX"
  },
  {
    "client_msg_id": "bb5f8cd2-e305-431a-9044-823aa2a60bc9",
    "type": "message",
    "text": "Mine is versioned using dvc and i setup it on drive. Do i have to remove the dvc?",
    "user": "U03UG4Q7V42",
    "ts": "1664197505.272129",
    "blocks": [
      {
        "type": "rich_text",
        "block_id": "64F",
        "elements": [
          {
            "type": "rich_text_section",
            "elements": [
              {
                "type": "text",
                "text": "Mine is versioned using dvc and i setup it on drive. Do i have to remove the dvc?"
              }
            ]
          }
        ]
      }
    ],
    "team": "T03U4J8HMUG",
    "user_team": "T03U4J8HMUG",
    "source_team": "T03U4J8HMUG",
    "user_profile": {
      "avatar_hash": "5bc346a85286",
      "image_72": "https://avatars.slack-edge.com/2022-08-20/3968048875651_5bc346a852866218ec6b_72.png",
      "first_name": "Phillip",
      "real_name": "Phillip Atkins",
      "display_name": "Phillip Atkins",
      "team": "T03U4J8HMUG",
      "name": "Phillip",
      "is_restricted": false,
      "is_ultra_restricted": false
    },
    "thread_ts": "1664197292.152259",
    "parent_user_id": "U03UUN8M4RX",
    "reactions": [
      {
        "name": "raised_hands",
        "users": [
          "U03UVHCV6KB"
        ],
        "count": 1
      }
    ]
  },
  {
    "client_msg_id": "d1bb9338-a380-409a-8fcd-f9406dd2c6c2",
    "type": "message",
    "text": "--- DONE ---",
    "user": "U03UVHCV6KB",
    "ts": "1664197534.080959",
    "blocks": [
      {
        "type": "rich_text",
        "block_id": "vbX",
        "elements": [
          {
            "type": "rich_text_section",
            "elements": [
              {
                "type": "text",
                "text": "--- DONE ---"
              }
            ]
          }
        ]
      }
    ],
    "team": "T03U4J8HMUG",
    "user_team": "T03U4J8HMUG",
    "source_team": "T03U4J8HMUG",
    "user_profile": {
      "avatar_hash": "gc9619121f99",
      "image_72": "https://secure.gravatar.com/avatar/c9619121f998ee4a7e46177f2a5729de.jpg?s=72&d=https%3A%2F%2Fa.slack-edge.com%2Fdf10d%2Fimg%2Favatars%2Fava_0002-72.png",
      "first_name": "Travis",
      "real_name": "Travis Butler",
      "display_name": "Travis Butler",
      "team": "T03U4J8HMUG",
      "name": "Travis",
      "is_restricted": false,
      "is_ultra_restricted": false
    },
    "thread_ts": "1664197292.152259",
    "parent_user_id": "U03UUN8M4RX"
  },
  {
    "client_msg_id": "0e250059-d13a-47e6-b986-89fa5beb6ad8",
    "type": "message",
    "text": "Not add on git or medium",
    "user": "U03UG5VFN03",
    "ts": "1664201782.402309",
    "blocks": [
      {
        "type": "rich_text",
        "block_id": "Sde2u",
        "elements": [
          {
            "type": "rich_text_section",
            "elements": [
              {
                "type": "text",
                "text": "Not add on git or medium"
              }
            ]
          }
        ]
      }
    ],
    "team": "T03U4J8HMUG",
    "user_team": "T03U4J8HMUG",
    "source_team": "T03U4J8HMUG",
    "user_profile": {
      "avatar_hash": "1eec51b41e1b",
      "image_72": "https://avatars.slack-edge.com/2022-08-20/3980936144801_1eec51b41e1b370500be_72.png",
      "first_name": "Nancy",
      "real_name": "Nancy Craig",
      "display_name": "Nancy Craig",
      "team": "T03U4J8HMUG",
      "name": "Nancy",
      "is_restricted": false,
      "is_ultra_restricted": false
    },
    "thread_ts": "1664197292.152259",
    "parent_user_id": "U03UUN8M4RX",
    "reactions": [
      {
        "name": "raised_hands",
        "users": [
          "U03UVHCV6KB"
        ],
        "count": 1
      }
    ]
  },
  {
    "client_msg_id": "1369913a-493b-423c-892b-0ed246c1a78d",
    "type": "message",
    "text": "<@U03UG4Q7V42> no",
    "user": "U03UUN8M4RX",
    "ts": "1664202619.369329",
    "blocks": [
      {
        "type": "rich_text",
        "block_id": "Z4V",
        "elements": [
          {
            "type": "rich_text_section",
            "elements": [
              {
                "type": "user",
                "user_id": "U03UG4Q7V42"
              },
              {
                "type": "text",
                "text": " no"
              }
            ]
          }
        ]
      }
    ],
    "team": "T03U4J8HMUG",
    "user_team": "T03U4J8HMUG",
    "source_team": "T03U4J8HMUG",
    "user_profile": {
      "avatar_hash": "bc5543c34cbf",
      "image_72": "https://avatars.slack-edge.com/2022-08-20/3965164038549_bc5543c34cbf4cc3f27d_72.png",
      "first_name": "Eric",
      "real_name": "Eric Myers",
      "display_name": "Eric Myers",
      "team": "T03U4J8HMUG",
      "name": "Eric",
      "is_restricted": false,
      "is_ultra_restricted": false
    },
    "thread_ts": "1664197292.152259",
    "parent_user_id": "U03UUN8M4RX",
    "reactions": [
      {
        "name": "white_check_mark",
        "users": [
          "U03UG4Q7V42"
        ],
        "count": 1
      }
    ]
  },
  {
    "client_msg_id": "77127841-7c55-42d6-b9d5-3852350f6faf",
    "type": "message",
    "text": "only the ones who put data in github",
    "user": "U03UUN8M4RX",
    "ts": "1664202629.575279",
    "blocks": [
      {
        "type": "rich_text",
        "block_id": "Wyl",
        "elements": [
          {
            "type": "rich_text_section",
            "elements": [
              {
                "type": "text",
                "text": "only the ones who put data in github"
              }
            ]
          }
        ]
      }
    ],
    "team": "T03U4J8HMUG",
    "user_team": "T03U4J8HMUG",
    "source_team": "T03U4J8HMUG",
    "user_profile": {
      "avatar_hash": "bc5543c34cbf",
      "image_72": "https://avatars.slack-edge.com/2022-08-20/3965164038549_bc5543c34cbf4cc3f27d_72.png",
      "first_name": "Eric",
      "real_name": "Eric Myers",
      "display_name": "Eric Myers",
      "team": "T03U4J8HMUG",
      "name": "Eric",
      "is_restricted": false,
      "is_ultra_restricted": false
    },
    "thread_ts": "1664197292.152259",
    "parent_user_id": "U03UUN8M4RX"
  },
  {
    "client_msg_id": "d702c66a-74fa-46ac-b62a-fabe0aa2d303",
    "type": "message",
    "text": "Removed from GitHub",
    "user": "U03U1HAG9TR",
    "ts": "1664207250.804599",
    "blocks": [
      {
        "type": "rich_text",
        "block_id": "H5sx",
        "elements": [
          {
            "type": "rich_text_section",
            "elements": [
              {
                "type": "text",
                "text": "Removed from GitHub"
              }
            ]
          }
        ]
      }
    ],
    "team": "T03U4J8HMUG",
    "user_team": "T03U4J8HMUG",
    "source_team": "T03U4J8HMUG",
    "user_profile": {
      "avatar_hash": "4e4331305ef1",
      "image_72": "https://avatars.slack-edge.com/2022-08-20/3980783297649_4e4331305ef102cc4346_72.jpg",
      "first_name": "Robert",
      "real_name": "Robert Carter",
      "display_name": "Robert Carter",
      "team": "T03U4J8HMUG",
      "name": "Robert",
      "is_restricted": false,
      "is_ultra_restricted": false
    },
    "thread_ts": "1664197292.152259",
    "parent_user_id": "U03UUN8M4RX"
  },
  {
    "client_msg_id": "a7f88998-8958-4f0e-92aa-55f897c1ddc0",
    "type": "message",
    "text": "I did not have on git. Just the dvc track",
    "user": "U03UH397319",
    "ts": "1664209193.803669",
    "blocks": [
      {
        "type": "rich_text",
        "block_id": "SZ/",
        "elements": [
          {
            "type": "rich_text_section",
            "elements": [
              {
                "type": "text",
                "text": "I did not have on git. Just the dvc track"
              }
            ]
          }
        ]
      }
    ],
    "team": "T03U4J8HMUG",
    "user_team": "T03U4J8HMUG",
    "source_team": "T03U4J8HMUG",
    "user_profile": {
      "avatar_hash": "gc7c2fbea497",
      "image_72": "https://secure.gravatar.com/avatar/c7c2fbea4976d191e3ad19004e067c11.jpg?s=72&d=https%3A%2F%2Fa.slack-edge.com%2Fdf10d%2Fimg%2Favatars%2Fava_0014-72.png",
      "first_name": "Brenda",
      "real_name": "Brenda Hernandez",
      "display_name": "Brenda Hernandez",
      "team": "T03U4J8HMUG",
      "name": "Brenda",
      "is_restricted": false,
      "is_ultra_restricted": false
    },
    "thread_ts": "1664197292.152259",
    "parent_user_id": "U03UUN8M4RX"
  },
  {
    "client_msg_id": "112ebe75-3d95-4e31-b833-e39942a86ba6",
    "type": "message",
    "text": "I didn't have it on my git",
    "user": "U03UD68RQH3",
    "ts": "1664210379.643299",
    "blocks": [
      {
        "type": "rich_text",
        "block_id": "e8BKI",
        "elements": [
          {
            "type": "rich_text_section",
            "elements": [
              {
                "type": "text",
                "text": "I didn't have it on my git"
              }
            ]
          }
        ]
      }
    ],
    "team": "T03U4J8HMUG",
    "user_team": "T03U4J8HMUG",
    "source_team": "T03U4J8HMUG",
    "user_profile": {
      "avatar_hash": "20cf1bb98890",
      "image_72": "https://avatars.slack-edge.com/2022-09-19/4112933864561_20cf1bb98890146c716f_72.png",
      "first_name": "Brady",
      "real_name": "Brady Rhodes",
      "display_name": "Brady Rhodes",
      "team": "T03U4J8HMUG",
      "name": "Brady",
      "is_restricted": false,
      "is_ultra_restricted": false
    },
    "thread_ts": "1664197292.152259",
    "parent_user_id": "U03UUN8M4RX"
  },
  {
    "client_msg_id": "ec995313-057f-4e62-999a-2a945680d7c6",
    "type": "message",
    "text": "<@U03UUN8M4RX> I do have the data on git...so shall I delete the data or make the repository private or delete the repository??",
    "user": "U03UJGP0C68",
    "ts": "1664218691.062949",
    "blocks": [
      {
        "type": "rich_text",
        "block_id": "gEI",
        "elements": [
          {
            "type": "rich_text_section",
            "elements": [
              {
                "type": "user",
                "user_id": "U03UUN8M4RX"
              },
              {
                "type": "text",
                "text": " I do have the data on git...so shall I delete the data or make the repository private or delete the repository??"
              }
            ]
          }
        ]
      }
    ],
    "team": "T03U4J8HMUG",
    "user_team": "T03U4J8HMUG",
    "source_team": "T03U4J8HMUG",
    "user_profile": {
      "avatar_hash": "259faccdce43",
      "image_72": "https://avatars.slack-edge.com/2022-08-20/3965145363573_259faccdce439a8c6345_72.png",
      "first_name": "Judith",
      "real_name": "Judith Bolton",
      "display_name": "Judith Bolton",
      "team": "T03U4J8HMUG",
      "name": "Judith",
      "is_restricted": false,
      "is_ultra_restricted": false
    },
    "thread_ts": "1664197292.152259",
    "parent_user_id": "U03UUN8M4RX"
  }
]