[
  {
    "type": "message",
    "text": "#help please",
    "files": [
      {
        "id": "F047YQSJW7Q",
        "created": 1666781538,
        "timestamp": 1666781538,
        "name": "Screenshot from 2022-10-26 06-51-57.png",
        "title": "Screenshot from 2022-10-26 06-51-57.png",
        "mimetype": "image/png",
        "filetype": "png",
        "pretty_type": "PNG",
        "user": "U03UHB8CXDY",
        "user_team": "T03U4J8HMUG",
        "editable": false,
        "size": 37147,
        "mode": "hosted",
        "is_external": false,
        "external_type": "",
        "is_public": true,
        "public_url_shared": false,
        "display_as_bot": false,
        "username": "",
        "url_private": "https://files.slack.com/files-pri/T03U4J8HMUG-F047YQSJW7Q/screenshot_from_2022-10-26_06-51-57.png?t=xoxe-3956620599968-6240746766294-6247387524178-110fc6768eefd7fcb909c4550875ed49",
        "url_private_download": "https://files.slack.com/files-pri/T03U4J8HMUG-F047YQSJW7Q/download/screenshot_from_2022-10-26_06-51-57.png?t=xoxe-3956620599968-6240746766294-6247387524178-110fc6768eefd7fcb909c4550875ed49",
        "media_display_type": "unknown",
        "thumb_64": "https://files.slack.com/files-tmb/T03U4J8HMUG-F047YQSJW7Q-0f9c607e65/screenshot_from_2022-10-26_06-51-57_64.png?t=xoxe-3956620599968-6240746766294-6247387524178-110fc6768eefd7fcb909c4550875ed49",
        "thumb_80": "https://files.slack.com/files-tmb/T03U4J8HMUG-F047YQSJW7Q-0f9c607e65/screenshot_from_2022-10-26_06-51-57_80.png?t=xoxe-3956620599968-6240746766294-6247387524178-110fc6768eefd7fcb909c4550875ed49",
        "thumb_360": "https://files.slack.com/files-tmb/T03U4J8HMUG-F047YQSJW7Q-0f9c607e65/screenshot_from_2022-10-26_06-51-57_360.png?t=xoxe-3956620599968-6240746766294-6247387524178-110fc6768eefd7fcb909c4550875ed49",
        "thumb_360_w": 360,
        "thumb_360_h": 106,
        "thumb_480": "https://files.slack.com/files-tmb/T03U4J8HMUG-F047YQSJW7Q-0f9c607e65/screenshot_from_2022-10-26_06-51-57_480.png?t=xoxe-3956620599968-6240746766294-6247387524178-110fc6768eefd7fcb909c4550875ed49",
        "thumb_480_w": 480,
        "thumb_480_h": 142,
        "thumb_160": "https://files.slack.com/files-tmb/T03U4J8HMUG-F047YQSJW7Q-0f9c607e65/screenshot_from_2022-10-26_06-51-57_160.png?t=xoxe-3956620599968-6240746766294-6247387524178-110fc6768eefd7fcb909c4550875ed49",
        "original_w": 667,
        "original_h": 197,
        "thumb_tiny": "AwAOADCjwe1HHpSUtMoDj6UmKWkoAMUUUZoA/9k=",
        "permalink": "https://10academybatch6.slack.com/files/U03UHB8CXDY/F047YQSJW7Q/screenshot_from_2022-10-26_06-51-57.png",
        "permalink_public": "https://slack-files.com/T03U4J8HMUG-F047YQSJW7Q-bbe964b4a9",
        "is_starred": false,
        "has_rich_preview": false,
        "file_access": "visible"
      }
    ],
    "upload": false,
    "user": "U03UHB8CXDY",
    "display_as_bot": false,
    "ts": "1666781561.703899",
    "blocks": [
      {
        "type": "rich_text",
        "block_id": "+/D",
        "elements": [
          {
            "type": "rich_text_section",
            "elements": [
              {
                "type": "text",
                "text": "#help please"
              }
            ]
          }
        ]
      }
    ],
    "edited": {
      "user": "U03UHB8CXDY",
      "ts": "1666784170.000000"
    },
    "client_msg_id": "ef310a39-28b9-480f-b408-ca2d58db4eb6",
    "thread_ts": "1666781561.703899",
    "reply_count": 8,
    "reply_users_count": 3,
    "latest_reply": "1666787430.816379",
    "reply_users": [
      "U03T89ACUUW",
      "U03U9DB7REG",
      "U03UHB8CXDY"
    ],
    "replies": [
      {
        "user": "U03T89ACUUW",
        "ts": "1666784098.316029"
      },
      {
        "user": "U03U9DB7REG",
        "ts": "1666784575.377249"
      },
      {
        "user": "U03UHB8CXDY",
        "ts": "1666784654.336869"
      },
      {
        "user": "U03U9DB7REG",
        "ts": "1666785092.251479"
      },
      {
        "user": "U03UHB8CXDY",
        "ts": "1666785178.024009"
      },
      {
        "user": "U03U9DB7REG",
        "ts": "1666785429.641669"
      },
      {
        "user": "U03UHB8CXDY",
        "ts": "1666785501.111829"
      },
      {
        "user": "U03UHB8CXDY",
        "ts": "1666787430.816379"
      }
    ],
    "is_locked": false,
    "subscribed": false
  },
  {
    "client_msg_id": "74a8e802-8970-44ef-a06a-55565868d062",
    "type": "message",
    "text": "<@U03UKL27B0R> <@U03U9DB7REG> <@U03V8LHPDME> <@U03U9DB7REG> or other colleagues! Any support here?",
    "user": "U03T89ACUUW",
    "ts": "1666784098.316029",
    "blocks": [
      {
        "type": "rich_text",
        "block_id": "0x8e",
        "elements": [
          {
            "type": "rich_text_section",
            "elements": [
              {
                "type": "user",
                "user_id": "U03UKL27B0R"
              },
              {
                "type": "text",
                "text": " "
              },
              {
                "type": "user",
                "user_id": "U03U9DB7REG"
              },
              {
                "type": "text",
                "text": " "
              },
              {
                "type": "user",
                "user_id": "U03V8LHPDME"
              },
              {
                "type": "text",
                "text": " "
              },
              {
                "type": "user",
                "user_id": "U03U9DB7REG"
              },
              {
                "type": "text",
                "text": " or other colleagues! Any support here?"
              }
            ]
          }
        ]
      }
    ],
    "team": "T03U4J8HMUG",
    "user_team": "T03U4J8HMUG",
    "source_team": "T03U4J8HMUG",
    "user_profile": {
      "avatar_hash": "5d532c004550",
      "image_72": "https://avatars.slack-edge.com/2022-08-23/3979962953108_5d532c00455016e7842d_72.jpg",
      "first_name": "Carlos",
      "real_name": "Carlos Gross",
      "display_name": "Carlos Gross",
      "team": "T03U4J8HMUG",
      "name": "Carlos",
      "is_restricted": false,
      "is_ultra_restricted": false
    },
    "thread_ts": "1666781561.703899",
    "parent_user_id": "U03UHB8CXDY"
  },
  {
    "client_msg_id": "41b54486-0cb5-4733-97a8-15b9891b1620",
    "type": "message",
    "text": "What is this error from?",
    "user": "U03U9DB7REG",
    "ts": "1666784575.377249",
    "blocks": [
      {
        "type": "rich_text",
        "block_id": "leZn",
        "elements": [
          {
            "type": "rich_text_section",
            "elements": [
              {
                "type": "text",
                "text": "What is this error from?"
              }
            ]
          }
        ]
      }
    ],
    "team": "T03U4J8HMUG",
    "user_team": "T03U4J8HMUG",
    "source_team": "T03U4J8HMUG",
    "user_profile": {
      "avatar_hash": "10b2063307e9",
      "image_72": "https://avatars.slack-edge.com/2022-08-18/3958997027442_10b2063307e91bfe2157_72.png",
      "first_name": "John",
      "real_name": "John Romero",
      "display_name": "John Romero",
      "team": "T03U4J8HMUG",
      "name": "John",
      "is_restricted": false,
      "is_ultra_restricted": false
    },
    "thread_ts": "1666781561.703899",
    "parent_user_id": "U03UHB8CXDY"
  },
  {
    "client_msg_id": "74d06bb9-5a1b-4815-a301-b58607a5c377",
    "type": "message",
    "text": "while i run \"npx hardhat\"",
    "user": "U03UHB8CXDY",
    "ts": "1666784654.336869",
    "blocks": [
      {
        "type": "rich_text",
        "block_id": "lJNM",
        "elements": [
          {
            "type": "rich_text_section",
            "elements": [
              {
                "type": "text",
                "text": "while i run \"npx hardhat\""
              }
            ]
          }
        ]
      }
    ],
    "team": "T03U4J8HMUG",
    "user_team": "T03U4J8HMUG",
    "source_team": "T03U4J8HMUG",
    "user_profile": {
      "avatar_hash": "374fee609510",
      "image_72": "https://avatars.slack-edge.com/2022-09-30/4159182498980_374fee609510e6ff1526_72.jpg",
      "first_name": "Yvonne",
      "real_name": "Yvonne Gonzalez",
      "display_name": "Yvonne Gonzalez",
      "team": "T03U4J8HMUG",
      "name": "Yvonne",
      "is_restricted": false,
      "is_ultra_restricted": false
    },
    "edited": {
      "user": "U03UHB8CXDY",
      "ts": "1666784952.000000"
    },
    "thread_ts": "1666781561.703899",
    "parent_user_id": "U03UHB8CXDY"
  },
  {
    "client_msg_id": "acdbbba8-d26a-4db7-878f-aa30503defbf",
    "type": "message",
    "text": "Its hard to say. can you share the full log.",
    "user": "U03U9DB7REG",
    "ts": "1666785092.251479",
    "blocks": [
      {
        "type": "rich_text",
        "block_id": "upbc",
        "elements": [
          {
            "type": "rich_text_section",
            "elements": [
              {
                "type": "text",
                "text": "Its hard to say. can you share the full log."
              }
            ]
          }
        ]
      }
    ],
    "team": "T03U4J8HMUG",
    "user_team": "T03U4J8HMUG",
    "source_team": "T03U4J8HMUG",
    "user_profile": {
      "avatar_hash": "10b2063307e9",
      "image_72": "https://avatars.slack-edge.com/2022-08-18/3958997027442_10b2063307e91bfe2157_72.png",
      "first_name": "John",
      "real_name": "John Romero",
      "display_name": "John Romero",
      "team": "T03U4J8HMUG",
      "name": "John",
      "is_restricted": false,
      "is_ultra_restricted": false
    },
    "thread_ts": "1666781561.703899",
    "parent_user_id": "U03UHB8CXDY"
  },
  {
    "type": "message",
    "text": "",
    "files": [
      {
        "id": "F047R48MJFR",
        "created": 1666785173,
        "timestamp": 1666785173,
        "name": "Screenshot from 2022-10-26 07-52-37.png",
        "title": "Screenshot from 2022-10-26 07-52-37.png",
        "mimetype": "image/png",
        "filetype": "png",
        "pretty_type": "PNG",
        "user": "U03UHB8CXDY",
        "user_team": "T03U4J8HMUG",
        "editable": false,
        "size": 56908,
        "mode": "hosted",
        "is_external": false,
        "external_type": "",
        "is_public": true,
        "public_url_shared": false,
        "display_as_bot": false,
        "username": "",
        "url_private": "https://files.slack.com/files-pri/T03U4J8HMUG-F047R48MJFR/screenshot_from_2022-10-26_07-52-37.png?t=xoxe-3956620599968-6240746766294-6247387524178-110fc6768eefd7fcb909c4550875ed49",
        "url_private_download": "https://files.slack.com/files-pri/T03U4J8HMUG-F047R48MJFR/download/screenshot_from_2022-10-26_07-52-37.png?t=xoxe-3956620599968-6240746766294-6247387524178-110fc6768eefd7fcb909c4550875ed49",
        "media_display_type": "unknown",
        "thumb_64": "https://files.slack.com/files-tmb/T03U4J8HMUG-F047R48MJFR-1c49659f4c/screenshot_from_2022-10-26_07-52-37_64.png?t=xoxe-3956620599968-6240746766294-6247387524178-110fc6768eefd7fcb909c4550875ed49",
        "thumb_80": "https://files.slack.com/files-tmb/T03U4J8HMUG-F047R48MJFR-1c49659f4c/screenshot_from_2022-10-26_07-52-37_80.png?t=xoxe-3956620599968-6240746766294-6247387524178-110fc6768eefd7fcb909c4550875ed49",
        "thumb_360": "https://files.slack.com/files-tmb/T03U4J8HMUG-F047R48MJFR-1c49659f4c/screenshot_from_2022-10-26_07-52-37_360.png?t=xoxe-3956620599968-6240746766294-6247387524178-110fc6768eefd7fcb909c4550875ed49",
        "thumb_360_w": 360,
        "thumb_360_h": 117,
        "thumb_480": "https://files.slack.com/files-tmb/T03U4J8HMUG-F047R48MJFR-1c49659f4c/screenshot_from_2022-10-26_07-52-37_480.png?t=xoxe-3956620599968-6240746766294-6247387524178-110fc6768eefd7fcb909c4550875ed49",
        "thumb_480_w": 480,
        "thumb_480_h": 156,
        "thumb_160": "https://files.slack.com/files-tmb/T03U4J8HMUG-F047R48MJFR-1c49659f4c/screenshot_from_2022-10-26_07-52-37_160.png?t=xoxe-3956620599968-6240746766294-6247387524178-110fc6768eefd7fcb909c4550875ed49",
        "thumb_720": "https://files.slack.com/files-tmb/T03U4J8HMUG-F047R48MJFR-1c49659f4c/screenshot_from_2022-10-26_07-52-37_720.png?t=xoxe-3956620599968-6240746766294-6247387524178-110fc6768eefd7fcb909c4550875ed49",
        "thumb_720_w": 720,
        "thumb_720_h": 234,
        "original_w": 762,
        "original_h": 248,
        "thumb_tiny": "AwAPADClk9wKM/7P600UtMoCR/doyP7tFGaAAtnsKT8KKKAP/9k=",
        "permalink": "https://10academybatch6.slack.com/files/U03UHB8CXDY/F047R48MJFR/screenshot_from_2022-10-26_07-52-37.png",
        "permalink_public": "https://slack-files.com/T03U4J8HMUG-F047R48MJFR-616684947f",
        "is_starred": false,
        "has_rich_preview": false,
        "file_access": "visible"
      }
    ],
    "upload": false,
    "user": "U03UHB8CXDY",
    "display_as_bot": false,
    "ts": "1666785178.024009",
    "client_msg_id": "3c58b2ea-e5ad-4140-9b3e-b6facea99f8f",
    "thread_ts": "1666781561.703899",
    "parent_user_id": "U03UHB8CXDY"
  },
  {
    "client_msg_id": "f2590d03-6572-4e50-a12c-4ede0a589685",
    "type": "message",
    "text": "Its probably your node version. Try node 16 or above.",
    "user": "U03U9DB7REG",
    "ts": "1666785429.641669",
    "blocks": [
      {
        "type": "rich_text",
        "block_id": "2CMO",
        "elements": [
          {
            "type": "rich_text_section",
            "elements": [
              {
                "type": "text",
                "text": "Its probably your node version. Try node 16 or above."
              }
            ]
          }
        ]
      }
    ],
    "team": "T03U4J8HMUG",
    "user_team": "T03U4J8HMUG",
    "source_team": "T03U4J8HMUG",
    "user_profile": {
      "avatar_hash": "10b2063307e9",
      "image_72": "https://avatars.slack-edge.com/2022-08-18/3958997027442_10b2063307e91bfe2157_72.png",
      "first_name": "John",
      "real_name": "John Romero",
      "display_name": "John Romero",
      "team": "T03U4J8HMUG",
      "name": "John",
      "is_restricted": false,
      "is_ultra_restricted": false
    },
    "thread_ts": "1666781561.703899",
    "parent_user_id": "U03UHB8CXDY"
  },
  {
    "client_msg_id": "6b146b09-44ff-4e8a-9be2-854485436968",
    "type": "message",
    "text": "let i try iam using v12.22.9",
    "user": "U03UHB8CXDY",
    "ts": "1666785501.111829",
    "blocks": [
      {
        "type": "rich_text",
        "block_id": "SMc",
        "elements": [
          {
            "type": "rich_text_section",
            "elements": [
              {
                "type": "text",
                "text": "let i try iam using v12.22.9"
              }
            ]
          }
        ]
      }
    ],
    "team": "T03U4J8HMUG",
    "user_team": "T03U4J8HMUG",
    "source_team": "T03U4J8HMUG",
    "user_profile": {
      "avatar_hash": "374fee609510",
      "image_72": "https://avatars.slack-edge.com/2022-09-30/4159182498980_374fee609510e6ff1526_72.jpg",
      "first_name": "Yvonne",
      "real_name": "Yvonne Gonzalez",
      "display_name": "Yvonne Gonzalez",
      "team": "T03U4J8HMUG",
      "name": "Yvonne",
      "is_restricted": false,
      "is_ultra_restricted": false
    },
    "thread_ts": "1666781561.703899",
    "parent_user_id": "U03UHB8CXDY"
  },
  {
    "client_msg_id": "40c1495e-fa02-4678-98de-760c8d3033d2",
    "type": "message",
    "text": "worked thnx",
    "user": "U03UHB8CXDY",
    "ts": "1666787430.816379",
    "blocks": [
      {
        "type": "rich_text",
        "block_id": "mhbo",
        "elements": [
          {
            "type": "rich_text_section",
            "elements": [
              {
                "type": "text",
                "text": "worked thnx"
              }
            ]
          }
        ]
      }
    ],
    "team": "T03U4J8HMUG",
    "user_team": "T03U4J8HMUG",
    "source_team": "T03U4J8HMUG",
    "user_profile": {
      "avatar_hash": "374fee609510",
      "image_72": "https://avatars.slack-edge.com/2022-09-30/4159182498980_374fee609510e6ff1526_72.jpg",
      "first_name": "Yvonne",
      "real_name": "Yvonne Gonzalez",
      "display_name": "Yvonne Gonzalez",
      "team": "T03U4J8HMUG",
      "name": "Yvonne",
      "is_restricted": false,
      "is_ultra_restricted": false
    },
    "thread_ts": "1666781561.703899",
    "parent_user_id": "U03UHB8CXDY",
    "reactions": [
      {
        "name": "+1",
        "users": [
          "U03U9DB7REG"
        ],
        "count": 1
      }
    ]
  },
  {
    "client_msg_id": "8d0bca80-cb1f-4d02-8e6c-a8c0a10fae11",
    "type": "message",
    "text": "<@U03TEPYRM2P> pls upload today tutor ASP",
    "user": "U03UHB8CXDY",
    "ts": "1666792217.193079",
    "blocks": [
      {
        "type": "rich_text",
        "block_id": "8jUcT",
        "elements": [
          {
            "type": "rich_text_section",
            "elements": [
              {
                "type": "user",
                "user_id": "U03TEPYRM2P"
              },
              {
                "type": "text",
                "text": " pls upload today tutor ASP"
              }
            ]
          }
        ]
      }
    ],
    "team": "T03U4J8HMUG",
    "user_team": "T03U4J8HMUG",
    "source_team": "T03U4J8HMUG",
    "user_profile": {
      "avatar_hash": "374fee609510",
      "image_72": "https://avatars.slack-edge.com/2022-09-30/4159182498980_374fee609510e6ff1526_72.jpg",
      "first_name": "Yvonne",
      "real_name": "Yvonne Gonzalez",
      "display_name": "Yvonne Gonzalez",
      "team": "T03U4J8HMUG",
      "name": "Yvonne",
      "is_restricted": false,
      "is_ultra_restricted": false
    },
    "thread_ts": "1666792217.193079",
    "reply_count": 4,
    "reply_users_count": 2,
    "latest_reply": "1666792973.694019",
    "reply_users": [
      "U03TEPYRM2P",
      "U03UHB8CXDY"
    ],
    "replies": [
      {
        "user": "U03TEPYRM2P",
        "ts": "1666792272.419199"
      },
      {
        "user": "U03UHB8CXDY",
        "ts": "1666792339.636949"
      },
      {
        "user": "U03UHB8CXDY",
        "ts": "1666792877.114979"
      },
      {
        "user": "U03TEPYRM2P",
        "ts": "1666792973.694019"
      }
    ],
    "is_locked": false,
    "subscribed": true,
    "last_read": "1666792973.694019"
  },
  {
    "client_msg_id": "6b2c732f-ac5f-4f7e-8a13-cd6bf23d8487",
    "type": "message",
    "text": "at your service Sir",
    "user": "U03TEPYRM2P",
    "ts": "1666792272.419199",
    "blocks": [
      {
        "type": "rich_text",
        "block_id": "hsLvV",
        "elements": [
          {
            "type": "rich_text_section",
            "elements": [
              {
                "type": "text",
                "text": "at your service Sir"
              }
            ]
          }
        ]
      }
    ],
    "team": "T03U4J8HMUG",
    "user_team": "T03U4J8HMUG",
    "source_team": "T03U4J8HMUG",
    "user_profile": {
      "avatar_hash": "f113df20f89c",
      "image_72": "https://avatars.slack-edge.com/2022-08-23/3977820714178_f113df20f89c894062b4_72.jpg",
      "first_name": "Garrett",
      "real_name": "Garrett Bell",
      "display_name": "Garrett Bell",
      "team": "T03U4J8HMUG",
      "name": "Garrett",
      "is_restricted": false,
      "is_ultra_restricted": false
    },
    "thread_ts": "1666792217.193079",
    "parent_user_id": "U03UHB8CXDY",
    "reactions": [
      {
        "name": "raised_hands::skin-tone-4",
        "users": [
          "U03UG4Q7V42"
        ],
        "count": 1
      },
      {
        "name": "raised_hands",
        "users": [
          "U03UG1Z21JP",
          "U03UVHCV6KB"
        ],
        "count": 2
      },
      {
        "name": "raised_hands::skin-tone-3",
        "users": [
          "U03U9EJR362"
        ],
        "count": 1
      },
      {
        "name": "rolling_on_the_floor_laughing",
        "users": [
          "U03TT5KEYCF",
          "U03UJGP0C68",
          "U03UVHCV6KB"
        ],
        "count": 3
      }
    ]
  },
  {
    "client_msg_id": "5f664cb7-8f56-4371-bc84-c0f3aebc7f4c",
    "type": "message",
    "text": ":grinning:thanks",
    "user": "U03UHB8CXDY",
    "ts": "1666792339.636949",
    "blocks": [
      {
        "type": "rich_text",
        "block_id": "LmcP",
        "elements": [
          {
            "type": "rich_text_section",
            "elements": [
              {
                "type": "emoji",
                "name": "grinning",
                "unicode": "1f600"
              },
              {
                "type": "text",
                "text": "thanks"
              }
            ]
          }
        ]
      }
    ],
    "team": "T03U4J8HMUG",
    "user_team": "T03U4J8HMUG",
    "source_team": "T03U4J8HMUG",
    "user_profile": {
      "avatar_hash": "374fee609510",
      "image_72": "https://avatars.slack-edge.com/2022-09-30/4159182498980_374fee609510e6ff1526_72.jpg",
      "first_name": "Yvonne",
      "real_name": "Yvonne Gonzalez",
      "display_name": "Yvonne Gonzalez",
      "team": "T03U4J8HMUG",
      "name": "Yvonne",
      "is_restricted": false,
      "is_ultra_restricted": false
    },
    "thread_ts": "1666792217.193079",
    "parent_user_id": "U03UHB8CXDY"
  },
  {
    "client_msg_id": "5bad4598-7c45-4a99-8f6f-634fec8544bc",
    "type": "message",
    "text": "but tutor is not uploaded yet",
    "user": "U03UHB8CXDY",
    "ts": "1666792877.114979",
    "blocks": [
      {
        "type": "rich_text",
        "block_id": "vigq",
        "elements": [
          {
            "type": "rich_text_section",
            "elements": [
              {
                "type": "text",
                "text": "but tutor is not uploaded yet"
              }
            ]
          }
        ]
      }
    ],
    "team": "T03U4J8HMUG",
    "user_team": "T03U4J8HMUG",
    "source_team": "T03U4J8HMUG",
    "user_profile": {
      "avatar_hash": "374fee609510",
      "image_72": "https://avatars.slack-edge.com/2022-09-30/4159182498980_374fee609510e6ff1526_72.jpg",
      "first_name": "Yvonne",
      "real_name": "Yvonne Gonzalez",
      "display_name": "Yvonne Gonzalez",
      "team": "T03U4J8HMUG",
      "name": "Yvonne",
      "is_restricted": false,
      "is_ultra_restricted": false
    },
    "thread_ts": "1666792217.193079",
    "parent_user_id": "U03UHB8CXDY"
  },
  {
    "client_msg_id": "b683a71e-8429-4254-81ed-765a3b06dc02",
    "type": "message",
    "text": "You will see it online very soon.",
    "user": "U03TEPYRM2P",
    "ts": "1666792973.694019",
    "blocks": [
      {
        "type": "rich_text",
        "block_id": "lrX",
        "elements": [
          {
            "type": "rich_text_section",
            "elements": [
              {
                "type": "text",
                "text": "You will see it online very soon."
              }
            ]
          }
        ]
      }
    ],
    "team": "T03U4J8HMUG",
    "user_team": "T03U4J8HMUG",
    "source_team": "T03U4J8HMUG",
    "user_profile": {
      "avatar_hash": "f113df20f89c",
      "image_72": "https://avatars.slack-edge.com/2022-08-23/3977820714178_f113df20f89c894062b4_72.jpg",
      "first_name": "Garrett",
      "real_name": "Garrett Bell",
      "display_name": "Garrett Bell",
      "team": "T03U4J8HMUG",
      "name": "Garrett",
      "is_restricted": false,
      "is_ultra_restricted": false
    },
    "thread_ts": "1666792217.193079",
    "parent_user_id": "U03UHB8CXDY"
  },
  {
    "client_msg_id": "fb0ae191-eb68-459f-967e-e846ab6908ca",
    "type": "message",
    "text": "Implement the number betting project from <https://medium.com/ethereum-developers/the-ultimate-end-to-end-tutorial-to-create-and-deploy-a-fully-descentralized-dapp-in-ethereum-18f0cf6d7e0e|this reference> and deploy it in a local development network the Ethereum testnet.\n\nIs anyone able to complete this tutorial to create and deploy a fully decentralized Dapp in ethereum? I was not able to run the code on remix as instructed.",
    "user": "U03UJN29Y4C",
    "ts": "1666803142.646109",
    "blocks": [
      {
        "type": "rich_text",
        "block_id": "xwbQ",
        "elements": [
          {
            "type": "rich_text_section",
            "elements": [
              {
                "type": "text",
                "text": "Implement the number betting project from "
              },
              {
                "type": "link",
                "url": "https://medium.com/ethereum-developers/the-ultimate-end-to-end-tutorial-to-create-and-deploy-a-fully-descentralized-dapp-in-ethereum-18f0cf6d7e0e",
                "text": "this reference"
              },
              {
                "type": "text",
                "text": " and deploy it in a local development network the Ethereum testnet.\n\nIs anyone able to complete this tutorial to create and deploy a fully decentralized Dapp in ethereum? I was not able to run the code on remix as instructed."
              }
            ]
          }
        ]
      }
    ],
    "team": "T03U4J8HMUG",
    "user_team": "T03U4J8HMUG",
    "source_team": "T03U4J8HMUG",
    "user_profile": {
      "avatar_hash": "9bf024280cf1",
      "image_72": "https://avatars.slack-edge.com/2022-10-08/4190947116101_9bf024280cf14dffb003_72.jpg",
      "first_name": "Michelle",
      "real_name": "Michelle Lewis",
      "display_name": "Michelle Lewis",
      "team": "T03U4J8HMUG",
      "name": "Michelle",
      "is_restricted": false,
      "is_ultra_restricted": false
    }
  },
  {
    "client_msg_id": "f024a340-475d-48a6-bfb8-82543fa61719",
    "type": "message",
    "text": "Hey <!here>, please kindly fill out this questionnaire. It is a basic questionnaire to collect opinions and some thoughts about the standup sessions. As you might remember there were some volunteers that took the task of making a proposal on how to improve the overall interaction and engagement in the stand-up sessions. And your thoughts and opinions will be foundational in the formulation of this proposal. Thank you all in advance.\n\n<https://forms.gle/poVsPQ3FJ9hjY62g6>",
    "user": "U03UVHCV6KB",
    "ts": "1666808555.238339",
    "blocks": [
      {
        "type": "rich_text",
        "block_id": "EwKG",
        "elements": [
          {
            "type": "rich_text_section",
            "elements": [
              {
                "type": "text",
                "text": "Hey "
              },
              {
                "type": "broadcast",
                "range": "here"
              },
              {
                "type": "text",
                "text": ", please kindly fill out this questionnaire. It is a basic questionnaire to collect opinions and some thoughts about the standup sessions. As you might remember there were some volunteers that took the task of making a proposal on how to improve the overall interaction and engagement in the stand-up sessions. And your thoughts and opinions will be foundational in the formulation of this proposal. Thank you all in advance.\n\n"
              },
              {
                "type": "link",
                "url": "https://forms.gle/poVsPQ3FJ9hjY62g6"
              }
            ]
          }
        ]
      }
    ],
    "team": "T03U4J8HMUG",
    "user_team": "T03U4J8HMUG",
    "source_team": "T03U4J8HMUG",
    "user_profile": {
      "avatar_hash": "gc9619121f99",
      "image_72": "https://secure.gravatar.com/avatar/c9619121f998ee4a7e46177f2a5729de.jpg?s=72&d=https%3A%2F%2Fa.slack-edge.com%2Fdf10d%2Fimg%2Favatars%2Fava_0002-72.png",
      "first_name": "Travis",
      "real_name": "Travis Butler",
      "display_name": "Travis Butler",
      "team": "T03U4J8HMUG",
      "name": "Travis",
      "is_restricted": false,
      "is_ultra_restricted": false
    },
    "attachments": [
      {
        "from_url": "https://forms.gle/poVsPQ3FJ9hjY62g6",
        "image_url": "https://lh3.googleusercontent.com/WdWw-eFuIS53clTTWChEOI43x8178wqb7VWuCS-LfzbzpUJkOpoW_8kBVpCry_XynfkDWQWmuo0",
        "image_width": 333,
        "image_height": 250,
        "image_bytes": 52041,
        "service_icon": "http://ssl.gstatic.com/docs/forms/device_home/ios_120.png",
        "id": 1,
        "original_url": "https://forms.gle/poVsPQ3FJ9hjY62g6",
        "fallback": "Google Docs: 10 academy stand up session engagement review",
        "text": "A questioner made to collect 10 academy batch six trainee's opinions on several aspects of the stand up sessions and general attitudes about the overall setting in hopes of increasing the general engagement and interaction that takes place during these stand up sessions. For obvious reasons, this form is completely anonymous. Trainees can therefore honestly express their opinions and also say what they want to get out of these stand up sessions freely. We highly recommend you to fill in all the questions and we highly appreciated those who do. But if you don't want to answer some of the questions it is okay to just put in 'PASS'.",
        "title": "10 academy stand up session engagement review",
        "title_link": "https://forms.gle/poVsPQ3FJ9hjY62g6",
        "service_name": "Google Docs"
      }
    ],
    "thread_ts": "1666808555.238339",
    "reply_count": 7,
    "reply_users_count": 2,
    "latest_reply": "1666869324.883659",
    "reply_users": [
      "U03UJKJGRAQ",
      "U03UVHCV6KB"
    ],
    "replies": [
      {
        "user": "U03UJKJGRAQ",
        "ts": "1666861245.086489"
      },
      {
        "user": "U03UVHCV6KB",
        "ts": "1666861413.273769"
      },
      {
        "user": "U03UJKJGRAQ",
        "ts": "1666862536.114299"
      },
      {
        "user": "U03UVHCV6KB",
        "ts": "1666862633.725299"
      },
      {
        "user": "U03UJKJGRAQ",
        "ts": "1666863498.901719"
      },
      {
        "user": "U03UVHCV6KB",
        "ts": "1666869232.404039"
      },
      {
        "user": "U03UVHCV6KB",
        "ts": "1666869324.883659"
      }
    ],
    "is_locked": false,
    "subscribed": false,
    "reactions": [
      {
        "name": "clap",
        "users": [
          "U03V6HMRPGQ",
          "U03UJKJGRAQ"
        ],
        "count": 2
      },
      {
        "name": "100",
        "users": [
          "U03UG5VFN03"
        ],
        "count": 1
      }
    ]
  },
  {
    "client_msg_id": "597703a0-0e01-4bcc-86f3-8c5b6323e036",
    "type": "message",
    "text": "Flutter &amp; React-Native templates are uploaded to the Week10 folder on GDrive.",
    "user": "U03UKL27B0R",
    "ts": "1666820072.342779",
    "blocks": [
      {
        "type": "rich_text",
        "block_id": "AOg",
        "elements": [
          {
            "type": "rich_text_section",
            "elements": [
              {
                "type": "text",
                "text": "Flutter & React-Native templates are uploaded to the Week10 folder on GDrive."
              }
            ]
          }
        ]
      }
    ],
    "team": "T03U4J8HMUG",
    "user_team": "T03U4J8HMUG",
    "source_team": "T03U4J8HMUG",
    "user_profile": {
      "avatar_hash": "85058b6ca368",
      "image_72": "https://avatars.slack-edge.com/2022-08-18/3961513756852_85058b6ca368839d0014_72.png",
      "first_name": "Brittany",
      "real_name": "Brittany Garcia",
      "display_name": "Brittany Garcia",
      "team": "T03U4J8HMUG",
      "name": "Brittany",
      "is_restricted": false,
      "is_ultra_restricted": false
    },
    "reactions": [
      {
        "name": "raised_hands::skin-tone-3",
        "users": [
          "U03U9EJR362"
        ],
        "count": 1
      },
      {
        "name": "raised_hands",
        "users": [
          "U03UJKJGRAQ",
          "U03UD68RQH3",
          "U03UG0SFHGT",
          "U03U1HAG9TR",
          "U03UFV7HFNF"
        ],
        "count": 5
      }
    ]
  },
  {
    "client_msg_id": "d39f24a8-338b-4868-ae1f-6160b06a73f0",
    "type": "message",
    "text": "If you encounter a bug related to null-safety when you run the flutter template app, use this flag with your fun command: :point_down:\n```flutter run --no-sound-null-safety```",
    "user": "U03UD68RQH3",
    "ts": "1666829035.362039",
    "blocks": [
      {
        "type": "rich_text",
        "block_id": "uUh",
        "elements": [
          {
            "type": "rich_text_section",
            "elements": [
              {
                "type": "text",
                "text": "If you encounter a bug related to null-safety when you run the flutter template app, use this flag with your fun command: "
              },
              {
                "type": "emoji",
                "name": "point_down",
                "unicode": "1f447"
              },
              {
                "type": "text",
                "text": "\n"
              }
            ]
          },
          {
            "type": "rich_text_preformatted",
            "elements": [
              {
                "type": "text",
                "text": "flutter run --no-sound-null-safety"
              }
            ],
            "border": 0
          }
        ]
      }
    ],
    "team": "T03U4J8HMUG",
    "user_team": "T03U4J8HMUG",
    "source_team": "T03U4J8HMUG",
    "user_profile": {
      "avatar_hash": "20cf1bb98890",
      "image_72": "https://avatars.slack-edge.com/2022-09-19/4112933864561_20cf1bb98890146c716f_72.png",
      "first_name": "Brady",
      "real_name": "Brady Rhodes",
      "display_name": "Brady Rhodes",
      "team": "T03U4J8HMUG",
      "name": "Brady",
      "is_restricted": false,
      "is_ultra_restricted": false
    },
    "reactions": [
      {
        "name": "white_check_mark",
        "users": [
          "U03UUR571A5",
          "U03UJGRN5E0",
          "U03U1HAG9TR"
        ],
        "count": 3
      }
    ]
  },
  {
    "client_msg_id": "c0f83574-293a-4fc3-9713-0506ee15cca6",
    "type": "message",
    "text": "for the password type anything but the length has to be &gt; 8 and you should also select the employee from the drop down to see the next page",
    "user": "U03UD68RQH3",
    "ts": "1666830837.871339",
    "blocks": [
      {
        "type": "rich_text",
        "block_id": "XjB7",
        "elements": [
          {
            "type": "rich_text_section",
            "elements": [
              {
                "type": "text",
                "text": "for the password type anything but the length has to be > 8 and you should also select the employee from the drop down to see the next page"
              }
            ]
          }
        ]
      }
    ],
    "team": "T03U4J8HMUG",
    "user_team": "T03U4J8HMUG",
    "source_team": "T03U4J8HMUG",
    "user_profile": {
      "avatar_hash": "20cf1bb98890",
      "image_72": "https://avatars.slack-edge.com/2022-09-19/4112933864561_20cf1bb98890146c716f_72.png",
      "first_name": "Brady",
      "real_name": "Brady Rhodes",
      "display_name": "Brady Rhodes",
      "team": "T03U4J8HMUG",
      "name": "Brady",
      "is_restricted": false,
      "is_ultra_restricted": false
    },
    "reactions": [
      {
        "name": "white_check_mark",
        "users": [
          "U03UJGRN5E0"
        ],
        "count": 1
      }
    ]
  },
  {
    "client_msg_id": "0d86137f-6c09-4ee8-90db-c8daf70dd334",
    "type": "message",
    "text": "<@U03V8LHPDME> Remix has a lot of features that don't function well, especially the DGIT feature. One, I can't sync my changes to git from Dgit on Remix. Github settings takes a while to connect to your Github, and needs a lot of reloading. Would you advise to continue using Remix or swtich to Vscode?",
    "user": "U03V785NLSU",
    "ts": "1666845920.038879",
    "blocks": [
      {
        "type": "rich_text",
        "block_id": "WvO",
        "elements": [
          {
            "type": "rich_text_section",
            "elements": [
              {
                "type": "user",
                "user_id": "U03V8LHPDME"
              },
              {
                "type": "text",
                "text": " Remix has a lot of features that don't function well, especially the DGIT feature. One, I can't sync my changes to git from Dgit on Remix. Github settings takes a while to connect to your Github, and needs a lot of reloading. Would you advise to continue using Remix or swtich to Vscode?"
              }
            ]
          }
        ]
      }
    ],
    "team": "T03U4J8HMUG",
    "user_team": "T03U4J8HMUG",
    "source_team": "T03U4J8HMUG",
    "user_profile": {
      "avatar_hash": "48d5c88821e9",
      "image_72": "https://avatars.slack-edge.com/2022-08-21/3993277785968_48d5c88821e922581e17_72.jpg",
      "first_name": "Ashley",
      "real_name": "Ashley Hamilton",
      "display_name": "Ashley Hamilton",
      "team": "T03U4J8HMUG",
      "name": "Ashley",
      "is_restricted": false,
      "is_ultra_restricted": false
    },
    "edited": {
      "user": "U03V785NLSU",
      "ts": "1666846218.000000"
    }
  }
]