[
  {
    "client_msg_id": "84cc29d7-7f7e-45f8-bcbe-9cd13fa39c84",
    "type": "message",
    "text": "Not sure if I should ask here, I am facing an issue with my laptop and maybe someone here can help me or give me a hint:\n\nOS is ubuntu 22.04.\nI tried installing Miniconda yesterday, installation failed and after rebooting mouse is not responding. Keyboard is working though.\n\nWhat should I do to recover?",
    "user": "U03UJKJGRAQ",
    "ts": "1666683658.791009",
    "blocks": [
      {
        "type": "rich_text",
        "block_id": "/12",
        "elements": [
          {
            "type": "rich_text_section",
            "elements": [
              {
                "type": "text",
                "text": "Not sure if I should ask here, I am facing an issue with my laptop and maybe someone here can help me or give me a hint:\n\nOS is ubuntu 22.04.\nI tried installing Miniconda yesterday, installation failed and after rebooting mouse is not responding. Keyboard is working though.\n\nWhat should I do to recover?"
              }
            ]
          }
        ]
      }
    ],
    "team": "T03U4J8HMUG",
    "user_team": "T03U4J8HMUG",
    "source_team": "T03U4J8HMUG",
    "user_profile": {
      "avatar_hash": "3d318a55b9e2",
      "image_72": "https://avatars.slack-edge.com/2022-10-03/4158852852038_3d318a55b9e221ad2cb3_72.jpg",
      "first_name": "Brian",
      "real_name": "Brian Odom",
      "display_name": "Brian Odom",
      "team": "T03U4J8HMUG",
      "name": "Brian",
      "is_restricted": false,
      "is_ultra_restricted": false
    },
    "thread_ts": "1666683658.791009",
    "reply_count": 9,
    "reply_users_count": 4,
    "latest_reply": "1666685293.984789",
    "reply_users": [
      "U03UG32J3PC",
      "U03UJKJGRAQ",
      "U03U1FNPEUX",
      "U03UG1Z21JP"
    ],
    "replies": [
      {
        "user": "U03UG32J3PC",
        "ts": "1666684121.761209"
      },
      {
        "user": "U03UJKJGRAQ",
        "ts": "1666684196.518259"
      },
      {
        "user": "U03UJKJGRAQ",
        "ts": "1666684341.125509"
      },
      {
        "user": "U03UG32J3PC",
        "ts": "1666684458.356139"
      },
      {
        "user": "U03UJKJGRAQ",
        "ts": "1666684753.069169"
      },
      {
        "user": "U03U1FNPEUX",
        "ts": "1666684916.680819"
      },
      {
        "user": "U03U1FNPEUX",
        "ts": "1666684964.724039"
      },
      {
        "user": "U03UG1Z21JP",
        "ts": "1666684988.100649"
      },
      {
        "user": "U03UJKJGRAQ",
        "ts": "1666685293.984789"
      }
    ],
    "is_locked": false,
    "subscribed": false
  },
  {
    "client_msg_id": "44e5e03c-0a1f-4b97-ad61-8036284764ed",
    "type": "message",
    "text": "I am sorry to hear that. Did you install ubuntu in dual boot?",
    "user": "U03UG32J3PC",
    "ts": "1666684121.761209",
    "blocks": [
      {
        "type": "rich_text",
        "block_id": "v2utL",
        "elements": [
          {
            "type": "rich_text_section",
            "elements": [
              {
                "type": "text",
                "text": "I am sorry to hear that. Did you install ubuntu in dual boot?"
              }
            ]
          }
        ]
      }
    ],
    "team": "T03U4J8HMUG",
    "user_team": "T03U4J8HMUG",
    "source_team": "T03U4J8HMUG",
    "user_profile": {
      "avatar_hash": "g9e7487b036e",
      "image_72": "https://secure.gravatar.com/avatar/9e7487b036ed726d016a0c5d8189773c.jpg?s=72&d=https%3A%2F%2Fa.slack-edge.com%2Fdf10d%2Fimg%2Favatars%2Fava_0005-72.png",
      "first_name": "April",
      "real_name": "April Lucas",
      "display_name": "April Lucas",
      "team": "T03U4J8HMUG",
      "name": "April",
      "is_restricted": false,
      "is_ultra_restricted": false
    },
    "thread_ts": "1666683658.791009",
    "parent_user_id": "U03UJKJGRAQ"
  },
  {
    "client_msg_id": "8931cdd0-e25f-4270-8088-47bb26c812c9",
    "type": "message",
    "text": "No. The issue is solved (it was very simple) .. thank to <@U03UUS0MZCZ> \n\nThank you",
    "user": "U03UJKJGRAQ",
    "ts": "1666684196.518259",
    "blocks": [
      {
        "type": "rich_text",
        "block_id": "H5B",
        "elements": [
          {
            "type": "rich_text_section",
            "elements": [
              {
                "type": "text",
                "text": "No. The issue is solved (it was very simple) .. thank to "
              },
              {
                "type": "user",
                "user_id": "U03UUS0MZCZ"
              },
              {
                "type": "text",
                "text": " \n\nThank you"
              }
            ]
          }
        ]
      }
    ],
    "team": "T03U4J8HMUG",
    "user_team": "T03U4J8HMUG",
    "source_team": "T03U4J8HMUG",
    "user_profile": {
      "avatar_hash": "3d318a55b9e2",
      "image_72": "https://avatars.slack-edge.com/2022-10-03/4158852852038_3d318a55b9e221ad2cb3_72.jpg",
      "first_name": "Brian",
      "real_name": "Brian Odom",
      "display_name": "Brian Odom",
      "team": "T03U4J8HMUG",
      "name": "Brian",
      "is_restricted": false,
      "is_ultra_restricted": false
    },
    "thread_ts": "1666683658.791009",
    "parent_user_id": "U03UJKJGRAQ",
    "reactions": [
      {
        "name": "raised_hands",
        "users": [
          "U03UG32J3PC"
        ],
        "count": 1
      }
    ]
  },
  {
    "client_msg_id": "7121d362-dba7-4b9d-81f4-6e42619b798d",
    "type": "message",
    "text": "Well, actually I still don't know how to install conda without crashing my computer.",
    "user": "U03UJKJGRAQ",
    "ts": "1666684341.125509",
    "blocks": [
      {
        "type": "rich_text",
        "block_id": "oozjY",
        "elements": [
          {
            "type": "rich_text_section",
            "elements": [
              {
                "type": "text",
                "text": "Well, actually I still don't know how to install conda without crashing my computer."
              }
            ]
          }
        ]
      }
    ],
    "team": "T03U4J8HMUG",
    "user_team": "T03U4J8HMUG",
    "source_team": "T03U4J8HMUG",
    "user_profile": {
      "avatar_hash": "3d318a55b9e2",
      "image_72": "https://avatars.slack-edge.com/2022-10-03/4158852852038_3d318a55b9e221ad2cb3_72.jpg",
      "first_name": "Brian",
      "real_name": "Brian Odom",
      "display_name": "Brian Odom",
      "team": "T03U4J8HMUG",
      "name": "Brian",
      "is_restricted": false,
      "is_ultra_restricted": false
    },
    "thread_ts": "1666683658.791009",
    "parent_user_id": "U03UJKJGRAQ"
  },
  {
    "client_msg_id": "266b7b68-effe-4e40-b76a-6c09e70b7959",
    "type": "message",
    "text": "How did you try to install that?",
    "user": "U03UG32J3PC",
    "ts": "1666684458.356139",
    "blocks": [
      {
        "type": "rich_text",
        "block_id": "RfO1",
        "elements": [
          {
            "type": "rich_text_section",
            "elements": [
              {
                "type": "text",
                "text": "How did you try to install that?"
              }
            ]
          }
        ]
      }
    ],
    "team": "T03U4J8HMUG",
    "user_team": "T03U4J8HMUG",
    "source_team": "T03U4J8HMUG",
    "user_profile": {
      "avatar_hash": "g9e7487b036e",
      "image_72": "https://secure.gravatar.com/avatar/9e7487b036ed726d016a0c5d8189773c.jpg?s=72&d=https%3A%2F%2Fa.slack-edge.com%2Fdf10d%2Fimg%2Favatars%2Fava_0005-72.png",
      "first_name": "April",
      "real_name": "April Lucas",
      "display_name": "April Lucas",
      "team": "T03U4J8HMUG",
      "name": "April",
      "is_restricted": false,
      "is_ultra_restricted": false
    },
    "thread_ts": "1666683658.791009",
    "parent_user_id": "U03UJKJGRAQ"
  },
  {
    "client_msg_id": "e9ae2811-b950-4a9c-add1-e8fea046f60b",
    "type": "message",
    "text": "I downloaded an .sh file from the website and tried to run it. I didn't find any other installation instructions",
    "user": "U03UJKJGRAQ",
    "ts": "1666684753.069169",
    "blocks": [
      {
        "type": "rich_text",
        "block_id": "f/l",
        "elements": [
          {
            "type": "rich_text_section",
            "elements": [
              {
                "type": "text",
                "text": "I downloaded an .sh file from the website and tried to run it. I didn't find any other installation instructions"
              }
            ]
          }
        ]
      }
    ],
    "team": "T03U4J8HMUG",
    "user_team": "T03U4J8HMUG",
    "source_team": "T03U4J8HMUG",
    "user_profile": {
      "avatar_hash": "3d318a55b9e2",
      "image_72": "https://avatars.slack-edge.com/2022-10-03/4158852852038_3d318a55b9e221ad2cb3_72.jpg",
      "first_name": "Brian",
      "real_name": "Brian Odom",
      "display_name": "Brian Odom",
      "team": "T03U4J8HMUG",
      "name": "Brian",
      "is_restricted": false,
      "is_ultra_restricted": false
    },
    "thread_ts": "1666683658.791009",
    "parent_user_id": "U03UJKJGRAQ"
  },
  {
    "client_msg_id": "05eab8ed-275a-4620-b541-26cfd43c6d07",
    "type": "message",
    "text": "<https://www.how2shout.com/linux/install-miniconda-on-ubuntu-22-04-lts-jammy-linux/>",
    "user": "U03U1FNPEUX",
    "ts": "1666684916.680819",
    "blocks": [
      {
        "type": "rich_text",
        "block_id": "8aN",
        "elements": [
          {
            "type": "rich_text_section",
            "elements": [
              {
                "type": "link",
                "url": "https://www.how2shout.com/linux/install-miniconda-on-ubuntu-22-04-lts-jammy-linux/"
              }
            ]
          }
        ]
      }
    ],
    "team": "T03U4J8HMUG",
    "user_team": "T03U4J8HMUG",
    "source_team": "T03U4J8HMUG",
    "user_profile": {
      "avatar_hash": "37a12a7dbb92",
      "image_72": "https://avatars.slack-edge.com/2022-09-09/4058043481011_37a12a7dbb926b2c9c86_72.png",
      "first_name": "Joshua",
      "real_name": "Joshua Rhodes",
      "display_name": "Joshua Rhodes",
      "team": "T03U4J8HMUG",
      "name": "Joshua",
      "is_restricted": false,
      "is_ultra_restricted": false
    },
    "attachments": [
      {
        "from_url": "https://www.how2shout.com/linux/install-miniconda-on-ubuntu-22-04-lts-jammy-linux/",
        "ts": 1658306358,
        "image_url": "https://www.how2shout.com/linux/wp-content/uploads/2022/07/install-Miniconda-on-Ubuntu-22.04-LTS-Focal.png",
        "image_width": 468,
        "image_height": 250,
        "image_bytes": 61645,
        "service_icon": "https://www.how2shout.com/linux/wp-content/uploads/2020/05/Favicon-Linux-shout-min-180x180.png",
        "id": 1,
        "original_url": "https://www.how2shout.com/linux/install-miniconda-on-ubuntu-22-04-lts-jammy-linux/",
        "fallback": "Linux Shout: Install Miniconda on Ubuntu 22.04 LTS Jammy Linux",
        "text": "Learn the ways to install MiniConda3 on Ubuntu 22.04 LTS Jammy JellyFish to use Conda package manager to install Anaconda Packages.\u00a0",
        "title": "Install Miniconda on Ubuntu 22.04 LTS Jammy Linux",
        "title_link": "https://www.how2shout.com/linux/install-miniconda-on-ubuntu-22-04-lts-jammy-linux/",
        "service_name": "Linux Shout",
        "fields": [
          {
            "value": "Heyan Maurya",
            "title": "Written by",
            "short": true
          },
          {
            "value": "4 minutes",
            "title": "Est. reading time",
            "short": true
          }
        ]
      }
    ],
    "thread_ts": "1666683658.791009",
    "parent_user_id": "U03UJKJGRAQ",
    "reactions": [
      {
        "name": "raised_hands",
        "users": [
          "U03UJKJGRAQ"
        ],
        "count": 1
      }
    ]
  },
  {
    "client_msg_id": "f554b363-da42-4bfb-b7ee-966f72ecaf45",
    "type": "message",
    "text": "you tried this?",
    "user": "U03U1FNPEUX",
    "ts": "1666684964.724039",
    "blocks": [
      {
        "type": "rich_text",
        "block_id": "pKD3",
        "elements": [
          {
            "type": "rich_text_section",
            "elements": [
              {
                "type": "text",
                "text": "you tried this?"
              }
            ]
          }
        ]
      }
    ],
    "team": "T03U4J8HMUG",
    "user_team": "T03U4J8HMUG",
    "source_team": "T03U4J8HMUG",
    "user_profile": {
      "avatar_hash": "37a12a7dbb92",
      "image_72": "https://avatars.slack-edge.com/2022-09-09/4058043481011_37a12a7dbb926b2c9c86_72.png",
      "first_name": "Joshua",
      "real_name": "Joshua Rhodes",
      "display_name": "Joshua Rhodes",
      "team": "T03U4J8HMUG",
      "name": "Joshua",
      "is_restricted": false,
      "is_ultra_restricted": false
    },
    "thread_ts": "1666683658.791009",
    "parent_user_id": "U03UJKJGRAQ"
  },
  {
    "client_msg_id": "4a5d7c9e-8998-4c50-8042-73d91aa8ba8b",
    "type": "message",
    "text": "or this.  <https://www.how2shout.com/linux/how-to-install-miniconda-on-ubuntu-20-04-lts-focal/>",
    "user": "U03UG1Z21JP",
    "ts": "1666684988.100649",
    "blocks": [
      {
        "type": "rich_text",
        "block_id": "sBukV",
        "elements": [
          {
            "type": "rich_text_section",
            "elements": [
              {
                "type": "text",
                "text": "or this.  "
              },
              {
                "type": "link",
                "url": "https://www.how2shout.com/linux/how-to-install-miniconda-on-ubuntu-20-04-lts-focal/"
              }
            ]
          }
        ]
      }
    ],
    "team": "T03U4J8HMUG",
    "user_team": "T03U4J8HMUG",
    "source_team": "T03U4J8HMUG",
    "user_profile": {
      "avatar_hash": "a1d3d501dd5d",
      "image_72": "https://avatars.slack-edge.com/2022-08-20/3961568205638_a1d3d501dd5d3f7ebea3_72.jpg",
      "first_name": "Jennifer",
      "real_name": "Jennifer Foley",
      "display_name": "Jennifer Foley",
      "team": "T03U4J8HMUG",
      "name": "Jennifer",
      "is_restricted": false,
      "is_ultra_restricted": false
    },
    "attachments": [
      {
        "from_url": "https://www.how2shout.com/linux/how-to-install-miniconda-on-ubuntu-20-04-lts-focal/",
        "ts": 1658560083,
        "image_url": "https://www.how2shout.com/linux/wp-content/uploads/2022/07/Install-Mini-Conda-on-Ubuntu-22.04.png",
        "image_width": 453,
        "image_height": 250,
        "image_bytes": 18610,
        "service_icon": "https://www.how2shout.com/linux/wp-content/uploads/2020/05/Favicon-Linux-shout-min-180x180.png",
        "id": 1,
        "original_url": "https://www.how2shout.com/linux/how-to-install-miniconda-on-ubuntu-20-04-lts-focal/",
        "fallback": "Linux Shout: How to install Miniconda on Ubuntu 20.04 LTS Focal",
        "text": "Learn the ways to install MiniConda3 on Ubuntu 20.04 LTS Focal Fossa to use Conda package manager to install Anaconda Packages.\u00a0",
        "title": "How to install Miniconda on Ubuntu 20.04 LTS Focal",
        "title_link": "https://www.how2shout.com/linux/how-to-install-miniconda-on-ubuntu-20-04-lts-focal/",
        "service_name": "Linux Shout",
        "fields": [
          {
            "value": "Heyan Maurya",
            "title": "Written by",
            "short": true
          },
          {
            "value": "4 minutes",
            "title": "Est. reading time",
            "short": true
          }
        ]
      }
    ],
    "thread_ts": "1666683658.791009",
    "parent_user_id": "U03UJKJGRAQ",
    "reactions": [
      {
        "name": "raised_hands",
        "users": [
          "U03UJKJGRAQ"
        ],
        "count": 1
      }
    ]
  },
  {
    "client_msg_id": "ee767f00-b64a-4884-bdae-471d04566322",
    "type": "message",
    "text": "Thanks for the resources .. I will try them",
    "user": "U03UJKJGRAQ",
    "ts": "1666685293.984789",
    "blocks": [
      {
        "type": "rich_text",
        "block_id": "lAJpS",
        "elements": [
          {
            "type": "rich_text_section",
            "elements": [
              {
                "type": "text",
                "text": "Thanks for the resources .. I will try them"
              }
            ]
          }
        ]
      }
    ],
    "team": "T03U4J8HMUG",
    "user_team": "T03U4J8HMUG",
    "source_team": "T03U4J8HMUG",
    "user_profile": {
      "avatar_hash": "3d318a55b9e2",
      "image_72": "https://avatars.slack-edge.com/2022-10-03/4158852852038_3d318a55b9e221ad2cb3_72.jpg",
      "first_name": "Brian",
      "real_name": "Brian Odom",
      "display_name": "Brian Odom",
      "team": "T03U4J8HMUG",
      "name": "Brian",
      "is_restricted": false,
      "is_ultra_restricted": false
    },
    "thread_ts": "1666683658.791009",
    "parent_user_id": "U03UJKJGRAQ"
  },
  {
    "client_msg_id": "d0628397-8a05-425f-9855-77df49f0da21",
    "type": "message",
    "text": "<https://en.wikipedia.org/wiki/Murder_of_Kitty_Genovese|Murder of Kitty Genovese - Wikipedia>",
    "user": "U03UUN8M4RX",
    "ts": "1666690572.798599",
    "blocks": [
      {
        "type": "rich_text",
        "block_id": "tx3U",
        "elements": [
          {
            "type": "rich_text_section",
            "elements": [
              {
                "type": "link",
                "url": "https://en.wikipedia.org/wiki/Murder_of_Kitty_Genovese",
                "text": "Murder of Kitty Genovese - Wikipedia"
              }
            ]
          }
        ]
      }
    ],
    "team": "T03U4J8HMUG",
    "user_team": "T03U4J8HMUG",
    "source_team": "T03U4J8HMUG",
    "user_profile": {
      "avatar_hash": "bc5543c34cbf",
      "image_72": "https://avatars.slack-edge.com/2022-08-20/3965164038549_bc5543c34cbf4cc3f27d_72.png",
      "first_name": "Eric",
      "real_name": "Eric Myers",
      "display_name": "Eric Myers",
      "team": "T03U4J8HMUG",
      "name": "Eric",
      "is_restricted": false,
      "is_ultra_restricted": false
    },
    "attachments": [
      {
        "from_url": "https://en.wikipedia.org/wiki/Murder_of_Kitty_Genovese",
        "image_url": "https://upload.wikimedia.org/wikipedia/commons/thumb/1/11/Site_of_the_murder_of_Kitty_Genovese_in_alleyway_from_Kew_Gardens_LIRR_station_to_Lefferts_Boulevard.jpg/1200px-Site_of_the_murder_of_Kitty_Genovese_in_alleyway_from_Kew_Gardens_LIRR_station_to_Lefferts_Boulevard.jpg",
        "image_width": 1200,
        "image_height": 900,
        "image_bytes": 316096,
        "service_icon": "https://a.slack-edge.com/80588/img/unfurl_icons/wikipedia.png",
        "id": 1,
        "original_url": "https://en.wikipedia.org/wiki/Murder_of_Kitty_Genovese",
        "fallback": "wikipedia: Murder of Kitty Genovese",
        "text": "In the early hours of March 13, 1964, Kitty Genovese, a 28-year-old bartender, was raped and stabbed outside the apartment building where she lived in the Kew Gardens neighborhood of Queens in New York City, New York, United States. Two weeks after the murder, The New York Times published an article erroneously claiming that 38 witnesses saw or heard the attack, and that none of them called the police or came to her aid.The incident prompted inquiries into what became known as the bystander effect, or \"Genovese syndrome\", and the murder became a staple of U.S. psychology textbooks for the next four decades. However, researchers have since uncovered major inaccuracies in the New York Times article. Police interviews revealed that some witnesses had attempted to call the police.\nReporters at a competing news organization discovered in 1964 that the Times article was inconsistent with the facts, but they were unwilling at the time to challenge Times editor Abe Rosenthal. In 2007, an article in the American Psychologist found \"no evidence for the presence of 38 witnesses, or that witnesses observed the murder, or that witnesses remained inactive\". In 2016, the Times called its own reporting \"flawed\", stating that the original story \"grossly exaggerated the number of witnesses and what they had perceived\".Winston Moseley, a 29-year-old Manhattan native, was arrested during a house burglary six days after the murder. While in custody, he confessed to killing Genovese. At his trial, Moseley was found guilty of murder and sentenced to death; this sentence was later commuted to life imprisonment. Moseley died in prison on March 28, 2016, at the age of 81, having served 52 years.",
        "title": "Murder of Kitty Genovese",
        "title_link": "https://en.wikipedia.org/wiki/Murder_of_Kitty_Genovese",
        "author_name": "Wikipedia",
        "author_link": "https://en.wikipedia.org/"
      }
    ],
    "thread_ts": "1666690572.798599",
    "reply_count": 1,
    "reply_users_count": 1,
    "latest_reply": "1666694643.716889",
    "reply_users": [
      "U03UJKJGRAQ"
    ],
    "replies": [
      {
        "user": "U03UJKJGRAQ",
        "ts": "1666694643.716889"
      }
    ],
    "is_locked": false,
    "subscribed": false,
    "reactions": [
      {
        "name": "eyes",
        "users": [
          "U03UG32J3PC",
          "U03U1HAG9TR",
          "U03UG0YHAUT"
        ],
        "count": 3
      },
      {
        "name": "100",
        "users": [
          "U03UG5VFN03"
        ],
        "count": 1
      }
    ]
  },
  {
    "client_msg_id": "d65f60c9-3ee4-45df-8a3f-1b8b5365f107",
    "type": "message",
    "text": "<!channel> note that the next session in on in 2 minutes",
    "user": "U03T89ACUUW",
    "ts": "1666690731.772599",
    "blocks": [
      {
        "type": "rich_text",
        "block_id": "OYw",
        "elements": [
          {
            "type": "rich_text_section",
            "elements": [
              {
                "type": "broadcast",
                "range": "channel"
              },
              {
                "type": "text",
                "text": " note that the next session in on in 2 minutes"
              }
            ]
          }
        ]
      }
    ],
    "team": "T03U4J8HMUG",
    "user_team": "T03U4J8HMUG",
    "source_team": "T03U4J8HMUG",
    "user_profile": {
      "avatar_hash": "5d532c004550",
      "image_72": "https://avatars.slack-edge.com/2022-08-23/3979962953108_5d532c00455016e7842d_72.jpg",
      "first_name": "Carlos",
      "real_name": "Carlos Gross",
      "display_name": "Carlos Gross",
      "team": "T03U4J8HMUG",
      "name": "Carlos",
      "is_restricted": false,
      "is_ultra_restricted": false
    },
    "reactions": [
      {
        "name": "white_check_mark",
        "users": [
          "U03UVHCV6KB",
          "U03UH397319"
        ],
        "count": 2
      }
    ]
  },
  {
    "type": "message",
    "text": "This is an interesting case of a misreported incident having a big influence on our view of society. \n\nFrom the page on the bystander effect which was coined after this incident (this might apply to us :grimacing:)",
    "files": [
      {
        "id": "F048BL68ED7",
        "created": 1666694580,
        "timestamp": 1666694580,
        "name": "Screenshot_20221025-123542.png",
        "title": "Screenshot_20221025-123542.png",
        "mimetype": "image/png",
        "filetype": "png",
        "pretty_type": "PNG",
        "user": "U03UJKJGRAQ",
        "user_team": "T03U4J8HMUG",
        "editable": false,
        "size": 384696,
        "mode": "hosted",
        "is_external": false,
        "external_type": "",
        "is_public": true,
        "public_url_shared": false,
        "display_as_bot": false,
        "username": "",
        "url_private": "https://files.slack.com/files-pri/T03U4J8HMUG-F048BL68ED7/screenshot_20221025-123542.png?t=xoxe-3956620599968-6240746766294-6247387524178-110fc6768eefd7fcb909c4550875ed49",
        "url_private_download": "https://files.slack.com/files-pri/T03U4J8HMUG-F048BL68ED7/download/screenshot_20221025-123542.png?t=xoxe-3956620599968-6240746766294-6247387524178-110fc6768eefd7fcb909c4550875ed49",
        "media_display_type": "unknown",
        "thumb_64": "https://files.slack.com/files-tmb/T03U4J8HMUG-F048BL68ED7-278195b481/screenshot_20221025-123542_64.png?t=xoxe-3956620599968-6240746766294-6247387524178-110fc6768eefd7fcb909c4550875ed49",
        "thumb_80": "https://files.slack.com/files-tmb/T03U4J8HMUG-F048BL68ED7-278195b481/screenshot_20221025-123542_80.png?t=xoxe-3956620599968-6240746766294-6247387524178-110fc6768eefd7fcb909c4550875ed49",
        "thumb_360": "https://files.slack.com/files-tmb/T03U4J8HMUG-F048BL68ED7-278195b481/screenshot_20221025-123542_360.png?t=xoxe-3956620599968-6240746766294-6247387524178-110fc6768eefd7fcb909c4550875ed49",
        "thumb_360_w": 360,
        "thumb_360_h": 138,
        "thumb_480": "https://files.slack.com/files-tmb/T03U4J8HMUG-F048BL68ED7-278195b481/screenshot_20221025-123542_480.png?t=xoxe-3956620599968-6240746766294-6247387524178-110fc6768eefd7fcb909c4550875ed49",
        "thumb_480_w": 480,
        "thumb_480_h": 183,
        "thumb_160": "https://files.slack.com/files-tmb/T03U4J8HMUG-F048BL68ED7-278195b481/screenshot_20221025-123542_160.png?t=xoxe-3956620599968-6240746766294-6247387524178-110fc6768eefd7fcb909c4550875ed49",
        "thumb_720": "https://files.slack.com/files-tmb/T03U4J8HMUG-F048BL68ED7-278195b481/screenshot_20221025-123542_720.png?t=xoxe-3956620599968-6240746766294-6247387524178-110fc6768eefd7fcb909c4550875ed49",
        "thumb_720_w": 720,
        "thumb_720_h": 275,
        "thumb_800": "https://files.slack.com/files-tmb/T03U4J8HMUG-F048BL68ED7-278195b481/screenshot_20221025-123542_800.png?t=xoxe-3956620599968-6240746766294-6247387524178-110fc6768eefd7fcb909c4550875ed49",
        "thumb_800_w": 800,
        "thumb_800_h": 306,
        "original_w": 864,
        "original_h": 330,
        "thumb_tiny": "AwASADDQbO7v/wB80nPv/wB80Njcen/fWKOvpn/eoABnHOf++aMn3/75pdpx93/x40bT/d/8eNACHPv/AN805M89fyxSbT/d/wDHjTlGB/8AXzQAuBRiiigAooooAKKKKAP/2Q==",
        "permalink": "https://10academybatch6.slack.com/files/U03UJKJGRAQ/F048BL68ED7/screenshot_20221025-123542.png",
        "permalink_public": "https://slack-files.com/T03U4J8HMUG-F048BL68ED7-df56c655e6",
        "is_starred": false,
        "has_rich_preview": false,
        "file_access": "visible"
      }
    ],
    "upload": false,
    "user": "U03UJKJGRAQ",
    "display_as_bot": false,
    "ts": "1666694643.716889",
    "blocks": [
      {
        "type": "rich_text",
        "block_id": "+V2M",
        "elements": [
          {
            "type": "rich_text_section",
            "elements": [
              {
                "type": "text",
                "text": "This is an interesting case of a misreported incident having a big influence on our view of society. \n\nFrom the page on the bystander effect which was coined after this incident (this might apply to us "
              },
              {
                "type": "emoji",
                "name": "grimacing",
                "unicode": "1f62c"
              },
              {
                "type": "text",
                "text": ")"
              }
            ]
          }
        ]
      }
    ],
    "client_msg_id": "9eea5461-4920-4a30-aa76-8b80bb6e1aad",
    "thread_ts": "1666690572.798599",
    "parent_user_id": "U03UUN8M4RX"
  },
  {
    "client_msg_id": "78e4291b-bcd8-47b8-9be6-f860caa994c2",
    "type": "message",
    "text": "I didn't hear the last part of tutorial well, what are we suppose to do before tomorrow? \nI heard specific mention for people not familiar with JS.",
    "user": "U03UJKJGRAQ",
    "ts": "1666709421.082999",
    "blocks": [
      {
        "type": "rich_text",
        "block_id": "coK",
        "elements": [
          {
            "type": "rich_text_section",
            "elements": [
              {
                "type": "text",
                "text": "I didn't hear the last part of tutorial well, what are we suppose to do before tomorrow? \nI heard specific mention for people not familiar with JS."
              }
            ]
          }
        ]
      }
    ],
    "team": "T03U4J8HMUG",
    "user_team": "T03U4J8HMUG",
    "source_team": "T03U4J8HMUG",
    "user_profile": {
      "avatar_hash": "3d318a55b9e2",
      "image_72": "https://avatars.slack-edge.com/2022-10-03/4158852852038_3d318a55b9e221ad2cb3_72.jpg",
      "first_name": "Brian",
      "real_name": "Brian Odom",
      "display_name": "Brian Odom",
      "team": "T03U4J8HMUG",
      "name": "Brian",
      "is_restricted": false,
      "is_ultra_restricted": false
    },
    "thread_ts": "1666709421.082999",
    "reply_count": 4,
    "reply_users_count": 3,
    "latest_reply": "1666710198.029679",
    "reply_users": [
      "U03V785NLSU",
      "U03UJKJGRAQ",
      "U03U1HAG9TR"
    ],
    "replies": [
      {
        "user": "U03V785NLSU",
        "ts": "1666709523.416529"
      },
      {
        "user": "U03UJKJGRAQ",
        "ts": "1666709770.124949"
      },
      {
        "user": "U03U1HAG9TR",
        "ts": "1666709907.129589"
      },
      {
        "user": "U03UJKJGRAQ",
        "ts": "1666710198.029679"
      }
    ],
    "is_locked": false,
    "subscribed": false
  },
  {
    "client_msg_id": "c1758409-76de-411b-a64b-d763e8c5dd58",
    "type": "message",
    "text": "<https://eth-brownie.readthedocs.io/en/stable/|Brownie>",
    "user": "U03V785NLSU",
    "ts": "1666709523.416529",
    "blocks": [
      {
        "type": "rich_text",
        "block_id": "a4d",
        "elements": [
          {
            "type": "rich_text_section",
            "elements": [
              {
                "type": "link",
                "url": "https://eth-brownie.readthedocs.io/en/stable/",
                "text": "Brownie"
              }
            ]
          }
        ]
      }
    ],
    "team": "T03U4J8HMUG",
    "user_team": "T03U4J8HMUG",
    "source_team": "T03U4J8HMUG",
    "user_profile": {
      "avatar_hash": "48d5c88821e9",
      "image_72": "https://avatars.slack-edge.com/2022-08-21/3993277785968_48d5c88821e922581e17_72.jpg",
      "first_name": "Ashley",
      "real_name": "Ashley Hamilton",
      "display_name": "Ashley Hamilton",
      "team": "T03U4J8HMUG",
      "name": "Ashley",
      "is_restricted": false,
      "is_ultra_restricted": false
    },
    "edited": {
      "user": "U03V785NLSU",
      "ts": "1666709596.000000"
    },
    "thread_ts": "1666709421.082999",
    "parent_user_id": "U03UJKJGRAQ",
    "reactions": [
      {
        "name": "+1",
        "users": [
          "U03UJKJGRAQ"
        ],
        "count": 1
      }
    ]
  },
  {
    "client_msg_id": "c7bfb62c-2322-4c96-a078-9009a18a6d09",
    "type": "message",
    "text": "Should I install it?",
    "user": "U03UJKJGRAQ",
    "ts": "1666709770.124949",
    "blocks": [
      {
        "type": "rich_text",
        "block_id": "rHpI",
        "elements": [
          {
            "type": "rich_text_section",
            "elements": [
              {
                "type": "text",
                "text": "Should I install it?"
              }
            ]
          }
        ]
      }
    ],
    "team": "T03U4J8HMUG",
    "user_team": "T03U4J8HMUG",
    "source_team": "T03U4J8HMUG",
    "user_profile": {
      "avatar_hash": "3d318a55b9e2",
      "image_72": "https://avatars.slack-edge.com/2022-10-03/4158852852038_3d318a55b9e221ad2cb3_72.jpg",
      "first_name": "Brian",
      "real_name": "Brian Odom",
      "display_name": "Brian Odom",
      "team": "T03U4J8HMUG",
      "name": "Brian",
      "is_restricted": false,
      "is_ultra_restricted": false
    },
    "thread_ts": "1666709421.082999",
    "parent_user_id": "U03UJKJGRAQ"
  },
  {
    "client_msg_id": "2e2caec4-710d-4b69-91e8-bf40ce89432d",
    "type": "message",
    "text": "Yes, if you're not familiar with JS",
    "user": "U03U1HAG9TR",
    "ts": "1666709907.129589",
    "blocks": [
      {
        "type": "rich_text",
        "block_id": "FPQp",
        "elements": [
          {
            "type": "rich_text_section",
            "elements": [
              {
                "type": "text",
                "text": "Yes, if you're not familiar with JS"
              }
            ]
          }
        ]
      }
    ],
    "team": "T03U4J8HMUG",
    "user_team": "T03U4J8HMUG",
    "source_team": "T03U4J8HMUG",
    "user_profile": {
      "avatar_hash": "4e4331305ef1",
      "image_72": "https://avatars.slack-edge.com/2022-08-20/3980783297649_4e4331305ef102cc4346_72.jpg",
      "first_name": "Robert",
      "real_name": "Robert Carter",
      "display_name": "Robert Carter",
      "team": "T03U4J8HMUG",
      "name": "Robert",
      "is_restricted": false,
      "is_ultra_restricted": false
    },
    "thread_ts": "1666709421.082999",
    "parent_user_id": "U03UJKJGRAQ"
  },
  {
    "client_msg_id": "a0d52f99-5b93-4ee9-9e02-4b5facd33ac0",
    "type": "message",
    "text": "Great. Thank you <@U03V785NLSU> and <@U03U1HAG9TR>",
    "user": "U03UJKJGRAQ",
    "ts": "1666710198.029679",
    "blocks": [
      {
        "type": "rich_text",
        "block_id": "hnG/",
        "elements": [
          {
            "type": "rich_text_section",
            "elements": [
              {
                "type": "text",
                "text": "Great. Thank you "
              },
              {
                "type": "user",
                "user_id": "U03V785NLSU"
              },
              {
                "type": "text",
                "text": " and "
              },
              {
                "type": "user",
                "user_id": "U03U1HAG9TR"
              }
            ]
          }
        ]
      }
    ],
    "team": "T03U4J8HMUG",
    "user_team": "T03U4J8HMUG",
    "source_team": "T03U4J8HMUG",
    "user_profile": {
      "avatar_hash": "3d318a55b9e2",
      "image_72": "https://avatars.slack-edge.com/2022-10-03/4158852852038_3d318a55b9e221ad2cb3_72.jpg",
      "first_name": "Brian",
      "real_name": "Brian Odom",
      "display_name": "Brian Odom",
      "team": "T03U4J8HMUG",
      "name": "Brian",
      "is_restricted": false,
      "is_ultra_restricted": false
    },
    "thread_ts": "1666709421.082999",
    "parent_user_id": "U03UJKJGRAQ"
  },
  {
    "client_msg_id": "0f374509-1025-4b1d-bfc0-ac74378b7d56",
    "type": "message",
    "text": "If I lose my password and my secret recovery phrase, I lose my wallet and my funds forever?",
    "user": "U03V785NLSU",
    "ts": "1666711072.693219",
    "blocks": [
      {
        "type": "rich_text",
        "block_id": "IFg",
        "elements": [
          {
            "type": "rich_text_section",
            "elements": [
              {
                "type": "text",
                "text": "If I lose my password and my secret recovery phrase, I lose my wallet and my funds forever?"
              }
            ]
          }
        ]
      }
    ],
    "team": "T03U4J8HMUG",
    "user_team": "T03U4J8HMUG",
    "source_team": "T03U4J8HMUG",
    "user_profile": {
      "avatar_hash": "48d5c88821e9",
      "image_72": "https://avatars.slack-edge.com/2022-08-21/3993277785968_48d5c88821e922581e17_72.jpg",
      "first_name": "Ashley",
      "real_name": "Ashley Hamilton",
      "display_name": "Ashley Hamilton",
      "team": "T03U4J8HMUG",
      "name": "Ashley",
      "is_restricted": false,
      "is_ultra_restricted": false
    },
    "thread_ts": "1666711072.693219",
    "reply_count": 1,
    "reply_users_count": 1,
    "latest_reply": "1666716858.964429",
    "reply_users": [
      "U03V6HMRPGQ"
    ],
    "replies": [
      {
        "user": "U03V6HMRPGQ",
        "ts": "1666716858.964429"
      }
    ],
    "is_locked": false,
    "subscribed": false,
    "reactions": [
      {
        "name": "eyes",
        "users": [
          "U03U1HAG9TR",
          "U03UJN29Y4C"
        ],
        "count": 2
      }
    ]
  },
  {
    "client_msg_id": "60a689d9-e657-4f8e-816a-8c6a4c0ca3bf",
    "type": "message",
    "text": "<@U03TEPYRM2P> pls could u upload today's tutors",
    "user": "U03UHB8CXDY",
    "ts": "1666716278.345249",
    "blocks": [
      {
        "type": "rich_text",
        "block_id": "Ynn",
        "elements": [
          {
            "type": "rich_text_section",
            "elements": [
              {
                "type": "user",
                "user_id": "U03TEPYRM2P"
              },
              {
                "type": "text",
                "text": " pls could u upload today's tutors"
              }
            ]
          }
        ]
      }
    ],
    "team": "T03U4J8HMUG",
    "user_team": "T03U4J8HMUG",
    "source_team": "T03U4J8HMUG",
    "user_profile": {
      "avatar_hash": "374fee609510",
      "image_72": "https://avatars.slack-edge.com/2022-09-30/4159182498980_374fee609510e6ff1526_72.jpg",
      "first_name": "Yvonne",
      "real_name": "Yvonne Gonzalez",
      "display_name": "Yvonne Gonzalez",
      "team": "T03U4J8HMUG",
      "name": "Yvonne",
      "is_restricted": false,
      "is_ultra_restricted": false
    },
    "thread_ts": "1666716278.345249",
    "reply_count": 2,
    "reply_users_count": 2,
    "latest_reply": "1666716329.279809",
    "reply_users": [
      "U03TEPYRM2P",
      "U03UHB8CXDY"
    ],
    "replies": [
      {
        "user": "U03TEPYRM2P",
        "ts": "1666716311.078359"
      },
      {
        "user": "U03UHB8CXDY",
        "ts": "1666716329.279809"
      }
    ],
    "is_locked": false,
    "subscribed": true,
    "last_read": "1666716329.279809"
  },
  {
    "client_msg_id": "A87CF3DC-C951-41E4-BBCF-A91FE43DA437",
    "type": "message",
    "text": "I\u2019m on it ",
    "user": "U03TEPYRM2P",
    "ts": "1666716311.078359",
    "blocks": [
      {
        "type": "rich_text",
        "block_id": "1F3",
        "elements": [
          {
            "type": "rich_text_section",
            "elements": [
              {
                "type": "text",
                "text": "I\u2019m"
              },
              {
                "type": "text",
                "text": " on "
              },
              {
                "type": "text",
                "text": "it "
              }
            ]
          }
        ]
      }
    ],
    "team": "T03U4J8HMUG",
    "user_team": "T03U4J8HMUG",
    "source_team": "T03U4J8HMUG",
    "user_profile": {
      "avatar_hash": "f113df20f89c",
      "image_72": "https://avatars.slack-edge.com/2022-08-23/3977820714178_f113df20f89c894062b4_72.jpg",
      "first_name": "Garrett",
      "real_name": "Garrett Bell",
      "display_name": "Garrett Bell",
      "team": "T03U4J8HMUG",
      "name": "Garrett",
      "is_restricted": false,
      "is_ultra_restricted": false
    },
    "thread_ts": "1666716278.345249",
    "parent_user_id": "U03UHB8CXDY"
  },
  {
    "client_msg_id": "9ebbb88c-b0a6-43b4-8fbb-acb370d572ca",
    "type": "message",
    "text": "ok thanks",
    "user": "U03UHB8CXDY",
    "ts": "1666716329.279809",
    "blocks": [
      {
        "type": "rich_text",
        "block_id": "hO2",
        "elements": [
          {
            "type": "rich_text_section",
            "elements": [
              {
                "type": "text",
                "text": "ok thanks"
              }
            ]
          }
        ]
      }
    ],
    "team": "T03U4J8HMUG",
    "user_team": "T03U4J8HMUG",
    "source_team": "T03U4J8HMUG",
    "user_profile": {
      "avatar_hash": "374fee609510",
      "image_72": "https://avatars.slack-edge.com/2022-09-30/4159182498980_374fee609510e6ff1526_72.jpg",
      "first_name": "Yvonne",
      "real_name": "Yvonne Gonzalez",
      "display_name": "Yvonne Gonzalez",
      "team": "T03U4J8HMUG",
      "name": "Yvonne",
      "is_restricted": false,
      "is_ultra_restricted": false
    },
    "thread_ts": "1666716278.345249",
    "parent_user_id": "U03UHB8CXDY"
  },
  {
    "client_msg_id": "d30b53c3-c24e-4036-b618-e24dff302df1",
    "type": "message",
    "text": "in real blockchain that is true I think",
    "user": "U03V6HMRPGQ",
    "ts": "1666716858.964429",
    "blocks": [
      {
        "type": "rich_text",
        "block_id": "ywc",
        "elements": [
          {
            "type": "rich_text_section",
            "elements": [
              {
                "type": "text",
                "text": "in real blockchain that is true I think"
              }
            ]
          }
        ]
      }
    ],
    "team": "T03U4J8HMUG",
    "user_team": "T03U4J8HMUG",
    "source_team": "T03U4J8HMUG",
    "user_profile": {
      "avatar_hash": "23fcf5329c03",
      "image_72": "https://avatars.slack-edge.com/2022-08-22/3969139924917_23fcf5329c03131c761f_72.png",
      "first_name": "Cristian",
      "real_name": "Cristian Wilson",
      "display_name": "Cristian Wilson",
      "team": "T03U4J8HMUG",
      "name": "Cristian",
      "is_restricted": false,
      "is_ultra_restricted": false
    },
    "thread_ts": "1666711072.693219",
    "parent_user_id": "U03V785NLSU"
  },
  {
    "client_msg_id": "6ba210a4-4dba-4bf4-bbfc-a3b7a9d20833",
    "type": "message",
    "text": "hey did you miss my silly questions? I have been blocked out from the internet by the government",
    "user": "U03V6HMRPGQ",
    "ts": "1666716948.280239",
    "blocks": [
      {
        "type": "rich_text",
        "block_id": "Ipj",
        "elements": [
          {
            "type": "rich_text_section",
            "elements": [
              {
                "type": "text",
                "text": "hey did you miss my silly questions? I have been blocked out from the internet by the government"
              }
            ]
          }
        ]
      }
    ],
    "team": "T03U4J8HMUG",
    "user_team": "T03U4J8HMUG",
    "source_team": "T03U4J8HMUG",
    "user_profile": {
      "avatar_hash": "23fcf5329c03",
      "image_72": "https://avatars.slack-edge.com/2022-08-22/3969139924917_23fcf5329c03131c761f_72.png",
      "first_name": "Cristian",
      "real_name": "Cristian Wilson",
      "display_name": "Cristian Wilson",
      "team": "T03U4J8HMUG",
      "name": "Cristian",
      "is_restricted": false,
      "is_ultra_restricted": false
    },
    "reactions": [
      {
        "name": "disappointed",
        "users": [
          "U03UJKJGRAQ"
        ],
        "count": 1
      }
    ]
  },
  {
    "client_msg_id": "3db38593-165a-4f69-8d02-c3b6e7f08f1b",
    "type": "message",
    "text": "the entier country was",
    "user": "U03V6HMRPGQ",
    "ts": "1666716963.564009",
    "blocks": [
      {
        "type": "rich_text",
        "block_id": "yRkuw",
        "elements": [
          {
            "type": "rich_text_section",
            "elements": [
              {
                "type": "text",
                "text": "the entier country was"
              }
            ]
          }
        ]
      }
    ],
    "team": "T03U4J8HMUG",
    "user_team": "T03U4J8HMUG",
    "source_team": "T03U4J8HMUG",
    "user_profile": {
      "avatar_hash": "23fcf5329c03",
      "image_72": "https://avatars.slack-edge.com/2022-08-22/3969139924917_23fcf5329c03131c761f_72.png",
      "first_name": "Cristian",
      "real_name": "Cristian Wilson",
      "display_name": "Cristian Wilson",
      "team": "T03U4J8HMUG",
      "name": "Cristian",
      "is_restricted": false,
      "is_ultra_restricted": false
    },
    "thread_ts": "1666716963.564009",
    "reply_count": 2,
    "reply_users_count": 2,
    "latest_reply": "1666718293.083069",
    "reply_users": [
      "U03UVHCV6KB",
      "U03V6HMRPGQ"
    ],
    "replies": [
      {
        "user": "U03UVHCV6KB",
        "ts": "1666717927.777149"
      },
      {
        "user": "U03V6HMRPGQ",
        "ts": "1666718293.083069"
      }
    ],
    "is_locked": false,
    "subscribed": false
  },
  {
    "client_msg_id": "22bd0751-1a03-4975-a244-d1cb7432bfe9",
    "type": "message",
    "text": "what I have missed today.",
    "user": "U03V6HMRPGQ",
    "ts": "1666716985.319519",
    "blocks": [
      {
        "type": "rich_text",
        "block_id": "TD8/E",
        "elements": [
          {
            "type": "rich_text_section",
            "elements": [
              {
                "type": "text",
                "text": "what I have missed today."
              }
            ]
          }
        ]
      }
    ],
    "team": "T03U4J8HMUG",
    "user_team": "T03U4J8HMUG",
    "source_team": "T03U4J8HMUG",
    "user_profile": {
      "avatar_hash": "23fcf5329c03",
      "image_72": "https://avatars.slack-edge.com/2022-08-22/3969139924917_23fcf5329c03131c761f_72.png",
      "first_name": "Cristian",
      "real_name": "Cristian Wilson",
      "display_name": "Cristian Wilson",
      "team": "T03U4J8HMUG",
      "name": "Cristian",
      "is_restricted": false,
      "is_ultra_restricted": false
    },
    "thread_ts": "1666716985.319519",
    "reply_count": 4,
    "reply_users_count": 3,
    "latest_reply": "1666727176.744859",
    "reply_users": [
      "U03UVHCV6KB",
      "U03V6HMRPGQ",
      "U03V785NLSU"
    ],
    "replies": [
      {
        "user": "U03UVHCV6KB",
        "ts": "1666720526.925479"
      },
      {
        "user": "U03V6HMRPGQ",
        "ts": "1666724606.629879"
      },
      {
        "user": "U03V785NLSU",
        "ts": "1666726524.021489"
      },
      {
        "user": "U03V6HMRPGQ",
        "ts": "1666727176.744859"
      }
    ],
    "is_locked": false,
    "subscribed": false
  },
  {
    "client_msg_id": "2ee0bef6-7c75-41a5-951b-edf1b9463744",
    "type": "message",
    "text": "Sudan?",
    "user": "U03UVHCV6KB",
    "ts": "1666717927.777149",
    "blocks": [
      {
        "type": "rich_text",
        "block_id": "k40Ty",
        "elements": [
          {
            "type": "rich_text_section",
            "elements": [
              {
                "type": "text",
                "text": "Sudan?"
              }
            ]
          }
        ]
      }
    ],
    "team": "T03U4J8HMUG",
    "user_team": "T03U4J8HMUG",
    "source_team": "T03U4J8HMUG",
    "user_profile": {
      "avatar_hash": "gc9619121f99",
      "image_72": "https://secure.gravatar.com/avatar/c9619121f998ee4a7e46177f2a5729de.jpg?s=72&d=https%3A%2F%2Fa.slack-edge.com%2Fdf10d%2Fimg%2Favatars%2Fava_0002-72.png",
      "first_name": "Travis",
      "real_name": "Travis Butler",
      "display_name": "Travis Butler",
      "team": "T03U4J8HMUG",
      "name": "Travis",
      "is_restricted": false,
      "is_ultra_restricted": false
    },
    "thread_ts": "1666716963.564009",
    "parent_user_id": "U03V6HMRPGQ"
  },
  {
    "client_msg_id": "7F309B64-A86A-4B4E-A665-8A7A96D9F080",
    "type": "message",
    "text": "Yes <@U03UVHCV6KB> ",
    "user": "U03V6HMRPGQ",
    "ts": "1666718293.083069",
    "blocks": [
      {
        "type": "rich_text",
        "block_id": "irxmM",
        "elements": [
          {
            "type": "rich_text_section",
            "elements": [
              {
                "type": "text",
                "text": "Yes"
              },
              {
                "type": "text",
                "text": " "
              },
              {
                "type": "user",
                "user_id": "U03UVHCV6KB"
              },
              {
                "type": "text",
                "text": " "
              }
            ]
          }
        ]
      }
    ],
    "team": "T03U4J8HMUG",
    "user_team": "T03U4J8HMUG",
    "source_team": "T03U4J8HMUG",
    "user_profile": {
      "avatar_hash": "23fcf5329c03",
      "image_72": "https://avatars.slack-edge.com/2022-08-22/3969139924917_23fcf5329c03131c761f_72.png",
      "first_name": "Cristian",
      "real_name": "Cristian Wilson",
      "display_name": "Cristian Wilson",
      "team": "T03U4J8HMUG",
      "name": "Cristian",
      "is_restricted": false,
      "is_ultra_restricted": false
    },
    "thread_ts": "1666716963.564009",
    "parent_user_id": "U03V6HMRPGQ"
  },
  {
    "client_msg_id": "46a1d370-f92f-4429-85ad-509ae4255b92",
    "type": "message",
    "text": "<https://eth-brownie.readthedocs.io/en/latest/quickstart.html>",
    "user": "U03UVHCV6KB",
    "ts": "1666719119.793889",
    "blocks": [
      {
        "type": "rich_text",
        "block_id": "4oNRD",
        "elements": [
          {
            "type": "rich_text_section",
            "elements": [
              {
                "type": "link",
                "url": "https://eth-brownie.readthedocs.io/en/latest/quickstart.html"
              }
            ]
          }
        ]
      }
    ],
    "team": "T03U4J8HMUG",
    "user_team": "T03U4J8HMUG",
    "source_team": "T03U4J8HMUG",
    "user_profile": {
      "avatar_hash": "gc9619121f99",
      "image_72": "https://secure.gravatar.com/avatar/c9619121f998ee4a7e46177f2a5729de.jpg?s=72&d=https%3A%2F%2Fa.slack-edge.com%2Fdf10d%2Fimg%2Favatars%2Fava_0002-72.png",
      "first_name": "Travis",
      "real_name": "Travis Butler",
      "display_name": "Travis Butler",
      "team": "T03U4J8HMUG",
      "name": "Travis",
      "is_restricted": false,
      "is_ultra_restricted": false
    }
  },
  {
    "client_msg_id": "9cd78e2c-f9a0-49c7-9006-52958cfb379e",
    "type": "message",
    "text": "<https://docs.soliditylang.org/en/v0.6.0/introduction-to-smart-contracts.html#the-ethereum-virtual-machine>",
    "user": "U03UVHCV6KB",
    "ts": "1666719954.653739",
    "blocks": [
      {
        "type": "rich_text",
        "block_id": "Ouib",
        "elements": [
          {
            "type": "rich_text_section",
            "elements": [
              {
                "type": "link",
                "url": "https://docs.soliditylang.org/en/v0.6.0/introduction-to-smart-contracts.html#the-ethereum-virtual-machine"
              }
            ]
          }
        ]
      }
    ],
    "team": "T03U4J8HMUG",
    "user_team": "T03U4J8HMUG",
    "source_team": "T03U4J8HMUG",
    "user_profile": {
      "avatar_hash": "gc9619121f99",
      "image_72": "https://secure.gravatar.com/avatar/c9619121f998ee4a7e46177f2a5729de.jpg?s=72&d=https%3A%2F%2Fa.slack-edge.com%2Fdf10d%2Fimg%2Favatars%2Fava_0002-72.png",
      "first_name": "Travis",
      "real_name": "Travis Butler",
      "display_name": "Travis Butler",
      "team": "T03U4J8HMUG",
      "name": "Travis",
      "is_restricted": false,
      "is_ultra_restricted": false
    }
  },
  {
    "client_msg_id": "547b96e6-8a3e-4499-8fde-a413419eb9f5",
    "type": "message",
    "text": "<https://github.com/eth-brownie/brownie>",
    "user": "U03UVHCV6KB",
    "ts": "1666720259.503639",
    "blocks": [
      {
        "type": "rich_text",
        "block_id": "72qY",
        "elements": [
          {
            "type": "rich_text_section",
            "elements": [
              {
                "type": "link",
                "url": "https://github.com/eth-brownie/brownie"
              }
            ]
          }
        ]
      }
    ],
    "team": "T03U4J8HMUG",
    "user_team": "T03U4J8HMUG",
    "source_team": "T03U4J8HMUG",
    "user_profile": {
      "avatar_hash": "gc9619121f99",
      "image_72": "https://secure.gravatar.com/avatar/c9619121f998ee4a7e46177f2a5729de.jpg?s=72&d=https%3A%2F%2Fa.slack-edge.com%2Fdf10d%2Fimg%2Favatars%2Fava_0002-72.png",
      "first_name": "Travis",
      "real_name": "Travis Butler",
      "display_name": "Travis Butler",
      "team": "T03U4J8HMUG",
      "name": "Travis",
      "is_restricted": false,
      "is_ultra_restricted": false
    },
    "attachments": [
      {
        "id": 1,
        "color": "24292f",
        "bot_id": "B03UYH1BWQZ",
        "app_unfurl_url": "https://github.com/eth-brownie/brownie",
        "is_app_unfurl": true,
        "app_id": "A01BP7R4KNY",
        "fallback": "eth-brownie/brownie",
        "text": "A Python-based development and testing framework for smart contracts targeting the Ethereum Virtual Machine.",
        "title": "eth-brownie/brownie",
        "fields": [
          {
            "value": "<https://eth-brownie.readthedocs.io>",
            "title": "Website",
            "short": true
          },
          {
            "value": "2253",
            "title": "Stars",
            "short": true
          }
        ]
      }
    ]
  },
  {
    "client_msg_id": "368bdbe1-d505-4bfd-9534-e2af269b6067",
    "type": "message",
    "text": "It was basically an intro kind of tutorial on creating and deploying smart contracts on the Ethereum test network named <https://goerli.net/|goerli test net>  using <https://remix.ethereum.org/|remix>, a browser-based IDE for developing and deploying smart contracts",
    "user": "U03UVHCV6KB",
    "ts": "1666720526.925479",
    "blocks": [
      {
        "type": "rich_text",
        "block_id": "YLe",
        "elements": [
          {
            "type": "rich_text_section",
            "elements": [
              {
                "type": "text",
                "text": "It was basically an intro kind of tutorial on creating and deploying smart contracts on the Ethereum test network named "
              },
              {
                "type": "link",
                "url": "https://goerli.net/",
                "text": "goerli test net"
              },
              {
                "type": "text",
                "text": "  using "
              },
              {
                "type": "link",
                "url": "https://remix.ethereum.org/",
                "text": "remix"
              },
              {
                "type": "text",
                "text": ", a browser-based IDE for developing and deploying smart contracts"
              }
            ]
          }
        ]
      }
    ],
    "team": "T03U4J8HMUG",
    "user_team": "T03U4J8HMUG",
    "source_team": "T03U4J8HMUG",
    "user_profile": {
      "avatar_hash": "gc9619121f99",
      "image_72": "https://secure.gravatar.com/avatar/c9619121f998ee4a7e46177f2a5729de.jpg?s=72&d=https%3A%2F%2Fa.slack-edge.com%2Fdf10d%2Fimg%2Favatars%2Fava_0002-72.png",
      "first_name": "Travis",
      "real_name": "Travis Butler",
      "display_name": "Travis Butler",
      "team": "T03U4J8HMUG",
      "name": "Travis",
      "is_restricted": false,
      "is_ultra_restricted": false
    },
    "attachments": [
      {
        "from_url": "https://goerli.net/",
        "thumb_url": "https://goerli.net/img/ascii_com.png",
        "thumb_width": 422,
        "thumb_height": 362,
        "id": 1,
        "original_url": "https://goerli.net/",
        "fallback": "G\u00f6rli Testnet",
        "text": "A cross-client proof-of-authority testing network for Ethereum.",
        "title": "G\u00f6rli Testnet",
        "title_link": "https://goerli.net/",
        "service_name": "goerli.net"
      }
    ],
    "thread_ts": "1666716985.319519",
    "parent_user_id": "U03V6HMRPGQ",
    "reactions": [
      {
        "name": "white_check_mark",
        "users": [
          "U03V6HMRPGQ"
        ],
        "count": 1
      }
    ]
  },
  {
    "client_msg_id": "f1beefb3-0809-462d-a231-d3a51a872e98",
    "type": "message",
    "text": "<https://trufflesuite.com/docs/truffle/quickstart/>",
    "user": "U03UVHCV6KB",
    "ts": "1666722404.001999",
    "blocks": [
      {
        "type": "rich_text",
        "block_id": "UGStE",
        "elements": [
          {
            "type": "rich_text_section",
            "elements": [
              {
                "type": "link",
                "url": "https://trufflesuite.com/docs/truffle/quickstart/"
              }
            ]
          }
        ]
      }
    ],
    "team": "T03U4J8HMUG",
    "user_team": "T03U4J8HMUG",
    "source_team": "T03U4J8HMUG",
    "user_profile": {
      "avatar_hash": "gc9619121f99",
      "image_72": "https://secure.gravatar.com/avatar/c9619121f998ee4a7e46177f2a5729de.jpg?s=72&d=https%3A%2F%2Fa.slack-edge.com%2Fdf10d%2Fimg%2Favatars%2Fava_0002-72.png",
      "first_name": "Travis",
      "real_name": "Travis Butler",
      "display_name": "Travis Butler",
      "team": "T03U4J8HMUG",
      "name": "Travis",
      "is_restricted": false,
      "is_ultra_restricted": false
    }
  },
  {
    "client_msg_id": "c12c6a54-c874-49c7-8fd8-1b20b5b8dbb9",
    "type": "message",
    "text": "Thank you <@U03UVHCV6KB>",
    "user": "U03V6HMRPGQ",
    "ts": "1666724606.629879",
    "blocks": [
      {
        "type": "rich_text",
        "block_id": "bis",
        "elements": [
          {
            "type": "rich_text_section",
            "elements": [
              {
                "type": "text",
                "text": "Thank you "
              },
              {
                "type": "user",
                "user_id": "U03UVHCV6KB"
              }
            ]
          }
        ]
      }
    ],
    "team": "T03U4J8HMUG",
    "user_team": "T03U4J8HMUG",
    "source_team": "T03U4J8HMUG",
    "user_profile": {
      "avatar_hash": "23fcf5329c03",
      "image_72": "https://avatars.slack-edge.com/2022-08-22/3969139924917_23fcf5329c03131c761f_72.png",
      "first_name": "Cristian",
      "real_name": "Cristian Wilson",
      "display_name": "Cristian Wilson",
      "team": "T03U4J8HMUG",
      "name": "Cristian",
      "is_restricted": false,
      "is_ultra_restricted": false
    },
    "thread_ts": "1666716985.319519",
    "parent_user_id": "U03V6HMRPGQ",
    "reactions": [
      {
        "name": "white_check_mark",
        "users": [
          "U03UVHCV6KB"
        ],
        "count": 1
      }
    ]
  },
  {
    "client_msg_id": "3f3eb4e9-8465-4852-bae3-8ee1b1127b2f",
    "type": "message",
    "text": "Find all the details here <https://pad.riseup.net/p/10academysmartcontractws>",
    "user": "U03V785NLSU",
    "ts": "1666726524.021489",
    "blocks": [
      {
        "type": "rich_text",
        "block_id": "pkLvQ",
        "elements": [
          {
            "type": "rich_text_section",
            "elements": [
              {
                "type": "text",
                "text": "Find all the details here "
              },
              {
                "type": "link",
                "url": "https://pad.riseup.net/p/10academysmartcontractws"
              }
            ]
          }
        ]
      }
    ],
    "team": "T03U4J8HMUG",
    "user_team": "T03U4J8HMUG",
    "source_team": "T03U4J8HMUG",
    "user_profile": {
      "avatar_hash": "48d5c88821e9",
      "image_72": "https://avatars.slack-edge.com/2022-08-21/3993277785968_48d5c88821e922581e17_72.jpg",
      "first_name": "Ashley",
      "real_name": "Ashley Hamilton",
      "display_name": "Ashley Hamilton",
      "team": "T03U4J8HMUG",
      "name": "Ashley",
      "is_restricted": false,
      "is_ultra_restricted": false
    },
    "thread_ts": "1666716985.319519",
    "parent_user_id": "U03V6HMRPGQ",
    "reactions": [
      {
        "name": "white_check_mark",
        "users": [
          "U03V6HMRPGQ",
          "U03UVHCV6KB"
        ],
        "count": 2
      }
    ]
  },
  {
    "client_msg_id": "a07dd2c2-3c77-4a91-acc7-47f87aec38b8",
    "type": "message",
    "text": "Thank u <@U03V785NLSU>",
    "user": "U03V6HMRPGQ",
    "ts": "1666727176.744859",
    "blocks": [
      {
        "type": "rich_text",
        "block_id": "4srS",
        "elements": [
          {
            "type": "rich_text_section",
            "elements": [
              {
                "type": "text",
                "text": "Thank u "
              },
              {
                "type": "user",
                "user_id": "U03V785NLSU"
              }
            ]
          }
        ]
      }
    ],
    "team": "T03U4J8HMUG",
    "user_team": "T03U4J8HMUG",
    "source_team": "T03U4J8HMUG",
    "user_profile": {
      "avatar_hash": "23fcf5329c03",
      "image_72": "https://avatars.slack-edge.com/2022-08-22/3969139924917_23fcf5329c03131c761f_72.png",
      "first_name": "Cristian",
      "real_name": "Cristian Wilson",
      "display_name": "Cristian Wilson",
      "team": "T03U4J8HMUG",
      "name": "Cristian",
      "is_restricted": false,
      "is_ultra_restricted": false
    },
    "thread_ts": "1666716985.319519",
    "parent_user_id": "U03V6HMRPGQ"
  }
]