[
  {
    "client_msg_id": "397209f9-77f0-4980-9433-da354bddce55",
    "type": "message",
    "text": "<@U03V8LHPDME> <@U03UKL27B0R> <@U03U9DB7REG> a little clarification on what link we are submitting for Interim please",
    "user": "U03U1FNPEUX",
    "ts": "1661979057.581639",
    "blocks": [
      {
        "type": "rich_text",
        "block_id": "FFZ4",
        "elements": [
          {
            "type": "rich_text_section",
            "elements": [
              {
                "type": "user",
                "user_id": "U03V8LHPDME"
              },
              {
                "type": "text",
                "text": " "
              },
              {
                "type": "user",
                "user_id": "U03UKL27B0R"
              },
              {
                "type": "text",
                "text": " "
              },
              {
                "type": "user",
                "user_id": "U03U9DB7REG"
              },
              {
                "type": "text",
                "text": " a little clarification on what link we are submitting for Interim please"
              }
            ]
          }
        ]
      }
    ],
    "team": "T03U4J8HMUG",
    "user_team": "T03U4J8HMUG",
    "source_team": "T03U4J8HMUG",
    "user_profile": {
      "avatar_hash": "37a12a7dbb92",
      "image_72": "https://avatars.slack-edge.com/2022-09-09/4058043481011_37a12a7dbb926b2c9c86_72.png",
      "first_name": "Joshua",
      "real_name": "Joshua Rhodes",
      "display_name": "Joshua Rhodes",
      "team": "T03U4J8HMUG",
      "name": "Joshua",
      "is_restricted": false,
      "is_ultra_restricted": false
    },
    "thread_ts": "1661979057.581639",
    "reply_count": 10,
    "reply_users_count": 3,
    "latest_reply": "1661979934.403769",
    "reply_users": [
      "U03UVHCV6KB",
      "U03UKL27B0R",
      "U03U1FNPEUX"
    ],
    "replies": [
      {
        "user": "U03UVHCV6KB",
        "ts": "1661979653.154169"
      },
      {
        "user": "U03UVHCV6KB",
        "ts": "1661979680.826439"
      },
      {
        "user": "U03UKL27B0R",
        "ts": "1661979683.761039"
      },
      {
        "user": "U03U1FNPEUX",
        "ts": "1661979690.936839"
      },
      {
        "user": "U03U1FNPEUX",
        "ts": "1661979754.550649"
      },
      {
        "user": "U03UVHCV6KB",
        "ts": "1661979765.042359"
      },
      {
        "user": "U03UVHCV6KB",
        "ts": "1661979772.260639"
      },
      {
        "user": "U03UVHCV6KB",
        "ts": "1661979775.690969"
      },
      {
        "user": "U03UKL27B0R",
        "ts": "1661979865.548709"
      },
      {
        "user": "U03U1FNPEUX",
        "ts": "1661979934.403769"
      }
    ],
    "is_locked": false,
    "subscribed": false
  },
  {
    "client_msg_id": "c2d33173-94af-4b5e-8c2c-45765dca7d89",
    "type": "message",
    "text": "PDF file format",
    "user": "U03UVHCV6KB",
    "ts": "1661979653.154169",
    "blocks": [
      {
        "type": "rich_text",
        "block_id": "Y3C",
        "elements": [
          {
            "type": "rich_text_section",
            "elements": [
              {
                "type": "text",
                "text": "PDF file format"
              }
            ]
          }
        ]
      }
    ],
    "team": "T03U4J8HMUG",
    "user_team": "T03U4J8HMUG",
    "source_team": "T03U4J8HMUG",
    "user_profile": {
      "avatar_hash": "gc9619121f99",
      "image_72": "https://secure.gravatar.com/avatar/c9619121f998ee4a7e46177f2a5729de.jpg?s=72&d=https%3A%2F%2Fa.slack-edge.com%2Fdf10d%2Fimg%2Favatars%2Fava_0002-72.png",
      "first_name": "Travis",
      "real_name": "Travis Butler",
      "display_name": "Travis Butler",
      "team": "T03U4J8HMUG",
      "name": "Travis",
      "is_restricted": false,
      "is_ultra_restricted": false
    },
    "thread_ts": "1661979057.581639",
    "parent_user_id": "U03U1FNPEUX"
  },
  {
    "client_msg_id": "4b2a5c51-32e9-445f-8c9d-4c219fae8831",
    "type": "message",
    "text": "hope I'm not too late :crossed_fingers:",
    "user": "U03UVHCV6KB",
    "ts": "1661979680.826439",
    "blocks": [
      {
        "type": "rich_text",
        "block_id": "+m0",
        "elements": [
          {
            "type": "rich_text_section",
            "elements": [
              {
                "type": "text",
                "text": "hope I'm not too late "
              },
              {
                "type": "emoji",
                "name": "crossed_fingers",
                "unicode": "1f91e"
              }
            ]
          }
        ]
      }
    ],
    "team": "T03U4J8HMUG",
    "user_team": "T03U4J8HMUG",
    "source_team": "T03U4J8HMUG",
    "user_profile": {
      "avatar_hash": "gc9619121f99",
      "image_72": "https://secure.gravatar.com/avatar/c9619121f998ee4a7e46177f2a5729de.jpg?s=72&d=https%3A%2F%2Fa.slack-edge.com%2Fdf10d%2Fimg%2Favatars%2Fava_0002-72.png",
      "first_name": "Travis",
      "real_name": "Travis Butler",
      "display_name": "Travis Butler",
      "team": "T03U4J8HMUG",
      "name": "Travis",
      "is_restricted": false,
      "is_ultra_restricted": false
    },
    "thread_ts": "1661979057.581639",
    "parent_user_id": "U03U1FNPEUX"
  },
  {
    "client_msg_id": "eed592c7-6606-4e68-b201-edff2112f360",
    "type": "message",
    "text": "You will be using the report submission link to submit the report and github submission link to submit your github repo.",
    "user": "U03UKL27B0R",
    "ts": "1661979683.761039",
    "blocks": [
      {
        "type": "rich_text",
        "block_id": "yXUw",
        "elements": [
          {
            "type": "rich_text_section",
            "elements": [
              {
                "type": "text",
                "text": "You will be using the report submission link to submit the report and github submission link to submit your github repo."
              }
            ]
          }
        ]
      }
    ],
    "team": "T03U4J8HMUG",
    "user_team": "T03U4J8HMUG",
    "source_team": "T03U4J8HMUG",
    "user_profile": {
      "avatar_hash": "85058b6ca368",
      "image_72": "https://avatars.slack-edge.com/2022-08-18/3961513756852_85058b6ca368839d0014_72.png",
      "first_name": "Brittany",
      "real_name": "Brittany Garcia",
      "display_name": "Brittany Garcia",
      "team": "T03U4J8HMUG",
      "name": "Brittany",
      "is_restricted": false,
      "is_ultra_restricted": false
    },
    "thread_ts": "1661979057.581639",
    "parent_user_id": "U03U1FNPEUX"
  },
  {
    "client_msg_id": "1770B866-4695-4419-848C-10842C4443FC",
    "type": "message",
    "text": "I meant for the github link ",
    "user": "U03U1FNPEUX",
    "ts": "1661979690.936839",
    "blocks": [
      {
        "type": "rich_text",
        "block_id": "qjz8",
        "elements": [
          {
            "type": "rich_text_section",
            "elements": [
              {
                "type": "text",
                "text": "I meant for the github link "
              }
            ]
          }
        ]
      }
    ],
    "team": "T03U4J8HMUG",
    "user_team": "T03U4J8HMUG",
    "source_team": "T03U4J8HMUG",
    "user_profile": {
      "avatar_hash": "37a12a7dbb92",
      "image_72": "https://avatars.slack-edge.com/2022-09-09/4058043481011_37a12a7dbb926b2c9c86_72.png",
      "first_name": "Joshua",
      "real_name": "Joshua Rhodes",
      "display_name": "Joshua Rhodes",
      "team": "T03U4J8HMUG",
      "name": "Joshua",
      "is_restricted": false,
      "is_ultra_restricted": false
    },
    "edited": {
      "user": "U03U1FNPEUX",
      "ts": "1661979729.000000"
    },
    "thread_ts": "1661979057.581639",
    "parent_user_id": "U03U1FNPEUX"
  },
  {
    "client_msg_id": "C5BD0174-2D9A-4288-B427-87167B2A3818",
    "type": "message",
    "text": "The org. Or my repo",
    "user": "U03U1FNPEUX",
    "ts": "1661979754.550649",
    "blocks": [
      {
        "type": "rich_text",
        "block_id": "Lxtq",
        "elements": [
          {
            "type": "rich_text_section",
            "elements": [
              {
                "type": "text",
                "text": "The org. Or my repo"
              }
            ]
          }
        ]
      }
    ],
    "team": "T03U4J8HMUG",
    "user_team": "T03U4J8HMUG",
    "source_team": "T03U4J8HMUG",
    "user_profile": {
      "avatar_hash": "37a12a7dbb92",
      "image_72": "https://avatars.slack-edge.com/2022-09-09/4058043481011_37a12a7dbb926b2c9c86_72.png",
      "first_name": "Joshua",
      "real_name": "Joshua Rhodes",
      "display_name": "Joshua Rhodes",
      "team": "T03U4J8HMUG",
      "name": "Joshua",
      "is_restricted": false,
      "is_ultra_restricted": false
    },
    "thread_ts": "1661979057.581639",
    "parent_user_id": "U03U1FNPEUX"
  },
  {
    "client_msg_id": "671d418b-8e7c-4af4-8ab7-1d02dc879d31",
    "type": "message",
    "text": "the github repo you and your group collaborated on, Am I missing something here ? Thought that was straight forward",
    "user": "U03UVHCV6KB",
    "ts": "1661979765.042359",
    "blocks": [
      {
        "type": "rich_text",
        "block_id": "H0R",
        "elements": [
          {
            "type": "rich_text_section",
            "elements": [
              {
                "type": "text",
                "text": "the github repo you and your group collaborated on, Am I missing something here ? Thought that was straight forward"
              }
            ]
          }
        ]
      }
    ],
    "team": "T03U4J8HMUG",
    "user_team": "T03U4J8HMUG",
    "source_team": "T03U4J8HMUG",
    "user_profile": {
      "avatar_hash": "gc9619121f99",
      "image_72": "https://secure.gravatar.com/avatar/c9619121f998ee4a7e46177f2a5729de.jpg?s=72&d=https%3A%2F%2Fa.slack-edge.com%2Fdf10d%2Fimg%2Favatars%2Fava_0002-72.png",
      "first_name": "Travis",
      "real_name": "Travis Butler",
      "display_name": "Travis Butler",
      "team": "T03U4J8HMUG",
      "name": "Travis",
      "is_restricted": false,
      "is_ultra_restricted": false
    },
    "thread_ts": "1661979057.581639",
    "parent_user_id": "U03U1FNPEUX"
  },
  {
    "client_msg_id": "ffde9dc0-fc45-4de4-bcd4-63caec5bd21b",
    "type": "message",
    "text": "oh ok",
    "user": "U03UVHCV6KB",
    "ts": "1661979772.260639",
    "blocks": [
      {
        "type": "rich_text",
        "block_id": "Z/0",
        "elements": [
          {
            "type": "rich_text_section",
            "elements": [
              {
                "type": "text",
                "text": "oh ok"
              }
            ]
          }
        ]
      }
    ],
    "team": "T03U4J8HMUG",
    "user_team": "T03U4J8HMUG",
    "source_team": "T03U4J8HMUG",
    "user_profile": {
      "avatar_hash": "gc9619121f99",
      "image_72": "https://secure.gravatar.com/avatar/c9619121f998ee4a7e46177f2a5729de.jpg?s=72&d=https%3A%2F%2Fa.slack-edge.com%2Fdf10d%2Fimg%2Favatars%2Fava_0002-72.png",
      "first_name": "Travis",
      "real_name": "Travis Butler",
      "display_name": "Travis Butler",
      "team": "T03U4J8HMUG",
      "name": "Travis",
      "is_restricted": false,
      "is_ultra_restricted": false
    },
    "thread_ts": "1661979057.581639",
    "parent_user_id": "U03U1FNPEUX"
  },
  {
    "client_msg_id": "c7e5f152-714f-455d-ba1e-552347c8b496",
    "type": "message",
    "text": "the org",
    "user": "U03UVHCV6KB",
    "ts": "1661979775.690969",
    "blocks": [
      {
        "type": "rich_text",
        "block_id": "7/2",
        "elements": [
          {
            "type": "rich_text_section",
            "elements": [
              {
                "type": "text",
                "text": "the org"
              }
            ]
          }
        ]
      }
    ],
    "team": "T03U4J8HMUG",
    "user_team": "T03U4J8HMUG",
    "source_team": "T03U4J8HMUG",
    "user_profile": {
      "avatar_hash": "gc9619121f99",
      "image_72": "https://secure.gravatar.com/avatar/c9619121f998ee4a7e46177f2a5729de.jpg?s=72&d=https%3A%2F%2Fa.slack-edge.com%2Fdf10d%2Fimg%2Favatars%2Fava_0002-72.png",
      "first_name": "Travis",
      "real_name": "Travis Butler",
      "display_name": "Travis Butler",
      "team": "T03U4J8HMUG",
      "name": "Travis",
      "is_restricted": false,
      "is_ultra_restricted": false
    },
    "thread_ts": "1661979057.581639",
    "parent_user_id": "U03U1FNPEUX"
  },
  {
    "client_msg_id": "0114949f-dee8-40d3-8004-8cdbe8b97aec",
    "type": "message",
    "text": "You can fork the organizational repo and submit the forked one or the organizational repo itself. It won't matter as long as we can see your work,",
    "user": "U03UKL27B0R",
    "ts": "1661979865.548709",
    "blocks": [
      {
        "type": "rich_text",
        "block_id": "tLfbB",
        "elements": [
          {
            "type": "rich_text_section",
            "elements": [
              {
                "type": "text",
                "text": "You can fork the organizational repo and submit the forked one or the organizational repo itself. It won't matter as long as we can see your work,"
              }
            ]
          }
        ]
      }
    ],
    "team": "T03U4J8HMUG",
    "user_team": "T03U4J8HMUG",
    "source_team": "T03U4J8HMUG",
    "user_profile": {
      "avatar_hash": "85058b6ca368",
      "image_72": "https://avatars.slack-edge.com/2022-08-18/3961513756852_85058b6ca368839d0014_72.png",
      "first_name": "Brittany",
      "real_name": "Brittany Garcia",
      "display_name": "Brittany Garcia",
      "team": "T03U4J8HMUG",
      "name": "Brittany",
      "is_restricted": false,
      "is_ultra_restricted": false
    },
    "thread_ts": "1661979057.581639",
    "parent_user_id": "U03U1FNPEUX"
  },
  {
    "client_msg_id": "279C8D6D-5C53-4C45-8511-1A4126DC6651",
    "type": "message",
    "text": "Okay thanks",
    "user": "U03U1FNPEUX",
    "ts": "1661979934.403769",
    "blocks": [
      {
        "type": "rich_text",
        "block_id": "5/oy",
        "elements": [
          {
            "type": "rich_text_section",
            "elements": [
              {
                "type": "text",
                "text": "Okay thanks"
              }
            ]
          }
        ]
      }
    ],
    "team": "T03U4J8HMUG",
    "user_team": "T03U4J8HMUG",
    "source_team": "T03U4J8HMUG",
    "user_profile": {
      "avatar_hash": "37a12a7dbb92",
      "image_72": "https://avatars.slack-edge.com/2022-09-09/4058043481011_37a12a7dbb926b2c9c86_72.png",
      "first_name": "Joshua",
      "real_name": "Joshua Rhodes",
      "display_name": "Joshua Rhodes",
      "team": "T03U4J8HMUG",
      "name": "Joshua",
      "is_restricted": false,
      "is_ultra_restricted": false
    },
    "thread_ts": "1661979057.581639",
    "parent_user_id": "U03U1FNPEUX"
  }
]