[
  {
    "client_msg_id": "0a26708b-78ee-4543-84be-4770e2ae8574",
    "type": "message",
    "text": "Thank you so much",
    "user": "U03UGB3T3MY",
    "ts": "1662015960.997039",
    "blocks": [
      {
        "type": "rich_text",
        "block_id": "IvV",
        "elements": [
          {
            "type": "rich_text_section",
            "elements": [
              {
                "type": "text",
                "text": "Thank you so much"
              }
            ]
          }
        ]
      }
    ],
    "team": "T03U4J8HMUG",
    "user_team": "T03U4J8HMUG",
    "source_team": "T03U4J8HMUG",
    "user_profile": {
      "avatar_hash": "bc7bd41571eb",
      "image_72": "https://avatars.slack-edge.com/2022-08-20/3981003133089_bc7bd41571eb59dd063d_72.jpg",
      "first_name": "Dustin",
      "real_name": "Dustin Wilson",
      "display_name": "Dustin Wilson",
      "team": "T03U4J8HMUG",
      "name": "Dustin",
      "is_restricted": false,
      "is_ultra_restricted": false
    },
    "thread_ts": "1661638084.234439",
    "parent_user_id": "U03UFV7HFNF",
    "reactions": [
      {
        "name": "+1",
        "users": [
          "U03UFV7HFNF"
        ],
        "count": 1
      }
    ]
  }
]