[
  {
    "client_msg_id": "228f2c2e-8314-4547-a626-19cd860646ed",
    "type": "message",
    "text": "Can I get more info on the where the telecommunications dataset comes from? I'd like to put the project on my resume.",
    "user": "U03UJN29Y4C",
    "ts": "1667932405.677889",
    "blocks": [
      {
        "type": "rich_text",
        "block_id": "EZYF",
        "elements": [
          {
            "type": "rich_text_section",
            "elements": [
              {
                "type": "text",
                "text": "Can I get more info on the where the telecommunications dataset comes from? I'd like to put the project on my resume."
              }
            ]
          }
        ]
      }
    ],
    "team": "T03U4J8HMUG",
    "user_team": "T03U4J8HMUG",
    "source_team": "T03U4J8HMUG",
    "user_profile": {
      "avatar_hash": "9bf024280cf1",
      "image_72": "https://avatars.slack-edge.com/2022-10-08/4190947116101_9bf024280cf14dffb003_72.jpg",
      "first_name": "Michelle",
      "real_name": "Michelle Lewis",
      "display_name": "Michelle Lewis",
      "team": "T03U4J8HMUG",
      "name": "Michelle",
      "is_restricted": false,
      "is_ultra_restricted": false
    },
    "thread_ts": "1667932405.677889",
    "reply_count": 2,
    "reply_users_count": 2,
    "latest_reply": "1668159386.385809",
    "reply_users": [
      "U03U93GNNVB",
      "U03UJN29Y4C"
    ],
    "replies": [
      {
        "user": "U03U93GNNVB",
        "ts": "1668158796.869069"
      },
      {
        "user": "U03UJN29Y4C",
        "ts": "1668159386.385809"
      }
    ],
    "is_locked": false,
    "subscribed": false
  }
]