[
  {
    "client_msg_id": "73bcdb2e-319f-4082-b5e5-b9147c0be7d4",
    "type": "message",
    "text": "You African telecomms data",
    "user": "U03U93GNNVB",
    "ts": "1668158796.869069",
    "blocks": [
      {
        "type": "rich_text",
        "block_id": "0+e",
        "elements": [
          {
            "type": "rich_text_section",
            "elements": [
              {
                "type": "text",
                "text": "You African telecomms data"
              }
            ]
          }
        ]
      }
    ],
    "team": "T03U4J8HMUG",
    "user_team": "T03U4J8HMUG",
    "source_team": "T03U4J8HMUG",
    "user_profile": {
      "avatar_hash": "a49779ad093d",
      "image_72": "https://avatars.slack-edge.com/2022-08-22/3994045204528_a49779ad093d4fc39a87_72.jpg",
      "first_name": "Katherine",
      "real_name": "Katherine Foster",
      "display_name": "Katherine Foster",
      "team": "T03U4J8HMUG",
      "name": "Katherine",
      "is_restricted": false,
      "is_ultra_restricted": false
    },
    "thread_ts": "1667932405.677889",
    "parent_user_id": "U03UJN29Y4C"
  },
  {
    "client_msg_id": "b6cce611-5adc-4009-b3c6-a5e0f9030291",
    "type": "message",
    "text": "All right, thanks",
    "user": "U03UJN29Y4C",
    "ts": "1668159386.385809",
    "blocks": [
      {
        "type": "rich_text",
        "block_id": "ZIek",
        "elements": [
          {
            "type": "rich_text_section",
            "elements": [
              {
                "type": "text",
                "text": "All right, thanks"
              }
            ]
          }
        ]
      }
    ],
    "team": "T03U4J8HMUG",
    "user_team": "T03U4J8HMUG",
    "source_team": "T03U4J8HMUG",
    "user_profile": {
      "avatar_hash": "9bf024280cf1",
      "image_72": "https://avatars.slack-edge.com/2022-10-08/4190947116101_9bf024280cf14dffb003_72.jpg",
      "first_name": "Michelle",
      "real_name": "Michelle Lewis",
      "display_name": "Michelle Lewis",
      "team": "T03U4J8HMUG",
      "name": "Michelle",
      "is_restricted": false,
      "is_ultra_restricted": false
    },
    "thread_ts": "1667932405.677889",
    "parent_user_id": "U03UJN29Y4C"
  }
]