[
  {
    "type": "message",
    "subtype": "channel_join",
    "ts": "1660893924.224059",
    "user": "U03UDBUL7CL",
    "text": "<@U03UDBUL7CL> has joined the channel"
  },
  {
    "type": "message",
    "subtype": "channel_join",
    "ts": "1660897470.000909",
    "user": "U03U4GULU3Y",
    "text": "<@U03U4GULU3Y> has joined the channel"
  },
  {
    "type": "message",
    "subtype": "channel_join",
    "ts": "1660904827.029069",
    "user": "U03V1AM5TFA",
    "text": "<@U03V1AM5TFA> has joined the channel"
  },
  {
    "type": "message",
    "subtype": "channel_join",
    "ts": "1660904837.473839",
    "user": "U03TX2VN6H5",
    "text": "<@U03TX2VN6H5> has joined the channel"
  },
  {
    "type": "message",
    "subtype": "channel_join",
    "ts": "1660911924.663659",
    "user": "U03U93GNNVB",
    "text": "<@U03U93GNNVB> has joined the channel"
  }
]