[
  {
    "client_msg_id": "77c06f07-7da9-43d6-b3e9-58fd52938a94",
    "type": "message",
    "text": "Hello guys",
    "user": "U03UH397319",
    "ts": "1662332516.010809",
    "blocks": [
      {
        "type": "rich_text",
        "block_id": "hCC2",
        "elements": [
          {
            "type": "rich_text_section",
            "elements": [
              {
                "type": "text",
                "text": "Hello guys"
              }
            ]
          }
        ]
      }
    ],
    "team": "T03U4J8HMUG",
    "user_team": "T03U4J8HMUG",
    "source_team": "T03U4J8HMUG",
    "user_profile": {
      "avatar_hash": "gc7c2fbea497",
      "image_72": "https://secure.gravatar.com/avatar/c7c2fbea4976d191e3ad19004e067c11.jpg?s=72&d=https%3A%2F%2Fa.slack-edge.com%2Fdf10d%2Fimg%2Favatars%2Fava_0014-72.png",
      "first_name": "Brenda",
      "real_name": "Brenda Hernandez",
      "display_name": "Brenda Hernandez",
      "team": "T03U4J8HMUG",
      "name": "Brenda",
      "is_restricted": false,
      "is_ultra_restricted": false
    }
  },
  {
    "client_msg_id": "6d3cf143-1423-499a-aac9-f93e4d3e7d65",
    "type": "message",
    "text": "I'm sorry for the delay",
    "user": "U03UH397319",
    "ts": "1662332523.991199",
    "blocks": [
      {
        "type": "rich_text",
        "block_id": "o0lI",
        "elements": [
          {
            "type": "rich_text_section",
            "elements": [
              {
                "type": "text",
                "text": "I'm sorry for the delay"
              }
            ]
          }
        ]
      }
    ],
    "team": "T03U4J8HMUG",
    "user_team": "T03U4J8HMUG",
    "source_team": "T03U4J8HMUG",
    "user_profile": {
      "avatar_hash": "gc7c2fbea497",
      "image_72": "https://secure.gravatar.com/avatar/c7c2fbea4976d191e3ad19004e067c11.jpg?s=72&d=https%3A%2F%2Fa.slack-edge.com%2Fdf10d%2Fimg%2Favatars%2Fava_0014-72.png",
      "first_name": "Brenda",
      "real_name": "Brenda Hernandez",
      "display_name": "Brenda Hernandez",
      "team": "T03U4J8HMUG",
      "name": "Brenda",
      "is_restricted": false,
      "is_ultra_restricted": false
    }
  },
  {
    "client_msg_id": "6672c1ff-918f-4fd6-a445-ef004e245053",
    "type": "message",
    "text": "<https://docs.google.com/presentation/d/1PTUAapvJD9L0O6uHNZ_pD25BXuL8Zv-T7z9OV9pfsgI/edit#slide=id.g14b6545f39d_0_40>",
    "user": "U03UH397319",
    "ts": "1662332532.768529",
    "blocks": [
      {
        "type": "rich_text",
        "block_id": "H4oQC",
        "elements": [
          {
            "type": "rich_text_section",
            "elements": [
              {
                "type": "link",
                "url": "https://docs.google.com/presentation/d/1PTUAapvJD9L0O6uHNZ_pD25BXuL8Zv-T7z9OV9pfsgI/edit#slide=id.g14b6545f39d_0_40"
              }
            ]
          }
        ]
      }
    ],
    "team": "T03U4J8HMUG",
    "user_team": "T03U4J8HMUG",
    "source_team": "T03U4J8HMUG",
    "user_profile": {
      "avatar_hash": "gc7c2fbea497",
      "image_72": "https://secure.gravatar.com/avatar/c7c2fbea4976d191e3ad19004e067c11.jpg?s=72&d=https%3A%2F%2Fa.slack-edge.com%2Fdf10d%2Fimg%2Favatars%2Fava_0014-72.png",
      "first_name": "Brenda",
      "real_name": "Brenda Hernandez",
      "display_name": "Brenda Hernandez",
      "team": "T03U4J8HMUG",
      "name": "Brenda",
      "is_restricted": false,
      "is_ultra_restricted": false
    }
  },
  {
    "client_msg_id": "e7bf072b-75bf-42ef-93f9-efaa0483c15b",
    "type": "message",
    "text": "Link to the presentation",
    "user": "U03UH397319",
    "ts": "1662332539.618609",
    "blocks": [
      {
        "type": "rich_text",
        "block_id": "YUNW",
        "elements": [
          {
            "type": "rich_text_section",
            "elements": [
              {
                "type": "text",
                "text": "Link to the presentation"
              }
            ]
          }
        ]
      }
    ],
    "team": "T03U4J8HMUG",
    "user_team": "T03U4J8HMUG",
    "source_team": "T03U4J8HMUG",
    "user_profile": {
      "avatar_hash": "gc7c2fbea497",
      "image_72": "https://secure.gravatar.com/avatar/c7c2fbea4976d191e3ad19004e067c11.jpg?s=72&d=https%3A%2F%2Fa.slack-edge.com%2Fdf10d%2Fimg%2Favatars%2Fava_0014-72.png",
      "first_name": "Brenda",
      "real_name": "Brenda Hernandez",
      "display_name": "Brenda Hernandez",
      "team": "T03U4J8HMUG",
      "name": "Brenda",
      "is_restricted": false,
      "is_ultra_restricted": false
    }
  },
  {
    "type": "message",
    "text": "Pdf version",
    "files": [
      {
        "id": "F0412QRAY3E",
        "created": 1662332633,
        "timestamp": 1662332633,
        "name": "PRESENTATION - TEAM 10.pdf",
        "title": "PRESENTATION - TEAM 10.pdf",
        "mimetype": "application/pdf",
        "filetype": "pdf",
        "pretty_type": "PDF",
        "user": "U03UH397319",
        "user_team": "T03U4J8HMUG",
        "editable": false,
        "size": 241674,
        "mode": "hosted",
        "is_external": false,
        "external_type": "",
        "is_public": true,
        "public_url_shared": false,
        "display_as_bot": false,
        "username": "",
        "url_private": "https://files.slack.com/files-pri/T03U4J8HMUG-F0412QRAY3E/presentation_-_team_10.pdf?t=xoxe-3956620599968-6240746766294-6247387524178-110fc6768eefd7fcb909c4550875ed49",
        "url_private_download": "https://files.slack.com/files-pri/T03U4J8HMUG-F0412QRAY3E/download/presentation_-_team_10.pdf?t=xoxe-3956620599968-6240746766294-6247387524178-110fc6768eefd7fcb909c4550875ed49",
        "media_display_type": "unknown",
        "thumb_pdf": "https://files.slack.com/files-tmb/T03U4J8HMUG-F0412QRAY3E-89c7c1b8d4/presentation_-_team_10_thumb_pdf.png?t=xoxe-3956620599968-6240746766294-6247387524178-110fc6768eefd7fcb909c4550875ed49",
        "thumb_pdf_w": 1100,
        "thumb_pdf_h": 619,
        "permalink": "https://10academybatch6.slack.com/files/U03UH397319/F0412QRAY3E/presentation_-_team_10.pdf",
        "permalink_public": "https://slack-files.com/T03U4J8HMUG-F0412QRAY3E-ad9ec2e733",
        "is_starred": false,
        "has_rich_preview": false,
        "file_access": "visible"
      }
    ],
    "upload": false,
    "user": "U03UH397319",
    "display_as_bot": false,
    "ts": "1662332641.688739",
    "blocks": [
      {
        "type": "rich_text",
        "block_id": "=9fC",
        "elements": [
          {
            "type": "rich_text_section",
            "elements": [
              {
                "type": "text",
                "text": "Pdf version"
              }
            ]
          }
        ]
      }
    ],
    "client_msg_id": "2dc6a7c6-d97f-4786-92ee-8d2226c16b4d"
  }
]