[
  {
    "client_msg_id": "f7b25803-8a84-4dde-98ee-eff367bdb6c6",
    "type": "message",
    "text": "I think <@U03UH397319> has to be a presenter for our group.",
    "user": "U03UJGRN5E0",
    "ts": "1662362289.454249",
    "blocks": [
      {
        "type": "rich_text",
        "block_id": "Knh=j",
        "elements": [
          {
            "type": "rich_text_section",
            "elements": [
              {
                "type": "text",
                "text": "I think "
              },
              {
                "type": "user",
                "user_id": "U03UH397319"
              },
              {
                "type": "text",
                "text": " has to be a presenter for our group."
              }
            ]
          }
        ]
      }
    ],
    "team": "T03U4J8HMUG",
    "user_team": "T03U4J8HMUG",
    "source_team": "T03U4J8HMUG",
    "user_profile": {
      "avatar_hash": "35b05758f532",
      "image_72": "https://avatars.slack-edge.com/2022-09-30/4156429070997_35b05758f532bdef5b5f_72.jpg",
      "first_name": "Katie",
      "real_name": "Katie Dickerson",
      "display_name": "Katie Dickerson",
      "team": "T03U4J8HMUG",
      "name": "Katie",
      "is_restricted": false,
      "is_ultra_restricted": false
    }
  },
  {
    "client_msg_id": "adea052f-b0d1-44c7-a924-e14940fa5412",
    "type": "message",
    "text": "We will be also there assisting him.",
    "user": "U03UJGRN5E0",
    "ts": "1662362331.311989",
    "blocks": [
      {
        "type": "rich_text",
        "block_id": "p2d",
        "elements": [
          {
            "type": "rich_text_section",
            "elements": [
              {
                "type": "text",
                "text": "We will be also there assisting him."
              }
            ]
          }
        ]
      }
    ],
    "team": "T03U4J8HMUG",
    "user_team": "T03U4J8HMUG",
    "source_team": "T03U4J8HMUG",
    "user_profile": {
      "avatar_hash": "35b05758f532",
      "image_72": "https://avatars.slack-edge.com/2022-09-30/4156429070997_35b05758f532bdef5b5f_72.jpg",
      "first_name": "Katie",
      "real_name": "Katie Dickerson",
      "display_name": "Katie Dickerson",
      "team": "T03U4J8HMUG",
      "name": "Katie",
      "is_restricted": false,
      "is_ultra_restricted": false
    }
  }
]