[
  {
    "client_msg_id": "1610d386-962c-4fe4-80bd-6c203f5f0bde",
    "type": "message",
    "text": "Since the time contest is over now: can someone show me how she/he approached the \"Insertion Sort Advanced Analysis\" challenge?\n\nmy code timed out.",
    "user": "U03UJKJGRAQ",
    "ts": "1664532420.401639",
    "blocks": [
      {
        "type": "rich_text",
        "block_id": "TJM",
        "elements": [
          {
            "type": "rich_text_section",
            "elements": [
              {
                "type": "text",
                "text": "Since the time contest is over now: can someone show me how she/he approached the \"Insertion Sort Advanced Analysis\" challenge?\n\nmy code timed out."
              }
            ]
          }
        ]
      }
    ],
    "team": "T03U4J8HMUG",
    "user_team": "T03U4J8HMUG",
    "source_team": "T03U4J8HMUG",
    "user_profile": {
      "avatar_hash": "3d318a55b9e2",
      "image_72": "https://avatars.slack-edge.com/2022-10-03/4158852852038_3d318a55b9e221ad2cb3_72.jpg",
      "first_name": "Brian",
      "real_name": "Brian Odom",
      "display_name": "Brian Odom",
      "team": "T03U4J8HMUG",
      "name": "Brian",
      "is_restricted": false,
      "is_ultra_restricted": false
    }
  }
]