[
  {
    "client_msg_id": "837f54af-7667-4d62-b9ab-eb4a44554d8c",
    "type": "message",
    "text": "May God be with you",
    "user": "U03UVHCV6KB",
    "ts": "1662795814.725079",
    "blocks": [
      {
        "type": "rich_text",
        "block_id": "=j4e",
        "elements": [
          {
            "type": "rich_text_section",
            "elements": [
              {
                "type": "text",
                "text": "May God be with you"
              }
            ]
          }
        ]
      }
    ],
    "team": "T03U4J8HMUG",
    "user_team": "T03U4J8HMUG",
    "source_team": "T03U4J8HMUG",
    "user_profile": {
      "avatar_hash": "gc9619121f99",
      "image_72": "https://secure.gravatar.com/avatar/c9619121f998ee4a7e46177f2a5729de.jpg?s=72&d=https%3A%2F%2Fa.slack-edge.com%2Fdf10d%2Fimg%2Favatars%2Fava_0002-72.png",
      "first_name": "Travis",
      "real_name": "Travis Butler",
      "display_name": "Travis Butler",
      "team": "T03U4J8HMUG",
      "name": "Travis",
      "is_restricted": false,
      "is_ultra_restricted": false
    },
    "thread_ts": "1662754492.810989",
    "parent_user_id": "U03UUMM7Y8H",
    "reactions": [
      {
        "name": "+1",
        "users": [
          "U03UUMM7Y8H"
        ],
        "count": 1
      }
    ]
  },
  {
    "client_msg_id": "77fd4bef-1eeb-44d0-b322-b1042a6ae093",
    "type": "message",
    "text": "<https://www.edureka.co/blog/data-structures-in-python/>",
    "user": "U03UFV7HFNF",
    "ts": "1662797585.605869",
    "blocks": [
      {
        "type": "rich_text",
        "block_id": "OR8+p",
        "elements": [
          {
            "type": "rich_text_section",
            "elements": [
              {
                "type": "link",
                "url": "https://www.edureka.co/blog/data-structures-in-python/"
              }
            ]
          }
        ]
      }
    ],
    "team": "T03U4J8HMUG",
    "user_team": "T03U4J8HMUG",
    "source_team": "T03U4J8HMUG",
    "user_profile": {
      "avatar_hash": "3166d51d23f1",
      "image_72": "https://avatars.slack-edge.com/2022-08-20/3991799522480_3166d51d23f1da2374e9_72.jpg",
      "first_name": "Miguel",
      "real_name": "Miguel Herring",
      "display_name": "Miguel Herring",
      "team": "T03U4J8HMUG",
      "name": "Miguel",
      "is_restricted": false,
      "is_ultra_restricted": false
    },
    "attachments": [
      {
        "from_url": "https://www.edureka.co/blog/data-structures-in-python/",
        "ts": 1570686824,
        "image_url": "http://d1jnx9ba8s6j9r.cloudfront.net/blog/wp-content/uploads/2019/10/Data-Structures-in-Python.jpg",
        "image_width": 429,
        "image_height": 250,
        "image_bytes": 92894,
        "service_icon": "https://d1jnx9ba8s6j9r.cloudfront.net/blog/wp-content/uploads/2017/09/ic_logo_icon.png",
        "id": 1,
        "original_url": "https://www.edureka.co/blog/data-structures-in-python/",
        "fallback": "Edureka: Data Structures in Python | List, Tuple, Dict, Sets, Stack, Queue",
        "text": "Python is a well-known programming language and its support for built-in Data Structures in Python is very helpful and convenient for users to work with data.",
        "title": "Data Structures in Python | List, Tuple, Dict, Sets, Stack, Queue",
        "title_link": "https://www.edureka.co/blog/data-structures-in-python/",
        "service_name": "Edureka"
      }
    ]
  }
]