[
  {
    "client_msg_id": "343479a1-b42b-4fcf-9c71-1346fb1d87e8",
    "type": "message",
    "text": "Hello <!channel> are you excited for today challenge.\n<https://10academybatch6.slack.com/archives/C03U4J8J4LQ/p1663923030698099>",
    "user": "U03U9DB7REG",
    "ts": "1663923115.889489",
    "blocks": [
      {
        "type": "rich_text",
        "block_id": "ILQsN",
        "elements": [
          {
            "type": "rich_text_section",
            "elements": [
              {
                "type": "text",
                "text": "Hello "
              },
              {
                "type": "broadcast",
                "range": "channel"
              },
              {
                "type": "text",
                "text": " are you excited for today challenge.\n"
              },
              {
                "type": "link",
                "url": "https://10academybatch6.slack.com/archives/C03U4J8J4LQ/p1663923030698099"
              }
            ]
          }
        ]
      }
    ],
    "team": "T03U4J8HMUG",
    "user_team": "T03U4J8HMUG",
    "source_team": "T03U4J8HMUG",
    "user_profile": {
      "avatar_hash": "10b2063307e9",
      "image_72": "https://avatars.slack-edge.com/2022-08-18/3958997027442_10b2063307e91bfe2157_72.png",
      "first_name": "John",
      "real_name": "John Romero",
      "display_name": "John Romero",
      "team": "T03U4J8HMUG",
      "name": "John",
      "is_restricted": false,
      "is_ultra_restricted": false
    },
    "attachments": [
      {
        "from_url": "https://10academybatch6.slack.com/archives/C03U4J8J4LQ/p1663923030698099",
        "ts": "1663923030.698099",
        "author_id": "U03U9DB7REG",
        "channel_team": "T03U4J8HMUG",
        "channel_id": "C03U4J8J4LQ",
        "is_msg_unfurl": true,
        "message_blocks": [
          {
            "team": "T03U4J8HMUG",
            "channel": "C03U4J8J4LQ",
            "ts": "1663923030.698099",
            "message": {
              "blocks": [
                {
                  "type": "rich_text",
                  "block_id": "mDP6",
                  "elements": [
                    {
                      "type": "rich_text_section",
                      "elements": [
                        {
                          "type": "text",
                          "text": "Weekly timed contest work Reminder!! ",
                          "style": {
                            "bold": true
                          }
                        },
                        {
                          "type": "broadcast",
                          "range": "here",
                          "style": {
                            "bold": true
                          }
                        },
                        {
                          "type": "text",
                          "text": "\n"
                        },
                        {
                          "type": "text",
                          "text": "Please note that Weekly timed contest is  in the next 10min",
                          "style": {
                            "bold": true
                          }
                        },
                        {
                          "type": "text",
                          "text": "\n"
                        }
                      ]
                    },
                    {
                      "type": "rich_text_list",
                      "elements": [
                        {
                          "type": "rich_text_section",
                          "elements": [
                            {
                              "type": "text",
                              "text": "Session: ",
                              "style": {
                                "bold": true
                              }
                            },
                            {
                              "type": "text",
                              "text": "Weekly timed contest (You will be working on SQL and DSA challenge)"
                            }
                          ]
                        },
                        {
                          "type": "rich_text_section",
                          "elements": [
                            {
                              "type": "text",
                              "text": "Time",
                              "style": {
                                "bold": true
                              }
                            },
                            {
                              "type": "text",
                              "text": ": From 3:00 PM - 4:00 PM UTC."
                            }
                          ]
                        },
                        {
                          "type": "rich_text_section",
                          "elements": [
                            {
                              "type": "text",
                              "text": "Link",
                              "style": {
                                "bold": true
                              }
                            },
                            {
                              "type": "text",
                              "text": " : "
                            },
                            {
                              "type": "link",
                              "url": "https://www.hackerrank.com/10-academy-batch-6-challenge-05"
                            }
                          ]
                        }
                      ],
                      "style": "bullet",
                      "indent": 0,
                      "border": 0
                    },
                    {
                      "type": "rich_text_section",
                      "elements": []
                    }
                  ]
                }
              ]
            }
          }
        ],
        "id": 1,
        "original_url": "https://10academybatch6.slack.com/archives/C03U4J8J4LQ/p1663923030698099",
        "fallback": "[September 23rd, 2022 1:50 AM] nardos: *Weekly timed contest work Reminder!! <!here>*\n*Please note that Weekly timed contest is  in the next 10min*\n\u2022 *Session:* Weekly timed contest (You will be working on SQL and DSA challenge)\n\u2022 *Time*: From 3:00 PM - 4:00 PM UTC.\n\u2022 *Link* : <https://www.hackerrank.com/10-academy-batch-6-challenge-05>",
        "text": "*Weekly timed contest work Reminder!! <!here>*\n*Please note that Weekly timed contest is  in the next 10min*\n\u2022 *Session:* Weekly timed contest (You will be working on SQL and DSA challenge)\n\u2022 *Time*: From 3:00 PM - 4:00 PM UTC.\n\u2022 *Link* : <https://www.hackerrank.com/10-academy-batch-6-challenge-05>",
        "author_name": "Nardos Tilahun",
        "author_link": "https://10academybatch6.slack.com/team/U03U9DB7REG",
        "author_icon": "https://avatars.slack-edge.com/2022-08-18/3958997027442_10b2063307e91bfe2157_48.png",
        "author_subname": "Nardos Tilahun",
        "mrkdwn_in": [
          "text"
        ],
        "footer": "Slack Conversation"
      }
    ],
    "reactions": [
      {
        "name": "+1",
        "users": [
          "U03U1HAG9TR"
        ],
        "count": 1
      }
    ]
  },
  {
    "client_msg_id": "282cb50f-4475-4707-9de8-8f2ccc01c37c",
    "type": "message",
    "text": "<!channel> please note to use python for your submissions on the coding challenges.",
    "user": "U03V8LHPDME",
    "ts": "1663923598.495059",
    "blocks": [
      {
        "type": "rich_text",
        "block_id": "3cZ",
        "elements": [
          {
            "type": "rich_text_section",
            "elements": [
              {
                "type": "broadcast",
                "range": "channel"
              },
              {
                "type": "text",
                "text": " please note to use python for your submissions on the coding challenges."
              }
            ]
          }
        ]
      }
    ],
    "team": "T03U4J8HMUG",
    "user_team": "T03U4J8HMUG",
    "source_team": "T03U4J8HMUG",
    "user_profile": {
      "avatar_hash": "173a5736f457",
      "image_72": "https://avatars.slack-edge.com/2022-08-22/3970891967459_173a5736f457d47f585e_72.png",
      "first_name": "Mandy",
      "real_name": "Mandy Sweeney",
      "display_name": "Mandy Sweeney",
      "team": "T03U4J8HMUG",
      "name": "Mandy",
      "is_restricted": false,
      "is_ultra_restricted": false
    },
    "reactions": [
      {
        "name": "raised_hands",
        "users": [
          "U03UVHCV6KB",
          "U03UFV7HFNF"
        ],
        "count": 2
      }
    ]
  },
  {
    "client_msg_id": "a073c4b8-95bf-4d09-8bc6-691645b75bc9",
    "type": "message",
    "text": ":sob:My power went out is it possible to do the challenge later <@U03V8LHPDME>?",
    "user": "U03UG4Q7V42",
    "ts": "1663925055.445839",
    "blocks": [
      {
        "type": "rich_text",
        "block_id": "/OsC",
        "elements": [
          {
            "type": "rich_text_section",
            "elements": [
              {
                "type": "emoji",
                "name": "sob",
                "unicode": "1f62d"
              },
              {
                "type": "text",
                "text": "My power went out is it possible to do the challenge later "
              },
              {
                "type": "user",
                "user_id": "U03V8LHPDME"
              },
              {
                "type": "text",
                "text": "?"
              }
            ]
          }
        ]
      }
    ],
    "team": "T03U4J8HMUG",
    "user_team": "T03U4J8HMUG",
    "source_team": "T03U4J8HMUG",
    "user_profile": {
      "avatar_hash": "5bc346a85286",
      "image_72": "https://avatars.slack-edge.com/2022-08-20/3968048875651_5bc346a852866218ec6b_72.png",
      "first_name": "Phillip",
      "real_name": "Phillip Atkins",
      "display_name": "Phillip Atkins",
      "team": "T03U4J8HMUG",
      "name": "Phillip",
      "is_restricted": false,
      "is_ultra_restricted": false
    },
    "edited": {
      "user": "U03UG4Q7V42",
      "ts": "1663925279.000000"
    },
    "thread_ts": "1663925055.445839",
    "reply_count": 2,
    "reply_users_count": 2,
    "latest_reply": "1663926012.732709",
    "reply_users": [
      "U03U9DB7REG",
      "U03UG4Q7V42"
    ],
    "replies": [
      {
        "user": "U03U9DB7REG",
        "ts": "1663925457.301159"
      },
      {
        "user": "U03UG4Q7V42",
        "ts": "1663926012.732709"
      }
    ],
    "is_locked": false,
    "subscribed": false
  },
  {
    "client_msg_id": "97d65f64-839d-448d-b72d-31cc8bb1214c",
    "type": "message",
    "text": "Oh thats too bad. The contest has a timer and it will end  after 30min. You can still attempt the challenge on your own later tho.",
    "user": "U03U9DB7REG",
    "ts": "1663925457.301159",
    "blocks": [
      {
        "type": "rich_text",
        "block_id": "6B1L",
        "elements": [
          {
            "type": "rich_text_section",
            "elements": [
              {
                "type": "text",
                "text": "Oh thats too bad. The contest has a timer and it will end  after 30min. You can still attempt the challenge on your own later tho."
              }
            ]
          }
        ]
      }
    ],
    "team": "T03U4J8HMUG",
    "user_team": "T03U4J8HMUG",
    "source_team": "T03U4J8HMUG",
    "user_profile": {
      "avatar_hash": "10b2063307e9",
      "image_72": "https://avatars.slack-edge.com/2022-08-18/3958997027442_10b2063307e91bfe2157_72.png",
      "first_name": "John",
      "real_name": "John Romero",
      "display_name": "John Romero",
      "team": "T03U4J8HMUG",
      "name": "John",
      "is_restricted": false,
      "is_ultra_restricted": false
    },
    "thread_ts": "1663925055.445839",
    "parent_user_id": "U03UG4Q7V42"
  },
  {
    "client_msg_id": "fc0680ab-2e8a-4cac-b8c1-143cd93ce630",
    "type": "message",
    "text": "okay I will do that. Thanks",
    "user": "U03UG4Q7V42",
    "ts": "1663926012.732709",
    "blocks": [
      {
        "type": "rich_text",
        "block_id": "fc8",
        "elements": [
          {
            "type": "rich_text_section",
            "elements": [
              {
                "type": "text",
                "text": "okay I will do that. Thanks"
              }
            ]
          }
        ]
      }
    ],
    "team": "T03U4J8HMUG",
    "user_team": "T03U4J8HMUG",
    "source_team": "T03U4J8HMUG",
    "user_profile": {
      "avatar_hash": "5bc346a85286",
      "image_72": "https://avatars.slack-edge.com/2022-08-20/3968048875651_5bc346a852866218ec6b_72.png",
      "first_name": "Phillip",
      "real_name": "Phillip Atkins",
      "display_name": "Phillip Atkins",
      "team": "T03U4J8HMUG",
      "name": "Phillip",
      "is_restricted": false,
      "is_ultra_restricted": false
    },
    "thread_ts": "1663925055.445839",
    "parent_user_id": "U03UG4Q7V42"
  },
  {
    "client_msg_id": "e91386ff-6de8-4bc9-b3d4-c0c99de2c534",
    "type": "message",
    "text": "And that;s a wrap! Hope all of you have attempted the questions and learnt somethings. Unfortunately we will not be discussing about the challenge since we have one-on-one session scheduled with y'all. Next week we will have more challenge on these topics and we will have a longer discussion.",
    "user": "U03U9DB7REG",
    "ts": "1663927200.300569",
    "blocks": [
      {
        "type": "rich_text",
        "block_id": "8rhl+",
        "elements": [
          {
            "type": "rich_text_section",
            "elements": [
              {
                "type": "text",
                "text": "And that;s a wrap! Hope all of you have attempted the questions and learnt somethings. Unfortunately we will not be discussing about the challenge since we have one-on-one session scheduled with y'all. Next week we will have more challenge on these topics and we will have a longer discussion."
              }
            ]
          }
        ]
      }
    ],
    "team": "T03U4J8HMUG",
    "user_team": "T03U4J8HMUG",
    "source_team": "T03U4J8HMUG",
    "user_profile": {
      "avatar_hash": "10b2063307e9",
      "image_72": "https://avatars.slack-edge.com/2022-08-18/3958997027442_10b2063307e91bfe2157_72.png",
      "first_name": "John",
      "real_name": "John Romero",
      "display_name": "John Romero",
      "team": "T03U4J8HMUG",
      "name": "John",
      "is_restricted": false,
      "is_ultra_restricted": false
    }
  }
]