[
  {
    "client_msg_id": "f7900b3a-1b60-48a2-aa00-0ca9b2f12e44",
    "type": "message",
    "text": "Hello <!channel> are you excited for this weeks challenge?\nThe python challenge is going to be focused on Graphs.\nResources:\n-<https://medium.com/basecs/from-theory-to-practice-representing-graphs-cfd782c5be38>\n-<https://medium.com/basecs/deep-dive-through-a-graph-dfs-traversal-8177df5d0f13>\n-<https://www.youtube.com/watch?v=j0IYCyBdzfA>\n\n\nContest Link:<https://www.hackerrank.com/10-academy-batch-6-challenge-10>\n\nHave fun!!!!!!!",
    "user": "U03U9DB7REG",
    "ts": "1666935658.425129",
    "blocks": [
      {
        "type": "rich_text",
        "block_id": "JRF",
        "elements": [
          {
            "type": "rich_text_section",
            "elements": [
              {
                "type": "text",
                "text": "Hello "
              },
              {
                "type": "broadcast",
                "range": "channel"
              },
              {
                "type": "text",
                "text": " are you excited for this weeks challenge?\nThe python challenge is going to be focused on Graphs.\nResources:\n-"
              },
              {
                "type": "link",
                "url": "https://medium.com/basecs/from-theory-to-practice-representing-graphs-cfd782c5be38"
              },
              {
                "type": "text",
                "text": "\n-"
              },
              {
                "type": "link",
                "url": "https://medium.com/basecs/deep-dive-through-a-graph-dfs-traversal-8177df5d0f13"
              },
              {
                "type": "text",
                "text": "\n-"
              },
              {
                "type": "link",
                "url": "https://www.youtube.com/watch?v=j0IYCyBdzfA"
              },
              {
                "type": "text",
                "text": "\n\n\nContest Link:"
              },
              {
                "type": "link",
                "url": "https://www.hackerrank.com/10-academy-batch-6-challenge-10"
              },
              {
                "type": "text",
                "text": "\n\nHave fun!!!!!!!"
              }
            ]
          }
        ]
      }
    ],
    "team": "T03U4J8HMUG",
    "user_team": "T03U4J8HMUG",
    "source_team": "T03U4J8HMUG",
    "user_profile": {
      "avatar_hash": "10b2063307e9",
      "image_72": "https://avatars.slack-edge.com/2022-08-18/3958997027442_10b2063307e91bfe2157_72.png",
      "first_name": "John",
      "real_name": "John Romero",
      "display_name": "John Romero",
      "team": "T03U4J8HMUG",
      "name": "John",
      "is_restricted": false,
      "is_ultra_restricted": false
    },
    "attachments": [
      {
        "from_url": "https://medium.com/basecs/from-theory-to-practice-representing-graphs-cfd782c5be38",
        "ts": 1505144910,
        "image_url": "https://miro.medium.com/max/1200/1*1fCrJVjsoRHfOH9uSthaxQ.jpeg",
        "image_width": 671,
        "image_height": 250,
        "image_bytes": 73367,
        "service_icon": "https://miro.medium.com/fit/c/152/152/1*sHhtYhaCe2Uc3IU0IgKwIQ.png",
        "id": 1,
        "original_url": "https://medium.com/basecs/from-theory-to-practice-representing-graphs-cfd782c5be38",
        "fallback": "Medium: From Theory To Practice: Representing Graphs",
        "text": "The best investment you can make in your own learning is returning back to to the things you (think) you already know, and this is\u2026",
        "title": "From Theory To Practice: Representing Graphs",
        "title_link": "https://medium.com/basecs/from-theory-to-practice-representing-graphs-cfd782c5be38",
        "service_name": "Medium",
        "fields": [
          {
            "value": "15 min read",
            "title": "Reading time",
            "short": true
          }
        ]
      },
      {
        "from_url": "https://medium.com/basecs/deep-dive-through-a-graph-dfs-traversal-8177df5d0f13",
        "ts": 1506339061,
        "image_url": "https://miro.medium.com/max/1200/1*gb8XfmH7x8fJniMeXk4uHg.jpeg",
        "image_width": 469,
        "image_height": 250,
        "image_bytes": 112970,
        "service_icon": "https://miro.medium.com/fit/c/152/152/1*sHhtYhaCe2Uc3IU0IgKwIQ.png",
        "id": 2,
        "original_url": "https://medium.com/basecs/deep-dive-through-a-graph-dfs-traversal-8177df5d0f13",
        "fallback": "Medium: Deep Dive Through A Graph: DFS Traversal",
        "text": "For better or for worse, there\u2019s always more than one way to do something. Luckily for us, in the world of software and computer science\u2026",
        "title": "Deep Dive Through A Graph: DFS Traversal",
        "title_link": "https://medium.com/basecs/deep-dive-through-a-graph-dfs-traversal-8177df5d0f13",
        "service_name": "Medium",
        "fields": [
          {
            "value": "17 min read",
            "title": "Reading time",
            "short": true
          }
        ]
      },
      {
        "from_url": "https://www.youtube.com/watch?v=j0IYCyBdzfA",
        "thumb_url": "https://i.ytimg.com/vi/j0IYCyBdzfA/hqdefault.jpg",
        "thumb_width": 480,
        "thumb_height": 360,
        "video_html": "<iframe width=\"400\" height=\"225\" src=\"https://www.youtube.com/embed/j0IYCyBdzfA?feature=oembed&autoplay=1&iv_load_policy=3\" frameborder=\"0\" allow=\"accelerometer; autoplay; clipboard-write; encrypted-media; gyroscope; picture-in-picture\" allowfullscreen title=\"Graph Introduction - Data Structures &amp; Algorithms Tutorials In Python #12\"></iframe>",
        "video_html_width": 400,
        "video_html_height": 225,
        "service_icon": "https://a.slack-edge.com/80588/img/unfurl_icons/youtube.png",
        "id": 3,
        "original_url": "https://www.youtube.com/watch?v=j0IYCyBdzfA",
        "fallback": "YouTube Video: Graph Introduction - Data Structures & Algorithms Tutorials In Python #12",
        "title": "Graph Introduction - Data Structures &amp; Algorithms Tutorials In Python #12",
        "title_link": "https://www.youtube.com/watch?v=j0IYCyBdzfA",
        "author_name": "codebasics",
        "author_link": "https://www.youtube.com/c/codebasics",
        "service_name": "YouTube",
        "service_url": "https://www.youtube.com/"
      },
      {
        "from_url": "https://www.hackerrank.com/10-academy-batch-6-challenge-10",
        "thumb_url": "https://hrcdn.net/og/default.jpg",
        "thumb_width": 1200,
        "thumb_height": 640,
        "service_icon": "https://hrcdn.net/hackerrank/assets/apple-touch-icon-precomposed-c99b684c98b4befc43c47592bc900ebd95a0b1e9b9e5103b252c8b320432646d.png",
        "id": 4,
        "original_url": "https://www.hackerrank.com/10-academy-batch-6-challenge-10",
        "fallback": "HackerRank: Join 10 Academy Batch 6 Challenge 10 on HackerRank",
        "text": "Join over 11 million developers in solving code challenges on HackerRank, one of the best ways to prepare for programming interviews.",
        "title": "Join 10 Academy Batch 6 Challenge 10 on HackerRank",
        "title_link": "https://www.hackerrank.com/10-academy-batch-6-challenge-10",
        "service_name": "HackerRank"
      }
    ]
  }
]