[
  {
    "type": "message",
    "subtype": "channel_join",
    "ts": "1661961229.207809",
    "user": "U03V8LHPDME",
    "text": "<@U03V8LHPDME> has joined the channel"
  },
  {
    "type": "message",
    "subtype": "channel_join",
    "ts": "1661961310.082369",
    "user": "U03UKL27B0R",
    "text": "<@U03UKL27B0R> has joined the channel",
    "inviter": "U03V8LHPDME"
  },
  {
    "type": "message",
    "subtype": "channel_join",
    "ts": "1661961310.145689",
    "user": "U03U9DB7REG",
    "text": "<@U03U9DB7REG> has joined the channel",
    "inviter": "U03V8LHPDME"
  },
  {
    "type": "message",
    "subtype": "channel_join",
    "ts": "1661962265.661699",
    "user": "U03U1FNPEUX",
    "text": "<@U03U1FNPEUX> has joined the channel",
    "inviter": "U03UKL27B0R"
  },
  {
    "type": "message",
    "subtype": "channel_join",
    "ts": "1661962265.726489",
    "user": "U03UGB3T3MY",
    "text": "<@U03UGB3T3MY> has joined the channel",
    "inviter": "U03UKL27B0R"
  },
  {
    "type": "message",
    "subtype": "channel_join",
    "ts": "1661962265.838679",
    "user": "U03UD68RQH3",
    "text": "<@U03UD68RQH3> has joined the channel",
    "inviter": "U03UKL27B0R"
  },
  {
    "type": "message",
    "subtype": "channel_join",
    "ts": "1661962265.912999",
    "user": "U03UG1RTXAP",
    "text": "<@U03UG1RTXAP> has joined the channel",
    "inviter": "U03UKL27B0R"
  },
  {
    "type": "message",
    "subtype": "channel_join",
    "ts": "1661962265.985489",
    "user": "U03UR2LQ4DR",
    "text": "<@U03UR2LQ4DR> has joined the channel",
    "inviter": "U03UKL27B0R"
  },
  {
    "type": "message",
    "subtype": "channel_join",
    "ts": "1661962266.055539",
    "user": "U03UUMR26Q1",
    "text": "<@U03UUMR26Q1> has joined the channel",
    "inviter": "U03UKL27B0R"
  },
  {
    "type": "message",
    "subtype": "channel_join",
    "ts": "1661962266.120309",
    "user": "U03U9EJR362",
    "text": "<@U03U9EJR362> has joined the channel",
    "inviter": "U03UKL27B0R"
  },
  {
    "type": "message",
    "subtype": "channel_join",
    "ts": "1661962266.207289",
    "user": "U03U1J51VFZ",
    "text": "<@U03U1J51VFZ> has joined the channel",
    "inviter": "U03UKL27B0R"
  },
  {
    "type": "message",
    "subtype": "channel_join",
    "ts": "1661962266.266489",
    "user": "U03UG569P7U",
    "text": "<@U03UG569P7U> has joined the channel",
    "inviter": "U03UKL27B0R"
  },
  {
    "type": "message",
    "subtype": "channel_join",
    "ts": "1661962266.323809",
    "user": "U03UJGRN5E0",
    "text": "<@U03UJGRN5E0> has joined the channel",
    "inviter": "U03UKL27B0R"
  },
  {
    "type": "message",
    "subtype": "channel_join",
    "ts": "1661962266.384649",
    "user": "U03U9FWPNCE",
    "text": "<@U03U9FWPNCE> has joined the channel",
    "inviter": "U03UKL27B0R"
  },
  {
    "type": "message",
    "subtype": "channel_join",
    "ts": "1661962266.441359",
    "user": "U03UJH1EQQL",
    "text": "<@U03UJH1EQQL> has joined the channel",
    "inviter": "U03UKL27B0R"
  },
  {
    "type": "message",
    "subtype": "channel_join",
    "ts": "1661962266.503509",
    "user": "U03UJKJGRAQ",
    "text": "<@U03UJKJGRAQ> has joined the channel",
    "inviter": "U03UKL27B0R"
  },
  {
    "type": "message",
    "subtype": "channel_join",
    "ts": "1661962266.572719",
    "user": "U03UFT20ZJR",
    "text": "<@U03UFT20ZJR> has joined the channel",
    "inviter": "U03UKL27B0R"
  },
  {
    "type": "message",
    "subtype": "channel_join",
    "ts": "1661962266.629989",
    "user": "U03UVHCV6KB",
    "text": "<@U03UVHCV6KB> has joined the channel",
    "inviter": "U03UKL27B0R"
  },
  {
    "type": "message",
    "subtype": "channel_join",
    "ts": "1661962266.693289",
    "user": "U03UUP56MDF",
    "text": "<@U03UUP56MDF> has joined the channel",
    "inviter": "U03UKL27B0R"
  },
  {
    "type": "message",
    "subtype": "channel_join",
    "ts": "1661962266.757999",
    "user": "U03UG5VFN03",
    "text": "<@U03UG5VFN03> has joined the channel",
    "inviter": "U03UKL27B0R"
  },
  {
    "type": "message",
    "subtype": "channel_join",
    "ts": "1661962266.822939",
    "user": "U03UK9CB71A",
    "text": "<@U03UK9CB71A> has joined the channel",
    "inviter": "U03UKL27B0R"
  },
  {
    "type": "message",
    "subtype": "channel_join",
    "ts": "1661962266.883319",
    "user": "U03UG03HQ2F",
    "text": "<@U03UG03HQ2F> has joined the channel",
    "inviter": "U03UKL27B0R"
  },
  {
    "type": "message",
    "subtype": "channel_join",
    "ts": "1661962266.945269",
    "user": "U03UCCRJME2",
    "text": "<@U03UCCRJME2> has joined the channel",
    "inviter": "U03UKL27B0R"
  },
  {
    "type": "message",
    "subtype": "channel_join",
    "ts": "1661962267.002149",
    "user": "U03UG32J3PC",
    "text": "<@U03UG32J3PC> has joined the channel",
    "inviter": "U03UKL27B0R"
  },
  {
    "type": "message",
    "subtype": "channel_join",
    "ts": "1661962267.057789",
    "user": "U03UKGSDGSG",
    "text": "<@U03UKGSDGSG> has joined the channel",
    "inviter": "U03UKL27B0R"
  },
  {
    "type": "message",
    "subtype": "channel_join",
    "ts": "1661962267.122649",
    "user": "U03U1HAG9TR",
    "text": "<@U03U1HAG9TR> has joined the channel",
    "inviter": "U03UKL27B0R"
  },
  {
    "type": "message",
    "subtype": "channel_join",
    "ts": "1661962267.180339",
    "user": "U03UH397319",
    "text": "<@U03UH397319> has joined the channel",
    "inviter": "U03UKL27B0R"
  },
  {
    "type": "message",
    "subtype": "channel_join",
    "ts": "1661962267.242299",
    "user": "U03UG0SFHGT",
    "text": "<@U03UG0SFHGT> has joined the channel",
    "inviter": "U03UKL27B0R"
  },
  {
    "type": "message",
    "subtype": "channel_join",
    "ts": "1661962267.300179",
    "user": "U03UJGFG2HJ",
    "text": "<@U03UJGFG2HJ> has joined the channel",
    "inviter": "U03UKL27B0R"
  },
  {
    "type": "message",
    "subtype": "channel_join",
    "ts": "1661962267.354929",
    "user": "U03UG0YHAUT",
    "text": "<@U03UG0YHAUT> has joined the channel",
    "inviter": "U03UKL27B0R"
  },
  {
    "type": "message",
    "subtype": "channel_join",
    "ts": "1661962267.417969",
    "user": "U03V785NLSU",
    "text": "<@U03V785NLSU> has joined the channel",
    "inviter": "U03UKL27B0R"
  },
  {
    "type": "message",
    "subtype": "channel_join",
    "ts": "1661962267.477539",
    "user": "U03V6HMRPGQ",
    "text": "<@U03V6HMRPGQ> has joined the channel",
    "inviter": "U03UKL27B0R"
  },
  {
    "type": "message",
    "subtype": "channel_join",
    "ts": "1661962268.254929",
    "user": "U03UG4Q7V42",
    "text": "<@U03UG4Q7V42> has joined the channel",
    "inviter": "U03UKL27B0R"
  },
  {
    "type": "message",
    "subtype": "channel_join",
    "ts": "1661962268.322419",
    "user": "U03U1FQKEMV",
    "text": "<@U03U1FQKEMV> has joined the channel",
    "inviter": "U03UKL27B0R"
  },
  {
    "type": "message",
    "subtype": "channel_join",
    "ts": "1661962268.391479",
    "user": "U03UG1Z21JP",
    "text": "<@U03UG1Z21JP> has joined the channel",
    "inviter": "U03UKL27B0R"
  },
  {
    "type": "message",
    "subtype": "channel_join",
    "ts": "1661962268.457489",
    "user": "U03UD63A8PP",
    "text": "<@U03UD63A8PP> has joined the channel",
    "inviter": "U03UKL27B0R"
  },
  {
    "type": "message",
    "subtype": "channel_join",
    "ts": "1661962268.528539",
    "user": "U03V5Q9N516",
    "text": "<@U03V5Q9N516> has joined the channel",
    "inviter": "U03UKL27B0R"
  },
  {
    "type": "message",
    "subtype": "channel_join",
    "ts": "1661962268.596249",
    "user": "U03UAKATQ22",
    "text": "<@U03UAKATQ22> has joined the channel",
    "inviter": "U03UKL27B0R"
  },
  {
    "type": "message",
    "subtype": "channel_join",
    "ts": "1661962268.661669",
    "user": "U03UD5B7C3X",
    "text": "<@U03UD5B7C3X> has joined the channel",
    "inviter": "U03UKL27B0R"
  },
  {
    "type": "message",
    "subtype": "channel_join",
    "ts": "1661962268.724099",
    "user": "U03UUMM7Y8H",
    "text": "<@U03UUMM7Y8H> has joined the channel",
    "inviter": "U03UKL27B0R"
  },
  {
    "type": "message",
    "subtype": "channel_join",
    "ts": "1661962268.783229",
    "user": "U03V61VGQG0",
    "text": "<@U03V61VGQG0> has joined the channel",
    "inviter": "U03UKL27B0R"
  },
  {
    "type": "message",
    "subtype": "channel_join",
    "ts": "1661962268.843879",
    "user": "U03UFV7HFNF",
    "text": "<@U03UFV7HFNF> has joined the channel",
    "inviter": "U03UKL27B0R"
  },
  {
    "type": "message",
    "subtype": "channel_join",
    "ts": "1661962268.901019",
    "user": "U03UD4FEDHB",
    "text": "<@U03UD4FEDHB> has joined the channel",
    "inviter": "U03UKL27B0R"
  },
  {
    "type": "message",
    "subtype": "channel_join",
    "ts": "1661962268.972889",
    "user": "U03UFV7TUTV",
    "text": "<@U03UFV7TUTV> has joined the channel",
    "inviter": "U03UKL27B0R"
  },
  {
    "type": "message",
    "subtype": "channel_join",
    "ts": "1661962269.033379",
    "user": "U03UJN29Y4C",
    "text": "<@U03UJN29Y4C> has joined the channel",
    "inviter": "U03UKL27B0R"
  },
  {
    "type": "message",
    "subtype": "channel_join",
    "ts": "1661962269.094059",
    "user": "U03U1GHT39V",
    "text": "<@U03U1GHT39V> has joined the channel",
    "inviter": "U03UKL27B0R"
  },
  {
    "type": "message",
    "subtype": "channel_join",
    "ts": "1661962269.153569",
    "user": "U03UUS0MZCZ",
    "text": "<@U03UUS0MZCZ> has joined the channel",
    "inviter": "U03UKL27B0R"
  },
  {
    "type": "message",
    "subtype": "channel_join",
    "ts": "1661962269.215319",
    "user": "U03UUR571A5",
    "text": "<@U03UUR571A5> has joined the channel",
    "inviter": "U03UKL27B0R"
  },
  {
    "type": "message",
    "subtype": "channel_join",
    "ts": "1661962269.288709",
    "user": "U03UJGP0C68",
    "text": "<@U03UJGP0C68> has joined the channel",
    "inviter": "U03UKL27B0R"
  },
  {
    "type": "message",
    "subtype": "channel_join",
    "ts": "1661962269.351169",
    "user": "U03UH760JQK",
    "text": "<@U03UH760JQK> has joined the channel",
    "inviter": "U03UKL27B0R"
  },
  {
    "type": "message",
    "subtype": "channel_join",
    "ts": "1661962269.410879",
    "user": "U03UHB8CXDY",
    "text": "<@U03UHB8CXDY> has joined the channel",
    "inviter": "U03UKL27B0R"
  },
  {
    "client_msg_id": "75c42790-d0b9-4afe-82a6-010e0edea1a0",
    "type": "message",
    "text": "Thanks for adding me",
    "user": "U03UH397319",
    "ts": "1661962536.651829",
    "blocks": [
      {
        "type": "rich_text",
        "block_id": "Knh",
        "elements": [
          {
            "type": "rich_text_section",
            "elements": [
              {
                "type": "text",
                "text": "Thanks for adding me"
              }
            ]
          }
        ]
      }
    ],
    "team": "T03U4J8HMUG",
    "user_team": "T03U4J8HMUG",
    "source_team": "T03U4J8HMUG",
    "user_profile": {
      "avatar_hash": "gc7c2fbea497",
      "image_72": "https://secure.gravatar.com/avatar/c7c2fbea4976d191e3ad19004e067c11.jpg?s=72&d=https%3A%2F%2Fa.slack-edge.com%2Fdf10d%2Fimg%2Favatars%2Fava_0014-72.png",
      "first_name": "Brenda",
      "real_name": "Brenda Hernandez",
      "display_name": "Brenda Hernandez",
      "team": "T03U4J8HMUG",
      "name": "Brenda",
      "is_restricted": false,
      "is_ultra_restricted": false
    }
  },
  {
    "type": "message",
    "subtype": "channel_join",
    "ts": "1661962654.768239",
    "user": "U03UP7V9Q57",
    "text": "<@U03UP7V9Q57> has joined the channel",
    "inviter": "U03U9DB7REG"
  },
  {
    "type": "message",
    "subtype": "channel_join",
    "ts": "1661962690.890759",
    "user": "U03UUN8M4RX",
    "text": "<@U03UUN8M4RX> has joined the channel",
    "inviter": "U03U9DB7REG"
  }
]