[
  {
    "client_msg_id": "60252af0-899d-41d1-b6dc-159250265ba4",
    "type": "message",
    "text": "Here is an example about join for today's SQL challenge.\n<https://www.geeksforgeeks.org/sql-join-set-1-inner-left-right-and-full-joins/>\n<https://www.w3schools.com/sql/sql_join.asp>",
    "user": "U03U9DB7REG",
    "ts": "1662102502.316179",
    "blocks": [
      {
        "type": "rich_text",
        "block_id": "xPET",
        "elements": [
          {
            "type": "rich_text_section",
            "elements": [
              {
                "type": "text",
                "text": "Here is an example about join for today's SQL challenge.\n"
              },
              {
                "type": "link",
                "url": "https://www.geeksforgeeks.org/sql-join-set-1-inner-left-right-and-full-joins/"
              },
              {
                "type": "text",
                "text": "\n"
              },
              {
                "type": "link",
                "url": "https://www.w3schools.com/sql/sql_join.asp"
              }
            ]
          }
        ]
      }
    ],
    "team": "T03U4J8HMUG",
    "user_team": "T03U4J8HMUG",
    "source_team": "T03U4J8HMUG",
    "user_profile": {
      "avatar_hash": "10b2063307e9",
      "image_72": "https://avatars.slack-edge.com/2022-08-18/3958997027442_10b2063307e91bfe2157_72.png",
      "first_name": "John",
      "real_name": "John Romero",
      "display_name": "John Romero",
      "team": "T03U4J8HMUG",
      "name": "John",
      "is_restricted": false,
      "is_ultra_restricted": false
    },
    "edited": {
      "user": "U03U9DB7REG",
      "ts": "1662103636.000000"
    },
    "attachments": [
      {
        "from_url": "https://www.geeksforgeeks.org/sql-join-set-1-inner-left-right-and-full-joins/",
        "ts": 1482317622,
        "thumb_url": "https://media.geeksforgeeks.org/wp-content/cdn-uploads/gfg_200x200-min.png",
        "thumb_width": 200,
        "thumb_height": 200,
        "service_icon": "https://www.geeksforgeeks.org/wp-content/uploads/gfg_200X200.png",
        "id": 1,
        "original_url": "https://www.geeksforgeeks.org/sql-join-set-1-inner-left-right-and-full-joins/",
        "fallback": "GeeksforGeeks: SQL | Join (Inner, Left, Right and Full Joins) - GeeksforGeeks",
        "text": "A Computer Science portal for geeks. It contains well written, well thought and well explained computer science and programming articles, quizzes and practice/competitive programming/company interview Questions.",
        "title": "SQL | Join (Inner, Left, Right and Full Joins) - GeeksforGeeks",
        "title_link": "https://www.geeksforgeeks.org/sql-join-set-1-inner-left-right-and-full-joins/",
        "service_name": "GeeksforGeeks"
      },
      {
        "from_url": "https://www.w3schools.com/sql/sql_join.asp",
        "image_url": "https://www.w3schools.com/images/w3schools_logo_436_2.png",
        "image_width": 436,
        "image_height": 228,
        "image_bytes": 6369,
        "service_icon": "https://www.w3schools.com/favicon.ico",
        "id": 2,
        "original_url": "https://www.w3schools.com/sql/sql_join.asp",
        "fallback": "SQL Joins",
        "text": "W3Schools offers free online tutorials, references and exercises in all the major languages of the web. Covering popular subjects like HTML, CSS, JavaScript, Python, SQL, Java, and many, many more.",
        "title": "SQL Joins",
        "title_link": "https://www.w3schools.com/sql/sql_join.asp",
        "service_name": "w3schools.com"
      }
    ],
    "reactions": [
      {
        "name": "+1",
        "users": [
          "U03UD68RQH3",
          "U03U1FNPEUX"
        ],
        "count": 2
      }
    ]
  },
  {
    "client_msg_id": "c6e8fbe0-b4d8-41a8-9397-1b558864d8e7",
    "type": "message",
    "text": "<!channel> This weeks timed contest is starting at 9 am UTC. It contains two challenges, DSA and SQL. Its a timed challenge so make sure to complete before the time is over.\n<https://www.hackerrank.com/10-academy-batch-6-challenge-02>",
    "user": "U03U9DB7REG",
    "ts": "1662106712.729719",
    "blocks": [
      {
        "type": "rich_text",
        "block_id": "kQBJf",
        "elements": [
          {
            "type": "rich_text_section",
            "elements": [
              {
                "type": "broadcast",
                "range": "channel"
              },
              {
                "type": "text",
                "text": " This weeks timed contest is starting at 9 am UTC. It contains two challenges, DSA and SQL. Its a timed challenge so make sure to complete before the time is over.\n"
              },
              {
                "type": "link",
                "url": "https://www.hackerrank.com/10-academy-batch-6-challenge-02"
              }
            ]
          }
        ]
      }
    ],
    "team": "T03U4J8HMUG",
    "user_team": "T03U4J8HMUG",
    "source_team": "T03U4J8HMUG",
    "user_profile": {
      "avatar_hash": "10b2063307e9",
      "image_72": "https://avatars.slack-edge.com/2022-08-18/3958997027442_10b2063307e91bfe2157_72.png",
      "first_name": "John",
      "real_name": "John Romero",
      "display_name": "John Romero",
      "team": "T03U4J8HMUG",
      "name": "John",
      "is_restricted": false,
      "is_ultra_restricted": false
    },
    "attachments": [
      {
        "from_url": "https://www.hackerrank.com/10-academy-batch-6-challenge-02",
        "thumb_url": "https://hrcdn.net/og/default.jpg",
        "thumb_width": 1200,
        "thumb_height": 640,
        "service_icon": "https://hrcdn.net/hackerrank/assets/apple-touch-icon-precomposed-c99b684c98b4befc43c47592bc900ebd95a0b1e9b9e5103b252c8b320432646d.png",
        "id": 1,
        "original_url": "https://www.hackerrank.com/10-academy-batch-6-challenge-02",
        "fallback": "HackerRank: Join 10 Academy Batch 6 Challenge 02 on HackerRank",
        "text": "This weeks challenge will focus on hash tables (commonly referred to as a hash map) and also test your SQL knowledge.",
        "title": "Join 10 Academy Batch 6 Challenge 02 on HackerRank",
        "title_link": "https://www.hackerrank.com/10-academy-batch-6-challenge-02",
        "service_name": "HackerRank"
      }
    ]
  },
  {
    "client_msg_id": "5c476ad2-b2c0-4b65-aff9-f817b1791387",
    "type": "message",
    "text": "<@U03U9DB7REG> can we use a language of our preference for the second challenge?",
    "user": "U03U1FNPEUX",
    "ts": "1662110229.399029",
    "blocks": [
      {
        "type": "rich_text",
        "block_id": "9k7R",
        "elements": [
          {
            "type": "rich_text_section",
            "elements": [
              {
                "type": "user",
                "user_id": "U03U9DB7REG"
              },
              {
                "type": "text",
                "text": " can we use a language of our preference for the second challenge?"
              }
            ]
          }
        ]
      }
    ],
    "team": "T03U4J8HMUG",
    "user_team": "T03U4J8HMUG",
    "source_team": "T03U4J8HMUG",
    "user_profile": {
      "avatar_hash": "37a12a7dbb92",
      "image_72": "https://avatars.slack-edge.com/2022-09-09/4058043481011_37a12a7dbb926b2c9c86_72.png",
      "first_name": "Joshua",
      "real_name": "Joshua Rhodes",
      "display_name": "Joshua Rhodes",
      "team": "T03U4J8HMUG",
      "name": "Joshua",
      "is_restricted": false,
      "is_ultra_restricted": false
    },
    "thread_ts": "1662110229.399029",
    "reply_count": 1,
    "reply_users_count": 1,
    "latest_reply": "1662110888.727599",
    "reply_users": [
      "U03UP7V9Q57"
    ],
    "replies": [
      {
        "user": "U03UP7V9Q57",
        "ts": "1662110888.727599"
      }
    ],
    "is_locked": false,
    "subscribed": false
  },
  {
    "client_msg_id": "6ce58d12-04cc-471d-88fa-f91eec0e4dc7",
    "type": "message",
    "text": "For now, use a language that you're comfortable with",
    "user": "U03UP7V9Q57",
    "ts": "1662110888.727599",
    "blocks": [
      {
        "type": "rich_text",
        "block_id": "26A",
        "elements": [
          {
            "type": "rich_text_section",
            "elements": [
              {
                "type": "text",
                "text": "For now, use a language that you're comfortable with"
              }
            ]
          }
        ]
      }
    ],
    "team": "T03U4J8HMUG",
    "user_team": "T03U4J8HMUG",
    "source_team": "T03U4J8HMUG",
    "user_profile": {
      "avatar_hash": "6e5e9ae8afa4",
      "image_72": "https://avatars.slack-edge.com/2022-08-18/3962642286050_6e5e9ae8afa436ddd44e_72.png",
      "first_name": "Michele",
      "real_name": "Michele Sparks",
      "display_name": "Michele Sparks",
      "team": "T03U4J8HMUG",
      "name": "Michele",
      "is_restricted": false,
      "is_ultra_restricted": false
    },
    "thread_ts": "1662110229.399029",
    "parent_user_id": "U03U1FNPEUX",
    "reactions": [
      {
        "name": "white_check_mark",
        "users": [
          "U03U1FNPEUX"
        ],
        "count": 1
      }
    ]
  }
]