[
  {
    "type": "message",
    "subtype": "channel_join",
    "ts": "1667221864.535169",
    "user": "U03UG32J3PC",
    "text": "<@U03UG32J3PC> has joined the channel"
  },
  {
    "type": "message",
    "subtype": "channel_join",
    "ts": "1667221902.332259",
    "user": "U03UJKJGRAQ",
    "text": "<@U03UJKJGRAQ> has joined the channel",
    "inviter": "U03UG32J3PC"
  },
  {
    "type": "message",
    "subtype": "channel_join",
    "ts": "1667221902.431319",
    "user": "U03V6HMRPGQ",
    "text": "<@U03V6HMRPGQ> has joined the channel",
    "inviter": "U03UG32J3PC"
  },
  {
    "type": "message",
    "subtype": "channel_join",
    "ts": "1667221902.546749",
    "user": "U03U1GHT39V",
    "text": "<@U03U1GHT39V> has joined the channel",
    "inviter": "U03UG32J3PC"
  },
  {
    "type": "message",
    "subtype": "channel_join",
    "ts": "1667221902.611409",
    "user": "U03UUP56MDF",
    "text": "<@U03UUP56MDF> has joined the channel",
    "inviter": "U03UG32J3PC"
  },
  {
    "type": "message",
    "subtype": "channel_join",
    "ts": "1667221902.679919",
    "user": "U03V5Q9N516",
    "text": "<@U03V5Q9N516> has joined the channel",
    "inviter": "U03UG32J3PC"
  },
  {
    "client_msg_id": "1d46902c-7f3c-456f-922f-fff241879f7d",
    "type": "message",
    "text": "Hi everyone. Have you gone through the challenge document?",
    "user": "U03UJKJGRAQ",
    "ts": "1667222018.865469",
    "blocks": [
      {
        "type": "rich_text",
        "block_id": "thm",
        "elements": [
          {
            "type": "rich_text_section",
            "elements": [
              {
                "type": "text",
                "text": "Hi everyone. Have you gone through the challenge document?"
              }
            ]
          }
        ]
      }
    ],
    "team": "T03U4J8HMUG",
    "user_team": "T03U4J8HMUG",
    "source_team": "T03U4J8HMUG",
    "user_profile": {
      "avatar_hash": "3d318a55b9e2",
      "image_72": "https://avatars.slack-edge.com/2022-10-03/4158852852038_3d318a55b9e221ad2cb3_72.jpg",
      "first_name": "Brian",
      "real_name": "Brian Odom",
      "display_name": "Brian Odom",
      "team": "T03U4J8HMUG",
      "name": "Brian",
      "is_restricted": false,
      "is_ultra_restricted": false
    }
  },
  {
    "client_msg_id": "9bbf8416-d99a-41d5-bf76-eeb5420940f0",
    "type": "message",
    "text": "I tried to skim it, But we can see that togather tonight",
    "user": "U03UG32J3PC",
    "ts": "1667222043.707259",
    "blocks": [
      {
        "type": "rich_text",
        "block_id": "bKb",
        "elements": [
          {
            "type": "rich_text_section",
            "elements": [
              {
                "type": "text",
                "text": "I tried to skim it, But we can see that togather tonight"
              }
            ]
          }
        ]
      }
    ],
    "team": "T03U4J8HMUG",
    "user_team": "T03U4J8HMUG",
    "source_team": "T03U4J8HMUG",
    "user_profile": {
      "avatar_hash": "g9e7487b036e",
      "image_72": "https://secure.gravatar.com/avatar/9e7487b036ed726d016a0c5d8189773c.jpg?s=72&d=https%3A%2F%2Fa.slack-edge.com%2Fdf10d%2Fimg%2Favatars%2Fava_0005-72.png",
      "first_name": "April",
      "real_name": "April Lucas",
      "display_name": "April Lucas",
      "team": "T03U4J8HMUG",
      "name": "April",
      "is_restricted": false,
      "is_ultra_restricted": false
    },
    "reactions": [
      {
        "name": "+1",
        "users": [
          "U03UJKJGRAQ"
        ],
        "count": 1
      }
    ]
  },
  {
    "client_msg_id": "9d9fb42e-1a01-41a2-a4f8-ff97c41028c7",
    "type": "message",
    "text": "So at what time shall we meet?",
    "user": "U03UG32J3PC",
    "ts": "1667222196.450509",
    "blocks": [
      {
        "type": "rich_text",
        "block_id": "PI+Z",
        "elements": [
          {
            "type": "rich_text_section",
            "elements": [
              {
                "type": "text",
                "text": "So at what time shall we meet?"
              }
            ]
          }
        ]
      }
    ],
    "team": "T03U4J8HMUG",
    "user_team": "T03U4J8HMUG",
    "source_team": "T03U4J8HMUG",
    "user_profile": {
      "avatar_hash": "g9e7487b036e",
      "image_72": "https://secure.gravatar.com/avatar/9e7487b036ed726d016a0c5d8189773c.jpg?s=72&d=https%3A%2F%2Fa.slack-edge.com%2Fdf10d%2Fimg%2Favatars%2Fava_0005-72.png",
      "first_name": "April",
      "real_name": "April Lucas",
      "display_name": "April Lucas",
      "team": "T03U4J8HMUG",
      "name": "April",
      "is_restricted": false,
      "is_ultra_restricted": false
    },
    "thread_ts": "1667222196.450509",
    "reply_count": 1,
    "reply_users_count": 1,
    "latest_reply": "1667222584.981239",
    "reply_users": [
      "U03UJKJGRAQ"
    ],
    "replies": [
      {
        "user": "U03UJKJGRAQ",
        "ts": "1667222584.981239"
      }
    ],
    "is_locked": false,
    "subscribed": false,
    "reactions": [
      {
        "name": "raised_hands",
        "users": [
          "U03UJKJGRAQ"
        ],
        "count": 1
      }
    ]
  },
  {
    "client_msg_id": "e2ac94f3-ac58-488b-b45b-74f9447ef7f2",
    "type": "message",
    "text": "are we working on groubs ?",
    "user": "U03V6HMRPGQ",
    "ts": "1667222411.320179",
    "blocks": [
      {
        "type": "rich_text",
        "block_id": "T6TV",
        "elements": [
          {
            "type": "rich_text_section",
            "elements": [
              {
                "type": "text",
                "text": "are we working on groubs ?"
              }
            ]
          }
        ]
      }
    ],
    "team": "T03U4J8HMUG",
    "user_team": "T03U4J8HMUG",
    "source_team": "T03U4J8HMUG",
    "user_profile": {
      "avatar_hash": "23fcf5329c03",
      "image_72": "https://avatars.slack-edge.com/2022-08-22/3969139924917_23fcf5329c03131c761f_72.png",
      "first_name": "Cristian",
      "real_name": "Cristian Wilson",
      "display_name": "Cristian Wilson",
      "team": "T03U4J8HMUG",
      "name": "Cristian",
      "is_restricted": false,
      "is_ultra_restricted": false
    }
  },
  {
    "client_msg_id": "248b4008-a382-4021-8215-836068ab4644",
    "type": "message",
    "text": "Yes",
    "user": "U03UG32J3PC",
    "ts": "1667222430.610219",
    "blocks": [
      {
        "type": "rich_text",
        "block_id": "XMk9",
        "elements": [
          {
            "type": "rich_text_section",
            "elements": [
              {
                "type": "text",
                "text": "Yes"
              }
            ]
          }
        ]
      }
    ],
    "team": "T03U4J8HMUG",
    "user_team": "T03U4J8HMUG",
    "source_team": "T03U4J8HMUG",
    "user_profile": {
      "avatar_hash": "g9e7487b036e",
      "image_72": "https://secure.gravatar.com/avatar/9e7487b036ed726d016a0c5d8189773c.jpg?s=72&d=https%3A%2F%2Fa.slack-edge.com%2Fdf10d%2Fimg%2Favatars%2Fava_0005-72.png",
      "first_name": "April",
      "real_name": "April Lucas",
      "display_name": "April Lucas",
      "team": "T03U4J8HMUG",
      "name": "April",
      "is_restricted": false,
      "is_ultra_restricted": false
    }
  },
  {
    "client_msg_id": "f0210f12-49b8-4a64-952b-94b1b346e3bb",
    "type": "message",
    "text": "that is great",
    "user": "U03V6HMRPGQ",
    "ts": "1667222513.334669",
    "blocks": [
      {
        "type": "rich_text",
        "block_id": "9w=vf",
        "elements": [
          {
            "type": "rich_text_section",
            "elements": [
              {
                "type": "text",
                "text": "that is great"
              }
            ]
          }
        ]
      }
    ],
    "team": "T03U4J8HMUG",
    "user_team": "T03U4J8HMUG",
    "source_team": "T03U4J8HMUG",
    "user_profile": {
      "avatar_hash": "23fcf5329c03",
      "image_72": "https://avatars.slack-edge.com/2022-08-22/3969139924917_23fcf5329c03131c761f_72.png",
      "first_name": "Cristian",
      "real_name": "Cristian Wilson",
      "display_name": "Cristian Wilson",
      "team": "T03U4J8HMUG",
      "name": "Cristian",
      "is_restricted": false,
      "is_ultra_restricted": false
    }
  },
  {
    "client_msg_id": "22b07973-7664-42d1-bb40-da013da359e6",
    "type": "message",
    "text": "Almost any time is ok for me. Let's wait for the others.",
    "user": "U03UJKJGRAQ",
    "ts": "1667222584.981239",
    "blocks": [
      {
        "type": "rich_text",
        "block_id": "=VG",
        "elements": [
          {
            "type": "rich_text_section",
            "elements": [
              {
                "type": "text",
                "text": "Almost any time is ok for me. Let's wait for the others."
              }
            ]
          }
        ]
      }
    ],
    "team": "T03U4J8HMUG",
    "user_team": "T03U4J8HMUG",
    "source_team": "T03U4J8HMUG",
    "user_profile": {
      "avatar_hash": "3d318a55b9e2",
      "image_72": "https://avatars.slack-edge.com/2022-10-03/4158852852038_3d318a55b9e221ad2cb3_72.jpg",
      "first_name": "Brian",
      "real_name": "Brian Odom",
      "display_name": "Brian Odom",
      "team": "T03U4J8HMUG",
      "name": "Brian",
      "is_restricted": false,
      "is_ultra_restricted": false
    },
    "thread_ts": "1667222196.450509",
    "parent_user_id": "U03UG32J3PC"
  },
  {
    "client_msg_id": "01e27227-54ed-4479-b8a2-392b68111b02",
    "type": "message",
    "text": "hello groups",
    "user": "U03V5Q9N516",
    "ts": "1667224665.206949",
    "blocks": [
      {
        "type": "rich_text",
        "block_id": "MZRXW",
        "elements": [
          {
            "type": "rich_text_section",
            "elements": [
              {
                "type": "text",
                "text": "hello groups"
              }
            ]
          }
        ]
      }
    ],
    "team": "T03U4J8HMUG",
    "user_team": "T03U4J8HMUG",
    "source_team": "T03U4J8HMUG",
    "user_profile": {
      "avatar_hash": "g164928c3a69",
      "image_72": "https://secure.gravatar.com/avatar/164928c3a69af29d42a5e90b928e2f71.jpg?s=72&d=https%3A%2F%2Fa.slack-edge.com%2Fdf10d%2Fimg%2Favatars%2Fava_0010-72.png",
      "first_name": "Debra",
      "real_name": "Debra Lawrence",
      "display_name": "Debra Lawrence",
      "team": "T03U4J8HMUG",
      "name": "Debra",
      "is_restricted": false,
      "is_ultra_restricted": false
    }
  },
  {
    "client_msg_id": "b15719c6-83d7-489e-a2b8-0ad0e2040ef6",
    "type": "message",
    "text": "is this a group challenge or an individual?",
    "user": "U03U1GHT39V",
    "ts": "1667224742.234839",
    "blocks": [
      {
        "type": "rich_text",
        "block_id": "sRj",
        "elements": [
          {
            "type": "rich_text_section",
            "elements": [
              {
                "type": "text",
                "text": "is this a group challenge or an individual?"
              }
            ]
          }
        ]
      }
    ],
    "team": "T03U4J8HMUG",
    "user_team": "T03U4J8HMUG",
    "source_team": "T03U4J8HMUG",
    "user_profile": {
      "avatar_hash": "f5bb15f03854",
      "image_72": "https://avatars.slack-edge.com/2022-08-20/3965163973445_f5bb15f03854384b8288_72.jpg",
      "first_name": "Joseph",
      "real_name": "Joseph Diaz",
      "display_name": "Joseph Diaz",
      "team": "T03U4J8HMUG",
      "name": "Joseph",
      "is_restricted": false,
      "is_ultra_restricted": false
    }
  },
  {
    "client_msg_id": "ac3e6814-1d9a-43a0-97c4-1103831b5bc8",
    "type": "message",
    "text": "consider me when you schedule for meeting this night. I have one-on-one session at 4:30 UTC - 4:40 UTC.",
    "user": "U03V5Q9N516",
    "ts": "1667224806.132409",
    "blocks": [
      {
        "type": "rich_text",
        "block_id": "Aya",
        "elements": [
          {
            "type": "rich_text_section",
            "elements": [
              {
                "type": "text",
                "text": "consider me when you schedule for meeting this night. I have one-on-one session at 4:30 UTC - 4:40 UTC."
              }
            ]
          }
        ]
      }
    ],
    "team": "T03U4J8HMUG",
    "user_team": "T03U4J8HMUG",
    "source_team": "T03U4J8HMUG",
    "user_profile": {
      "avatar_hash": "g164928c3a69",
      "image_72": "https://secure.gravatar.com/avatar/164928c3a69af29d42a5e90b928e2f71.jpg?s=72&d=https%3A%2F%2Fa.slack-edge.com%2Fdf10d%2Fimg%2Favatars%2Fava_0010-72.png",
      "first_name": "Debra",
      "real_name": "Debra Lawrence",
      "display_name": "Debra Lawrence",
      "team": "T03U4J8HMUG",
      "name": "Debra",
      "is_restricted": false,
      "is_ultra_restricted": false
    }
  },
  {
    "client_msg_id": "7a6c565b-77cb-4a14-8e70-bdd4ed9cc1be",
    "type": "message",
    "text": "i think it seems group , but report is individual <@U03U1GHT39V>",
    "user": "U03V5Q9N516",
    "ts": "1667224839.930219",
    "blocks": [
      {
        "type": "rich_text",
        "block_id": "CLTg",
        "elements": [
          {
            "type": "rich_text_section",
            "elements": [
              {
                "type": "text",
                "text": "i think it seems group , but report is individual "
              },
              {
                "type": "user",
                "user_id": "U03U1GHT39V"
              }
            ]
          }
        ]
      }
    ],
    "team": "T03U4J8HMUG",
    "user_team": "T03U4J8HMUG",
    "source_team": "T03U4J8HMUG",
    "user_profile": {
      "avatar_hash": "g164928c3a69",
      "image_72": "https://secure.gravatar.com/avatar/164928c3a69af29d42a5e90b928e2f71.jpg?s=72&d=https%3A%2F%2Fa.slack-edge.com%2Fdf10d%2Fimg%2Favatars%2Fava_0010-72.png",
      "first_name": "Debra",
      "real_name": "Debra Lawrence",
      "display_name": "Debra Lawrence",
      "team": "T03U4J8HMUG",
      "name": "Debra",
      "is_restricted": false,
      "is_ultra_restricted": false
    },
    "edited": {
      "user": "U03V5Q9N516",
      "ts": "1667224877.000000"
    },
    "reactions": [
      {
        "name": "white_check_mark",
        "users": [
          "U03U1GHT39V"
        ],
        "count": 1
      }
    ]
  },
  {
    "client_msg_id": "c3d5f542-ebdf-4d13-9b9a-15a147315830",
    "type": "message",
    "text": "So what did we decide",
    "user": "U03UG32J3PC",
    "ts": "1667233551.215369",
    "blocks": [
      {
        "type": "rich_text",
        "block_id": "8oz",
        "elements": [
          {
            "type": "rich_text_section",
            "elements": [
              {
                "type": "text",
                "text": "So what did we decide"
              }
            ]
          }
        ]
      }
    ],
    "team": "T03U4J8HMUG",
    "user_team": "T03U4J8HMUG",
    "source_team": "T03U4J8HMUG",
    "user_profile": {
      "avatar_hash": "g9e7487b036e",
      "image_72": "https://secure.gravatar.com/avatar/9e7487b036ed726d016a0c5d8189773c.jpg?s=72&d=https%3A%2F%2Fa.slack-edge.com%2Fdf10d%2Fimg%2Favatars%2Fava_0005-72.png",
      "first_name": "April",
      "real_name": "April Lucas",
      "display_name": "April Lucas",
      "team": "T03U4J8HMUG",
      "name": "April",
      "is_restricted": false,
      "is_ultra_restricted": false
    }
  },
  {
    "client_msg_id": "2e36f405-2302-480d-8215-c5d266c8ffb4",
    "type": "message",
    "text": "<https://10academybatch6.slack.com/archives/C049E22FZS4/p1667235660766319|https://10academybatch6.slack.com/archives/C049E22FZS4/p1667235660766319>",
    "user": "U03UJKJGRAQ",
    "ts": "1667236047.565099",
    "blocks": [
      {
        "type": "rich_text",
        "block_id": "aHq",
        "elements": [
          {
            "type": "rich_text_section",
            "elements": [
              {
                "type": "link",
                "url": "https://10academybatch6.slack.com/archives/C049E22FZS4/p1667235660766319",
                "text": "https://10academybatch6.slack.com/archives/C049E22FZS4/p1667235660766319"
              }
            ]
          }
        ]
      }
    ],
    "team": "T03U4J8HMUG",
    "user_team": "T03U4J8HMUG",
    "source_team": "T03U4J8HMUG",
    "user_profile": {
      "avatar_hash": "3d318a55b9e2",
      "image_72": "https://avatars.slack-edge.com/2022-10-03/4158852852038_3d318a55b9e221ad2cb3_72.jpg",
      "first_name": "Brian",
      "real_name": "Brian Odom",
      "display_name": "Brian Odom",
      "team": "T03U4J8HMUG",
      "name": "Brian",
      "is_restricted": false,
      "is_ultra_restricted": false
    },
    "attachments": [
      {
        "from_url": "https://10academybatch6.slack.com/archives/C049E22FZS4/p1667235660766319",
        "ts": "1667235660.766319",
        "author_id": "U03UP7V9Q57",
        "channel_id": "C049E22FZS4",
        "channel_team": "T03U4J8HMUG",
        "is_msg_unfurl": true,
        "message_blocks": [
          {
            "team": "T03U4J8HMUG",
            "channel": "C049E22FZS4",
            "ts": "1667235660.766319",
            "message": {
              "blocks": [
                {
                  "type": "rich_text",
                  "block_id": "oW/JK",
                  "elements": [
                    {
                      "type": "rich_text_section",
                      "elements": [
                        {
                          "type": "text",
                          "text": "Hello everyone, "
                        },
                        {
                          "type": "broadcast",
                          "range": "channel"
                        },
                        {
                          "type": "text",
                          "text": ".\n\nThis week challenge will be in groups. If you went through the document earlier today you might have missed the group section as they were created today for ease in sharing AWS resources. Kindly confirm your group members, ensure that you're in touch before the end of today (creating private channels), start organizing meetings and let's do this.\n\nNB. When you create your private channel ensure you've added at least one member of the tutoring team (Yabebal, Yididya, Azaria, Nardos and I)"
                        }
                      ]
                    }
                  ]
                }
              ]
            }
          }
        ],
        "id": 1,
        "original_url": "https://10academybatch6.slack.com/archives/C049E22FZS4/p1667235660766319",
        "fallback": "[October 31st, 2022 10:01 AM] akiiru: Hello everyone, <!channel>.\n\nThis week challenge will be in groups. If you went through the document earlier today you might have missed the group section as they were created today for ease in sharing AWS resources. Kindly confirm your group members, ensure that you're in touch before the end of today (creating private channels), start organizing meetings and let's do this.\n\nNB. When you create your private channel ensure you've added at least one member of the tutoring team (Yabebal, Yididya, Azaria, Nardos and I)",
        "text": "Hello everyone, <!channel>.\n\nThis week challenge will be in groups. If you went through the document earlier today you might have missed the group section as they were created today for ease in sharing AWS resources. Kindly confirm your group members, ensure that you're in touch before the end of today (creating private channels), start organizing meetings and let's do this.\n\nNB. When you create your private channel ensure you've added at least one member of the tutoring team (Yabebal, Yididya, Azaria, Nardos and I)",
        "author_name": "Anastasia Kiiru",
        "author_link": "https://10academybatch6.slack.com/team/U03UP7V9Q57",
        "author_icon": "https://avatars.slack-edge.com/2022-08-18/3962642286050_6e5e9ae8afa436ddd44e_48.png",
        "author_subname": "Anastasia Kiiru",
        "mrkdwn_in": [
          "text"
        ],
        "footer": "Slack Conversation"
      }
    ]
  },
  {
    "type": "message",
    "subtype": "channel_join",
    "ts": "1667236155.792409",
    "user": "U03UKL27B0R",
    "text": "<@U03UKL27B0R> has joined the channel",
    "inviter": "U03UG32J3PC"
  },
  {
    "client_msg_id": "4EEECFBB-1914-4BF0-8D54-78A9170DD880",
    "type": "message",
    "text": "<!here>, we weren't able to create the instances with GPU access. We will try to make it ready till midnight or tomorrow morning.",
    "user": "U03UKL27B0R",
    "ts": "1667241006.155689",
    "blocks": [
      {
        "type": "rich_text",
        "block_id": "/9s+R",
        "elements": [
          {
            "type": "rich_text_section",
            "elements": [
              {
                "type": "broadcast",
                "range": "here"
              },
              {
                "type": "text",
                "text": ", we weren't able to create the instances with GPU access. We will try to make it ready till midnight or tomorrow morning."
              }
            ]
          }
        ]
      }
    ],
    "team": "T03U4J8HMUG",
    "user_team": "T03U4J8HMUG",
    "source_team": "T03U4J8HMUG",
    "user_profile": {
      "avatar_hash": "85058b6ca368",
      "image_72": "https://avatars.slack-edge.com/2022-08-18/3961513756852_85058b6ca368839d0014_72.png",
      "first_name": "Brittany",
      "real_name": "Brittany Garcia",
      "display_name": "Brittany Garcia",
      "team": "T03U4J8HMUG",
      "name": "Brittany",
      "is_restricted": false,
      "is_ultra_restricted": false
    },
    "reactions": [
      {
        "name": "raised_hands",
        "users": [
          "U03UJKJGRAQ"
        ],
        "count": 1
      }
    ]
  },
  {
    "client_msg_id": "5a3fdd5d-7ee3-4d22-baca-b8d71bc152cf",
    "type": "message",
    "text": "Okay Yididya. Thank you very much for the info",
    "user": "U03UG32J3PC",
    "ts": "1667241047.428949",
    "blocks": [
      {
        "type": "rich_text",
        "block_id": "TNA=",
        "elements": [
          {
            "type": "rich_text_section",
            "elements": [
              {
                "type": "text",
                "text": "Okay Yididya. Thank you very much for the info"
              }
            ]
          }
        ]
      }
    ],
    "team": "T03U4J8HMUG",
    "user_team": "T03U4J8HMUG",
    "source_team": "T03U4J8HMUG",
    "user_profile": {
      "avatar_hash": "g9e7487b036e",
      "image_72": "https://secure.gravatar.com/avatar/9e7487b036ed726d016a0c5d8189773c.jpg?s=72&d=https%3A%2F%2Fa.slack-edge.com%2Fdf10d%2Fimg%2Favatars%2Fava_0005-72.png",
      "first_name": "April",
      "real_name": "April Lucas",
      "display_name": "April Lucas",
      "team": "T03U4J8HMUG",
      "name": "April",
      "is_restricted": false,
      "is_ultra_restricted": false
    }
  },
  {
    "client_msg_id": "a1af0211-c379-4982-80ed-a9414af14fc7",
    "type": "message",
    "text": "Check your email and accept the invitation",
    "user": "U03UG32J3PC",
    "ts": "1667243093.025779",
    "blocks": [
      {
        "type": "rich_text",
        "block_id": "IiaK6",
        "elements": [
          {
            "type": "rich_text_section",
            "elements": [
              {
                "type": "text",
                "text": "Check your email and accept the invitation"
              }
            ]
          }
        ]
      }
    ],
    "team": "T03U4J8HMUG",
    "user_team": "T03U4J8HMUG",
    "source_team": "T03U4J8HMUG",
    "user_profile": {
      "avatar_hash": "g9e7487b036e",
      "image_72": "https://secure.gravatar.com/avatar/9e7487b036ed726d016a0c5d8189773c.jpg?s=72&d=https%3A%2F%2Fa.slack-edge.com%2Fdf10d%2Fimg%2Favatars%2Fava_0005-72.png",
      "first_name": "April",
      "real_name": "April Lucas",
      "display_name": "April Lucas",
      "team": "T03U4J8HMUG",
      "name": "April",
      "is_restricted": false,
      "is_ultra_restricted": false
    },
    "thread_ts": "1667243093.025779",
    "reply_count": 1,
    "reply_users_count": 1,
    "latest_reply": "1667243566.686249",
    "reply_users": [
      "U03UJKJGRAQ"
    ],
    "replies": [
      {
        "user": "U03UJKJGRAQ",
        "ts": "1667243566.686249"
      }
    ],
    "is_locked": false,
    "subscribed": false,
    "reactions": [
      {
        "name": "+1",
        "users": [
          "U03UJKJGRAQ"
        ],
        "count": 1
      }
    ]
  },
  {
    "client_msg_id": "48ac6816-6cd4-46c2-9b15-1e27398145d6",
    "type": "message",
    "text": "Thank you for preparing the github organization",
    "user": "U03UJKJGRAQ",
    "ts": "1667243566.686249",
    "blocks": [
      {
        "type": "rich_text",
        "block_id": "Vo79w",
        "elements": [
          {
            "type": "rich_text_section",
            "elements": [
              {
                "type": "text",
                "text": "Thank you for preparing the github organization"
              }
            ]
          }
        ]
      }
    ],
    "team": "T03U4J8HMUG",
    "user_team": "T03U4J8HMUG",
    "source_team": "T03U4J8HMUG",
    "user_profile": {
      "avatar_hash": "3d318a55b9e2",
      "image_72": "https://avatars.slack-edge.com/2022-10-03/4158852852038_3d318a55b9e221ad2cb3_72.jpg",
      "first_name": "Brian",
      "real_name": "Brian Odom",
      "display_name": "Brian Odom",
      "team": "T03U4J8HMUG",
      "name": "Brian",
      "is_restricted": false,
      "is_ultra_restricted": false
    },
    "thread_ts": "1667243093.025779",
    "parent_user_id": "U03UG32J3PC",
    "reactions": [
      {
        "name": "raised_hands",
        "users": [
          "U03UG32J3PC"
        ],
        "count": 1
      }
    ]
  },
  {
    "client_msg_id": "6a996876-1b00-4c16-afa7-df63fa442a01",
    "type": "message",
    "text": "Look at the tasks I created on the github project and give me a feedback to add more tasks or to remove some tasks",
    "user": "U03UG32J3PC",
    "ts": "1667244473.687549",
    "blocks": [
      {
        "type": "rich_text",
        "block_id": "ynn+W",
        "elements": [
          {
            "type": "rich_text_section",
            "elements": [
              {
                "type": "text",
                "text": "Look at the tasks I created on the github project and give me a feedback to add more tasks or to remove some tasks"
              }
            ]
          }
        ]
      }
    ],
    "team": "T03U4J8HMUG",
    "user_team": "T03U4J8HMUG",
    "source_team": "T03U4J8HMUG",
    "user_profile": {
      "avatar_hash": "g9e7487b036e",
      "image_72": "https://secure.gravatar.com/avatar/9e7487b036ed726d016a0c5d8189773c.jpg?s=72&d=https%3A%2F%2Fa.slack-edge.com%2Fdf10d%2Fimg%2Favatars%2Fava_0005-72.png",
      "first_name": "April",
      "real_name": "April Lucas",
      "display_name": "April Lucas",
      "team": "T03U4J8HMUG",
      "name": "April",
      "is_restricted": false,
      "is_ultra_restricted": false
    },
    "reactions": [
      {
        "name": "+1",
        "users": [
          "U03UJKJGRAQ"
        ],
        "count": 1
      }
    ]
  },
  {
    "client_msg_id": "009ebdc2-3cc0-46f8-ace6-1af5deef94ac",
    "type": "message",
    "text": "For our  tomorrow meeting we all should come up with the design of the project. We all should release the design diagram on this channel before we start the meeting.",
    "user": "U03UG32J3PC",
    "ts": "1667244724.489459",
    "blocks": [
      {
        "type": "rich_text",
        "block_id": "YfD",
        "elements": [
          {
            "type": "rich_text_section",
            "elements": [
              {
                "type": "text",
                "text": "For our  tomorrow meeting we all should come up with the design of the project. We all should release the design diagram on this channel before we start the meeting."
              }
            ]
          }
        ]
      }
    ],
    "team": "T03U4J8HMUG",
    "user_team": "T03U4J8HMUG",
    "source_team": "T03U4J8HMUG",
    "user_profile": {
      "avatar_hash": "g9e7487b036e",
      "image_72": "https://secure.gravatar.com/avatar/9e7487b036ed726d016a0c5d8189773c.jpg?s=72&d=https%3A%2F%2Fa.slack-edge.com%2Fdf10d%2Fimg%2Favatars%2Fava_0005-72.png",
      "first_name": "April",
      "real_name": "April Lucas",
      "display_name": "April Lucas",
      "team": "T03U4J8HMUG",
      "name": "April",
      "is_restricted": false,
      "is_ultra_restricted": false
    },
    "thread_ts": "1667244724.489459",
    "reply_count": 5,
    "reply_users_count": 2,
    "latest_reply": "1667245637.904489",
    "reply_users": [
      "U03UJKJGRAQ",
      "U03UG32J3PC"
    ],
    "replies": [
      {
        "user": "U03UJKJGRAQ",
        "ts": "1667245133.634109"
      },
      {
        "user": "U03UG32J3PC",
        "ts": "1667245352.387429"
      },
      {
        "user": "U03UG32J3PC",
        "ts": "1667245507.262989"
      },
      {
        "user": "U03UJKJGRAQ",
        "ts": "1667245624.357259"
      },
      {
        "user": "U03UG32J3PC",
        "ts": "1667245637.904489"
      }
    ],
    "is_locked": false,
    "subscribed": false
  },
  {
    "client_msg_id": "f15b5158-ea89-41f5-a5bd-48cbe00d5d44",
    "type": "message",
    "text": "What do you mean by \"design diagram\"?",
    "user": "U03UJKJGRAQ",
    "ts": "1667245133.634109",
    "blocks": [
      {
        "type": "rich_text",
        "block_id": "FuNz",
        "elements": [
          {
            "type": "rich_text_section",
            "elements": [
              {
                "type": "text",
                "text": "What do you mean by \"design diagram\"?"
              }
            ]
          }
        ]
      }
    ],
    "team": "T03U4J8HMUG",
    "user_team": "T03U4J8HMUG",
    "source_team": "T03U4J8HMUG",
    "user_profile": {
      "avatar_hash": "3d318a55b9e2",
      "image_72": "https://avatars.slack-edge.com/2022-10-03/4158852852038_3d318a55b9e221ad2cb3_72.jpg",
      "first_name": "Brian",
      "real_name": "Brian Odom",
      "display_name": "Brian Odom",
      "team": "T03U4J8HMUG",
      "name": "Brian",
      "is_restricted": false,
      "is_ultra_restricted": false
    },
    "thread_ts": "1667244724.489459",
    "parent_user_id": "U03UG32J3PC"
  },
  {
    "client_msg_id": "82eb1d83-23cb-4f84-adec-07dc83562a66",
    "type": "message",
    "text": "The overall design of the project in one diagram. We can put the components of the project, Where we start, How the pipeline goes, the end result.",
    "user": "U03UG32J3PC",
    "ts": "1667245352.387429",
    "blocks": [
      {
        "type": "rich_text",
        "block_id": "YuOI",
        "elements": [
          {
            "type": "rich_text_section",
            "elements": [
              {
                "type": "text",
                "text": "The overall design of the project in one diagram. We can put the components of the project, Where we start, How the pipeline goes, the end result."
              }
            ]
          }
        ]
      }
    ],
    "team": "T03U4J8HMUG",
    "user_team": "T03U4J8HMUG",
    "source_team": "T03U4J8HMUG",
    "user_profile": {
      "avatar_hash": "g9e7487b036e",
      "image_72": "https://secure.gravatar.com/avatar/9e7487b036ed726d016a0c5d8189773c.jpg?s=72&d=https%3A%2F%2Fa.slack-edge.com%2Fdf10d%2Fimg%2Favatars%2Fava_0005-72.png",
      "first_name": "April",
      "real_name": "April Lucas",
      "display_name": "April Lucas",
      "team": "T03U4J8HMUG",
      "name": "April",
      "is_restricted": false,
      "is_ultra_restricted": false
    },
    "thread_ts": "1667244724.489459",
    "parent_user_id": "U03UG32J3PC",
    "reactions": [
      {
        "name": "raised_hands",
        "users": [
          "U03UJKJGRAQ"
        ],
        "count": 1
      }
    ]
  },
  {
    "client_msg_id": "65cc0966-1d18-45dc-8967-67ee4809198c",
    "type": "message",
    "text": "Components of the project can include the dataset,  the machine learning model, the EDA, development tools, and any other thing",
    "user": "U03UG32J3PC",
    "ts": "1667245507.262989",
    "blocks": [
      {
        "type": "rich_text",
        "block_id": "x3vY",
        "elements": [
          {
            "type": "rich_text_section",
            "elements": [
              {
                "type": "text",
                "text": "Components of the project can include the dataset,  the machine learning model, the EDA, development tools, and any other thing"
              }
            ]
          }
        ]
      }
    ],
    "team": "T03U4J8HMUG",
    "user_team": "T03U4J8HMUG",
    "source_team": "T03U4J8HMUG",
    "user_profile": {
      "avatar_hash": "g9e7487b036e",
      "image_72": "https://secure.gravatar.com/avatar/9e7487b036ed726d016a0c5d8189773c.jpg?s=72&d=https%3A%2F%2Fa.slack-edge.com%2Fdf10d%2Fimg%2Favatars%2Fava_0005-72.png",
      "first_name": "April",
      "real_name": "April Lucas",
      "display_name": "April Lucas",
      "team": "T03U4J8HMUG",
      "name": "April",
      "is_restricted": false,
      "is_ultra_restricted": false
    },
    "thread_ts": "1667244724.489459",
    "parent_user_id": "U03UG32J3PC",
    "reactions": [
      {
        "name": "raised_hands",
        "users": [
          "U03UJKJGRAQ"
        ],
        "count": 1
      }
    ]
  },
  {
    "client_msg_id": "3e0d9101-f206-439c-b6c4-84814bf8509b",
    "type": "message",
    "text": "So, like a flow diagram?",
    "user": "U03UJKJGRAQ",
    "ts": "1667245624.357259",
    "blocks": [
      {
        "type": "rich_text",
        "block_id": "yxG+d",
        "elements": [
          {
            "type": "rich_text_section",
            "elements": [
              {
                "type": "text",
                "text": "So, like a flow diagram?"
              }
            ]
          }
        ]
      }
    ],
    "team": "T03U4J8HMUG",
    "user_team": "T03U4J8HMUG",
    "source_team": "T03U4J8HMUG",
    "user_profile": {
      "avatar_hash": "3d318a55b9e2",
      "image_72": "https://avatars.slack-edge.com/2022-10-03/4158852852038_3d318a55b9e221ad2cb3_72.jpg",
      "first_name": "Brian",
      "real_name": "Brian Odom",
      "display_name": "Brian Odom",
      "team": "T03U4J8HMUG",
      "name": "Brian",
      "is_restricted": false,
      "is_ultra_restricted": false
    },
    "thread_ts": "1667244724.489459",
    "parent_user_id": "U03UG32J3PC"
  },
  {
    "client_msg_id": "607be4e6-4edd-41cd-9f0b-9e2498a7c574",
    "type": "message",
    "text": "Yes",
    "user": "U03UG32J3PC",
    "ts": "1667245637.904489",
    "blocks": [
      {
        "type": "rich_text",
        "block_id": "NvOrz",
        "elements": [
          {
            "type": "rich_text_section",
            "elements": [
              {
                "type": "text",
                "text": "Yes"
              }
            ]
          }
        ]
      }
    ],
    "team": "T03U4J8HMUG",
    "user_team": "T03U4J8HMUG",
    "source_team": "T03U4J8HMUG",
    "user_profile": {
      "avatar_hash": "g9e7487b036e",
      "image_72": "https://secure.gravatar.com/avatar/9e7487b036ed726d016a0c5d8189773c.jpg?s=72&d=https%3A%2F%2Fa.slack-edge.com%2Fdf10d%2Fimg%2Favatars%2Fava_0005-72.png",
      "first_name": "April",
      "real_name": "April Lucas",
      "display_name": "April Lucas",
      "team": "T03U4J8HMUG",
      "name": "April",
      "is_restricted": false,
      "is_ultra_restricted": false
    },
    "thread_ts": "1667244724.489459",
    "parent_user_id": "U03UG32J3PC",
    "reactions": [
      {
        "name": "+1",
        "users": [
          "U03UJKJGRAQ"
        ],
        "count": 1
      }
    ]
  },
  {
    "client_msg_id": "e718ccc8-59d6-47eb-8a0e-5c8f05e99f01",
    "type": "message",
    "text": "In my understanding in this project the main and the difficult part is the image segmentation. I think we should give our full focus on that",
    "user": "U03UG32J3PC",
    "ts": "1667245711.420669",
    "blocks": [
      {
        "type": "rich_text",
        "block_id": "Yqf",
        "elements": [
          {
            "type": "rich_text_section",
            "elements": [
              {
                "type": "text",
                "text": "In my understanding in this project the main and the difficult part is the image segmentation. I think we should give our full focus on that"
              }
            ]
          }
        ]
      }
    ],
    "team": "T03U4J8HMUG",
    "user_team": "T03U4J8HMUG",
    "source_team": "T03U4J8HMUG",
    "user_profile": {
      "avatar_hash": "g9e7487b036e",
      "image_72": "https://secure.gravatar.com/avatar/9e7487b036ed726d016a0c5d8189773c.jpg?s=72&d=https%3A%2F%2Fa.slack-edge.com%2Fdf10d%2Fimg%2Favatars%2Fava_0005-72.png",
      "first_name": "April",
      "real_name": "April Lucas",
      "display_name": "April Lucas",
      "team": "T03U4J8HMUG",
      "name": "April",
      "is_restricted": false,
      "is_ultra_restricted": false
    }
  },
  {
    "client_msg_id": "2faca7bd-ccaf-426f-a815-46701e470dc3",
    "type": "message",
    "text": "It the part that is new to us, so I agree we should try to understand it.",
    "user": "U03UJKJGRAQ",
    "ts": "1667246110.358859",
    "blocks": [
      {
        "type": "rich_text",
        "block_id": "MEha",
        "elements": [
          {
            "type": "rich_text_section",
            "elements": [
              {
                "type": "text",
                "text": "It the part that is new to us, so I agree we should try to understand it."
              }
            ]
          }
        ]
      }
    ],
    "team": "T03U4J8HMUG",
    "user_team": "T03U4J8HMUG",
    "source_team": "T03U4J8HMUG",
    "user_profile": {
      "avatar_hash": "3d318a55b9e2",
      "image_72": "https://avatars.slack-edge.com/2022-10-03/4158852852038_3d318a55b9e221ad2cb3_72.jpg",
      "first_name": "Brian",
      "real_name": "Brian Odom",
      "display_name": "Brian Odom",
      "team": "T03U4J8HMUG",
      "name": "Brian",
      "is_restricted": false,
      "is_ultra_restricted": false
    },
    "reactions": [
      {
        "name": "white_check_mark",
        "users": [
          "U03UG32J3PC"
        ],
        "count": 1
      }
    ]
  },
  {
    "client_msg_id": "64f14859-2244-42f1-91f2-424f12ca1c7f",
    "type": "message",
    "text": "So for tomorrow's meeting we should bring a solution for the following problems\n\u2022 Finding a good method of image segmentation\n\u2022 What is our expectation from the segmentation output\n\u2022 How can we feed the segmented image and the performance data to the machine learning model\n\u2022 What is our expectation from the model output",
    "user": "U03UG32J3PC",
    "ts": "1667246195.179239",
    "blocks": [
      {
        "type": "rich_text",
        "block_id": "qHC4",
        "elements": [
          {
            "type": "rich_text_section",
            "elements": [
              {
                "type": "text",
                "text": "So for tomorrow's meeting we should bring a solution for the following problems\n"
              }
            ]
          },
          {
            "type": "rich_text_list",
            "elements": [
              {
                "type": "rich_text_section",
                "elements": [
                  {
                    "type": "text",
                    "text": "Finding a good method of image segmentation"
                  }
                ]
              },
              {
                "type": "rich_text_section",
                "elements": [
                  {
                    "type": "text",
                    "text": "What is our expectation from the segmentation output"
                  }
                ]
              },
              {
                "type": "rich_text_section",
                "elements": [
                  {
                    "type": "text",
                    "text": "How can we feed the segmented image and the performance data to the machine learning model"
                  }
                ]
              },
              {
                "type": "rich_text_section",
                "elements": [
                  {
                    "type": "text",
                    "text": "What is our expectation from the model output"
                  }
                ]
              }
            ],
            "style": "bullet",
            "indent": 0,
            "border": 0
          }
        ]
      }
    ],
    "team": "T03U4J8HMUG",
    "user_team": "T03U4J8HMUG",
    "source_team": "T03U4J8HMUG",
    "user_profile": {
      "avatar_hash": "g9e7487b036e",
      "image_72": "https://secure.gravatar.com/avatar/9e7487b036ed726d016a0c5d8189773c.jpg?s=72&d=https%3A%2F%2Fa.slack-edge.com%2Fdf10d%2Fimg%2Favatars%2Fava_0005-72.png",
      "first_name": "April",
      "real_name": "April Lucas",
      "display_name": "April Lucas",
      "team": "T03U4J8HMUG",
      "name": "April",
      "is_restricted": false,
      "is_ultra_restricted": false
    },
    "reactions": [
      {
        "name": "+1",
        "users": [
          "U03UJKJGRAQ"
        ],
        "count": 1
      }
    ]
  },
  {
    "client_msg_id": "3e4efcd6-8905-471f-b4f5-059f459dacf1",
    "type": "message",
    "text": "I hope by tomorrow we will have an access to the dataset",
    "user": "U03UG32J3PC",
    "ts": "1667246236.280809",
    "blocks": [
      {
        "type": "rich_text",
        "block_id": "Xh/Vf",
        "elements": [
          {
            "type": "rich_text_section",
            "elements": [
              {
                "type": "text",
                "text": "I hope by tomorrow we will have an access to the dataset"
              }
            ]
          }
        ]
      }
    ],
    "team": "T03U4J8HMUG",
    "user_team": "T03U4J8HMUG",
    "source_team": "T03U4J8HMUG",
    "user_profile": {
      "avatar_hash": "g9e7487b036e",
      "image_72": "https://secure.gravatar.com/avatar/9e7487b036ed726d016a0c5d8189773c.jpg?s=72&d=https%3A%2F%2Fa.slack-edge.com%2Fdf10d%2Fimg%2Favatars%2Fava_0005-72.png",
      "first_name": "April",
      "real_name": "April Lucas",
      "display_name": "April Lucas",
      "team": "T03U4J8HMUG",
      "name": "April",
      "is_restricted": false,
      "is_ultra_restricted": false
    },
    "edited": {
      "user": "U03UG32J3PC",
      "ts": "1667246251.000000"
    },
    "reactions": [
      {
        "name": "raised_hands",
        "users": [
          "U03UJKJGRAQ"
        ],
        "count": 1
      }
    ]
  }
]