[
  {
    "client_msg_id": "738d67e9-6549-4730-9aba-40e6551b0bc7",
    "type": "message",
    "text": "Hi <!here>. Did we share any Adludio data by mistake? \nI tried to check github repo, I didn't find anything.",
    "user": "U03UJKJGRAQ",
    "ts": "1667914443.215359",
    "blocks": [
      {
        "type": "rich_text",
        "block_id": "OyH",
        "elements": [
          {
            "type": "rich_text_section",
            "elements": [
              {
                "type": "text",
                "text": "Hi "
              },
              {
                "type": "broadcast",
                "range": "here"
              },
              {
                "type": "text",
                "text": ". Did we share any Adludio data by mistake? \nI tried to check github repo, I didn't find anything."
              }
            ]
          }
        ]
      }
    ],
    "team": "T03U4J8HMUG",
    "user_team": "T03U4J8HMUG",
    "source_team": "T03U4J8HMUG",
    "user_profile": {
      "avatar_hash": "3d318a55b9e2",
      "image_72": "https://avatars.slack-edge.com/2022-10-03/4158852852038_3d318a55b9e221ad2cb3_72.jpg",
      "first_name": "Brian",
      "real_name": "Brian Odom",
      "display_name": "Brian Odom",
      "team": "T03U4J8HMUG",
      "name": "Brian",
      "is_restricted": false,
      "is_ultra_restricted": false
    }
  },
  {
    "client_msg_id": "440d632a-0cdb-4679-bf84-622aed61a696",
    "type": "message",
    "text": "I didn't share anything. I used the name of the company in my blog and I fixed that now",
    "user": "U03UG32J3PC",
    "ts": "1667914509.175299",
    "blocks": [
      {
        "type": "rich_text",
        "block_id": "PEN0A",
        "elements": [
          {
            "type": "rich_text_section",
            "elements": [
              {
                "type": "text",
                "text": "I didn't share anything. I used the name of the company in my blog and I fixed that now"
              }
            ]
          }
        ]
      }
    ],
    "team": "T03U4J8HMUG",
    "user_team": "T03U4J8HMUG",
    "source_team": "T03U4J8HMUG",
    "user_profile": {
      "avatar_hash": "g9e7487b036e",
      "image_72": "https://secure.gravatar.com/avatar/9e7487b036ed726d016a0c5d8189773c.jpg?s=72&d=https%3A%2F%2Fa.slack-edge.com%2Fdf10d%2Fimg%2Favatars%2Fava_0005-72.png",
      "first_name": "April",
      "real_name": "April Lucas",
      "display_name": "April Lucas",
      "team": "T03U4J8HMUG",
      "name": "April",
      "is_restricted": false,
      "is_ultra_restricted": false
    }
  },
  {
    "client_msg_id": "c4426fda-d318-4db7-a41f-ef535b65e7a8",
    "type": "message",
    "text": "I think we have Individual examples of start frame or end frame images in the repo. Is this ok?",
    "user": "U03UJKJGRAQ",
    "ts": "1667914610.555249",
    "blocks": [
      {
        "type": "rich_text",
        "block_id": "mEE",
        "elements": [
          {
            "type": "rich_text_section",
            "elements": [
              {
                "type": "text",
                "text": "I think we have Individual examples of start frame or end frame images in the repo. Is this ok?"
              }
            ]
          }
        ]
      }
    ],
    "team": "T03U4J8HMUG",
    "user_team": "T03U4J8HMUG",
    "source_team": "T03U4J8HMUG",
    "user_profile": {
      "avatar_hash": "3d318a55b9e2",
      "image_72": "https://avatars.slack-edge.com/2022-10-03/4158852852038_3d318a55b9e221ad2cb3_72.jpg",
      "first_name": "Brian",
      "real_name": "Brian Odom",
      "display_name": "Brian Odom",
      "team": "T03U4J8HMUG",
      "name": "Brian",
      "is_restricted": false,
      "is_ultra_restricted": false
    }
  },
  {
    "client_msg_id": "7a737a5b-f652-4e4a-8a18-84db00eaabcc",
    "type": "message",
    "text": "Or should we remove those?",
    "user": "U03UJKJGRAQ",
    "ts": "1667914621.040319",
    "blocks": [
      {
        "type": "rich_text",
        "block_id": "fY7",
        "elements": [
          {
            "type": "rich_text_section",
            "elements": [
              {
                "type": "text",
                "text": "Or should we remove those?"
              }
            ]
          }
        ]
      }
    ],
    "team": "T03U4J8HMUG",
    "user_team": "T03U4J8HMUG",
    "source_team": "T03U4J8HMUG",
    "user_profile": {
      "avatar_hash": "3d318a55b9e2",
      "image_72": "https://avatars.slack-edge.com/2022-10-03/4158852852038_3d318a55b9e221ad2cb3_72.jpg",
      "first_name": "Brian",
      "real_name": "Brian Odom",
      "display_name": "Brian Odom",
      "team": "T03U4J8HMUG",
      "name": "Brian",
      "is_restricted": false,
      "is_ultra_restricted": false
    },
    "thread_ts": "1667914621.040319",
    "reply_count": 1,
    "reply_users_count": 1,
    "latest_reply": "1667914725.682859",
    "reply_users": [
      "U03UG32J3PC"
    ],
    "replies": [
      {
        "user": "U03UG32J3PC",
        "ts": "1667914725.682859"
      }
    ],
    "is_locked": false,
    "subscribed": false
  },
  {
    "client_msg_id": "4476d4b6-cd47-4e46-b364-ff79bc9f52f5",
    "type": "message",
    "text": "I don't think so. In the Gokada project Yabbal said, It is okay to use 5 head rows. So I think sample is okay",
    "user": "U03UG32J3PC",
    "ts": "1667914725.682859",
    "blocks": [
      {
        "type": "rich_text",
        "block_id": "Ffd",
        "elements": [
          {
            "type": "rich_text_section",
            "elements": [
              {
                "type": "text",
                "text": "I don't think so. In the Gokada project Yabbal said, It is okay to use 5 head rows. So I think sample is okay"
              }
            ]
          }
        ]
      }
    ],
    "team": "T03U4J8HMUG",
    "user_team": "T03U4J8HMUG",
    "source_team": "T03U4J8HMUG",
    "user_profile": {
      "avatar_hash": "g9e7487b036e",
      "image_72": "https://secure.gravatar.com/avatar/9e7487b036ed726d016a0c5d8189773c.jpg?s=72&d=https%3A%2F%2Fa.slack-edge.com%2Fdf10d%2Fimg%2Favatars%2Fava_0005-72.png",
      "first_name": "April",
      "real_name": "April Lucas",
      "display_name": "April Lucas",
      "team": "T03U4J8HMUG",
      "name": "April",
      "is_restricted": false,
      "is_ultra_restricted": false
    },
    "thread_ts": "1667914621.040319",
    "parent_user_id": "U03UJKJGRAQ",
    "reactions": [
      {
        "name": "+1",
        "users": [
          "U03UJKJGRAQ"
        ],
        "count": 1
      }
    ]
  },
  {
    "client_msg_id": "fda45fef-fbae-4910-bb79-c9df685da7cd",
    "type": "message",
    "text": "I wrote their name in the blog but I deleted it",
    "user": "U03V6HMRPGQ",
    "ts": "1667917578.778789",
    "blocks": [
      {
        "type": "rich_text",
        "block_id": "8thw8",
        "elements": [
          {
            "type": "rich_text_section",
            "elements": [
              {
                "type": "text",
                "text": "I wrote their name in the blog but I deleted it"
              }
            ]
          }
        ]
      }
    ],
    "team": "T03U4J8HMUG",
    "user_team": "T03U4J8HMUG",
    "source_team": "T03U4J8HMUG",
    "user_profile": {
      "avatar_hash": "23fcf5329c03",
      "image_72": "https://avatars.slack-edge.com/2022-08-22/3969139924917_23fcf5329c03131c761f_72.png",
      "first_name": "Cristian",
      "real_name": "Cristian Wilson",
      "display_name": "Cristian Wilson",
      "team": "T03U4J8HMUG",
      "name": "Cristian",
      "is_restricted": false,
      "is_ultra_restricted": false
    }
  },
  {
    "client_msg_id": "91df4706-bbe2-4c8c-8856-985d5dd00074",
    "type": "message",
    "text": "Some one from Aduludio \"Well, they said group 1 and group 3 was the best\"",
    "user": "U03UG32J3PC",
    "ts": "1667926239.802029",
    "blocks": [
      {
        "type": "rich_text",
        "block_id": "/FG",
        "elements": [
          {
            "type": "rich_text_section",
            "elements": [
              {
                "type": "text",
                "text": "Some one from Aduludio \"Well, they said group 1 and group 3 was the best\""
              }
            ]
          }
        ]
      }
    ],
    "team": "T03U4J8HMUG",
    "user_team": "T03U4J8HMUG",
    "source_team": "T03U4J8HMUG",
    "user_profile": {
      "avatar_hash": "g9e7487b036e",
      "image_72": "https://secure.gravatar.com/avatar/9e7487b036ed726d016a0c5d8189773c.jpg?s=72&d=https%3A%2F%2Fa.slack-edge.com%2Fdf10d%2Fimg%2Favatars%2Fava_0005-72.png",
      "first_name": "April",
      "real_name": "April Lucas",
      "display_name": "April Lucas",
      "team": "T03U4J8HMUG",
      "name": "April",
      "is_restricted": false,
      "is_ultra_restricted": false
    },
    "reactions": [
      {
        "name": "fire",
        "users": [
          "U03V6HMRPGQ"
        ],
        "count": 1
      },
      {
        "name": "clap",
        "users": [
          "U03UUP56MDF"
        ],
        "count": 1
      }
    ]
  },
  {
    "client_msg_id": "e4c32925-7dfe-4cd8-bbe4-b45721113c25",
    "type": "message",
    "text": "Congrats Guys :clap:",
    "user": "U03UG32J3PC",
    "ts": "1667926480.996099",
    "blocks": [
      {
        "type": "rich_text",
        "block_id": "8MFa",
        "elements": [
          {
            "type": "rich_text_section",
            "elements": [
              {
                "type": "text",
                "text": "Congrats Guys "
              },
              {
                "type": "emoji",
                "name": "clap",
                "unicode": "1f44f"
              }
            ]
          }
        ]
      }
    ],
    "team": "T03U4J8HMUG",
    "user_team": "T03U4J8HMUG",
    "source_team": "T03U4J8HMUG",
    "user_profile": {
      "avatar_hash": "g9e7487b036e",
      "image_72": "https://secure.gravatar.com/avatar/9e7487b036ed726d016a0c5d8189773c.jpg?s=72&d=https%3A%2F%2Fa.slack-edge.com%2Fdf10d%2Fimg%2Favatars%2Fava_0005-72.png",
      "first_name": "April",
      "real_name": "April Lucas",
      "display_name": "April Lucas",
      "team": "T03U4J8HMUG",
      "name": "April",
      "is_restricted": false,
      "is_ultra_restricted": false
    },
    "reactions": [
      {
        "name": "clap",
        "users": [
          "U03V6HMRPGQ"
        ],
        "count": 1
      }
    ]
  },
  {
    "client_msg_id": "baeddb8f-2d44-44f0-bf26-62a39986c8a3",
    "type": "message",
    "text": "That is amazing,",
    "user": "U03V6HMRPGQ",
    "ts": "1667929157.430659",
    "blocks": [
      {
        "type": "rich_text",
        "block_id": "fb+uZ",
        "elements": [
          {
            "type": "rich_text_section",
            "elements": [
              {
                "type": "text",
                "text": "That is amazing,"
              }
            ]
          }
        ]
      }
    ],
    "team": "T03U4J8HMUG",
    "user_team": "T03U4J8HMUG",
    "source_team": "T03U4J8HMUG",
    "user_profile": {
      "avatar_hash": "23fcf5329c03",
      "image_72": "https://avatars.slack-edge.com/2022-08-22/3969139924917_23fcf5329c03131c761f_72.png",
      "first_name": "Cristian",
      "real_name": "Cristian Wilson",
      "display_name": "Cristian Wilson",
      "team": "T03U4J8HMUG",
      "name": "Cristian",
      "is_restricted": false,
      "is_ultra_restricted": false
    }
  },
  {
    "client_msg_id": "5a9b7c13-4fa5-4803-89e9-b0670df739d7",
    "type": "message",
    "text": "It really is",
    "user": "U03UG32J3PC",
    "ts": "1667929212.423929",
    "blocks": [
      {
        "type": "rich_text",
        "block_id": "s/G",
        "elements": [
          {
            "type": "rich_text_section",
            "elements": [
              {
                "type": "text",
                "text": "It really is"
              }
            ]
          }
        ]
      }
    ],
    "team": "T03U4J8HMUG",
    "user_team": "T03U4J8HMUG",
    "source_team": "T03U4J8HMUG",
    "user_profile": {
      "avatar_hash": "g9e7487b036e",
      "image_72": "https://secure.gravatar.com/avatar/9e7487b036ed726d016a0c5d8189773c.jpg?s=72&d=https%3A%2F%2Fa.slack-edge.com%2Fdf10d%2Fimg%2Favatars%2Fava_0005-72.png",
      "first_name": "April",
      "real_name": "April Lucas",
      "display_name": "April Lucas",
      "team": "T03U4J8HMUG",
      "name": "April",
      "is_restricted": false,
      "is_ultra_restricted": false
    }
  },
  {
    "client_msg_id": "fc812e49-155e-4244-b437-d5d1460a2002",
    "type": "message",
    "text": "let us keep the effort as high as possible",
    "user": "U03V6HMRPGQ",
    "ts": "1667929493.577689",
    "blocks": [
      {
        "type": "rich_text",
        "block_id": "niuW5",
        "elements": [
          {
            "type": "rich_text_section",
            "elements": [
              {
                "type": "text",
                "text": "let us keep the effort as high as possible"
              }
            ]
          }
        ]
      }
    ],
    "team": "T03U4J8HMUG",
    "user_team": "T03U4J8HMUG",
    "source_team": "T03U4J8HMUG",
    "user_profile": {
      "avatar_hash": "23fcf5329c03",
      "image_72": "https://avatars.slack-edge.com/2022-08-22/3969139924917_23fcf5329c03131c761f_72.png",
      "first_name": "Cristian",
      "real_name": "Cristian Wilson",
      "display_name": "Cristian Wilson",
      "team": "T03U4J8HMUG",
      "name": "Cristian",
      "is_restricted": false,
      "is_ultra_restricted": false
    },
    "reactions": [
      {
        "name": "white_check_mark",
        "users": [
          "U03UG32J3PC"
        ],
        "count": 1
      }
    ]
  }
]