[
  {
    "type": "message",
    "subtype": "channel_join",
    "ts": "1667151007.475239",
    "user": "U03TEPYRM2P",
    "text": "<@U03TEPYRM2P> has joined the channel"
  },
  {
    "type": "message",
    "subtype": "channel_join",
    "ts": "1667151117.609799",
    "user": "U03UJN29Y4C",
    "text": "<@U03UJN29Y4C> has joined the channel",
    "inviter": "U03TEPYRM2P"
  },
  {
    "type": "message",
    "subtype": "channel_join",
    "ts": "1667151117.852109",
    "user": "U03UG32J3PC",
    "text": "<@U03UG32J3PC> has joined the channel",
    "inviter": "U03TEPYRM2P"
  },
  {
    "type": "message",
    "subtype": "channel_join",
    "ts": "1667151117.910239",
    "user": "U03UJKJGRAQ",
    "text": "<@U03UJKJGRAQ> has joined the channel",
    "inviter": "U03TEPYRM2P"
  },
  {
    "type": "message",
    "subtype": "channel_join",
    "ts": "1667151117.967599",
    "user": "U03U1FNPEUX",
    "text": "<@U03U1FNPEUX> has joined the channel",
    "inviter": "U03TEPYRM2P"
  },
  {
    "type": "message",
    "subtype": "channel_join",
    "ts": "1667151118.064049",
    "user": "U03UG5VFN03",
    "text": "<@U03UG5VFN03> has joined the channel",
    "inviter": "U03TEPYRM2P"
  },
  {
    "type": "message",
    "subtype": "channel_join",
    "ts": "1667151118.125199",
    "user": "U03UH397319",
    "text": "<@U03UH397319> has joined the channel",
    "inviter": "U03TEPYRM2P"
  },
  {
    "type": "message",
    "subtype": "channel_join",
    "ts": "1667151118.200419",
    "user": "U03UL5LSTG9",
    "text": "<@U03UL5LSTG9> has joined the channel",
    "inviter": "U03TEPYRM2P"
  },
  {
    "type": "message",
    "subtype": "channel_join",
    "ts": "1667151118.276069",
    "user": "U03V785NLSU",
    "text": "<@U03V785NLSU> has joined the channel",
    "inviter": "U03TEPYRM2P"
  },
  {
    "type": "message",
    "subtype": "channel_join",
    "ts": "1667151118.336629",
    "user": "U03TT5KEYCF",
    "text": "<@U03TT5KEYCF> has joined the channel",
    "inviter": "U03TEPYRM2P"
  },
  {
    "type": "message",
    "subtype": "channel_join",
    "ts": "1667151118.413009",
    "user": "U03U93GNNVB",
    "text": "<@U03U93GNNVB> has joined the channel",
    "inviter": "U03TEPYRM2P"
  },
  {
    "type": "message",
    "subtype": "channel_join",
    "ts": "1667151118.486389",
    "user": "U03T89ACUUW",
    "text": "<@U03T89ACUUW> has joined the channel",
    "inviter": "U03TEPYRM2P"
  },
  {
    "type": "message",
    "subtype": "channel_join",
    "ts": "1667151118.544909",
    "user": "U03U1HAG9TR",
    "text": "<@U03U1HAG9TR> has joined the channel",
    "inviter": "U03TEPYRM2P"
  },
  {
    "type": "message",
    "subtype": "channel_join",
    "ts": "1667151118.608119",
    "user": "U03UP7V9Q57",
    "text": "<@U03UP7V9Q57> has joined the channel",
    "inviter": "U03TEPYRM2P"
  },
  {
    "type": "message",
    "subtype": "channel_join",
    "ts": "1667151118.670829",
    "user": "U03TX2VN6H5",
    "text": "<@U03TX2VN6H5> has joined the channel",
    "inviter": "U03TEPYRM2P"
  },
  {
    "type": "message",
    "subtype": "channel_join",
    "ts": "1667151118.737569",
    "user": "U03UD68RQH3",
    "text": "<@U03UD68RQH3> has joined the channel",
    "inviter": "U03TEPYRM2P"
  },
  {
    "type": "message",
    "subtype": "channel_join",
    "ts": "1667151118.799899",
    "user": "U03V8LHPDME",
    "text": "<@U03V8LHPDME> has joined the channel",
    "inviter": "U03TEPYRM2P"
  },
  {
    "type": "message",
    "subtype": "channel_join",
    "ts": "1667151118.871899",
    "user": "U03UUMR26Q1",
    "text": "<@U03UUMR26Q1> has joined the channel",
    "inviter": "U03TEPYRM2P"
  },
  {
    "type": "message",
    "subtype": "channel_join",
    "ts": "1667151118.936609",
    "user": "U03UYNR4TS4",
    "text": "<@U03UYNR4TS4> has joined the channel",
    "inviter": "U03TEPYRM2P"
  },
  {
    "type": "message",
    "subtype": "channel_join",
    "ts": "1667151118.994689",
    "user": "U03U9EJR362",
    "text": "<@U03U9EJR362> has joined the channel",
    "inviter": "U03TEPYRM2P"
  },
  {
    "type": "message",
    "subtype": "channel_join",
    "ts": "1667151119.048019",
    "user": "U03U1J51VFZ",
    "text": "<@U03U1J51VFZ> has joined the channel",
    "inviter": "U03TEPYRM2P"
  },
  {
    "type": "message",
    "subtype": "channel_join",
    "ts": "1667151119.150279",
    "user": "U03UJGRN5E0",
    "text": "<@U03UJGRN5E0> has joined the channel",
    "inviter": "U03TEPYRM2P"
  },
  {
    "type": "message",
    "subtype": "channel_join",
    "ts": "1667151119.224429",
    "user": "U03UJH1EQQL",
    "text": "<@U03UJH1EQQL> has joined the channel",
    "inviter": "U03TEPYRM2P"
  },
  {
    "type": "message",
    "subtype": "channel_join",
    "ts": "1667151119.316149",
    "user": "U03V1AM5TFA",
    "text": "<@U03V1AM5TFA> has joined the channel",
    "inviter": "U03TEPYRM2P"
  },
  {
    "type": "message",
    "subtype": "channel_join",
    "ts": "1667151119.380119",
    "user": "U03UVHCV6KB",
    "text": "<@U03UVHCV6KB> has joined the channel",
    "inviter": "U03TEPYRM2P"
  },
  {
    "type": "message",
    "subtype": "channel_join",
    "ts": "1667151507.997049",
    "user": "U03UAKATQ22",
    "text": "<@U03UAKATQ22> has joined the channel",
    "inviter": "U03TEPYRM2P"
  },
  {
    "type": "message",
    "subtype": "channel_join",
    "ts": "1667151508.051799",
    "user": "U03UG4Q7V42",
    "text": "<@U03UG4Q7V42> has joined the channel",
    "inviter": "U03TEPYRM2P"
  },
  {
    "type": "message",
    "subtype": "channel_join",
    "ts": "1667151508.110229",
    "user": "U03U1GHT39V",
    "text": "<@U03U1GHT39V> has joined the channel",
    "inviter": "U03TEPYRM2P"
  },
  {
    "type": "message",
    "subtype": "channel_join",
    "ts": "1667151508.166869",
    "user": "U03V6HMRPGQ",
    "text": "<@U03V6HMRPGQ> has joined the channel",
    "inviter": "U03TEPYRM2P"
  },
  {
    "type": "message",
    "subtype": "channel_join",
    "ts": "1667151508.226449",
    "user": "U03UD5B7C3X",
    "text": "<@U03UD5B7C3X> has joined the channel",
    "inviter": "U03TEPYRM2P"
  },
  {
    "type": "message",
    "subtype": "channel_join",
    "ts": "1667151508.285479",
    "user": "U03UHB8CXDY",
    "text": "<@U03UHB8CXDY> has joined the channel",
    "inviter": "U03TEPYRM2P"
  },
  {
    "type": "message",
    "subtype": "channel_join",
    "ts": "1667151508.353439",
    "user": "U03UUP56MDF",
    "text": "<@U03UUP56MDF> has joined the channel",
    "inviter": "U03TEPYRM2P"
  },
  {
    "type": "message",
    "subtype": "channel_join",
    "ts": "1667151508.445839",
    "user": "U03UG0YHAUT",
    "text": "<@U03UG0YHAUT> has joined the channel",
    "inviter": "U03TEPYRM2P"
  },
  {
    "type": "message",
    "subtype": "channel_join",
    "ts": "1667151508.535419",
    "user": "U03V5Q9N516",
    "text": "<@U03V5Q9N516> has joined the channel",
    "inviter": "U03TEPYRM2P"
  },
  {
    "type": "message",
    "subtype": "channel_join",
    "ts": "1667151508.602319",
    "user": "U03V61VGQG0",
    "text": "<@U03V61VGQG0> has joined the channel",
    "inviter": "U03TEPYRM2P"
  },
  {
    "type": "message",
    "subtype": "channel_join",
    "ts": "1667151508.661159",
    "user": "U03UG0SFHGT",
    "text": "<@U03UG0SFHGT> has joined the channel",
    "inviter": "U03TEPYRM2P"
  },
  {
    "type": "message",
    "subtype": "channel_join",
    "ts": "1667151508.716609",
    "user": "U03UJGFG2HJ",
    "text": "<@U03UJGFG2HJ> has joined the channel",
    "inviter": "U03TEPYRM2P"
  },
  {
    "type": "message",
    "subtype": "channel_join",
    "ts": "1667151508.776259",
    "user": "U03U4GULU3Y",
    "text": "<@U03U4GULU3Y> has joined the channel",
    "inviter": "U03TEPYRM2P"
  },
  {
    "type": "message",
    "subtype": "channel_join",
    "ts": "1667151508.830349",
    "user": "U03UDBUL7CL",
    "text": "<@U03UDBUL7CL> has joined the channel",
    "inviter": "U03TEPYRM2P"
  },
  {
    "type": "message",
    "subtype": "channel_join",
    "ts": "1667151508.886789",
    "user": "U03UUR571A5",
    "text": "<@U03UUR571A5> has joined the channel",
    "inviter": "U03TEPYRM2P"
  },
  {
    "type": "message",
    "subtype": "channel_join",
    "ts": "1667151508.940489",
    "user": "U03UJGP0C68",
    "text": "<@U03UJGP0C68> has joined the channel",
    "inviter": "U03TEPYRM2P"
  },
  {
    "type": "message",
    "subtype": "channel_join",
    "ts": "1667151508.995749",
    "user": "U03UD4FEDHB",
    "text": "<@U03UD4FEDHB> has joined the channel",
    "inviter": "U03TEPYRM2P"
  },
  {
    "type": "message",
    "subtype": "channel_join",
    "ts": "1667151509.058639",
    "user": "U03UG1Z21JP",
    "text": "<@U03UG1Z21JP> has joined the channel",
    "inviter": "U03TEPYRM2P"
  },
  {
    "type": "message",
    "subtype": "channel_join",
    "ts": "1667151509.119309",
    "user": "U03UKL27B0R",
    "text": "<@U03UKL27B0R> has joined the channel",
    "inviter": "U03TEPYRM2P"
  },
  {
    "type": "message",
    "subtype": "channel_join",
    "ts": "1667151509.173529",
    "user": "U03U9DB7REG",
    "text": "<@U03U9DB7REG> has joined the channel",
    "inviter": "U03TEPYRM2P"
  },
  {
    "type": "message",
    "subtype": "channel_join",
    "ts": "1667151509.330529",
    "user": "U03UUN8M4RX",
    "text": "<@U03UUN8M4RX> has joined the channel",
    "inviter": "U03TEPYRM2P"
  },
  {
    "type": "message",
    "subtype": "channel_join",
    "ts": "1667151509.529319",
    "user": "U03UUS0MZCZ",
    "text": "<@U03UUS0MZCZ> has joined the channel",
    "inviter": "U03TEPYRM2P"
  },
  {
    "type": "message",
    "subtype": "channel_join",
    "ts": "1667151509.590109",
    "user": "U03UFV7HFNF",
    "text": "<@U03UFV7HFNF> has joined the channel",
    "inviter": "U03TEPYRM2P"
  },
  {
    "type": "message",
    "subtype": "channel_join",
    "ts": "1667151509.656749",
    "user": "U03UDKKESB1",
    "text": "<@U03UDKKESB1> has joined the channel",
    "inviter": "U03TEPYRM2P"
  },
  {
    "client_msg_id": "c5881760-c524-495c-a0c4-7f04bea9d66f",
    "type": "message",
    "text": "Noone:\nDJ Khalid: Another one",
    "user": "U03UVHCV6KB",
    "ts": "1667159837.145319",
    "blocks": [
      {
        "type": "rich_text",
        "block_id": "EsJ1",
        "elements": [
          {
            "type": "rich_text_section",
            "elements": [
              {
                "type": "text",
                "text": "Noone:\nDJ Khalid: Another one"
              }
            ]
          }
        ]
      }
    ],
    "team": "T03U4J8HMUG",
    "user_team": "T03U4J8HMUG",
    "source_team": "T03U4J8HMUG",
    "user_profile": {
      "avatar_hash": "gc9619121f99",
      "image_72": "https://secure.gravatar.com/avatar/c9619121f998ee4a7e46177f2a5729de.jpg?s=72&d=https%3A%2F%2Fa.slack-edge.com%2Fdf10d%2Fimg%2Favatars%2Fava_0002-72.png",
      "first_name": "Travis",
      "real_name": "Travis Butler",
      "display_name": "Travis Butler",
      "team": "T03U4J8HMUG",
      "name": "Travis",
      "is_restricted": false,
      "is_ultra_restricted": false
    },
    "reactions": [
      {
        "name": "joy",
        "users": [
          "U03V6HMRPGQ"
        ],
        "count": 1
      }
    ]
  },
  {
    "client_msg_id": "b752aa19-aa83-472f-8686-c956907da87d",
    "type": "message",
    "text": "Welcome everyone!!!",
    "user": "U03T89ACUUW",
    "ts": "1667163429.368379",
    "blocks": [
      {
        "type": "rich_text",
        "block_id": "9gr",
        "elements": [
          {
            "type": "rich_text_section",
            "elements": [
              {
                "type": "text",
                "text": "Welcome everyone!!!"
              }
            ]
          }
        ]
      }
    ],
    "team": "T03U4J8HMUG",
    "user_team": "T03U4J8HMUG",
    "source_team": "T03U4J8HMUG",
    "user_profile": {
      "avatar_hash": "5d532c004550",
      "image_72": "https://avatars.slack-edge.com/2022-08-23/3979962953108_5d532c00455016e7842d_72.jpg",
      "first_name": "Carlos",
      "real_name": "Carlos Gross",
      "display_name": "Carlos Gross",
      "team": "T03U4J8HMUG",
      "name": "Carlos",
      "is_restricted": false,
      "is_ultra_restricted": false
    }
  },
  {
    "client_msg_id": "314f6525-8082-4547-a2a9-4cdd43f88c68",
    "type": "message",
    "text": "would love if everyone has a quick presentation/summary of week 10 that can be showcased in this Monday's standup",
    "user": "U03T89ACUUW",
    "ts": "1667163549.801919",
    "blocks": [
      {
        "type": "rich_text",
        "block_id": "QvLw2",
        "elements": [
          {
            "type": "rich_text_section",
            "elements": [
              {
                "type": "text",
                "text": "would love if everyone has a quick presentation/summary of week 10 that can be showcased in this Monday's standup"
              }
            ]
          }
        ]
      }
    ],
    "team": "T03U4J8HMUG",
    "user_team": "T03U4J8HMUG",
    "source_team": "T03U4J8HMUG",
    "user_profile": {
      "avatar_hash": "5d532c004550",
      "image_72": "https://avatars.slack-edge.com/2022-08-23/3979962953108_5d532c00455016e7842d_72.jpg",
      "first_name": "Carlos",
      "real_name": "Carlos Gross",
      "display_name": "Carlos Gross",
      "team": "T03U4J8HMUG",
      "name": "Carlos",
      "is_restricted": false,
      "is_ultra_restricted": false
    }
  },
  {
    "client_msg_id": "45ef3cca-48e3-4e63-9db9-e4635bb7db8b",
    "type": "message",
    "text": "especially if you feel like you haven't presented many weeks ago, take this chance - there is always feedback from tutors/Yabebal to help you develop!",
    "user": "U03T89ACUUW",
    "ts": "1667163652.969119",
    "blocks": [
      {
        "type": "rich_text",
        "block_id": "pkoGB",
        "elements": [
          {
            "type": "rich_text_section",
            "elements": [
              {
                "type": "text",
                "text": "especially if you feel like you haven't presented many weeks ago, take this chance - there is always feedback from tutors/Yabebal to help you develop!"
              }
            ]
          }
        ]
      }
    ],
    "team": "T03U4J8HMUG",
    "user_team": "T03U4J8HMUG",
    "source_team": "T03U4J8HMUG",
    "user_profile": {
      "avatar_hash": "5d532c004550",
      "image_72": "https://avatars.slack-edge.com/2022-08-23/3979962953108_5d532c00455016e7842d_72.jpg",
      "first_name": "Carlos",
      "real_name": "Carlos Gross",
      "display_name": "Carlos Gross",
      "team": "T03U4J8HMUG",
      "name": "Carlos",
      "is_restricted": false,
      "is_ultra_restricted": false
    },
    "reactions": [
      {
        "name": "white_check_mark",
        "users": [
          "U03U1FNPEUX"
        ],
        "count": 1
      }
    ]
  },
  {
    "client_msg_id": "94215549-2658-4dc7-8b0b-934f43869dfe",
    "type": "message",
    "text": "Good morning Champs, Welcome to week 11 of 10Academy intensive training. Congratulations for making it this far. The light in the tunnel is getting brighter.  In a week, we will eventually see the light at the end of the tunnel. We keep pushing and grinding until we all win. Have a great week ahead guys.",
    "user": "U03TEPYRM2P",
    "ts": "1667199449.464829",
    "blocks": [
      {
        "type": "rich_text",
        "block_id": "dwp",
        "elements": [
          {
            "type": "rich_text_section",
            "elements": [
              {
                "type": "text",
                "text": "Good morning Champs, Welcome to week 11 of 10Academy intensive training. Congratulations for making it this far. The light in the tunnel is getting brighter.  In a week, we will eventually see the light at the end of the tunnel. We keep pushing and grinding until we all win. Have a great week ahead guys."
              }
            ]
          }
        ]
      }
    ],
    "team": "T03U4J8HMUG",
    "user_team": "T03U4J8HMUG",
    "source_team": "T03U4J8HMUG",
    "user_profile": {
      "avatar_hash": "f113df20f89c",
      "image_72": "https://avatars.slack-edge.com/2022-08-23/3977820714178_f113df20f89c894062b4_72.jpg",
      "first_name": "Garrett",
      "real_name": "Garrett Bell",
      "display_name": "Garrett Bell",
      "team": "T03U4J8HMUG",
      "name": "Garrett",
      "is_restricted": false,
      "is_ultra_restricted": false
    },
    "reactions": [
      {
        "name": "raised_hands",
        "users": [
          "U03UG32J3PC",
          "U03U1FNPEUX",
          "U03UFV7HFNF",
          "U03UVHCV6KB",
          "U03UG0SFHGT",
          "U03U1HAG9TR"
        ],
        "count": 6
      },
      {
        "name": "raised_hands::skin-tone-3",
        "users": [
          "U03U9EJR362"
        ],
        "count": 1
      }
    ]
  }
]