[
  {
    "client_msg_id": "e028b2f1-4509-4f4f-92e8-55732cffee89",
    "type": "message",
    "text": "Hello,congrats to all, this is my satus  i don't have electticity starting from saturday mid night, sunday(24hr) and today up to now. This is just to  infrom you  before my mobile off",
    "user": "U03UG5VFN03",
    "ts": "1667201237.341759",
    "blocks": [
      {
        "type": "rich_text",
        "block_id": "jAY",
        "elements": [
          {
            "type": "rich_text_section",
            "elements": [
              {
                "type": "text",
                "text": "Hello,congrats to all, this is my satus  i don't have electticity starting from saturday mid night, sunday(24hr) and today up to now. This is just to  infrom you  before my mobile off"
              }
            ]
          }
        ]
      }
    ],
    "team": "T03U4J8HMUG",
    "user_team": "T03U4J8HMUG",
    "source_team": "T03U4J8HMUG",
    "user_profile": {
      "avatar_hash": "1eec51b41e1b",
      "image_72": "https://avatars.slack-edge.com/2022-08-20/3980936144801_1eec51b41e1b370500be_72.png",
      "first_name": "Nancy",
      "real_name": "Nancy Craig",
      "display_name": "Nancy Craig",
      "team": "T03U4J8HMUG",
      "name": "Nancy",
      "is_restricted": false,
      "is_ultra_restricted": false
    },
    "thread_ts": "1667201237.341759",
    "reply_count": 2,
    "reply_users_count": 2,
    "latest_reply": "1667203548.662819",
    "reply_users": [
      "U03TEPYRM2P",
      "U03V1AM5TFA"
    ],
    "replies": [
      {
        "user": "U03TEPYRM2P",
        "ts": "1667201323.899549"
      },
      {
        "user": "U03V1AM5TFA",
        "ts": "1667203548.662819"
      }
    ],
    "is_locked": false,
    "subscribed": true,
    "last_read": "1667203548.662819"
  },
  {
    "client_msg_id": "2e8b67cf-d79a-4ef8-8d20-eaefe22e6a0d",
    "type": "message",
    "text": "Alright. I hope your power will be restored soon",
    "user": "U03TEPYRM2P",
    "ts": "1667201323.899549",
    "blocks": [
      {
        "type": "rich_text",
        "block_id": "Zr+9h",
        "elements": [
          {
            "type": "rich_text_section",
            "elements": [
              {
                "type": "text",
                "text": "Alright. I hope your power will be restored soon"
              }
            ]
          }
        ]
      }
    ],
    "team": "T03U4J8HMUG",
    "user_team": "T03U4J8HMUG",
    "source_team": "T03U4J8HMUG",
    "user_profile": {
      "avatar_hash": "f113df20f89c",
      "image_72": "https://avatars.slack-edge.com/2022-08-23/3977820714178_f113df20f89c894062b4_72.jpg",
      "first_name": "Garrett",
      "real_name": "Garrett Bell",
      "display_name": "Garrett Bell",
      "team": "T03U4J8HMUG",
      "name": "Garrett",
      "is_restricted": false,
      "is_ultra_restricted": false
    },
    "thread_ts": "1667201237.341759",
    "parent_user_id": "U03UG5VFN03"
  },
  {
    "client_msg_id": "a0f4b010-e4d1-48d1-be31-694603520b72",
    "type": "message",
    "text": "Hello, How can I access <s3://10ac-batch-6/data/w11/Challenge_Data.zip> data?",
    "user": "U03UG32J3PC",
    "ts": "1667201629.921879",
    "blocks": [
      {
        "type": "rich_text",
        "block_id": "1yl",
        "elements": [
          {
            "type": "rich_text_section",
            "elements": [
              {
                "type": "text",
                "text": "Hello, How can I access "
              },
              {
                "type": "link",
                "url": "s3://10ac-batch-6/data/w11/Challenge_Data.zip"
              },
              {
                "type": "text",
                "text": " data?"
              }
            ]
          }
        ]
      }
    ],
    "team": "T03U4J8HMUG",
    "user_team": "T03U4J8HMUG",
    "source_team": "T03U4J8HMUG",
    "user_profile": {
      "avatar_hash": "g9e7487b036e",
      "image_72": "https://secure.gravatar.com/avatar/9e7487b036ed726d016a0c5d8189773c.jpg?s=72&d=https%3A%2F%2Fa.slack-edge.com%2Fdf10d%2Fimg%2Favatars%2Fava_0005-72.png",
      "first_name": "April",
      "real_name": "April Lucas",
      "display_name": "April Lucas",
      "team": "T03U4J8HMUG",
      "name": "April",
      "is_restricted": false,
      "is_ultra_restricted": false
    },
    "thread_ts": "1667201629.921879",
    "reply_count": 1,
    "reply_users_count": 1,
    "latest_reply": "1667202100.232259",
    "reply_users": [
      "U03UKL27B0R"
    ],
    "replies": [
      {
        "user": "U03UKL27B0R",
        "ts": "1667202100.232259"
      }
    ],
    "is_locked": false,
    "subscribed": false
  },
  {
    "type": "message",
    "subtype": "thread_broadcast",
    "text": "For this week challenge we will be providing instance access with GPU. The s3 bucket can only be accessed from the provided instances.\n\nYou can use python libraries like boto3 to download the files from S3.\n\nBucket name: 10ac-batch-6\nPath: data/w11/Challenge_Data.zip",
    "user": "U03UKL27B0R",
    "ts": "1667202100.232259",
    "thread_ts": "1667201629.921879",
    "root": {
      "client_msg_id": "a0f4b010-e4d1-48d1-be31-694603520b72",
      "type": "message",
      "text": "Hello, How can I access <s3://10ac-batch-6/data/w11/Challenge_Data.zip> data?",
      "user": "U03UG32J3PC",
      "ts": "1667201629.921879",
      "blocks": [
        {
          "type": "rich_text",
          "block_id": "1yl",
          "elements": [
            {
              "type": "rich_text_section",
              "elements": [
                {
                  "type": "text",
                  "text": "Hello, How can I access "
                },
                {
                  "type": "link",
                  "url": "s3://10ac-batch-6/data/w11/Challenge_Data.zip"
                },
                {
                  "type": "text",
                  "text": " data?"
                }
              ]
            }
          ]
        }
      ],
      "team": "T03U4J8HMUG",
      "thread_ts": "1667201629.921879",
      "reply_count": 1,
      "reply_users_count": 1,
      "latest_reply": "1667202100.232259",
      "reply_users": [
        "U03UKL27B0R"
      ],
      "replies": [
        {
          "user": "U03UKL27B0R",
          "ts": "1667202100.232259"
        }
      ],
      "is_locked": false,
      "subscribed": false
    },
    "blocks": [
      {
        "type": "rich_text",
        "block_id": "j8t",
        "elements": [
          {
            "type": "rich_text_section",
            "elements": [
              {
                "type": "text",
                "text": "For this week challenge we will be providing instance access with GPU. The s3 bucket can only be accessed from the provided instances.\n\nYou can use python libraries like boto3 to download the files from S3.\n\nBucket name: 10ac-batch-6\nPath: data/w11/Challenge_Data.zip"
              }
            ]
          }
        ]
      }
    ],
    "client_msg_id": "889f7c78-d4cc-4064-b79e-afbb77575b98",
    "reactions": [
      {
        "name": "raised_hands",
        "users": [
          "U03UVHCV6KB",
          "U03UFV7HFNF"
        ],
        "count": 2
      },
      {
        "name": "raised_hands::skin-tone-3",
        "users": [
          "U03U9EJR362"
        ],
        "count": 1
      }
    ]
  },
  {
    "client_msg_id": "35b43420-9e46-475b-bd2c-436810064557",
    "type": "message",
    "text": "I can feel you <@U03UG5VFN03> Very sorry.",
    "user": "U03V1AM5TFA",
    "ts": "1667203548.662819",
    "blocks": [
      {
        "type": "rich_text",
        "block_id": "yn9",
        "elements": [
          {
            "type": "rich_text_section",
            "elements": [
              {
                "type": "text",
                "text": "I can feel you "
              },
              {
                "type": "user",
                "user_id": "U03UG5VFN03"
              },
              {
                "type": "text",
                "text": " Very sorry."
              }
            ]
          }
        ]
      }
    ],
    "team": "T03U4J8HMUG",
    "user_team": "T03U4J8HMUG",
    "source_team": "T03U4J8HMUG",
    "user_profile": {
      "avatar_hash": "102fdd0c183f",
      "image_72": "https://avatars.slack-edge.com/2022-08-19/3963732043714_102fdd0c183f8d6d4215_72.png",
      "first_name": "Vanessa",
      "real_name": "Vanessa Norman",
      "display_name": "Vanessa Norman",
      "team": "T03U4J8HMUG",
      "name": "Vanessa",
      "is_restricted": false,
      "is_ultra_restricted": false
    },
    "thread_ts": "1667201237.341759",
    "parent_user_id": "U03UG5VFN03"
  },
  {
    "client_msg_id": "763513b1-f963-45ac-ab41-d9833b449ef4",
    "type": "message",
    "text": "I have heard <@U03V1AM5TFA> say something about pictures and I didn't get it ??",
    "user": "U03V6HMRPGQ",
    "ts": "1667207746.391249",
    "blocks": [
      {
        "type": "rich_text",
        "block_id": "yBKCa",
        "elements": [
          {
            "type": "rich_text_section",
            "elements": [
              {
                "type": "text",
                "text": "I have heard "
              },
              {
                "type": "user",
                "user_id": "U03V1AM5TFA"
              },
              {
                "type": "text",
                "text": " say something about pictures and I didn't get it ??"
              }
            ]
          }
        ]
      }
    ],
    "team": "T03U4J8HMUG",
    "user_team": "T03U4J8HMUG",
    "source_team": "T03U4J8HMUG",
    "user_profile": {
      "avatar_hash": "23fcf5329c03",
      "image_72": "https://avatars.slack-edge.com/2022-08-22/3969139924917_23fcf5329c03131c761f_72.png",
      "first_name": "Cristian",
      "real_name": "Cristian Wilson",
      "display_name": "Cristian Wilson",
      "team": "T03U4J8HMUG",
      "name": "Cristian",
      "is_restricted": false,
      "is_ultra_restricted": false
    }
  },
  {
    "client_msg_id": "95897444-b915-422e-9973-5888d61e2363",
    "type": "message",
    "text": "he said send pictures from your workplace if you havnt already..",
    "user": "U03U1FNPEUX",
    "ts": "1667207782.091359",
    "blocks": [
      {
        "type": "rich_text",
        "block_id": "=dD",
        "elements": [
          {
            "type": "rich_text_section",
            "elements": [
              {
                "type": "text",
                "text": "he said send pictures from your workplace if you havnt already.."
              }
            ]
          }
        ]
      }
    ],
    "team": "T03U4J8HMUG",
    "user_team": "T03U4J8HMUG",
    "source_team": "T03U4J8HMUG",
    "user_profile": {
      "avatar_hash": "37a12a7dbb92",
      "image_72": "https://avatars.slack-edge.com/2022-09-09/4058043481011_37a12a7dbb926b2c9c86_72.png",
      "first_name": "Joshua",
      "real_name": "Joshua Rhodes",
      "display_name": "Joshua Rhodes",
      "team": "T03U4J8HMUG",
      "name": "Joshua",
      "is_restricted": false,
      "is_ultra_restricted": false
    },
    "edited": {
      "user": "U03U1FNPEUX",
      "ts": "1667207800.000000"
    }
  },
  {
    "client_msg_id": "3a6154b4-0ea6-45f4-8c84-aababc4bbed7",
    "type": "message",
    "text": "<!here> <@U03V6HMRPGQ> I am asking if you haven't sent your picture in your office, Kindly do upload it here on this link <http://bit.ly/B6Trainees-Photos>",
    "user": "U03V1AM5TFA",
    "ts": "1667207915.069769",
    "blocks": [
      {
        "type": "rich_text",
        "block_id": "xJ1e",
        "elements": [
          {
            "type": "rich_text_section",
            "elements": [
              {
                "type": "broadcast",
                "range": "here"
              },
              {
                "type": "text",
                "text": " "
              },
              {
                "type": "user",
                "user_id": "U03V6HMRPGQ"
              },
              {
                "type": "text",
                "text": " I am asking if you haven't sent your picture in your office, Kindly do upload it here on this link "
              },
              {
                "type": "link",
                "url": "http://bit.ly/B6Trainees-Photos"
              }
            ]
          }
        ]
      }
    ],
    "team": "T03U4J8HMUG",
    "user_team": "T03U4J8HMUG",
    "source_team": "T03U4J8HMUG",
    "user_profile": {
      "avatar_hash": "102fdd0c183f",
      "image_72": "https://avatars.slack-edge.com/2022-08-19/3963732043714_102fdd0c183f8d6d4215_72.png",
      "first_name": "Vanessa",
      "real_name": "Vanessa Norman",
      "display_name": "Vanessa Norman",
      "team": "T03U4J8HMUG",
      "name": "Vanessa",
      "is_restricted": false,
      "is_ultra_restricted": false
    },
    "thread_ts": "1667207915.069769",
    "reply_count": 7,
    "reply_users_count": 3,
    "latest_reply": "1667218258.808109",
    "reply_users": [
      "U03U93GNNVB",
      "U03V6HMRPGQ",
      "U03UJKJGRAQ"
    ],
    "replies": [
      {
        "user": "U03U93GNNVB",
        "ts": "1667208656.396789"
      },
      {
        "user": "U03U93GNNVB",
        "ts": "1667208661.289249"
      },
      {
        "user": "U03V6HMRPGQ",
        "ts": "1667209072.016809"
      },
      {
        "user": "U03U93GNNVB",
        "ts": "1667210158.062039"
      },
      {
        "user": "U03U93GNNVB",
        "ts": "1667210170.290589"
      },
      {
        "user": "U03UJKJGRAQ",
        "ts": "1667213153.307839"
      },
      {
        "user": "U03V6HMRPGQ",
        "ts": "1667218258.808109"
      }
    ],
    "is_locked": false,
    "subscribed": false,
    "reactions": [
      {
        "name": "white_check_mark",
        "users": [
          "U03V6HMRPGQ"
        ],
        "count": 1
      }
    ]
  },
  {
    "client_msg_id": "c21ec306-b421-4d9f-a73e-a1f3e59b2753",
    "type": "message",
    "text": "<!here> anyone already downloaded the data?",
    "user": "U03V785NLSU",
    "ts": "1667208644.739189",
    "blocks": [
      {
        "type": "rich_text",
        "block_id": "FKi",
        "elements": [
          {
            "type": "rich_text_section",
            "elements": [
              {
                "type": "broadcast",
                "range": "here"
              },
              {
                "type": "text",
                "text": " anyone already downloaded the data?"
              }
            ]
          }
        ]
      }
    ],
    "team": "T03U4J8HMUG",
    "user_team": "T03U4J8HMUG",
    "source_team": "T03U4J8HMUG",
    "user_profile": {
      "avatar_hash": "48d5c88821e9",
      "image_72": "https://avatars.slack-edge.com/2022-08-21/3993277785968_48d5c88821e922581e17_72.jpg",
      "first_name": "Ashley",
      "real_name": "Ashley Hamilton",
      "display_name": "Ashley Hamilton",
      "team": "T03U4J8HMUG",
      "name": "Ashley",
      "is_restricted": false,
      "is_ultra_restricted": false
    }
  },
  {
    "client_msg_id": "8519d19b-e6e7-4307-903f-edb2fb13fc46",
    "type": "message",
    "text": "<@U03V6HMRPGQ> if you can't send pictures",
    "user": "U03U93GNNVB",
    "ts": "1667208656.396789",
    "blocks": [
      {
        "type": "rich_text",
        "block_id": "f9CW",
        "elements": [
          {
            "type": "rich_text_section",
            "elements": [
              {
                "type": "user",
                "user_id": "U03V6HMRPGQ"
              },
              {
                "type": "text",
                "text": " if you can't send pictures"
              }
            ]
          }
        ]
      }
    ],
    "team": "T03U4J8HMUG",
    "user_team": "T03U4J8HMUG",
    "source_team": "T03U4J8HMUG",
    "user_profile": {
      "avatar_hash": "a49779ad093d",
      "image_72": "https://avatars.slack-edge.com/2022-08-22/3994045204528_a49779ad093d4fc39a87_72.jpg",
      "first_name": "Katherine",
      "real_name": "Katherine Foster",
      "display_name": "Katherine Foster",
      "team": "T03U4J8HMUG",
      "name": "Katherine",
      "is_restricted": false,
      "is_ultra_restricted": false
    },
    "thread_ts": "1667207915.069769",
    "parent_user_id": "U03V1AM5TFA"
  },
  {
    "client_msg_id": "f8100e88-f1da-40c3-b3be-11e22157c493",
    "type": "message",
    "text": "send me 100 Dinars instead",
    "user": "U03U93GNNVB",
    "ts": "1667208661.289249",
    "blocks": [
      {
        "type": "rich_text",
        "block_id": "a4g0v",
        "elements": [
          {
            "type": "rich_text_section",
            "elements": [
              {
                "type": "text",
                "text": "send me 100 Dinars instead"
              }
            ]
          }
        ]
      }
    ],
    "team": "T03U4J8HMUG",
    "user_team": "T03U4J8HMUG",
    "source_team": "T03U4J8HMUG",
    "user_profile": {
      "avatar_hash": "a49779ad093d",
      "image_72": "https://avatars.slack-edge.com/2022-08-22/3994045204528_a49779ad093d4fc39a87_72.jpg",
      "first_name": "Katherine",
      "real_name": "Katherine Foster",
      "display_name": "Katherine Foster",
      "team": "T03U4J8HMUG",
      "name": "Katherine",
      "is_restricted": false,
      "is_ultra_restricted": false
    },
    "thread_ts": "1667207915.069769",
    "parent_user_id": "U03V1AM5TFA",
    "reactions": [
      {
        "name": "joy",
        "users": [
          "U03V6HMRPGQ"
        ],
        "count": 1
      }
    ]
  },
  {
    "client_msg_id": "A01DD2FC-7507-4440-855E-2FC66B858B85",
    "type": "message",
    "text": ":joy::joy::joy:actually it is now changed to pounds :joy:\nSorry I can\u2019t fulfill your request :joy:",
    "user": "U03V6HMRPGQ",
    "ts": "1667209072.016809",
    "blocks": [
      {
        "type": "rich_text",
        "block_id": "mDKKA",
        "elements": [
          {
            "type": "rich_text_section",
            "elements": [
              {
                "type": "emoji",
                "name": "joy",
                "unicode": "1f602"
              },
              {
                "type": "emoji",
                "name": "joy",
                "unicode": "1f602"
              },
              {
                "type": "emoji",
                "name": "joy",
                "unicode": "1f602"
              },
              {
                "type": "text",
                "text": "actually it is now changed to"
              },
              {
                "type": "text",
                "text": " "
              },
              {
                "type": "text",
                "text": "pounds "
              },
              {
                "type": "emoji",
                "name": "joy",
                "unicode": "1f602"
              },
              {
                "type": "text",
                "text": "\n"
              },
              {
                "type": "text",
                "text": "Sorry I can\u2019t fulfill your request "
              },
              {
                "type": "emoji",
                "name": "joy",
                "unicode": "1f602"
              }
            ]
          }
        ]
      }
    ],
    "team": "T03U4J8HMUG",
    "user_team": "T03U4J8HMUG",
    "source_team": "T03U4J8HMUG",
    "user_profile": {
      "avatar_hash": "23fcf5329c03",
      "image_72": "https://avatars.slack-edge.com/2022-08-22/3969139924917_23fcf5329c03131c761f_72.png",
      "first_name": "Cristian",
      "real_name": "Cristian Wilson",
      "display_name": "Cristian Wilson",
      "team": "T03U4J8HMUG",
      "name": "Cristian",
      "is_restricted": false,
      "is_ultra_restricted": false
    },
    "edited": {
      "user": "U03V6HMRPGQ",
      "ts": "1667209089.000000"
    },
    "thread_ts": "1667207915.069769",
    "parent_user_id": "U03V1AM5TFA"
  },
  {
    "client_msg_id": "2321a349-900e-4c1d-86d1-39dcb2318a74",
    "type": "message",
    "text": "i'll ask <@U03UJKJGRAQ> instead - a real friend to Khwajas",
    "user": "U03U93GNNVB",
    "ts": "1667210158.062039",
    "blocks": [
      {
        "type": "rich_text",
        "block_id": "7lb",
        "elements": [
          {
            "type": "rich_text_section",
            "elements": [
              {
                "type": "text",
                "text": "i'll ask "
              },
              {
                "type": "user",
                "user_id": "U03UJKJGRAQ"
              },
              {
                "type": "text",
                "text": " instead - a real friend to Khwajas"
              }
            ]
          }
        ]
      }
    ],
    "team": "T03U4J8HMUG",
    "user_team": "T03U4J8HMUG",
    "source_team": "T03U4J8HMUG",
    "user_profile": {
      "avatar_hash": "a49779ad093d",
      "image_72": "https://avatars.slack-edge.com/2022-08-22/3994045204528_a49779ad093d4fc39a87_72.jpg",
      "first_name": "Katherine",
      "real_name": "Katherine Foster",
      "display_name": "Katherine Foster",
      "team": "T03U4J8HMUG",
      "name": "Katherine",
      "is_restricted": false,
      "is_ultra_restricted": false
    },
    "thread_ts": "1667207915.069769",
    "parent_user_id": "U03V1AM5TFA"
  },
  {
    "client_msg_id": "3acc5b91-5dab-43b5-b6ef-2df9bcaa7e9a",
    "type": "message",
    "text": "when did it change <@U03V6HMRPGQ>?",
    "user": "U03U93GNNVB",
    "ts": "1667210170.290589",
    "blocks": [
      {
        "type": "rich_text",
        "block_id": "oZp",
        "elements": [
          {
            "type": "rich_text_section",
            "elements": [
              {
                "type": "text",
                "text": "when did it change "
              },
              {
                "type": "user",
                "user_id": "U03V6HMRPGQ"
              },
              {
                "type": "text",
                "text": "?"
              }
            ]
          }
        ]
      }
    ],
    "team": "T03U4J8HMUG",
    "user_team": "T03U4J8HMUG",
    "source_team": "T03U4J8HMUG",
    "user_profile": {
      "avatar_hash": "a49779ad093d",
      "image_72": "https://avatars.slack-edge.com/2022-08-22/3994045204528_a49779ad093d4fc39a87_72.jpg",
      "first_name": "Katherine",
      "real_name": "Katherine Foster",
      "display_name": "Katherine Foster",
      "team": "T03U4J8HMUG",
      "name": "Katherine",
      "is_restricted": false,
      "is_ultra_restricted": false
    },
    "thread_ts": "1667207915.069769",
    "parent_user_id": "U03V1AM5TFA"
  },
  {
    "client_msg_id": "03889238-1d33-4c07-a8c7-93b87f36de26",
    "type": "message",
    "text": "<https://preview.adludio.com/5a208afa874edeb4f62e44c1e755ba32/a2074071a0af26464d12?region=us-east-1>",
    "user": "U03UVHCV6KB",
    "ts": "1667210679.133949",
    "blocks": [
      {
        "type": "rich_text",
        "block_id": "XXw1",
        "elements": [
          {
            "type": "rich_text_section",
            "elements": [
              {
                "type": "link",
                "url": "https://preview.adludio.com/5a208afa874edeb4f62e44c1e755ba32/a2074071a0af26464d12?region=us-east-1"
              }
            ]
          }
        ]
      }
    ],
    "team": "T03U4J8HMUG",
    "user_team": "T03U4J8HMUG",
    "source_team": "T03U4J8HMUG",
    "user_profile": {
      "avatar_hash": "gc9619121f99",
      "image_72": "https://secure.gravatar.com/avatar/c9619121f998ee4a7e46177f2a5729de.jpg?s=72&d=https%3A%2F%2Fa.slack-edge.com%2Fdf10d%2Fimg%2Favatars%2Fava_0002-72.png",
      "first_name": "Travis",
      "real_name": "Travis Butler",
      "display_name": "Travis Butler",
      "team": "T03U4J8HMUG",
      "name": "Travis",
      "is_restricted": false,
      "is_ultra_restricted": false
    },
    "attachments": [
      {
        "from_url": "https://preview.adludio.com/5a208afa874edeb4f62e44c1e755ba32/a2074071a0af26464d12?region=us-east-1",
        "service_icon": "https://preview.adludio.com/favicon.ico",
        "id": 1,
        "original_url": "https://preview.adludio.com/5a208afa874edeb4f62e44c1e755ba32/a2074071a0af26464d12?region=us-east-1",
        "fallback": "Adludio Ad Unit Preview",
        "text": "Web site created by Adludio",
        "title": "Adludio Ad Unit Preview",
        "title_link": "https://preview.adludio.com/5a208afa874edeb4f62e44c1e755ba32/a2074071a0af26464d12?region=us-east-1",
        "service_name": "preview.adludio.com"
      }
    ]
  },
  {
    "client_msg_id": "32314b4b-d4a4-44b4-a7df-4dc6585a4b1d",
    "type": "message",
    "text": "<@U03U93GNNVB>  I am afraid <@U03V6HMRPGQ>  is right, we don't have dinars any more. I think it was changed after the peace deal .. around 2007.",
    "user": "U03UJKJGRAQ",
    "ts": "1667213153.307839",
    "blocks": [
      {
        "type": "rich_text",
        "block_id": "IxN0",
        "elements": [
          {
            "type": "rich_text_section",
            "elements": [
              {
                "type": "user",
                "user_id": "U03U93GNNVB"
              },
              {
                "type": "text",
                "text": "  I am afraid "
              },
              {
                "type": "user",
                "user_id": "U03V6HMRPGQ"
              },
              {
                "type": "text",
                "text": "  is right, we don't have dinars any more. I think it was changed after the peace deal .. around 2007."
              }
            ]
          }
        ]
      }
    ],
    "team": "T03U4J8HMUG",
    "user_team": "T03U4J8HMUG",
    "source_team": "T03U4J8HMUG",
    "user_profile": {
      "avatar_hash": "3d318a55b9e2",
      "image_72": "https://avatars.slack-edge.com/2022-10-03/4158852852038_3d318a55b9e221ad2cb3_72.jpg",
      "first_name": "Brian",
      "real_name": "Brian Odom",
      "display_name": "Brian Odom",
      "team": "T03U4J8HMUG",
      "name": "Brian",
      "is_restricted": false,
      "is_ultra_restricted": false
    },
    "thread_ts": "1667207915.069769",
    "parent_user_id": "U03V1AM5TFA"
  },
  {
    "client_msg_id": "8c468da7-d41f-4717-8068-9436ec1b4ce5",
    "type": "message",
    "text": "<mailto:Abebawu.eshetu@adludio.com|Abebawu.eshetu@adludio.com>",
    "user": "U03V785NLSU",
    "ts": "1667214002.033569",
    "blocks": [
      {
        "type": "rich_text",
        "block_id": "1ErC",
        "elements": [
          {
            "type": "rich_text_section",
            "elements": [
              {
                "type": "link",
                "url": "mailto:Abebawu.eshetu@adludio.com",
                "text": "Abebawu.eshetu@adludio.com"
              }
            ]
          }
        ]
      }
    ],
    "team": "T03U4J8HMUG",
    "user_team": "T03U4J8HMUG",
    "source_team": "T03U4J8HMUG",
    "user_profile": {
      "avatar_hash": "48d5c88821e9",
      "image_72": "https://avatars.slack-edge.com/2022-08-21/3993277785968_48d5c88821e922581e17_72.jpg",
      "first_name": "Ashley",
      "real_name": "Ashley Hamilton",
      "display_name": "Ashley Hamilton",
      "team": "T03U4J8HMUG",
      "name": "Ashley",
      "is_restricted": false,
      "is_ultra_restricted": false
    },
    "thread_ts": "1667214002.033569",
    "reply_count": 1,
    "reply_users_count": 1,
    "latest_reply": "1667214373.641179",
    "reply_users": [
      "U03U93GNNVB"
    ],
    "replies": [
      {
        "user": "U03U93GNNVB",
        "ts": "1667214373.641179"
      }
    ],
    "is_locked": false,
    "subscribed": false
  },
  {
    "client_msg_id": "458f7adf-d12e-4337-a375-fca5d79af6e3",
    "type": "message",
    "text": "Batch 2 OG",
    "user": "U03U93GNNVB",
    "ts": "1667214373.641179",
    "blocks": [
      {
        "type": "rich_text",
        "block_id": "Oo7l",
        "elements": [
          {
            "type": "rich_text_section",
            "elements": [
              {
                "type": "text",
                "text": "Batch 2 OG"
              }
            ]
          }
        ]
      }
    ],
    "team": "T03U4J8HMUG",
    "user_team": "T03U4J8HMUG",
    "source_team": "T03U4J8HMUG",
    "user_profile": {
      "avatar_hash": "a49779ad093d",
      "image_72": "https://avatars.slack-edge.com/2022-08-22/3994045204528_a49779ad093d4fc39a87_72.jpg",
      "first_name": "Katherine",
      "real_name": "Katherine Foster",
      "display_name": "Katherine Foster",
      "team": "T03U4J8HMUG",
      "name": "Katherine",
      "is_restricted": false,
      "is_ultra_restricted": false
    },
    "thread_ts": "1667214002.033569",
    "parent_user_id": "U03V785NLSU",
    "reactions": [
      {
        "name": "heart",
        "users": [
          "U03UG1Z21JP",
          "U03UG0YHAUT"
        ],
        "count": 2
      },
      {
        "name": "muscle",
        "users": [
          "U03V785NLSU",
          "U03UUS0MZCZ"
        ],
        "count": 2
      }
    ]
  },
  {
    "client_msg_id": "28704312-A2C2-44EE-A732-C94108B404A5",
    "type": "message",
    "text": "See <@U03U93GNNVB> , i told you , however I have something even <@U03UJKJGRAQ> can\u2019t offer you:joy:, which is be your tour guide in Sudan ",
    "user": "U03V6HMRPGQ",
    "ts": "1667218258.808109",
    "blocks": [
      {
        "type": "rich_text",
        "block_id": "g7Jn",
        "elements": [
          {
            "type": "rich_text_section",
            "elements": [
              {
                "type": "text",
                "text": "See"
              },
              {
                "type": "text",
                "text": " "
              },
              {
                "type": "user",
                "user_id": "U03U93GNNVB"
              },
              {
                "type": "text",
                "text": " ,"
              },
              {
                "type": "text",
                "text": " "
              },
              {
                "type": "text",
                "text": "i"
              },
              {
                "type": "text",
                "text": " "
              },
              {
                "type": "text",
                "text": "told"
              },
              {
                "type": "text",
                "text": " "
              },
              {
                "type": "text",
                "text": "you"
              },
              {
                "type": "text",
                "text": " "
              },
              {
                "type": "text",
                "text": ","
              },
              {
                "type": "text",
                "text": " however "
              },
              {
                "type": "text",
                "text": "I"
              },
              {
                "type": "text",
                "text": " "
              },
              {
                "type": "text",
                "text": "have"
              },
              {
                "type": "text",
                "text": " something even "
              },
              {
                "type": "user",
                "user_id": "U03UJKJGRAQ"
              },
              {
                "type": "text",
                "text": " can\u2019t "
              },
              {
                "type": "text",
                "text": "offer "
              },
              {
                "type": "text",
                "text": "you"
              },
              {
                "type": "emoji",
                "name": "joy",
                "unicode": "1f602"
              },
              {
                "type": "text",
                "text": ","
              },
              {
                "type": "text",
                "text": " "
              },
              {
                "type": "text",
                "text": "which"
              },
              {
                "type": "text",
                "text": " "
              },
              {
                "type": "text",
                "text": "is"
              },
              {
                "type": "text",
                "text": " "
              },
              {
                "type": "text",
                "text": "be"
              },
              {
                "type": "text",
                "text": " "
              },
              {
                "type": "text",
                "text": "your"
              },
              {
                "type": "text",
                "text": " "
              },
              {
                "type": "text",
                "text": "tour"
              },
              {
                "type": "text",
                "text": " guide "
              },
              {
                "type": "text",
                "text": "in"
              },
              {
                "type": "text",
                "text": " Sudan "
              }
            ]
          }
        ]
      }
    ],
    "team": "T03U4J8HMUG",
    "user_team": "T03U4J8HMUG",
    "source_team": "T03U4J8HMUG",
    "user_profile": {
      "avatar_hash": "23fcf5329c03",
      "image_72": "https://avatars.slack-edge.com/2022-08-22/3969139924917_23fcf5329c03131c761f_72.png",
      "first_name": "Cristian",
      "real_name": "Cristian Wilson",
      "display_name": "Cristian Wilson",
      "team": "T03U4J8HMUG",
      "name": "Cristian",
      "is_restricted": false,
      "is_ultra_restricted": false
    },
    "thread_ts": "1667207915.069769",
    "parent_user_id": "U03V1AM5TFA"
  },
  {
    "client_msg_id": "27E60000-F0F0-4025-9137-A765DB95F407",
    "type": "message",
    "text": "We need more gest talks :pensive:",
    "user": "U03V6HMRPGQ",
    "ts": "1667220110.875139",
    "blocks": [
      {
        "type": "rich_text",
        "block_id": "qD7wf",
        "elements": [
          {
            "type": "rich_text_section",
            "elements": [
              {
                "type": "text",
                "text": "We"
              },
              {
                "type": "text",
                "text": " "
              },
              {
                "type": "text",
                "text": "need"
              },
              {
                "type": "text",
                "text": " "
              },
              {
                "type": "text",
                "text": "more"
              },
              {
                "type": "text",
                "text": " "
              },
              {
                "type": "text",
                "text": "gest"
              },
              {
                "type": "text",
                "text": " talks"
              },
              {
                "type": "text",
                "text": " "
              },
              {
                "type": "emoji",
                "name": "pensive",
                "unicode": "1f614"
              }
            ]
          }
        ]
      }
    ],
    "team": "T03U4J8HMUG",
    "user_team": "T03U4J8HMUG",
    "source_team": "T03U4J8HMUG",
    "user_profile": {
      "avatar_hash": "23fcf5329c03",
      "image_72": "https://avatars.slack-edge.com/2022-08-22/3969139924917_23fcf5329c03131c761f_72.png",
      "first_name": "Cristian",
      "real_name": "Cristian Wilson",
      "display_name": "Cristian Wilson",
      "team": "T03U4J8HMUG",
      "name": "Cristian",
      "is_restricted": false,
      "is_ultra_restricted": false
    }
  },
  {
    "client_msg_id": "eb80450a-81f3-492b-8f55-95b89234e7a8",
    "type": "message",
    "text": "joke or for real <@U03V6HMRPGQ>?",
    "user": "U03U93GNNVB",
    "ts": "1667220126.236239",
    "blocks": [
      {
        "type": "rich_text",
        "block_id": "=RtF",
        "elements": [
          {
            "type": "rich_text_section",
            "elements": [
              {
                "type": "text",
                "text": "joke or for real "
              },
              {
                "type": "user",
                "user_id": "U03V6HMRPGQ"
              },
              {
                "type": "text",
                "text": "?"
              }
            ]
          }
        ]
      }
    ],
    "team": "T03U4J8HMUG",
    "user_team": "T03U4J8HMUG",
    "source_team": "T03U4J8HMUG",
    "user_profile": {
      "avatar_hash": "a49779ad093d",
      "image_72": "https://avatars.slack-edge.com/2022-08-22/3994045204528_a49779ad093d4fc39a87_72.jpg",
      "first_name": "Katherine",
      "real_name": "Katherine Foster",
      "display_name": "Katherine Foster",
      "team": "T03U4J8HMUG",
      "name": "Katherine",
      "is_restricted": false,
      "is_ultra_restricted": false
    }
  },
  {
    "client_msg_id": "c33a65ac-4466-4d24-b8a1-001280027692",
    "type": "message",
    "text": "We can get you 8 talks a day if you want.",
    "user": "U03U93GNNVB",
    "ts": "1667220136.295689",
    "blocks": [
      {
        "type": "rich_text",
        "block_id": "puQf",
        "elements": [
          {
            "type": "rich_text_section",
            "elements": [
              {
                "type": "text",
                "text": "We can get you 8 talks a day if you want."
              }
            ]
          }
        ]
      }
    ],
    "team": "T03U4J8HMUG",
    "user_team": "T03U4J8HMUG",
    "source_team": "T03U4J8HMUG",
    "user_profile": {
      "avatar_hash": "a49779ad093d",
      "image_72": "https://avatars.slack-edge.com/2022-08-22/3994045204528_a49779ad093d4fc39a87_72.jpg",
      "first_name": "Katherine",
      "real_name": "Katherine Foster",
      "display_name": "Katherine Foster",
      "team": "T03U4J8HMUG",
      "name": "Katherine",
      "is_restricted": false,
      "is_ultra_restricted": false
    },
    "reactions": [
      {
        "name": "white_check_mark",
        "users": [
          "U03V6HMRPGQ"
        ],
        "count": 1
      }
    ]
  },
  {
    "client_msg_id": "f4152fe8-1765-4d2e-a34c-17ae0c246954",
    "type": "message",
    "text": "Power point shared by Abebaw",
    "user": "U03UDBUL7CL",
    "ts": "1667220144.472269",
    "blocks": [
      {
        "type": "rich_text",
        "block_id": "0BNf",
        "elements": [
          {
            "type": "rich_text_section",
            "elements": [
              {
                "type": "text",
                "text": "Power point shared by Abebaw"
              }
            ]
          }
        ]
      }
    ],
    "team": "T03U4J8HMUG",
    "user_team": "T03U4J8HMUG",
    "source_team": "T03U4J8HMUG",
    "user_profile": {
      "avatar_hash": "4ede570306fd",
      "image_72": "https://avatars.slack-edge.com/2022-08-19/3956338511254_4ede570306fd108b8928_72.png",
      "first_name": "Patricia",
      "real_name": "Patricia Thomas",
      "display_name": "Patricia Thomas",
      "team": "T03U4J8HMUG",
      "name": "Patricia",
      "is_restricted": false,
      "is_ultra_restricted": false
    },
    "reactions": [
      {
        "name": "eyes",
        "users": [
          "U03UVHCV6KB",
          "U03U1HAG9TR"
        ],
        "count": 2
      }
    ]
  },
  {
    "client_msg_id": "94b2fad6-15e2-46a7-9930-305766bb6287",
    "type": "message",
    "text": "<https://docs.google.com/presentation/d/1B_35uipf9CbaXJXhlUOot89l-7MEsk3fqOkh-0xYcOQ/edit#slide=id.g17a0c571ef1_0_57>",
    "user": "U03UDBUL7CL",
    "ts": "1667220167.505529",
    "blocks": [
      {
        "type": "rich_text",
        "block_id": "K4IsA",
        "elements": [
          {
            "type": "rich_text_section",
            "elements": [
              {
                "type": "link",
                "url": "https://docs.google.com/presentation/d/1B_35uipf9CbaXJXhlUOot89l-7MEsk3fqOkh-0xYcOQ/edit#slide=id.g17a0c571ef1_0_57"
              }
            ]
          }
        ]
      }
    ],
    "team": "T03U4J8HMUG",
    "user_team": "T03U4J8HMUG",
    "source_team": "T03U4J8HMUG",
    "user_profile": {
      "avatar_hash": "4ede570306fd",
      "image_72": "https://avatars.slack-edge.com/2022-08-19/3956338511254_4ede570306fd108b8928_72.png",
      "first_name": "Patricia",
      "real_name": "Patricia Thomas",
      "display_name": "Patricia Thomas",
      "team": "T03U4J8HMUG",
      "name": "Patricia",
      "is_restricted": false,
      "is_ultra_restricted": false
    }
  },
  {
    "client_msg_id": "490318AD-560B-49C0-A176-1FF0B0AEFFB6",
    "type": "message",
    "text": "No for real, I really get the most out from gest talk. For example I remember Ada talk like it was yesterday ",
    "user": "U03V6HMRPGQ",
    "ts": "1667220190.061329",
    "blocks": [
      {
        "type": "rich_text",
        "block_id": "Uj+Pm",
        "elements": [
          {
            "type": "rich_text_section",
            "elements": [
              {
                "type": "text",
                "text": "No"
              },
              {
                "type": "text",
                "text": " "
              },
              {
                "type": "text",
                "text": "for"
              },
              {
                "type": "text",
                "text": " "
              },
              {
                "type": "text",
                "text": "real,"
              },
              {
                "type": "text",
                "text": " I really "
              },
              {
                "type": "text",
                "text": "get"
              },
              {
                "type": "text",
                "text": " "
              },
              {
                "type": "text",
                "text": "the"
              },
              {
                "type": "text",
                "text": " "
              },
              {
                "type": "text",
                "text": "most"
              },
              {
                "type": "text",
                "text": " "
              },
              {
                "type": "text",
                "text": "out"
              },
              {
                "type": "text",
                "text": " "
              },
              {
                "type": "text",
                "text": "from"
              },
              {
                "type": "text",
                "text": " "
              },
              {
                "type": "text",
                "text": "gest"
              },
              {
                "type": "text",
                "text": " "
              },
              {
                "type": "text",
                "text": "talk."
              },
              {
                "type": "text",
                "text": " "
              },
              {
                "type": "text",
                "text": "For"
              },
              {
                "type": "text",
                "text": " example I remember "
              },
              {
                "type": "text",
                "text": "Ada"
              },
              {
                "type": "text",
                "text": " "
              },
              {
                "type": "text",
                "text": "talk"
              },
              {
                "type": "text",
                "text": " "
              },
              {
                "type": "text",
                "text": "like"
              },
              {
                "type": "text",
                "text": " "
              },
              {
                "type": "text",
                "text": "it"
              },
              {
                "type": "text",
                "text": " "
              },
              {
                "type": "text",
                "text": "was"
              },
              {
                "type": "text",
                "text": " "
              },
              {
                "type": "text",
                "text": "yesterday"
              },
              {
                "type": "text",
                "text": " "
              }
            ]
          }
        ]
      }
    ],
    "team": "T03U4J8HMUG",
    "user_team": "T03U4J8HMUG",
    "source_team": "T03U4J8HMUG",
    "user_profile": {
      "avatar_hash": "23fcf5329c03",
      "image_72": "https://avatars.slack-edge.com/2022-08-22/3969139924917_23fcf5329c03131c761f_72.png",
      "first_name": "Cristian",
      "real_name": "Cristian Wilson",
      "display_name": "Cristian Wilson",
      "team": "T03U4J8HMUG",
      "name": "Cristian",
      "is_restricted": false,
      "is_ultra_restricted": false
    },
    "thread_ts": "1667220190.061329",
    "reply_count": 7,
    "reply_users_count": 3,
    "latest_reply": "1667222639.256639",
    "reply_users": [
      "U03U93GNNVB",
      "U03V6HMRPGQ",
      "U03UG0YHAUT"
    ],
    "replies": [
      {
        "user": "U03U93GNNVB",
        "ts": "1667220200.319049"
      },
      {
        "user": "U03V6HMRPGQ",
        "ts": "1667220279.367819"
      },
      {
        "user": "U03V6HMRPGQ",
        "ts": "1667220314.831219"
      },
      {
        "user": "U03U93GNNVB",
        "ts": "1667220328.005249"
      },
      {
        "user": "U03V6HMRPGQ",
        "ts": "1667220403.203469"
      },
      {
        "user": "U03UG0YHAUT",
        "ts": "1667220600.085429"
      },
      {
        "user": "U03V6HMRPGQ",
        "ts": "1667222639.256639"
      }
    ],
    "is_locked": false,
    "subscribed": false
  },
  {
    "client_msg_id": "c9e5b732-f763-440a-8c35-5193101e5d85",
    "type": "message",
    "text": "I think we have a set of them this week",
    "user": "U03U93GNNVB",
    "ts": "1667220200.319049",
    "blocks": [
      {
        "type": "rich_text",
        "block_id": "8p7",
        "elements": [
          {
            "type": "rich_text_section",
            "elements": [
              {
                "type": "text",
                "text": "I think we have a set of them this week"
              }
            ]
          }
        ]
      }
    ],
    "team": "T03U4J8HMUG",
    "user_team": "T03U4J8HMUG",
    "source_team": "T03U4J8HMUG",
    "user_profile": {
      "avatar_hash": "a49779ad093d",
      "image_72": "https://avatars.slack-edge.com/2022-08-22/3994045204528_a49779ad093d4fc39a87_72.jpg",
      "first_name": "Katherine",
      "real_name": "Katherine Foster",
      "display_name": "Katherine Foster",
      "team": "T03U4J8HMUG",
      "name": "Katherine",
      "is_restricted": false,
      "is_ultra_restricted": false
    },
    "thread_ts": "1667220190.061329",
    "parent_user_id": "U03V6HMRPGQ"
  },
  {
    "client_msg_id": "6DC8C24A-A308-4FA3-91E1-664B560F5F59",
    "type": "message",
    "text": ":heart:that us great, and maybe during the job searching face when we have more time, that will creat a huge impact ",
    "user": "U03V6HMRPGQ",
    "ts": "1667220279.367819",
    "blocks": [
      {
        "type": "rich_text",
        "block_id": "sDDJ",
        "elements": [
          {
            "type": "rich_text_section",
            "elements": [
              {
                "type": "emoji",
                "name": "heart",
                "unicode": "2764-fe0f"
              },
              {
                "type": "text",
                "text": "that"
              },
              {
                "type": "text",
                "text": " "
              },
              {
                "type": "text",
                "text": "us"
              },
              {
                "type": "text",
                "text": " "
              },
              {
                "type": "text",
                "text": "great,"
              },
              {
                "type": "text",
                "text": " "
              },
              {
                "type": "text",
                "text": "and"
              },
              {
                "type": "text",
                "text": " maybe during "
              },
              {
                "type": "text",
                "text": "the"
              },
              {
                "type": "text",
                "text": " jo"
              },
              {
                "type": "text",
                "text": "b"
              },
              {
                "type": "text",
                "text": " searching "
              },
              {
                "type": "text",
                "text": "face"
              },
              {
                "type": "text",
                "text": " "
              },
              {
                "type": "text",
                "text": "when"
              },
              {
                "type": "text",
                "text": " "
              },
              {
                "type": "text",
                "text": "we"
              },
              {
                "type": "text",
                "text": " "
              },
              {
                "type": "text",
                "text": "have"
              },
              {
                "type": "text",
                "text": " "
              },
              {
                "type": "text",
                "text": "more"
              },
              {
                "type": "text",
                "text": " "
              },
              {
                "type": "text",
                "text": "time,"
              },
              {
                "type": "text",
                "text": " "
              },
              {
                "type": "text",
                "text": "that"
              },
              {
                "type": "text",
                "text": " "
              },
              {
                "type": "text",
                "text": "will"
              },
              {
                "type": "text",
                "text": " "
              },
              {
                "type": "text",
                "text": "creat"
              },
              {
                "type": "text",
                "text": " "
              },
              {
                "type": "text",
                "text": "a"
              },
              {
                "type": "text",
                "text": " huge impact "
              }
            ]
          }
        ]
      }
    ],
    "team": "T03U4J8HMUG",
    "user_team": "T03U4J8HMUG",
    "source_team": "T03U4J8HMUG",
    "user_profile": {
      "avatar_hash": "23fcf5329c03",
      "image_72": "https://avatars.slack-edge.com/2022-08-22/3969139924917_23fcf5329c03131c761f_72.png",
      "first_name": "Cristian",
      "real_name": "Cristian Wilson",
      "display_name": "Cristian Wilson",
      "team": "T03U4J8HMUG",
      "name": "Cristian",
      "is_restricted": false,
      "is_ultra_restricted": false
    },
    "thread_ts": "1667220190.061329",
    "parent_user_id": "U03V6HMRPGQ"
  },
  {
    "client_msg_id": "2FE0227F-DAA8-4481-9841-3C65DCB2BC2F",
    "type": "message",
    "text": "+ more conversation with you and Yabi",
    "user": "U03V6HMRPGQ",
    "ts": "1667220314.831219",
    "blocks": [
      {
        "type": "rich_text",
        "block_id": "u8sY",
        "elements": [
          {
            "type": "rich_text_section",
            "elements": [
              {
                "type": "text",
                "text": "+"
              },
              {
                "type": "text",
                "text": " "
              },
              {
                "type": "text",
                "text": "more"
              },
              {
                "type": "text",
                "text": " conversation "
              },
              {
                "type": "text",
                "text": "with"
              },
              {
                "type": "text",
                "text": " "
              },
              {
                "type": "text",
                "text": "you"
              },
              {
                "type": "text",
                "text": " "
              },
              {
                "type": "text",
                "text": "and"
              },
              {
                "type": "text",
                "text": " "
              },
              {
                "type": "text",
                "text": "Yabi"
              }
            ]
          }
        ]
      }
    ],
    "team": "T03U4J8HMUG",
    "user_team": "T03U4J8HMUG",
    "source_team": "T03U4J8HMUG",
    "user_profile": {
      "avatar_hash": "23fcf5329c03",
      "image_72": "https://avatars.slack-edge.com/2022-08-22/3969139924917_23fcf5329c03131c761f_72.png",
      "first_name": "Cristian",
      "real_name": "Cristian Wilson",
      "display_name": "Cristian Wilson",
      "team": "T03U4J8HMUG",
      "name": "Cristian",
      "is_restricted": false,
      "is_ultra_restricted": false
    },
    "thread_ts": "1667220190.061329",
    "parent_user_id": "U03V6HMRPGQ"
  },
  {
    "client_msg_id": "3def66a6-b89a-455b-813f-c69cf5ad351c",
    "type": "message",
    "text": "I'm available!",
    "user": "U03U93GNNVB",
    "ts": "1667220328.005249",
    "blocks": [
      {
        "type": "rich_text",
        "block_id": "oTbg",
        "elements": [
          {
            "type": "rich_text_section",
            "elements": [
              {
                "type": "text",
                "text": "I'm available!"
              }
            ]
          }
        ]
      }
    ],
    "team": "T03U4J8HMUG",
    "user_team": "T03U4J8HMUG",
    "source_team": "T03U4J8HMUG",
    "user_profile": {
      "avatar_hash": "a49779ad093d",
      "image_72": "https://avatars.slack-edge.com/2022-08-22/3994045204528_a49779ad093d4fc39a87_72.jpg",
      "first_name": "Katherine",
      "real_name": "Katherine Foster",
      "display_name": "Katherine Foster",
      "team": "T03U4J8HMUG",
      "name": "Katherine",
      "is_restricted": false,
      "is_ultra_restricted": false
    },
    "thread_ts": "1667220190.061329",
    "parent_user_id": "U03V6HMRPGQ",
    "reactions": [
      {
        "name": "+1",
        "users": [
          "U03V6HMRPGQ",
          "U03UFV7HFNF"
        ],
        "count": 2
      }
    ]
  },
  {
    "client_msg_id": "0C6A3391-B1F7-425C-8299-82DDBA5CF81F",
    "type": "message",
    "text": "This is great :fire:",
    "user": "U03V6HMRPGQ",
    "ts": "1667220403.203469",
    "blocks": [
      {
        "type": "rich_text",
        "block_id": "mOr1",
        "elements": [
          {
            "type": "rich_text_section",
            "elements": [
              {
                "type": "text",
                "text": "This"
              },
              {
                "type": "text",
                "text": " "
              },
              {
                "type": "text",
                "text": "is"
              },
              {
                "type": "text",
                "text": " "
              },
              {
                "type": "text",
                "text": "great"
              },
              {
                "type": "text",
                "text": " "
              },
              {
                "type": "emoji",
                "name": "fire",
                "unicode": "1f525"
              }
            ]
          }
        ]
      }
    ],
    "team": "T03U4J8HMUG",
    "user_team": "T03U4J8HMUG",
    "source_team": "T03U4J8HMUG",
    "user_profile": {
      "avatar_hash": "23fcf5329c03",
      "image_72": "https://avatars.slack-edge.com/2022-08-22/3969139924917_23fcf5329c03131c761f_72.png",
      "first_name": "Cristian",
      "real_name": "Cristian Wilson",
      "display_name": "Cristian Wilson",
      "team": "T03U4J8HMUG",
      "name": "Cristian",
      "is_restricted": false,
      "is_ultra_restricted": false
    },
    "thread_ts": "1667220190.061329",
    "parent_user_id": "U03V6HMRPGQ"
  },
  {
    "client_msg_id": "55a56240-b2ca-4e5b-821c-2ec44fbeb490",
    "type": "message",
    "text": "I  remember her 150 interviews thing she was a greate motivation....",
    "user": "U03UG0YHAUT",
    "ts": "1667220600.085429",
    "blocks": [
      {
        "type": "rich_text",
        "block_id": "xIaDD",
        "elements": [
          {
            "type": "rich_text_section",
            "elements": [
              {
                "type": "text",
                "text": "I  remember her 150 interviews thing she was a greate motivation...."
              }
            ]
          }
        ]
      }
    ],
    "team": "T03U4J8HMUG",
    "user_team": "T03U4J8HMUG",
    "source_team": "T03U4J8HMUG",
    "user_profile": {
      "avatar_hash": "e7b0c8269999",
      "image_72": "https://avatars.slack-edge.com/2022-09-20/4099393715542_e7b0c82699998d3b3ade_72.jpg",
      "first_name": "Daniel",
      "real_name": "Daniel Brown",
      "display_name": "Daniel Brown",
      "team": "T03U4J8HMUG",
      "name": "Daniel",
      "is_restricted": false,
      "is_ultra_restricted": false
    },
    "thread_ts": "1667220190.061329",
    "parent_user_id": "U03V6HMRPGQ",
    "reactions": [
      {
        "name": "heart",
        "users": [
          "U03V6HMRPGQ",
          "U03UFV7HFNF",
          "U03UJN29Y4C"
        ],
        "count": 3
      }
    ]
  },
  {
    "client_msg_id": "cd6f1760-633c-4646-adf4-f01627747902",
    "type": "message",
    "text": "totally agree",
    "user": "U03V6HMRPGQ",
    "ts": "1667222639.256639",
    "blocks": [
      {
        "type": "rich_text",
        "block_id": "HxGs3",
        "elements": [
          {
            "type": "rich_text_section",
            "elements": [
              {
                "type": "text",
                "text": "totally agree"
              }
            ]
          }
        ]
      }
    ],
    "team": "T03U4J8HMUG",
    "user_team": "T03U4J8HMUG",
    "source_team": "T03U4J8HMUG",
    "user_profile": {
      "avatar_hash": "23fcf5329c03",
      "image_72": "https://avatars.slack-edge.com/2022-08-22/3969139924917_23fcf5329c03131c761f_72.png",
      "first_name": "Cristian",
      "real_name": "Cristian Wilson",
      "display_name": "Cristian Wilson",
      "team": "T03U4J8HMUG",
      "name": "Cristian",
      "is_restricted": false,
      "is_ultra_restricted": false
    },
    "thread_ts": "1667220190.061329",
    "parent_user_id": "U03V6HMRPGQ"
  },
  {
    "client_msg_id": "6ccf814e-2027-4f5a-866d-44a39c67ccf8",
    "type": "message",
    "text": "Hello everyone, <!channel>.\n\nThis week challenge will be in groups. If you went through the document earlier today you might have missed the group section as they were created today for ease in sharing AWS resources. Kindly confirm your group members, ensure that you're in touch before the end of today (creating private channels), start organizing meetings and let's do this.\n\nNB. When you create your private channel ensure you've added at least one member of the tutoring team (Yabebal, Yididya, Azaria, Nardos and I)",
    "user": "U03UP7V9Q57",
    "ts": "1667235660.766319",
    "blocks": [
      {
        "type": "rich_text",
        "block_id": "oW/JK",
        "elements": [
          {
            "type": "rich_text_section",
            "elements": [
              {
                "type": "text",
                "text": "Hello everyone, "
              },
              {
                "type": "broadcast",
                "range": "channel"
              },
              {
                "type": "text",
                "text": ".\n\nThis week challenge will be in groups. If you went through the document earlier today you might have missed the group section as they were created today for ease in sharing AWS resources. Kindly confirm your group members, ensure that you're in touch before the end of today (creating private channels), start organizing meetings and let's do this.\n\nNB. When you create your private channel ensure you've added at least one member of the tutoring team (Yabebal, Yididya, Azaria, Nardos and I)"
              }
            ]
          }
        ]
      }
    ],
    "team": "T03U4J8HMUG",
    "user_team": "T03U4J8HMUG",
    "source_team": "T03U4J8HMUG",
    "user_profile": {
      "avatar_hash": "6e5e9ae8afa4",
      "image_72": "https://avatars.slack-edge.com/2022-08-18/3962642286050_6e5e9ae8afa436ddd44e_72.png",
      "first_name": "Michele",
      "real_name": "Michele Sparks",
      "display_name": "Michele Sparks",
      "team": "T03U4J8HMUG",
      "name": "Michele",
      "is_restricted": false,
      "is_ultra_restricted": false
    },
    "reactions": [
      {
        "name": "white_check_mark",
        "users": [
          "U03U1FNPEUX"
        ],
        "count": 1
      }
    ]
  },
  {
    "client_msg_id": "a03f0a59-c743-46b5-aef7-bdfa4532dcd3",
    "type": "message",
    "text": "<https://www.youtube.com/watch?v=dKE8SIt9C-w>",
    "user": "U03UVHCV6KB",
    "ts": "1667239088.189299",
    "blocks": [
      {
        "type": "rich_text",
        "block_id": "whau",
        "elements": [
          {
            "type": "rich_text_section",
            "elements": [
              {
                "type": "link",
                "url": "https://www.youtube.com/watch?v=dKE8SIt9C-w"
              }
            ]
          }
        ]
      }
    ],
    "team": "T03U4J8HMUG",
    "user_team": "T03U4J8HMUG",
    "source_team": "T03U4J8HMUG",
    "user_profile": {
      "avatar_hash": "gc9619121f99",
      "image_72": "https://secure.gravatar.com/avatar/c9619121f998ee4a7e46177f2a5729de.jpg?s=72&d=https%3A%2F%2Fa.slack-edge.com%2Fdf10d%2Fimg%2Favatars%2Fava_0002-72.png",
      "first_name": "Travis",
      "real_name": "Travis Butler",
      "display_name": "Travis Butler",
      "team": "T03U4J8HMUG",
      "name": "Travis",
      "is_restricted": false,
      "is_ultra_restricted": false
    },
    "attachments": [
      {
        "from_url": "https://www.youtube.com/watch?v=dKE8SIt9C-w",
        "thumb_url": "https://i.ytimg.com/vi/dKE8SIt9C-w/hqdefault.jpg",
        "thumb_width": 480,
        "thumb_height": 360,
        "video_html": "<iframe width=\"400\" height=\"225\" src=\"https://www.youtube.com/embed/dKE8SIt9C-w?feature=oembed&autoplay=1&iv_load_policy=3\" frameborder=\"0\" allow=\"accelerometer; autoplay; clipboard-write; encrypted-media; gyroscope; picture-in-picture\" allowfullscreen title=\"\ud83e\udd17 Tasks: Image Segmentation\"></iframe>",
        "video_html_width": 400,
        "video_html_height": 225,
        "service_icon": "https://a.slack-edge.com/80588/img/unfurl_icons/youtube.png",
        "id": 1,
        "original_url": "https://www.youtube.com/watch?v=dKE8SIt9C-w",
        "fallback": "YouTube Video: \ud83e\udd17 Tasks: Image Segmentation",
        "title": "\ud83e\udd17 Tasks: Image Segmentation",
        "title_link": "https://www.youtube.com/watch?v=dKE8SIt9C-w",
        "author_name": "HuggingFace",
        "author_link": "https://www.youtube.com/c/HuggingFace",
        "service_name": "YouTube",
        "service_url": "https://www.youtube.com/"
      }
    ]
  },
  {
    "client_msg_id": "32525da1-636e-478c-876c-72892510fc1e",
    "type": "message",
    "text": "Task Variants\n\nSemantic Segmentation\nSemantic Segmentation is the task of segmenting parts of an image that belong to the same class. Semantic Segmentation models make predictions for each pixel and return the probabilities of the classes for each pixel. These models are evaluated on Mean Intersection Over Union (Mean IoU).\n\nInstance Segmentation\nInstance Segmentation is the variant of Image Segmentation where every distinct object is segmented, instead of one segment per class.\n\nPanoptic Segmentation\nPanoptic Segmentation is the Image Segmentation task that segments the image both by instance and by class, assigning each pixel a different instance of the class.",
    "user": "U03UVHCV6KB",
    "ts": "1667239495.049429",
    "blocks": [
      {
        "type": "rich_text",
        "block_id": "pdm",
        "elements": [
          {
            "type": "rich_text_section",
            "elements": [
              {
                "type": "text",
                "text": "Task Variants\n\nSemantic Segmentation\nSemantic Segmentation is the task of segmenting parts of an image that belong to the same class. Semantic Segmentation models make predictions for each pixel and return the probabilities of the classes for each pixel. These models are evaluated on Mean Intersection Over Union (Mean IoU).\n\nInstance Segmentation\nInstance Segmentation is the variant of Image Segmentation where every distinct object is segmented, instead of one segment per class.\n\nPanoptic Segmentation\nPanoptic Segmentation is the Image Segmentation task that segments the image both by instance and by class, assigning each pixel a different instance of the class."
              }
            ]
          }
        ]
      }
    ],
    "team": "T03U4J8HMUG",
    "user_team": "T03U4J8HMUG",
    "source_team": "T03U4J8HMUG",
    "user_profile": {
      "avatar_hash": "gc9619121f99",
      "image_72": "https://secure.gravatar.com/avatar/c9619121f998ee4a7e46177f2a5729de.jpg?s=72&d=https%3A%2F%2Fa.slack-edge.com%2Fdf10d%2Fimg%2Favatars%2Fava_0002-72.png",
      "first_name": "Travis",
      "real_name": "Travis Butler",
      "display_name": "Travis Butler",
      "team": "T03U4J8HMUG",
      "name": "Travis",
      "is_restricted": false,
      "is_ultra_restricted": false
    },
    "reactions": [
      {
        "name": "+1",
        "users": [
          "U03UG1Z21JP",
          "U03UG0YHAUT"
        ],
        "count": 2
      },
      {
        "name": "+1::skin-tone-3",
        "users": [
          "U03U9EJR362"
        ],
        "count": 1
      }
    ]
  },
  {
    "client_msg_id": "581f8217-6108-4d91-b45f-0e82d50372cc",
    "type": "message",
    "text": "<https://arxiv.org/pdf/1801.00868.pdf>",
    "user": "U03UJGRN5E0",
    "ts": "1667244012.394909",
    "blocks": [
      {
        "type": "rich_text",
        "block_id": "NYj",
        "elements": [
          {
            "type": "rich_text_section",
            "elements": [
              {
                "type": "link",
                "url": "https://arxiv.org/pdf/1801.00868.pdf"
              }
            ]
          }
        ]
      }
    ],
    "team": "T03U4J8HMUG",
    "user_team": "T03U4J8HMUG",
    "source_team": "T03U4J8HMUG",
    "user_profile": {
      "avatar_hash": "35b05758f532",
      "image_72": "https://avatars.slack-edge.com/2022-09-30/4156429070997_35b05758f532bdef5b5f_72.jpg",
      "first_name": "Katie",
      "real_name": "Katie Dickerson",
      "display_name": "Katie Dickerson",
      "team": "T03U4J8HMUG",
      "name": "Katie",
      "is_restricted": false,
      "is_ultra_restricted": false
    }
  }
]