[
  {
    "client_msg_id": "3275c811-fd4b-4d2d-aa01-6b195ba9e02b",
    "type": "message",
    "text": "OMG, we have the intreim submission from the first day !!!\n<@U03TEPYRM2P>",
    "user": "U03V6HMRPGQ",
    "ts": "1667755081.141899",
    "blocks": [
      {
        "type": "rich_text",
        "block_id": "U1w",
        "elements": [
          {
            "type": "rich_text_section",
            "elements": [
              {
                "type": "text",
                "text": "OMG, we have the intreim submission from the first day !!!\n"
              },
              {
                "type": "user",
                "user_id": "U03TEPYRM2P"
              }
            ]
          }
        ]
      }
    ],
    "team": "T03U4J8HMUG",
    "user_team": "T03U4J8HMUG",
    "source_team": "T03U4J8HMUG",
    "user_profile": {
      "avatar_hash": "23fcf5329c03",
      "image_72": "https://avatars.slack-edge.com/2022-08-22/3969139924917_23fcf5329c03131c761f_72.png",
      "first_name": "Cristian",
      "real_name": "Cristian Wilson",
      "display_name": "Cristian Wilson",
      "team": "T03U4J8HMUG",
      "name": "Cristian",
      "is_restricted": false,
      "is_ultra_restricted": false
    },
    "thread_ts": "1667755081.141899",
    "reply_count": 3,
    "reply_users_count": 2,
    "latest_reply": "1667755299.237669",
    "reply_users": [
      "U03TEPYRM2P",
      "U03V6HMRPGQ"
    ],
    "replies": [
      {
        "user": "U03TEPYRM2P",
        "ts": "1667755193.777039"
      },
      {
        "user": "U03V6HMRPGQ",
        "ts": "1667755268.283229"
      },
      {
        "user": "U03TEPYRM2P",
        "ts": "1667755299.237669"
      }
    ],
    "is_locked": false,
    "subscribed": true,
    "last_read": "1667755299.237669"
  },
  {
    "client_msg_id": "a1c91b58-64ab-4050-a96e-45e84768e29a",
    "type": "message",
    "text": "Wait for the intro to the week challenge",
    "user": "U03TEPYRM2P",
    "ts": "1667755193.777039",
    "blocks": [
      {
        "type": "rich_text",
        "block_id": "rBeJ",
        "elements": [
          {
            "type": "rich_text_section",
            "elements": [
              {
                "type": "text",
                "text": "Wait for the intro to the week challenge"
              }
            ]
          }
        ]
      }
    ],
    "team": "T03U4J8HMUG",
    "user_team": "T03U4J8HMUG",
    "source_team": "T03U4J8HMUG",
    "user_profile": {
      "avatar_hash": "f113df20f89c",
      "image_72": "https://avatars.slack-edge.com/2022-08-23/3977820714178_f113df20f89c894062b4_72.jpg",
      "first_name": "Garrett",
      "real_name": "Garrett Bell",
      "display_name": "Garrett Bell",
      "team": "T03U4J8HMUG",
      "name": "Garrett",
      "is_restricted": false,
      "is_ultra_restricted": false
    },
    "thread_ts": "1667755081.141899",
    "parent_user_id": "U03V6HMRPGQ",
    "reactions": [
      {
        "name": "smiley",
        "users": [
          "U03V6HMRPGQ"
        ],
        "count": 1
      }
    ]
  },
  {
    "client_msg_id": "34ed76fd-c337-441c-af25-7c942d2c10f8",
    "type": "message",
    "text": "is there any surprises?",
    "user": "U03V6HMRPGQ",
    "ts": "1667755268.283229",
    "blocks": [
      {
        "type": "rich_text",
        "block_id": "J9kI",
        "elements": [
          {
            "type": "rich_text_section",
            "elements": [
              {
                "type": "text",
                "text": "is there any surprises?"
              }
            ]
          }
        ]
      }
    ],
    "team": "T03U4J8HMUG",
    "user_team": "T03U4J8HMUG",
    "source_team": "T03U4J8HMUG",
    "user_profile": {
      "avatar_hash": "23fcf5329c03",
      "image_72": "https://avatars.slack-edge.com/2022-08-22/3969139924917_23fcf5329c03131c761f_72.png",
      "first_name": "Cristian",
      "real_name": "Cristian Wilson",
      "display_name": "Cristian Wilson",
      "team": "T03U4J8HMUG",
      "name": "Cristian",
      "is_restricted": false,
      "is_ultra_restricted": false
    },
    "thread_ts": "1667755081.141899",
    "parent_user_id": "U03V6HMRPGQ"
  },
  {
    "client_msg_id": "3391b0ce-8223-4455-a48d-608f00cade2f",
    "type": "message",
    "text": "let's anticipate for it",
    "user": "U03TEPYRM2P",
    "ts": "1667755299.237669",
    "blocks": [
      {
        "type": "rich_text",
        "block_id": "rROD",
        "elements": [
          {
            "type": "rich_text_section",
            "elements": [
              {
                "type": "text",
                "text": "let's anticipate for it"
              }
            ]
          }
        ]
      }
    ],
    "team": "T03U4J8HMUG",
    "user_team": "T03U4J8HMUG",
    "source_team": "T03U4J8HMUG",
    "user_profile": {
      "avatar_hash": "f113df20f89c",
      "image_72": "https://avatars.slack-edge.com/2022-08-23/3977820714178_f113df20f89c894062b4_72.jpg",
      "first_name": "Garrett",
      "real_name": "Garrett Bell",
      "display_name": "Garrett Bell",
      "team": "T03U4J8HMUG",
      "name": "Garrett",
      "is_restricted": false,
      "is_ultra_restricted": false
    },
    "thread_ts": "1667755081.141899",
    "parent_user_id": "U03V6HMRPGQ",
    "reactions": [
      {
        "name": "alien",
        "users": [
          "U03V6HMRPGQ",
          "U03UUR571A5",
          "U03UJN29Y4C",
          "U03UFV7HFNF"
        ],
        "count": 4
      }
    ]
  }
]