[
  {
    "type": "message",
    "subtype": "channel_join",
    "ts": "1668760175.262229",
    "user": "U03UL5LSTG9",
    "text": "<@U03UL5LSTG9> has joined the channel",
    "reactions": [
      {
        "name": "raised_hands",
        "users": [
          "U03UVHCV6KB"
        ],
        "count": 1
      }
    ]
  },
  {
    "type": "message",
    "subtype": "channel_join",
    "ts": "1668760646.196629",
    "user": "U03U1FNPEUX",
    "text": "<@U03U1FNPEUX> has joined the channel",
    "inviter": "U03UL5LSTG9"
  },
  {
    "type": "message",
    "subtype": "channel_join",
    "ts": "1668760646.274359",
    "user": "U03U93GNNVB",
    "text": "<@U03U93GNNVB> has joined the channel",
    "inviter": "U03UL5LSTG9"
  },
  {
    "type": "message",
    "subtype": "channel_join",
    "ts": "1668760646.359179",
    "user": "U03UJN29Y4C",
    "text": "<@U03UJN29Y4C> has joined the channel",
    "inviter": "U03UL5LSTG9"
  },
  {
    "type": "message",
    "subtype": "channel_join",
    "ts": "1668760646.439069",
    "user": "U03TEPYRM2P",
    "text": "<@U03TEPYRM2P> has joined the channel",
    "inviter": "U03UL5LSTG9"
  },
  {
    "type": "message",
    "subtype": "channel_join",
    "ts": "1668760646.500989",
    "user": "U03UP7V9Q57",
    "text": "<@U03UP7V9Q57> has joined the channel",
    "inviter": "U03UL5LSTG9"
  },
  {
    "type": "message",
    "subtype": "channel_join",
    "ts": "1668760646.749769",
    "user": "U03V8LHPDME",
    "text": "<@U03V8LHPDME> has joined the channel",
    "inviter": "U03UL5LSTG9"
  },
  {
    "type": "message",
    "subtype": "channel_join",
    "ts": "1668760647.008359",
    "user": "U03UJH1EQQL",
    "text": "<@U03UJH1EQQL> has joined the channel",
    "inviter": "U03UL5LSTG9"
  },
  {
    "type": "message",
    "subtype": "channel_join",
    "ts": "1668760647.084469",
    "user": "U03V1AM5TFA",
    "text": "<@U03V1AM5TFA> has joined the channel",
    "inviter": "U03UL5LSTG9"
  },
  {
    "type": "message",
    "subtype": "channel_join",
    "ts": "1668760647.145239",
    "user": "U03U1J51VFZ",
    "text": "<@U03U1J51VFZ> has joined the channel",
    "inviter": "U03UL5LSTG9"
  },
  {
    "type": "message",
    "subtype": "channel_join",
    "ts": "1668760647.203909",
    "user": "U03UUMR26Q1",
    "text": "<@U03UUMR26Q1> has joined the channel",
    "inviter": "U03UL5LSTG9"
  },
  {
    "type": "message",
    "subtype": "channel_join",
    "ts": "1668760647.271459",
    "user": "U03UAKATQ22",
    "text": "<@U03UAKATQ22> has joined the channel",
    "inviter": "U03UL5LSTG9"
  },
  {
    "type": "message",
    "subtype": "channel_join",
    "ts": "1668760647.332329",
    "user": "U03UYNR4TS4",
    "text": "<@U03UYNR4TS4> has joined the channel",
    "inviter": "U03UL5LSTG9"
  },
  {
    "type": "message",
    "subtype": "channel_join",
    "ts": "1668760647.393469",
    "user": "U03U9EJR362",
    "text": "<@U03U9EJR362> has joined the channel",
    "inviter": "U03UL5LSTG9"
  },
  {
    "type": "message",
    "subtype": "channel_join",
    "ts": "1668760647.456839",
    "user": "U03V5Q9N516",
    "text": "<@U03V5Q9N516> has joined the channel",
    "inviter": "U03UL5LSTG9"
  },
  {
    "type": "message",
    "subtype": "channel_join",
    "ts": "1668760647.530549",
    "user": "U03V785NLSU",
    "text": "<@U03V785NLSU> has joined the channel",
    "inviter": "U03UL5LSTG9"
  },
  {
    "type": "message",
    "subtype": "channel_join",
    "ts": "1668760647.603419",
    "user": "U03UG0SFHGT",
    "text": "<@U03UG0SFHGT> has joined the channel",
    "inviter": "U03UL5LSTG9"
  },
  {
    "type": "message",
    "subtype": "channel_join",
    "ts": "1668760647.666919",
    "user": "U03UJGP0C68",
    "text": "<@U03UJGP0C68> has joined the channel",
    "inviter": "U03UL5LSTG9"
  },
  {
    "type": "message",
    "subtype": "channel_join",
    "ts": "1668760647.732169",
    "user": "U03UVHCV6KB",
    "text": "<@U03UVHCV6KB> has joined the channel",
    "inviter": "U03UL5LSTG9"
  },
  {
    "type": "message",
    "subtype": "channel_join",
    "ts": "1668760647.794699",
    "user": "U03UH397319",
    "text": "<@U03UH397319> has joined the channel",
    "inviter": "U03UL5LSTG9"
  },
  {
    "type": "message",
    "subtype": "channel_join",
    "ts": "1668760647.858069",
    "user": "U03V6HMRPGQ",
    "text": "<@U03V6HMRPGQ> has joined the channel",
    "inviter": "U03UL5LSTG9"
  },
  {
    "type": "message",
    "subtype": "channel_join",
    "ts": "1668760647.926869",
    "user": "U03UHB8CXDY",
    "text": "<@U03UHB8CXDY> has joined the channel",
    "inviter": "U03UL5LSTG9"
  },
  {
    "type": "message",
    "subtype": "channel_join",
    "ts": "1668760647.991079",
    "user": "U03TT5KEYCF",
    "text": "<@U03TT5KEYCF> has joined the channel",
    "inviter": "U03UL5LSTG9"
  },
  {
    "type": "message",
    "subtype": "channel_join",
    "ts": "1668760648.060189",
    "user": "U03UJKJGRAQ",
    "text": "<@U03UJKJGRAQ> has joined the channel",
    "inviter": "U03UL5LSTG9"
  },
  {
    "type": "message",
    "subtype": "channel_join",
    "ts": "1668760648.124589",
    "user": "U03T89ACUUW",
    "text": "<@U03T89ACUUW> has joined the channel",
    "inviter": "U03UL5LSTG9"
  },
  {
    "type": "message",
    "subtype": "channel_join",
    "ts": "1668760648.190629",
    "user": "U03UD5B7C3X",
    "text": "<@U03UD5B7C3X> has joined the channel",
    "inviter": "U03UL5LSTG9"
  },
  {
    "type": "message",
    "subtype": "channel_join",
    "ts": "1668760648.275469",
    "user": "U03UG0YHAUT",
    "text": "<@U03UG0YHAUT> has joined the channel",
    "inviter": "U03UL5LSTG9"
  },
  {
    "type": "message",
    "subtype": "channel_join",
    "ts": "1668760648.340389",
    "user": "U03U1GHT39V",
    "text": "<@U03U1GHT39V> has joined the channel",
    "inviter": "U03UL5LSTG9"
  },
  {
    "type": "message",
    "subtype": "channel_join",
    "ts": "1668760648.404659",
    "user": "U03U1HAG9TR",
    "text": "<@U03U1HAG9TR> has joined the channel",
    "inviter": "U03UL5LSTG9"
  },
  {
    "type": "message",
    "subtype": "channel_join",
    "ts": "1668760648.465529",
    "user": "U03UG5VFN03",
    "text": "<@U03UG5VFN03> has joined the channel",
    "inviter": "U03UL5LSTG9"
  },
  {
    "type": "message",
    "subtype": "channel_join",
    "ts": "1668760648.530559",
    "user": "U03U4GULU3Y",
    "text": "<@U03U4GULU3Y> has joined the channel",
    "inviter": "U03UL5LSTG9"
  },
  {
    "type": "message",
    "subtype": "channel_join",
    "ts": "1668760648.596589",
    "user": "U03UUR571A5",
    "text": "<@U03UUR571A5> has joined the channel",
    "inviter": "U03UL5LSTG9"
  },
  {
    "type": "message",
    "subtype": "channel_join",
    "ts": "1668760648.666599",
    "user": "U03UG32J3PC",
    "text": "<@U03UG32J3PC> has joined the channel",
    "inviter": "U03UL5LSTG9"
  },
  {
    "type": "message",
    "subtype": "channel_join",
    "ts": "1668760648.724849",
    "user": "U03UFV7HFNF",
    "text": "<@U03UFV7HFNF> has joined the channel",
    "inviter": "U03UL5LSTG9"
  },
  {
    "type": "message",
    "subtype": "channel_join",
    "ts": "1668760648.789009",
    "user": "U03UUS0MZCZ",
    "text": "<@U03UUS0MZCZ> has joined the channel",
    "inviter": "U03UL5LSTG9"
  },
  {
    "type": "message",
    "subtype": "channel_join",
    "ts": "1668760648.854949",
    "user": "U03UG4Q7V42",
    "text": "<@U03UG4Q7V42> has joined the channel",
    "inviter": "U03UL5LSTG9"
  },
  {
    "type": "message",
    "subtype": "channel_join",
    "ts": "1668760648.921119",
    "user": "U03U9DB7REG",
    "text": "<@U03U9DB7REG> has joined the channel",
    "inviter": "U03UL5LSTG9"
  },
  {
    "type": "message",
    "subtype": "channel_join",
    "ts": "1668760648.982879",
    "user": "U03UUN8M4RX",
    "text": "<@U03UUN8M4RX> has joined the channel",
    "inviter": "U03UL5LSTG9"
  },
  {
    "type": "message",
    "subtype": "channel_join",
    "ts": "1668760649.047239",
    "user": "U03UKL27B0R",
    "text": "<@U03UKL27B0R> has joined the channel",
    "inviter": "U03UL5LSTG9"
  }
]