[
  {
    "client_msg_id": "17330ba2-a867-439c-b520-8b6fbe3767e8",
    "type": "message",
    "text": "Also, any one who want to have a quick recap of the all about the sandbox kindly refer to the following\n<https://developer.algorand.org/articles/introducing-sandbox-quick-way-get-started-algorand/|https://developer.algorand.org/articles/introducing-sandbox-quick-way-get-started-algorand/>\n<https://developer.algorand.org/tutorials/exploring-the-algorand-sandbox/|https://developer.algorand.org/tutorials/exploring-the-algorand-sandbox/>\n<https://dappradar.com/blog/an-introduction-to-algorand-dapp-development|https://dappradar.com/blog/an-introduction-to-algorand-dapp-development>",
    "user": "U03UG0YHAUT",
    "ts": "1664263685.670079",
    "blocks": [
      {
        "type": "rich_text",
        "block_id": "aQ8",
        "elements": [
          {
            "type": "rich_text_section",
            "elements": [
              {
                "type": "text",
                "text": "Also, any one who want to have a quick recap of the all about the sandbox kindly refer to the following\n"
              },
              {
                "type": "link",
                "url": "https://developer.algorand.org/articles/introducing-sandbox-quick-way-get-started-algorand/",
                "text": "https://developer.algorand.org/articles/introducing-sandbox-quick-way-get-started-algorand/"
              },
              {
                "type": "text",
                "text": "\n"
              },
              {
                "type": "link",
                "url": "https://developer.algorand.org/tutorials/exploring-the-algorand-sandbox/",
                "text": "https://developer.algorand.org/tutorials/exploring-the-algorand-sandbox/"
              },
              {
                "type": "text",
                "text": "\n"
              },
              {
                "type": "link",
                "url": "https://dappradar.com/blog/an-introduction-to-algorand-dapp-development",
                "text": "https://dappradar.com/blog/an-introduction-to-algorand-dapp-development"
              }
            ]
          }
        ]
      }
    ],
    "team": "T03U4J8HMUG",
    "user_team": "T03U4J8HMUG",
    "source_team": "T03U4J8HMUG",
    "user_profile": {
      "avatar_hash": "e7b0c8269999",
      "image_72": "https://avatars.slack-edge.com/2022-09-20/4099393715542_e7b0c82699998d3b3ade_72.jpg",
      "first_name": "Daniel",
      "real_name": "Daniel Brown",
      "display_name": "Daniel Brown",
      "team": "T03U4J8HMUG",
      "name": "Daniel",
      "is_restricted": false,
      "is_ultra_restricted": false
    },
    "attachments": [
      {
        "from_url": "https://developer.algorand.org/articles/introducing-sandbox-quick-way-get-started-algorand/",
        "image_url": "https://algorand-developer-portal.tryprism.com/static/Posts/2020/04/01 03:44/sandbox.jpeg?w=1200&cmd=resize_then_crop&height=630&quality=70",
        "image_width": 476,
        "image_height": 250,
        "image_bytes": 75060,
        "service_icon": "https://algorand-devloper-portal-app.s3.amazonaws.com/static/img/favicon.png",
        "id": 1,
        "original_url": "https://developer.algorand.org/articles/introducing-sandbox-quick-way-get-started-algorand/",
        "fallback": "Introducing Sandbox: The quick way to get started on Algorand",
        "text": "Sandbox makes the process of node creation and configuration seamless with several helpful commands for containerization and process management. It i\u2026",
        "title": "Introducing Sandbox: The quick way to get started on Algorand",
        "title_link": "https://developer.algorand.org/articles/introducing-sandbox-quick-way-get-started-algorand/",
        "service_name": "developer.algorand.org"
      },
      {
        "from_url": "https://developer.algorand.org/tutorials/exploring-the-algorand-sandbox/",
        "image_url": "https://algorand-developer-portal.tryprism.com/static/Posts/2021/07/22 11:30/markus-spiske-ku3loaip-tq-unsp.jpg?w=1200&cmd=resize_then_crop&height=630&quality=70",
        "image_width": 476,
        "image_height": 250,
        "image_bytes": 117015,
        "service_icon": "https://algorand-devloper-portal-app.s3.amazonaws.com/static/img/favicon.png",
        "id": 2,
        "original_url": "https://developer.algorand.org/tutorials/exploring-the-algorand-sandbox/",
        "fallback": "Exploring the Algorand Sandbox",
        "text": "Explore how the Algorand sandbox works, it's configuration files, interesting artifacts, and how to spin up your custom Algorand network from a genes\u2026",
        "title": "Exploring the Algorand Sandbox",
        "title_link": "https://developer.algorand.org/tutorials/exploring-the-algorand-sandbox/",
        "service_name": "developer.algorand.org"
      }
    ]
  },
  {
    "client_msg_id": "b90dc706-fbda-4592-b126-5e08c2a282e3",
    "type": "message",
    "text": "<https://dispenser.testnet.aws.algodev.network/>\n\nget your algos here!!!",
    "user": "U03UVHCV6KB",
    "ts": "1664268329.046039",
    "blocks": [
      {
        "type": "rich_text",
        "block_id": "UUHdo",
        "elements": [
          {
            "type": "rich_text_section",
            "elements": [
              {
                "type": "link",
                "url": "https://dispenser.testnet.aws.algodev.network/"
              },
              {
                "type": "text",
                "text": "\n\nget your algos here!!!"
              }
            ]
          }
        ]
      }
    ],
    "team": "T03U4J8HMUG",
    "user_team": "T03U4J8HMUG",
    "source_team": "T03U4J8HMUG",
    "user_profile": {
      "avatar_hash": "gc9619121f99",
      "image_72": "https://secure.gravatar.com/avatar/c9619121f998ee4a7e46177f2a5729de.jpg?s=72&d=https%3A%2F%2Fa.slack-edge.com%2Fdf10d%2Fimg%2Favatars%2Fava_0002-72.png",
      "first_name": "Travis",
      "real_name": "Travis Butler",
      "display_name": "Travis Butler",
      "team": "T03U4J8HMUG",
      "name": "Travis",
      "is_restricted": false,
      "is_ultra_restricted": false
    },
    "reactions": [
      {
        "name": "white_check_mark",
        "users": [
          "U03UD68RQH3"
        ],
        "count": 1
      }
    ]
  },
  {
    "client_msg_id": "8f6aa4cc-853d-4406-a779-9d583ad22bbd",
    "type": "message",
    "text": "<https://testnet.algoexplorer.io/>\n\ntest your algos and your balance here !!!",
    "user": "U03UVHCV6KB",
    "ts": "1664269622.967229",
    "blocks": [
      {
        "type": "rich_text",
        "block_id": "Cnv",
        "elements": [
          {
            "type": "rich_text_section",
            "elements": [
              {
                "type": "link",
                "url": "https://testnet.algoexplorer.io/"
              },
              {
                "type": "text",
                "text": "\n\ntest your algos and your balance here !!!"
              }
            ]
          }
        ]
      }
    ],
    "team": "T03U4J8HMUG",
    "user_team": "T03U4J8HMUG",
    "source_team": "T03U4J8HMUG",
    "user_profile": {
      "avatar_hash": "gc9619121f99",
      "image_72": "https://secure.gravatar.com/avatar/c9619121f998ee4a7e46177f2a5729de.jpg?s=72&d=https%3A%2F%2Fa.slack-edge.com%2Fdf10d%2Fimg%2Favatars%2Fava_0002-72.png",
      "first_name": "Travis",
      "real_name": "Travis Butler",
      "display_name": "Travis Butler",
      "team": "T03U4J8HMUG",
      "name": "Travis",
      "is_restricted": false,
      "is_ultra_restricted": false
    },
    "attachments": [
      {
        "from_url": "https://testnet.algoexplorer.io/",
        "service_icon": "https://testnet.algoexplorer.io/icons/apple-touch-icon.png?v=7k4O26MvEA",
        "id": 1,
        "original_url": "https://testnet.algoexplorer.io/",
        "fallback": "Algorand Testnet Blockchain Explorer",
        "text": "AlgoExplorer allows you to explore and search the Algorand blockchain for transactions, addresses, stake rewards, stats, tokens, price and other activities taking place on the Algorand network.",
        "title": "Algorand Testnet Blockchain Explorer",
        "title_link": "https://testnet.algoexplorer.io/",
        "service_name": "testnet.algoexplorer.io"
      }
    ]
  },
  {
    "client_msg_id": "09ecb654-b3a9-4cd4-9c04-255788df28d9",
    "type": "message",
    "text": "<https://developer.algorand.org/docs/run-a-node/operations/switch_networks/>",
    "user": "U03UJN29Y4C",
    "ts": "1664269648.035709",
    "blocks": [
      {
        "type": "rich_text",
        "block_id": "0atAJ",
        "elements": [
          {
            "type": "rich_text_section",
            "elements": [
              {
                "type": "link",
                "url": "https://developer.algorand.org/docs/run-a-node/operations/switch_networks/"
              }
            ]
          }
        ]
      }
    ],
    "team": "T03U4J8HMUG",
    "user_team": "T03U4J8HMUG",
    "source_team": "T03U4J8HMUG",
    "user_profile": {
      "avatar_hash": "9bf024280cf1",
      "image_72": "https://avatars.slack-edge.com/2022-10-08/4190947116101_9bf024280cf14dffb003_72.jpg",
      "first_name": "Michelle",
      "real_name": "Michelle Lewis",
      "display_name": "Michelle Lewis",
      "team": "T03U4J8HMUG",
      "name": "Michelle",
      "is_restricted": false,
      "is_ultra_restricted": false
    },
    "attachments": [
      {
        "from_url": "https://developer.algorand.org/docs/run-a-node/operations/switch_networks/",
        "image_url": "https://algorand-devloper-portal-app.s3.amazonaws.com/static/img/algorandShareImage.png",
        "image_width": 476,
        "image_height": 250,
        "image_bytes": 275201,
        "service_icon": "https://developer.algorand.org/docs/assets/images/favicon.png",
        "id": 1,
        "original_url": "https://developer.algorand.org/docs/run-a-node/operations/switch_networks/",
        "fallback": "Switch Networks - Algorand Developer Portal",
        "text": "Algorand Developer Docs, SDKs, REST APIs, CLI tools, ecosystem projects, metrics dashboard and sample code, how-tos, and news from the Algorand developer community",
        "title": "Switch Networks - Algorand Developer Portal",
        "title_link": "https://developer.algorand.org/docs/run-a-node/operations/switch_networks/",
        "service_name": "developer.algorand.org"
      }
    ]
  },
  {
    "client_msg_id": "802cce9b-5a28-4254-a09a-852a370e3539",
    "type": "message",
    "text": "<https://developer.algorand.org/tutorials/create-account-testnet-python/#1-generate-an-algorand-key-pair>",
    "user": "U03UVHCV6KB",
    "ts": "1664276315.024729",
    "blocks": [
      {
        "type": "rich_text",
        "block_id": "cKQu",
        "elements": [
          {
            "type": "rich_text_section",
            "elements": [
              {
                "type": "link",
                "url": "https://developer.algorand.org/tutorials/create-account-testnet-python/#1-generate-an-algorand-key-pair"
              }
            ]
          }
        ]
      }
    ],
    "team": "T03U4J8HMUG",
    "user_team": "T03U4J8HMUG",
    "source_team": "T03U4J8HMUG",
    "user_profile": {
      "avatar_hash": "gc9619121f99",
      "image_72": "https://secure.gravatar.com/avatar/c9619121f998ee4a7e46177f2a5729de.jpg?s=72&d=https%3A%2F%2Fa.slack-edge.com%2Fdf10d%2Fimg%2Favatars%2Fava_0002-72.png",
      "first_name": "Travis",
      "real_name": "Travis Butler",
      "display_name": "Travis Butler",
      "team": "T03U4J8HMUG",
      "name": "Travis",
      "is_restricted": false,
      "is_ultra_restricted": false
    },
    "attachments": [
      {
        "from_url": "https://developer.algorand.org/tutorials/create-account-testnet-python/#1-generate-an-algorand-key-pair",
        "image_url": "https://algorand-developer-portal.tryprism.com/static/Posts/2020/04/07 16:05/Piggy_bank__S1U5DvA.jpg?w=1200&cmd=resize_then_crop&height=630&quality=70",
        "image_width": 476,
        "image_height": 250,
        "image_bytes": 26890,
        "service_icon": "https://algorand-devloper-portal-app.s3.amazonaws.com/static/img/favicon.png",
        "id": 1,
        "original_url": "https://developer.algorand.org/tutorials/create-account-testnet-python/#1-generate-an-algorand-key-pair",
        "fallback": "Create an Account on TestNet with Python",
        "text": "Generate a new account, fund it, and check your balance on TestNet using the Python SDK.",
        "title": "Create an Account on TestNet with Python",
        "title_link": "https://developer.algorand.org/tutorials/create-account-testnet-python/#1-generate-an-algorand-key-pair",
        "service_name": "developer.algorand.org"
      }
    ]
  },
  {
    "client_msg_id": "8ed37b48-f8cb-48e5-b9a0-4f5cd0bafbdc",
    "type": "message",
    "text": "<https://developer.algorand.org/docs/sdks/python/>",
    "user": "U03UVHCV6KB",
    "ts": "1664276332.708099",
    "blocks": [
      {
        "type": "rich_text",
        "block_id": "l60u",
        "elements": [
          {
            "type": "rich_text_section",
            "elements": [
              {
                "type": "link",
                "url": "https://developer.algorand.org/docs/sdks/python/"
              }
            ]
          }
        ]
      }
    ],
    "team": "T03U4J8HMUG",
    "user_team": "T03U4J8HMUG",
    "source_team": "T03U4J8HMUG",
    "user_profile": {
      "avatar_hash": "gc9619121f99",
      "image_72": "https://secure.gravatar.com/avatar/c9619121f998ee4a7e46177f2a5729de.jpg?s=72&d=https%3A%2F%2Fa.slack-edge.com%2Fdf10d%2Fimg%2Favatars%2Fava_0002-72.png",
      "first_name": "Travis",
      "real_name": "Travis Butler",
      "display_name": "Travis Butler",
      "team": "T03U4J8HMUG",
      "name": "Travis",
      "is_restricted": false,
      "is_ultra_restricted": false
    },
    "attachments": [
      {
        "from_url": "https://developer.algorand.org/docs/sdks/python/",
        "image_url": "https://algorand-devloper-portal-app.s3.amazonaws.com/static/img/algorandShareImage.png",
        "image_width": 476,
        "image_height": 250,
        "image_bytes": 275201,
        "service_icon": "https://developer.algorand.org/docs/assets/images/favicon.png",
        "id": 1,
        "original_url": "https://developer.algorand.org/docs/sdks/python/",
        "fallback": "Your first transaction - Algorand Developer Portal",
        "text": "Algorand Developer Docs, SDKs, REST APIs, CLI tools, ecosystem projects, metrics dashboard and sample code, how-tos, and news from the Algorand developer community",
        "title": "Your first transaction - Algorand Developer Portal",
        "title_link": "https://developer.algorand.org/docs/sdks/python/",
        "service_name": "developer.algorand.org"
      }
    ]
  },
  {
    "client_msg_id": "3aee8bc1-8fa9-42a2-830e-bb4e4f21935b",
    "type": "message",
    "text": "<https://youtu.be/NykZ-ZSKkxM>",
    "user": "U03V61VGQG0",
    "ts": "1664276390.809849",
    "blocks": [
      {
        "type": "rich_text",
        "block_id": "vjIUU",
        "elements": [
          {
            "type": "rich_text_section",
            "elements": [
              {
                "type": "link",
                "url": "https://youtu.be/NykZ-ZSKkxM"
              }
            ]
          }
        ]
      }
    ],
    "team": "T03U4J8HMUG",
    "user_team": "T03U4J8HMUG",
    "source_team": "T03U4J8HMUG",
    "user_profile": {
      "avatar_hash": "5e18062f5298",
      "image_72": "https://avatars.slack-edge.com/2022-08-29/3997574519670_5e18062f5298c6182ca5_72.jpg",
      "first_name": "Paula",
      "real_name": "Paula Bryant",
      "display_name": "Paula Bryant",
      "team": "T03U4J8HMUG",
      "name": "Paula",
      "is_restricted": false,
      "is_ultra_restricted": false
    },
    "attachments": [
      {
        "from_url": "https://youtu.be/NykZ-ZSKkxM",
        "thumb_url": "https://i.ytimg.com/vi/NykZ-ZSKkxM/hqdefault.jpg",
        "thumb_width": 480,
        "thumb_height": 360,
        "video_html": "<iframe width=\"400\" height=\"225\" src=\"https://www.youtube.com/embed/NykZ-ZSKkxM?feature=oembed&autoplay=1&iv_load_policy=3\" frameborder=\"0\" allow=\"accelerometer; autoplay; clipboard-write; encrypted-media; gyroscope; picture-in-picture\" allowfullscreen title=\"Silvio Micali's Lecture on Algorand\"></iframe>",
        "video_html_width": 400,
        "video_html_height": 225,
        "service_icon": "https://a.slack-edge.com/80588/img/unfurl_icons/youtube.png",
        "id": 1,
        "original_url": "https://youtu.be/NykZ-ZSKkxM",
        "fallback": "YouTube Video: Silvio Micali's Lecture on Algorand",
        "title": "Silvio Micali's Lecture on Algorand",
        "title_link": "https://youtu.be/NykZ-ZSKkxM",
        "author_name": "Algorand",
        "author_link": "https://www.youtube.com/c/Algorand",
        "service_name": "YouTube",
        "service_url": "https://www.youtube.com/"
      }
    ]
  },
  {
    "client_msg_id": "84f31191-d720-4887-af36-13231f974af5",
    "type": "message",
    "text": "<https://developer.algorand.org/docs/get-started/dapps/>",
    "user": "U03V61VGQG0",
    "ts": "1664279758.420069",
    "blocks": [
      {
        "type": "rich_text",
        "block_id": "Hui",
        "elements": [
          {
            "type": "rich_text_section",
            "elements": [
              {
                "type": "link",
                "url": "https://developer.algorand.org/docs/get-started/dapps/"
              }
            ]
          }
        ]
      }
    ],
    "team": "T03U4J8HMUG",
    "user_team": "T03U4J8HMUG",
    "source_team": "T03U4J8HMUG",
    "user_profile": {
      "avatar_hash": "5e18062f5298",
      "image_72": "https://avatars.slack-edge.com/2022-08-29/3997574519670_5e18062f5298c6182ca5_72.jpg",
      "first_name": "Paula",
      "real_name": "Paula Bryant",
      "display_name": "Paula Bryant",
      "team": "T03U4J8HMUG",
      "name": "Paula",
      "is_restricted": false,
      "is_ultra_restricted": false
    },
    "attachments": [
      {
        "from_url": "https://developer.algorand.org/docs/get-started/dapps/",
        "image_url": "https://algorand-devloper-portal-app.s3.amazonaws.com/static/img/algorandShareImage.png",
        "image_width": 476,
        "image_height": 250,
        "image_bytes": 275201,
        "service_icon": "https://developer.algorand.org/docs/assets/images/favicon.png",
        "id": 1,
        "original_url": "https://developer.algorand.org/docs/get-started/dapps/",
        "fallback": "What is a dApp? - Algorand Developer Portal",
        "text": "Algorand Developer Docs, SDKs, REST APIs, CLI tools, ecosystem projects, metrics dashboard and sample code, how-tos, and news from the Algorand developer community",
        "title": "What is a dApp? - Algorand Developer Portal",
        "title_link": "https://developer.algorand.org/docs/get-started/dapps/",
        "service_name": "developer.algorand.org"
      }
    ]
  },
  {
    "client_msg_id": "8a41d8a8-c491-4cf1-8167-9cb2d0d000ba",
    "type": "message",
    "text": "<https://www.youtube.com/watch?v=OOlUXonYTNA&amp;t=29s>",
    "user": "U03UG1Z21JP",
    "ts": "1664281912.612769",
    "blocks": [
      {
        "type": "rich_text",
        "block_id": "WNiX",
        "elements": [
          {
            "type": "rich_text_section",
            "elements": [
              {
                "type": "link",
                "url": "https://www.youtube.com/watch?v=OOlUXonYTNA&t=29s"
              }
            ]
          }
        ]
      }
    ],
    "team": "T03U4J8HMUG",
    "user_team": "T03U4J8HMUG",
    "source_team": "T03U4J8HMUG",
    "user_profile": {
      "avatar_hash": "a1d3d501dd5d",
      "image_72": "https://avatars.slack-edge.com/2022-08-20/3961568205638_a1d3d501dd5d3f7ebea3_72.jpg",
      "first_name": "Jennifer",
      "real_name": "Jennifer Foley",
      "display_name": "Jennifer Foley",
      "team": "T03U4J8HMUG",
      "name": "Jennifer",
      "is_restricted": false,
      "is_ultra_restricted": false
    },
    "attachments": [
      {
        "from_url": "https://www.youtube.com/watch?v=OOlUXonYTNA&amp;t=29s",
        "thumb_url": "https://i.ytimg.com/vi/OOlUXonYTNA/hqdefault.jpg",
        "thumb_width": 480,
        "thumb_height": 360,
        "video_html": "<iframe width=\"400\" height=\"225\" src=\"https://www.youtube.com/embed/OOlUXonYTNA?feature=oembed&start=29&autoplay=1&iv_load_policy=3\" frameborder=\"0\" allow=\"accelerometer; autoplay; clipboard-write; encrypted-media; gyroscope; picture-in-picture\" allowfullscreen title=\"Developer Office Hours | How to set up your Algorand Sandbox Environment\"></iframe>",
        "video_html_width": 400,
        "video_html_height": 225,
        "service_icon": "https://a.slack-edge.com/80588/img/unfurl_icons/youtube.png",
        "id": 1,
        "original_url": "https://www.youtube.com/watch?v=OOlUXonYTNA&amp;t=29s",
        "fallback": "YouTube Video: Developer Office Hours | How to set up your Algorand Sandbox Environment",
        "title": "Developer Office Hours | How to set up your Algorand Sandbox Environment",
        "title_link": "https://www.youtube.com/watch?v=OOlUXonYTNA&amp;t=29s",
        "author_name": "Algorand",
        "author_link": "https://www.youtube.com/c/Algorand",
        "service_name": "YouTube",
        "service_url": "https://www.youtube.com/"
      }
    ]
  },
  {
    "client_msg_id": "e2a340f8-69f8-4233-acd8-7f6bef39e499",
    "type": "message",
    "text": "it works\n<https://developer.algorand.org/docs/sdks/python/>",
    "user": "U03U9EJR362",
    "ts": "1664282522.183079",
    "blocks": [
      {
        "type": "rich_text",
        "block_id": "wKJ1",
        "elements": [
          {
            "type": "rich_text_section",
            "elements": [
              {
                "type": "text",
                "text": "it works\n"
              },
              {
                "type": "link",
                "url": "https://developer.algorand.org/docs/sdks/python/"
              }
            ]
          }
        ]
      }
    ],
    "team": "T03U4J8HMUG",
    "user_team": "T03U4J8HMUG",
    "source_team": "T03U4J8HMUG",
    "user_profile": {
      "avatar_hash": "gc0133e965fb",
      "image_72": "https://secure.gravatar.com/avatar/c0133e965fb5500f9a83b69df54a7dc6.jpg?s=72&d=https%3A%2F%2Fa.slack-edge.com%2Fdf10d%2Fimg%2Favatars%2Fava_0006-72.png",
      "first_name": "Nicholas",
      "real_name": "Nicholas Friedman",
      "display_name": "Nicholas Friedman",
      "team": "T03U4J8HMUG",
      "name": "Nicholas",
      "is_restricted": false,
      "is_ultra_restricted": false
    },
    "attachments": [
      {
        "from_url": "https://developer.algorand.org/docs/sdks/python/",
        "image_url": "https://algorand-devloper-portal-app.s3.amazonaws.com/static/img/algorandShareImage.png",
        "image_width": 476,
        "image_height": 250,
        "image_bytes": 275201,
        "service_icon": "https://developer.algorand.org/docs/assets/images/favicon.png",
        "id": 1,
        "original_url": "https://developer.algorand.org/docs/sdks/python/",
        "fallback": "Your first transaction - Algorand Developer Portal",
        "text": "Algorand Developer Docs, SDKs, REST APIs, CLI tools, ecosystem projects, metrics dashboard and sample code, how-tos, and news from the Algorand developer community",
        "title": "Your first transaction - Algorand Developer Portal",
        "title_link": "https://developer.algorand.org/docs/sdks/python/",
        "service_name": "developer.algorand.org"
      }
    ],
    "thread_ts": "1664282522.183079",
    "reply_count": 1,
    "reply_users_count": 1,
    "latest_reply": "1664283013.210219",
    "reply_users": [
      "U03UHB8CXDY"
    ],
    "replies": [
      {
        "user": "U03UHB8CXDY",
        "ts": "1664283013.210219"
      }
    ],
    "is_locked": false,
    "subscribed": false
  },
  {
    "client_msg_id": "9eeafa60-e8e1-4b07-8f43-e1dc7c055cec",
    "type": "message",
    "text": "<https://www.youtube.com/watch?v=ku2hFalMWmA&amp;ab_channel=Algorand>\n\nyou can follow this also",
    "user": "U03V61VGQG0",
    "ts": "1664282563.470689",
    "blocks": [
      {
        "type": "rich_text",
        "block_id": "ykKs",
        "elements": [
          {
            "type": "rich_text_section",
            "elements": [
              {
                "type": "link",
                "url": "https://www.youtube.com/watch?v=ku2hFalMWmA&ab_channel=Algorand"
              },
              {
                "type": "text",
                "text": "\n\nyou can follow this also"
              }
            ]
          }
        ]
      }
    ],
    "team": "T03U4J8HMUG",
    "user_team": "T03U4J8HMUG",
    "source_team": "T03U4J8HMUG",
    "user_profile": {
      "avatar_hash": "5e18062f5298",
      "image_72": "https://avatars.slack-edge.com/2022-08-29/3997574519670_5e18062f5298c6182ca5_72.jpg",
      "first_name": "Paula",
      "real_name": "Paula Bryant",
      "display_name": "Paula Bryant",
      "team": "T03U4J8HMUG",
      "name": "Paula",
      "is_restricted": false,
      "is_ultra_restricted": false
    },
    "attachments": [
      {
        "from_url": "https://www.youtube.com/watch?v=ku2hFalMWmA&amp;ab_channel=Algorand",
        "thumb_url": "https://i.ytimg.com/vi/ku2hFalMWmA/hqdefault.jpg",
        "thumb_width": 480,
        "thumb_height": 360,
        "video_html": "<iframe width=\"400\" height=\"225\" src=\"https://www.youtube.com/embed/ku2hFalMWmA?feature=oembed&autoplay=1&iv_load_policy=3\" frameborder=\"0\" allow=\"accelerometer; autoplay; clipboard-write; encrypted-media; gyroscope; picture-in-picture\" allowfullscreen title=\"Getting Started with Python SDK\"></iframe>",
        "video_html_width": 400,
        "video_html_height": 225,
        "service_icon": "https://a.slack-edge.com/80588/img/unfurl_icons/youtube.png",
        "id": 1,
        "original_url": "https://www.youtube.com/watch?v=ku2hFalMWmA&amp;ab_channel=Algorand",
        "fallback": "YouTube Video: Getting Started with Python SDK",
        "title": "Getting Started with Python SDK",
        "title_link": "https://www.youtube.com/watch?v=ku2hFalMWmA&amp;ab_channel=Algorand",
        "author_name": "Algorand",
        "author_link": "https://www.youtube.com/c/Algorand",
        "service_name": "YouTube",
        "service_url": "https://www.youtube.com/"
      }
    ],
    "reactions": [
      {
        "name": "+1",
        "users": [
          "U03U9EJR362"
        ],
        "count": 1
      }
    ]
  },
  {
    "client_msg_id": "126a38e7-b45a-42f9-8be9-1644c977e0c7",
    "type": "message",
    "text": ":raised_hands:",
    "user": "U03UHB8CXDY",
    "ts": "1664283013.210219",
    "blocks": [
      {
        "type": "rich_text",
        "block_id": "t4o",
        "elements": [
          {
            "type": "rich_text_section",
            "elements": [
              {
                "type": "emoji",
                "name": "raised_hands",
                "unicode": "1f64c"
              }
            ]
          }
        ]
      }
    ],
    "team": "T03U4J8HMUG",
    "user_team": "T03U4J8HMUG",
    "source_team": "T03U4J8HMUG",
    "user_profile": {
      "avatar_hash": "374fee609510",
      "image_72": "https://avatars.slack-edge.com/2022-09-30/4159182498980_374fee609510e6ff1526_72.jpg",
      "first_name": "Yvonne",
      "real_name": "Yvonne Gonzalez",
      "display_name": "Yvonne Gonzalez",
      "team": "T03U4J8HMUG",
      "name": "Yvonne",
      "is_restricted": false,
      "is_ultra_restricted": false
    },
    "thread_ts": "1664282522.183079",
    "parent_user_id": "U03U9EJR362"
  },
  {
    "client_msg_id": "26892ba8-86ce-4b66-8386-1fcfbda9c7fa",
    "type": "message",
    "text": "<https://explorer.dappflow.org/explorer/home>",
    "user": "U03UVHCV6KB",
    "ts": "1664283062.506649",
    "blocks": [
      {
        "type": "rich_text",
        "block_id": "lMLgg",
        "elements": [
          {
            "type": "rich_text_section",
            "elements": [
              {
                "type": "link",
                "url": "https://explorer.dappflow.org/explorer/home"
              }
            ]
          }
        ]
      }
    ],
    "team": "T03U4J8HMUG",
    "user_team": "T03U4J8HMUG",
    "source_team": "T03U4J8HMUG",
    "user_profile": {
      "avatar_hash": "gc9619121f99",
      "image_72": "https://secure.gravatar.com/avatar/c9619121f998ee4a7e46177f2a5729de.jpg?s=72&d=https%3A%2F%2Fa.slack-edge.com%2Fdf10d%2Fimg%2Favatars%2Fava_0002-72.png",
      "first_name": "Travis",
      "real_name": "Travis Butler",
      "display_name": "Travis Butler",
      "team": "T03U4J8HMUG",
      "name": "Travis",
      "is_restricted": false,
      "is_ultra_restricted": false
    },
    "attachments": [
      {
        "from_url": "https://explorer.dappflow.org/explorer/home",
        "service_icon": "https://explorer.dappflow.org/logo192.png",
        "id": 1,
        "original_url": "https://explorer.dappflow.org/explorer/home",
        "fallback": "Dappflow",
        "text": "Dappflow",
        "title": "Dappflow",
        "title_link": "https://explorer.dappflow.org/explorer/home",
        "service_name": "explorer.dappflow.org"
      }
    ]
  },
  {
    "client_msg_id": "3a680b1c-2b87-46d0-adab-aae377f9d594",
    "type": "message",
    "text": "<https://explorer.dappflow.org/developer-api/algod>",
    "user": "U03UVHCV6KB",
    "ts": "1664285400.490279",
    "blocks": [
      {
        "type": "rich_text",
        "block_id": "1jSb",
        "elements": [
          {
            "type": "rich_text_section",
            "elements": [
              {
                "type": "link",
                "url": "https://explorer.dappflow.org/developer-api/algod"
              }
            ]
          }
        ]
      }
    ],
    "team": "T03U4J8HMUG",
    "user_team": "T03U4J8HMUG",
    "source_team": "T03U4J8HMUG",
    "user_profile": {
      "avatar_hash": "gc9619121f99",
      "image_72": "https://secure.gravatar.com/avatar/c9619121f998ee4a7e46177f2a5729de.jpg?s=72&d=https%3A%2F%2Fa.slack-edge.com%2Fdf10d%2Fimg%2Favatars%2Fava_0002-72.png",
      "first_name": "Travis",
      "real_name": "Travis Butler",
      "display_name": "Travis Butler",
      "team": "T03U4J8HMUG",
      "name": "Travis",
      "is_restricted": false,
      "is_ultra_restricted": false
    },
    "attachments": [
      {
        "from_url": "https://explorer.dappflow.org/developer-api/algod",
        "service_icon": "https://explorer.dappflow.org/logo192.png",
        "id": 1,
        "original_url": "https://explorer.dappflow.org/developer-api/algod",
        "fallback": "Dappflow",
        "text": "Dappflow",
        "title": "Dappflow",
        "title_link": "https://explorer.dappflow.org/developer-api/algod",
        "service_name": "explorer.dappflow.org"
      }
    ]
  },
  {
    "client_msg_id": "a2e2e4c1-ddc0-433f-b3c5-6b7b3d96e4b2",
    "type": "message",
    "text": "from Yididiya\n<https://www.purestake.com/technology/algorand-api/>",
    "user": "U03UG4Q7V42",
    "ts": "1664287350.574339",
    "blocks": [
      {
        "type": "rich_text",
        "block_id": "/TCWP",
        "elements": [
          {
            "type": "rich_text_section",
            "elements": [
              {
                "type": "text",
                "text": "from Yididiya\n"
              },
              {
                "type": "link",
                "url": "https://www.purestake.com/technology/algorand-api/"
              }
            ]
          }
        ]
      }
    ],
    "team": "T03U4J8HMUG",
    "user_team": "T03U4J8HMUG",
    "source_team": "T03U4J8HMUG",
    "user_profile": {
      "avatar_hash": "5bc346a85286",
      "image_72": "https://avatars.slack-edge.com/2022-08-20/3968048875651_5bc346a852866218ec6b_72.png",
      "first_name": "Phillip",
      "real_name": "Phillip Atkins",
      "display_name": "Phillip Atkins",
      "team": "T03U4J8HMUG",
      "name": "Phillip",
      "is_restricted": false,
      "is_ultra_restricted": false
    },
    "attachments": [
      {
        "from_url": "https://www.purestake.com/technology/algorand-api/",
        "image_url": "https://www.purestake.com/wp-content/uploads/2019/05/PureStake_Site_Logo.png",
        "image_width": 265,
        "image_height": 250,
        "image_bytes": 183722,
        "service_icon": "https://www.purestake.com/wp-content/uploads/2019/05/cropped-PureStake_Site_Logo-180x180.png",
        "id": 1,
        "original_url": "https://www.purestake.com/technology/algorand-api/",
        "fallback": "PureStake: Easy-to-Use Algorand API for Developers | PureStake",
        "text": "PureStake\u2019s Algorand API service is designed to allow developers to quickly get-up-and-running on the Algorand network.",
        "title": "Easy-to-Use Algorand API for Developers | PureStake",
        "title_link": "https://www.purestake.com/technology/algorand-api/",
        "service_name": "PureStake"
      }
    ]
  },
  {
    "client_msg_id": "9b9fb327-27ae-415a-8a69-cc94432949fb",
    "type": "message",
    "text": "<https://d.mba/blog/school-certificates-for-the-digital-age>\nYou can use this as a reference when working on your application.",
    "user": "U03UKL27B0R",
    "ts": "1664291727.918499",
    "blocks": [
      {
        "type": "rich_text",
        "block_id": "7T2j",
        "elements": [
          {
            "type": "rich_text_section",
            "elements": [
              {
                "type": "link",
                "url": "https://d.mba/blog/school-certificates-for-the-digital-age"
              },
              {
                "type": "text",
                "text": "\nYou can use this as a reference when working on your application."
              }
            ]
          }
        ]
      }
    ],
    "team": "T03U4J8HMUG",
    "user_team": "T03U4J8HMUG",
    "source_team": "T03U4J8HMUG",
    "user_profile": {
      "avatar_hash": "85058b6ca368",
      "image_72": "https://avatars.slack-edge.com/2022-08-18/3961513756852_85058b6ca368839d0014_72.png",
      "first_name": "Brittany",
      "real_name": "Brittany Garcia",
      "display_name": "Brittany Garcia",
      "team": "T03U4J8HMUG",
      "name": "Brittany",
      "is_restricted": false,
      "is_ultra_restricted": false
    },
    "attachments": [
      {
        "from_url": "https://d.mba/blog/school-certificates-for-the-digital-age",
        "thumb_url": "http://static1.squarespace.com/static/5a5331d3b1ffb6ca7203df4e/t/620a77c6a21fd36a1ee36fb0/1644853190334/d.MBA+Certificates.jpg?format=1500w",
        "thumb_width": 1200,
        "thumb_height": 630,
        "service_icon": "https://images.squarespace-cdn.com/content/v1/5a5331d3b1ffb6ca7203df4e/1594644391253-BIB70NDUJHMH8U4FY2E5/favicon.ico?format=100w",
        "id": 1,
        "original_url": "https://d.mba/blog/school-certificates-for-the-digital-age",
        "fallback": "d.MBA: School certificates for the digital age",
        "text": "School certificates and diplomas used to represent a sense of pride and accomplishment. Something worth a permanent place in our physical space. Our parents framed and hung their diplomas on the walls.&amp;nbsp; And what happens with certificates today?&amp;nbsp; The best-case scenario is taking a",
        "title": "School certificates for the digital age",
        "title_link": "https://d.mba/blog/school-certificates-for-the-digital-age",
        "service_name": "d.MBA"
      }
    ],
    "thread_ts": "1664291727.918499",
    "reply_count": 1,
    "reply_users_count": 1,
    "latest_reply": "1664294351.782189",
    "reply_users": [
      "U03UJN29Y4C"
    ],
    "replies": [
      {
        "user": "U03UJN29Y4C",
        "ts": "1664294351.782189"
      }
    ],
    "is_locked": false,
    "subscribed": false,
    "reactions": [
      {
        "name": "raised_hands",
        "users": [
          "U03V61VGQG0",
          "U03U9EJR362",
          "U03UG1Z21JP",
          "U03UVHCV6KB"
        ],
        "count": 4
      },
      {
        "name": "raised_hands::skin-tone-4",
        "users": [
          "U03UG4Q7V42"
        ],
        "count": 1
      }
    ]
  },
  {
    "client_msg_id": "75d944ce-c0a4-4503-85b3-38a3aa0e70e9",
    "type": "message",
    "text": "<https://www.youtube.com/watch?v=ku2hFalMWmA>",
    "user": "U03UHB8CXDY",
    "ts": "1664292381.479139",
    "blocks": [
      {
        "type": "rich_text",
        "block_id": "chq0",
        "elements": [
          {
            "type": "rich_text_section",
            "elements": [
              {
                "type": "link",
                "url": "https://www.youtube.com/watch?v=ku2hFalMWmA"
              }
            ]
          }
        ]
      }
    ],
    "team": "T03U4J8HMUG",
    "user_team": "T03U4J8HMUG",
    "source_team": "T03U4J8HMUG",
    "user_profile": {
      "avatar_hash": "374fee609510",
      "image_72": "https://avatars.slack-edge.com/2022-09-30/4159182498980_374fee609510e6ff1526_72.jpg",
      "first_name": "Yvonne",
      "real_name": "Yvonne Gonzalez",
      "display_name": "Yvonne Gonzalez",
      "team": "T03U4J8HMUG",
      "name": "Yvonne",
      "is_restricted": false,
      "is_ultra_restricted": false
    },
    "attachments": [
      {
        "from_url": "https://www.youtube.com/watch?v=ku2hFalMWmA",
        "thumb_url": "https://i.ytimg.com/vi/ku2hFalMWmA/hqdefault.jpg",
        "thumb_width": 480,
        "thumb_height": 360,
        "video_html": "<iframe width=\"400\" height=\"225\" src=\"https://www.youtube.com/embed/ku2hFalMWmA?feature=oembed&autoplay=1&iv_load_policy=3\" frameborder=\"0\" allow=\"accelerometer; autoplay; clipboard-write; encrypted-media; gyroscope; picture-in-picture\" allowfullscreen title=\"Getting Started with Python SDK\"></iframe>",
        "video_html_width": 400,
        "video_html_height": 225,
        "service_icon": "https://a.slack-edge.com/80588/img/unfurl_icons/youtube.png",
        "id": 1,
        "original_url": "https://www.youtube.com/watch?v=ku2hFalMWmA",
        "fallback": "YouTube Video: Getting Started with Python SDK",
        "title": "Getting Started with Python SDK",
        "title_link": "https://www.youtube.com/watch?v=ku2hFalMWmA",
        "author_name": "Algorand",
        "author_link": "https://www.youtube.com/c/Algorand",
        "service_name": "YouTube",
        "service_url": "https://www.youtube.com/"
      }
    ]
  },
  {
    "client_msg_id": "cbc2684e-6faa-4526-bee4-a0cada5ded85",
    "type": "message",
    "text": "<https://blog.polygon.technology/apply-to-polygon-bootcamp-africa-and-kickstart-your-web3-developer-journey/|https://blog.polygon.technology/apply-to-polygon-bootcamp-africa-and-kickstart-your-web3-developer-journey/>",
    "user": "U03UUP56MDF",
    "ts": "1664292737.111429",
    "blocks": [
      {
        "type": "rich_text",
        "block_id": "JrEMn",
        "elements": [
          {
            "type": "rich_text_section",
            "elements": [
              {
                "type": "link",
                "url": "https://blog.polygon.technology/apply-to-polygon-bootcamp-africa-and-kickstart-your-web3-developer-journey/",
                "text": "https://blog.polygon.technology/apply-to-polygon-bootcamp-africa-and-kickstart-your-web3-developer-journey/"
              }
            ]
          }
        ]
      }
    ],
    "team": "T03U4J8HMUG",
    "user_team": "T03U4J8HMUG",
    "source_team": "T03U4J8HMUG",
    "user_profile": {
      "avatar_hash": "g00725318689",
      "image_72": "https://secure.gravatar.com/avatar/007253186898705d4f28c384188b8a63.jpg?s=72&d=https%3A%2F%2Fa.slack-edge.com%2Fdf10d%2Fimg%2Favatars%2Fava_0007-72.png",
      "first_name": "Mark",
      "real_name": "Mark Crawford",
      "display_name": "Mark Crawford",
      "team": "T03U4J8HMUG",
      "name": "Mark",
      "is_restricted": false,
      "is_ultra_restricted": false
    },
    "attachments": [
      {
        "from_url": "https://blog.polygon.technology/apply-to-polygon-bootcamp-africa-and-kickstart-your-web3-developer-journey/",
        "ts": 1664175460,
        "image_url": "https://blog.polygon.technology/wp-content/uploads/2022/09/Polygon_Bootcamp_Africa_Hackathon.png",
        "image_width": 444,
        "image_height": 250,
        "image_bytes": 793608,
        "service_icon": "https://blog.polygon.technology/wp-content/uploads/2021/02/cropped-polygon-ico-180x180.png",
        "id": 1,
        "original_url": "https://blog.polygon.technology/apply-to-polygon-bootcamp-africa-and-kickstart-your-web3-developer-journey/",
        "fallback": "Polygon | Blog: Apply to Polygon Bootcamp Africa and Kickstart Your Web3 Developer Journey \u2014 Polygon | Blog",
        "text": "Applications are open for Polygon Bootcamp Africa, launched in partnership with Xend Finance! Apply now to Polygon Bootcamp Africa.",
        "title": "Apply to Polygon Bootcamp Africa and Kickstart Your Web3 Developer Journey \u2014 Polygon | Blog",
        "title_link": "https://blog.polygon.technology/apply-to-polygon-bootcamp-africa-and-kickstart-your-web3-developer-journey/",
        "service_name": "Polygon | Blog",
        "fields": [
          {
            "value": "Polygon Team",
            "title": "Written by",
            "short": true
          },
          {
            "value": "3 minutes",
            "title": "Est. reading time",
            "short": true
          }
        ]
      }
    ]
  },
  {
    "client_msg_id": "fa0b3c92-5828-4259-b6ec-db97e4e645b3",
    "type": "message",
    "text": "<https://www.coinbase.com/blog/a-simple-guide-to-the-web3-stack>",
    "user": "U03UJGRN5E0",
    "ts": "1664294252.639479",
    "blocks": [
      {
        "type": "rich_text",
        "block_id": "er05",
        "elements": [
          {
            "type": "rich_text_section",
            "elements": [
              {
                "type": "link",
                "url": "https://www.coinbase.com/blog/a-simple-guide-to-the-web3-stack"
              }
            ]
          }
        ]
      }
    ],
    "team": "T03U4J8HMUG",
    "user_team": "T03U4J8HMUG",
    "source_team": "T03U4J8HMUG",
    "user_profile": {
      "avatar_hash": "35b05758f532",
      "image_72": "https://avatars.slack-edge.com/2022-09-30/4156429070997_35b05758f532bdef5b5f_72.jpg",
      "first_name": "Katie",
      "real_name": "Katie Dickerson",
      "display_name": "Katie Dickerson",
      "team": "T03U4J8HMUG",
      "name": "Katie",
      "is_restricted": false,
      "is_ultra_restricted": false
    }
  },
  {
    "client_msg_id": "15ca811f-39c7-48e7-9aaf-af3b4718c74a",
    "type": "message",
    "text": "This does not open",
    "user": "U03UJN29Y4C",
    "ts": "1664294351.782189",
    "blocks": [
      {
        "type": "rich_text",
        "block_id": "GXuaC",
        "elements": [
          {
            "type": "rich_text_section",
            "elements": [
              {
                "type": "text",
                "text": "This does not open"
              }
            ]
          }
        ]
      }
    ],
    "team": "T03U4J8HMUG",
    "user_team": "T03U4J8HMUG",
    "source_team": "T03U4J8HMUG",
    "user_profile": {
      "avatar_hash": "9bf024280cf1",
      "image_72": "https://avatars.slack-edge.com/2022-10-08/4190947116101_9bf024280cf14dffb003_72.jpg",
      "first_name": "Michelle",
      "real_name": "Michelle Lewis",
      "display_name": "Michelle Lewis",
      "team": "T03U4J8HMUG",
      "name": "Michelle",
      "is_restricted": false,
      "is_ultra_restricted": false
    },
    "thread_ts": "1664291727.918499",
    "parent_user_id": "U03UKL27B0R"
  },
  {
    "client_msg_id": "4a725522-9a3d-4ef4-945f-25a4e59d1141",
    "type": "message",
    "text": "<https://purestake.github.io/algosigner-dapp-example/>",
    "user": "U03UUR571A5",
    "ts": "1664297751.908139",
    "blocks": [
      {
        "type": "rich_text",
        "block_id": "6ES3j",
        "elements": [
          {
            "type": "rich_text_section",
            "elements": [
              {
                "type": "link",
                "url": "https://purestake.github.io/algosigner-dapp-example/"
              }
            ]
          }
        ]
      }
    ],
    "team": "T03U4J8HMUG",
    "user_team": "T03U4J8HMUG",
    "source_team": "T03U4J8HMUG",
    "user_profile": {
      "avatar_hash": "g95c5cde44bc",
      "image_72": "https://secure.gravatar.com/avatar/95c5cde44bc023bd369920b7e1ed0c94.jpg?s=72&d=https%3A%2F%2Fa.slack-edge.com%2Fdf10d%2Fimg%2Favatars%2Fava_0017-72.png",
      "first_name": "Amy",
      "real_name": "Amy Leon",
      "display_name": "Amy Leon",
      "team": "T03U4J8HMUG",
      "name": "Amy",
      "is_restricted": false,
      "is_ultra_restricted": false
    }
  },
  {
    "client_msg_id": "af3bdcb1-6481-43b9-a13a-44152b4b74b9",
    "type": "message",
    "text": "<https://www.digitalocean.com/community/tutorials/how-to-make-a-web-application-using-flask-in-python-3>",
    "user": "U03UVHCV6KB",
    "ts": "1664300726.225579",
    "blocks": [
      {
        "type": "rich_text",
        "block_id": "nto",
        "elements": [
          {
            "type": "rich_text_section",
            "elements": [
              {
                "type": "link",
                "url": "https://www.digitalocean.com/community/tutorials/how-to-make-a-web-application-using-flask-in-python-3"
              }
            ]
          }
        ]
      }
    ],
    "team": "T03U4J8HMUG",
    "user_team": "T03U4J8HMUG",
    "source_team": "T03U4J8HMUG",
    "user_profile": {
      "avatar_hash": "gc9619121f99",
      "image_72": "https://secure.gravatar.com/avatar/c9619121f998ee4a7e46177f2a5729de.jpg?s=72&d=https%3A%2F%2Fa.slack-edge.com%2Fdf10d%2Fimg%2Favatars%2Fava_0002-72.png",
      "first_name": "Travis",
      "real_name": "Travis Butler",
      "display_name": "Travis Butler",
      "team": "T03U4J8HMUG",
      "name": "Travis",
      "is_restricted": false,
      "is_ultra_restricted": false
    },
    "attachments": [
      {
        "from_url": "https://www.digitalocean.com/community/tutorials/how-to-make-a-web-application-using-flask-in-python-3",
        "thumb_url": "https://www.digitalocean.com/_next/static/media/intro-to-cloud.d49bc5f7.jpeg",
        "thumb_width": 750,
        "thumb_height": 357,
        "service_icon": "https://www.digitalocean.com/_next/static/media/apple-touch-icon.d7edaa01.png",
        "id": 1,
        "original_url": "https://www.digitalocean.com/community/tutorials/how-to-make-a-web-application-using-flask-in-python-3",
        "fallback": "How To Make a Web Application Using Flask in Python 3  | DigitalOcean",
        "text": "Flask is a small and lightweight Python web framework that provides useful tools and features making creating web applications in Python easier. In this tuto\u2026",
        "title": "How To Make a Web Application Using Flask in Python 3  | DigitalOcean",
        "title_link": "https://www.digitalocean.com/community/tutorials/how-to-make-a-web-application-using-flask-in-python-3",
        "service_name": "digitalocean.com"
      }
    ]
  },
  {
    "client_msg_id": "847b4c81-fb64-4ec6-a9e5-3ba183be1030",
    "type": "message",
    "text": "<https://www.youtube.com/watch?v=VFzgwY9get0>",
    "user": "U03UFV7HFNF",
    "ts": "1664308366.098999",
    "blocks": [
      {
        "type": "rich_text",
        "block_id": "JH0",
        "elements": [
          {
            "type": "rich_text_section",
            "elements": [
              {
                "type": "link",
                "url": "https://www.youtube.com/watch?v=VFzgwY9get0"
              }
            ]
          }
        ]
      }
    ],
    "team": "T03U4J8HMUG",
    "user_team": "T03U4J8HMUG",
    "source_team": "T03U4J8HMUG",
    "user_profile": {
      "avatar_hash": "3166d51d23f1",
      "image_72": "https://avatars.slack-edge.com/2022-08-20/3991799522480_3166d51d23f1da2374e9_72.jpg",
      "first_name": "Miguel",
      "real_name": "Miguel Herring",
      "display_name": "Miguel Herring",
      "team": "T03U4J8HMUG",
      "name": "Miguel",
      "is_restricted": false,
      "is_ultra_restricted": false
    },
    "attachments": [
      {
        "from_url": "https://www.youtube.com/watch?v=VFzgwY9get0",
        "thumb_url": "https://i.ytimg.com/vi/VFzgwY9get0/hqdefault.jpg",
        "thumb_width": 480,
        "thumb_height": 360,
        "video_html": "<iframe width=\"400\" height=\"225\" src=\"https://www.youtube.com/embed/VFzgwY9get0?feature=oembed&autoplay=1&iv_load_policy=3\" frameborder=\"0\" allow=\"accelerometer; autoplay; clipboard-write; encrypted-media; gyroscope; picture-in-picture\" allowfullscreen title=\"Blockchain for Python Developers\"></iframe>",
        "video_html_width": 400,
        "video_html_height": 225,
        "service_icon": "https://a.slack-edge.com/80588/img/unfurl_icons/youtube.png",
        "id": 1,
        "original_url": "https://www.youtube.com/watch?v=VFzgwY9get0",
        "fallback": "YouTube Video: Blockchain for Python Developers",
        "title": "Blockchain for Python Developers",
        "title_link": "https://www.youtube.com/watch?v=VFzgwY9get0",
        "author_name": "Algorand",
        "author_link": "https://www.youtube.com/c/Algorand",
        "service_name": "YouTube",
        "service_url": "https://www.youtube.com/"
      }
    ]
  },
  {
    "client_msg_id": "7f688c45-c807-4f76-9c0b-43820021f308",
    "type": "message",
    "text": "<https://youtu.be/IqPAHa-YjW0|https://youtu.be/IqPAHa-YjW0>",
    "user": "U03UFV7HFNF",
    "ts": "1664309459.627189",
    "blocks": [
      {
        "type": "rich_text",
        "block_id": "PbF",
        "elements": [
          {
            "type": "rich_text_section",
            "elements": [
              {
                "type": "link",
                "url": "https://youtu.be/IqPAHa-YjW0",
                "text": "https://youtu.be/IqPAHa-YjW0"
              }
            ]
          }
        ]
      }
    ],
    "team": "T03U4J8HMUG",
    "user_team": "T03U4J8HMUG",
    "source_team": "T03U4J8HMUG",
    "user_profile": {
      "avatar_hash": "3166d51d23f1",
      "image_72": "https://avatars.slack-edge.com/2022-08-20/3991799522480_3166d51d23f1da2374e9_72.jpg",
      "first_name": "Miguel",
      "real_name": "Miguel Herring",
      "display_name": "Miguel Herring",
      "team": "T03U4J8HMUG",
      "name": "Miguel",
      "is_restricted": false,
      "is_ultra_restricted": false
    },
    "attachments": [
      {
        "from_url": "https://youtu.be/IqPAHa-YjW0",
        "thumb_url": "https://i.ytimg.com/vi/IqPAHa-YjW0/hqdefault.jpg",
        "thumb_width": 480,
        "thumb_height": 360,
        "video_html": "<iframe width=\"400\" height=\"225\" src=\"https://www.youtube.com/embed/IqPAHa-YjW0?feature=oembed&autoplay=1&iv_load_policy=3\" frameborder=\"0\" allow=\"accelerometer; autoplay; clipboard-write; encrypted-media; gyroscope; picture-in-picture\" allowfullscreen title=\"Introduction to Algorand Sandbox\"></iframe>",
        "video_html_width": 400,
        "video_html_height": 225,
        "service_icon": "https://a.slack-edge.com/80588/img/unfurl_icons/youtube.png",
        "id": 1,
        "original_url": "https://youtu.be/IqPAHa-YjW0",
        "fallback": "YouTube Video: Introduction to Algorand Sandbox",
        "title": "Introduction to Algorand Sandbox",
        "title_link": "https://youtu.be/IqPAHa-YjW0",
        "author_name": "Algorand",
        "author_link": "https://www.youtube.com/c/Algorand",
        "service_name": "YouTube",
        "service_url": "https://www.youtube.com/"
      }
    ]
  },
  {
    "client_msg_id": "dd2630fd-698a-4c71-a64f-69257e0e4be1",
    "type": "message",
    "text": "<https://www.youtube.com/watch?v=ku2hFalMWmA>",
    "user": "U03UG1Z21JP",
    "ts": "1664312059.643269",
    "blocks": [
      {
        "type": "rich_text",
        "block_id": "JYT",
        "elements": [
          {
            "type": "rich_text_section",
            "elements": [
              {
                "type": "link",
                "url": "https://www.youtube.com/watch?v=ku2hFalMWmA"
              }
            ]
          }
        ]
      }
    ],
    "team": "T03U4J8HMUG",
    "user_team": "T03U4J8HMUG",
    "source_team": "T03U4J8HMUG",
    "user_profile": {
      "avatar_hash": "a1d3d501dd5d",
      "image_72": "https://avatars.slack-edge.com/2022-08-20/3961568205638_a1d3d501dd5d3f7ebea3_72.jpg",
      "first_name": "Jennifer",
      "real_name": "Jennifer Foley",
      "display_name": "Jennifer Foley",
      "team": "T03U4J8HMUG",
      "name": "Jennifer",
      "is_restricted": false,
      "is_ultra_restricted": false
    },
    "attachments": [
      {
        "from_url": "https://www.youtube.com/watch?v=ku2hFalMWmA",
        "thumb_url": "https://i.ytimg.com/vi/ku2hFalMWmA/hqdefault.jpg",
        "thumb_width": 480,
        "thumb_height": 360,
        "video_html": "<iframe width=\"400\" height=\"225\" src=\"https://www.youtube.com/embed/ku2hFalMWmA?feature=oembed&autoplay=1&iv_load_policy=3\" frameborder=\"0\" allow=\"accelerometer; autoplay; clipboard-write; encrypted-media; gyroscope; picture-in-picture\" allowfullscreen title=\"Getting Started with Python SDK\"></iframe>",
        "video_html_width": 400,
        "video_html_height": 225,
        "service_icon": "https://a.slack-edge.com/80588/img/unfurl_icons/youtube.png",
        "id": 1,
        "original_url": "https://www.youtube.com/watch?v=ku2hFalMWmA",
        "fallback": "YouTube Video: Getting Started with Python SDK",
        "title": "Getting Started with Python SDK",
        "title_link": "https://www.youtube.com/watch?v=ku2hFalMWmA",
        "author_name": "Algorand",
        "author_link": "https://www.youtube.com/c/Algorand",
        "service_name": "YouTube",
        "service_url": "https://www.youtube.com/"
      }
    ]
  },
  {
    "client_msg_id": "3e9ac669-a6fa-48eb-b016-2c48658d612c",
    "type": "message",
    "text": "<https://developer.algorand.org/tutorials/building-and-deploying-voting-smart-contract-with-pyteal-and-react/#1-project-setup-and-installations>",
    "user": "U03U9EJR362",
    "ts": "1664316144.347599",
    "blocks": [
      {
        "type": "rich_text",
        "block_id": "gmC",
        "elements": [
          {
            "type": "rich_text_section",
            "elements": [
              {
                "type": "link",
                "url": "https://developer.algorand.org/tutorials/building-and-deploying-voting-smart-contract-with-pyteal-and-react/#1-project-setup-and-installations"
              }
            ]
          }
        ]
      }
    ],
    "team": "T03U4J8HMUG",
    "user_team": "T03U4J8HMUG",
    "source_team": "T03U4J8HMUG",
    "user_profile": {
      "avatar_hash": "gc0133e965fb",
      "image_72": "https://secure.gravatar.com/avatar/c0133e965fb5500f9a83b69df54a7dc6.jpg?s=72&d=https%3A%2F%2Fa.slack-edge.com%2Fdf10d%2Fimg%2Favatars%2Fava_0006-72.png",
      "first_name": "Nicholas",
      "real_name": "Nicholas Friedman",
      "display_name": "Nicholas Friedman",
      "team": "T03U4J8HMUG",
      "name": "Nicholas",
      "is_restricted": false,
      "is_ultra_restricted": false
    },
    "attachments": [
      {
        "from_url": "https://developer.algorand.org/tutorials/building-and-deploying-voting-smart-contract-with-pyteal-and-react/#1-project-setup-and-installations",
        "image_url": "https://algorand-developer-portal.tryprism.com/static/Posts/2022/03/10 12:27/Screenshot_2022-03-10_at_13.22.39.png?w=1200&cmd=resize_then_crop&height=630&quality=70",
        "image_width": 476,
        "image_height": 250,
        "image_bytes": 93729,
        "service_icon": "https://algorand-devloper-portal-app.s3.amazonaws.com/static/img/favicon.png",
        "id": 1,
        "original_url": "https://developer.algorand.org/tutorials/building-and-deploying-voting-smart-contract-with-pyteal-and-react/#1-project-setup-and-installations",
        "fallback": "Building and Deploying a Decentralised Voting System with PyTeal and React",
        "text": "A step by step tutorial on how to create a decentralized voting system.",
        "title": "Building and Deploying a Decentralised Voting System with PyTeal and React",
        "title_link": "https://developer.algorand.org/tutorials/building-and-deploying-voting-smart-contract-with-pyteal-and-react/#1-project-setup-and-installations",
        "service_name": "developer.algorand.org"
      }
    ]
  },
  {
    "client_msg_id": "4c6b1ef6-4a3f-41ee-bcac-ec229c9871b9",
    "type": "message",
    "text": "I found the following resources look worthy\n<https://clarusway.com/what-is-a-web3-wallet/#:~:text=A%20web3%20wallet%20is%20simply,users%20to%20interact%20with%20Dapps|https://clarusway.com/what-is-a-web3-wallet/#:~:text=A%20web3%20wallet%20is%20simply,users%20to%20interact%20with%20Dapps>\n<https://www.simplilearn.com/tutorials/blockchain-tutorial/what-is-nft|https://www.simplilearn.com/tutorials/blockchain-tutorial/what-is-nft>\n<https://cointelegraph.com/blockchain-for-beginners/aagorand-algo-a-beginners-guide-to-the-decentralized-blockchain-technology|https://cointelegraph.com/blockchain-for-beginners/aagorand-algo-a-beginners-guide-to-the-decentralized-blockchain-technology>",
    "user": "U03UG0YHAUT",
    "ts": "1664318288.591179",
    "blocks": [
      {
        "type": "rich_text",
        "block_id": "ja4",
        "elements": [
          {
            "type": "rich_text_section",
            "elements": [
              {
                "type": "text",
                "text": "I found the following resources look worthy\n"
              },
              {
                "type": "link",
                "url": "https://clarusway.com/what-is-a-web3-wallet/#:~:text=A%20web3%20wallet%20is%20simply,users%20to%20interact%20with%20Dapps",
                "text": "https://clarusway.com/what-is-a-web3-wallet/#:~:text=A%20web3%20wallet%20is%20simply,users%20to%20interact%20with%20Dapps"
              },
              {
                "type": "text",
                "text": "\n"
              },
              {
                "type": "link",
                "url": "https://www.simplilearn.com/tutorials/blockchain-tutorial/what-is-nft",
                "text": "https://www.simplilearn.com/tutorials/blockchain-tutorial/what-is-nft"
              },
              {
                "type": "text",
                "text": "\n"
              },
              {
                "type": "link",
                "url": "https://cointelegraph.com/blockchain-for-beginners/aagorand-algo-a-beginners-guide-to-the-decentralized-blockchain-technology",
                "text": "https://cointelegraph.com/blockchain-for-beginners/aagorand-algo-a-beginners-guide-to-the-decentralized-blockchain-technology"
              }
            ]
          }
        ]
      }
    ],
    "team": "T03U4J8HMUG",
    "user_team": "T03U4J8HMUG",
    "source_team": "T03U4J8HMUG",
    "user_profile": {
      "avatar_hash": "e7b0c8269999",
      "image_72": "https://avatars.slack-edge.com/2022-09-20/4099393715542_e7b0c82699998d3b3ade_72.jpg",
      "first_name": "Daniel",
      "real_name": "Daniel Brown",
      "display_name": "Daniel Brown",
      "team": "T03U4J8HMUG",
      "name": "Daniel",
      "is_restricted": false,
      "is_ultra_restricted": false
    },
    "attachments": [
      {
        "from_url": "https://clarusway.com/what-is-a-web3-wallet/#:~:text=A%20web3%20wallet%20is%20simply,users%20to%20interact%20with%20Dapps",
        "ts": 1660221370,
        "image_url": "https://clarusway.com/wp-content/uploads/2022/08/What-Is-A-Web3.0Wallet.png",
        "image_width": 496,
        "image_height": 250,
        "image_bytes": 200149,
        "service_icon": "https://clarusway.com/wp-content/uploads/2022/07/favicon.png",
        "id": 1,
        "original_url": "https://clarusway.com/what-is-a-web3-wallet/#:~:text=A%20web3%20wallet%20is%20simply,users%20to%20interact%20with%20Dapps",
        "fallback": "Online IT Bootcamp; Learn Coding, Data Science, AWS, DevOps, Cyber Security &amp; Salesforce: What Is A Web3 Wallet?\u00a0 - Online IT Bootcamp; Learn Coding, Data Science, AWS, DevOps, Cyber Security &amp; Salesforce",
        "text": "This article gives you a basic understanding of what a web3 wallet is and what it is used for. You can also use this information to decide whether or not you should get a wallet for your web3 account.",
        "title": "What Is A Web3 Wallet?\u00a0 - Online IT Bootcamp; Learn Coding, Data Science, AWS, DevOps, Cyber Security &amp; Salesforce",
        "title_link": "https://clarusway.com/what-is-a-web3-wallet/#:~:text=A%20web3%20wallet%20is%20simply,users%20to%20interact%20with%20Dapps",
        "service_name": "Online IT Bootcamp; Learn Coding, Data Science, AWS, DevOps, Cyber Security &amp; Salesforce",
        "fields": [
          {
            "value": "Fianchetto G.",
            "title": "Written by",
            "short": true
          },
          {
            "value": "9 minutes",
            "title": "Time to read",
            "short": true
          }
        ]
      },
      {
        "from_url": "https://www.simplilearn.com/tutorials/blockchain-tutorial/what-is-nft",
        "thumb_url": "https://www.simplilearn.com/logo.png",
        "thumb_width": 200,
        "thumb_height": 200,
        "service_icon": "https://www.simplilearn.com/static/frontend/images/favicon/apple-touch-icon-152x152.png",
        "id": 2,
        "original_url": "https://www.simplilearn.com/tutorials/blockchain-tutorial/what-is-nft",
        "fallback": "Simplilearn.com: What is NFT and How Does NFT Work? Everything You Need to Know",
        "text": "Understand everything you need to know about NFTs (Non-fungible tokens) and how does NFT works, examples of NFT, and much more.",
        "title": "What is NFT and How Does NFT Work? Everything You Need to Know",
        "title_link": "https://www.simplilearn.com/tutorials/blockchain-tutorial/what-is-nft",
        "service_name": "Simplilearn.com"
      },
      {
        "from_url": "https://cointelegraph.com/blockchain-for-beginners/aagorand-algo-a-beginners-guide-to-the-decentralized-blockchain-technology",
        "image_url": "https://images.cointelegraph.com/images/740_aHR0cHM6Ly9zMy5jb2ludGVsZWdyYXBoLmNvbS9zdG9yYWdlL3VwbG9hZHMvdmlldy9iNGRmOGJiOTIzNWM5NmMzOTQyN2RjODFjZDgwZmQ4ZS5qcGc=.jpg",
        "image_width": 375,
        "image_height": 250,
        "image_bytes": 141811,
        "service_icon": "https://cointelegraph.com/apple-icon-57x57.png?v4",
        "id": 3,
        "original_url": "https://cointelegraph.com/blockchain-for-beginners/aagorand-algo-a-beginners-guide-to-the-decentralized-blockchain-technology",
        "fallback": "Cointelegraph: Algorand (ALGO): A beginner's guide to the decentralized blockchain technology",
        "text": "Algorand is a decentralized network, which aims to solve the \u201cblockchain trilemma.\u201d Read this guide to know who is behind Algorand crypto.",
        "title": "Algorand (ALGO): A beginner's guide to the decentralized blockchain technology",
        "title_link": "https://cointelegraph.com/blockchain-for-beginners/aagorand-algo-a-beginners-guide-to-the-decentralized-blockchain-technology",
        "service_name": "Cointelegraph"
      }
    ]
  },
  {
    "client_msg_id": "897371c7-5162-43b5-bd3c-664a9849774e",
    "type": "message",
    "text": "Opt-in\n<https://learn.lofty.ai/en/articles/6136240-how-to-opt-in-to-an-asset-in-your-algorand-wallet-to-receive-your-tokens|https://learn.lofty.ai/en/articles/6136240-how-to-opt-in-to-an-asset-in-your-algorand-wallet-to-receive-your-tokens>",
    "user": "U03UG0YHAUT",
    "ts": "1664327272.809379",
    "blocks": [
      {
        "type": "rich_text",
        "block_id": "WRW",
        "elements": [
          {
            "type": "rich_text_section",
            "elements": [
              {
                "type": "text",
                "text": "Opt-in\n"
              },
              {
                "type": "link",
                "url": "https://learn.lofty.ai/en/articles/6136240-how-to-opt-in-to-an-asset-in-your-algorand-wallet-to-receive-your-tokens",
                "text": "https://learn.lofty.ai/en/articles/6136240-how-to-opt-in-to-an-asset-in-your-algorand-wallet-to-receive-your-tokens"
              }
            ]
          }
        ]
      }
    ],
    "team": "T03U4J8HMUG",
    "user_team": "T03U4J8HMUG",
    "source_team": "T03U4J8HMUG",
    "user_profile": {
      "avatar_hash": "e7b0c8269999",
      "image_72": "https://avatars.slack-edge.com/2022-09-20/4099393715542_e7b0c82699998d3b3ade_72.jpg",
      "first_name": "Daniel",
      "real_name": "Daniel Brown",
      "display_name": "Daniel Brown",
      "team": "T03U4J8HMUG",
      "name": "Daniel",
      "is_restricted": false,
      "is_ultra_restricted": false
    },
    "attachments": [
      {
        "from_url": "https://learn.lofty.ai/en/articles/6136240-how-to-opt-in-to-an-asset-in-your-algorand-wallet-to-receive-your-tokens",
        "image_url": "https://downloads.intercomcdn.com/i/o/342858/f1e5fda9a387352cde78002d/3b0d15d7b51e307e65f22dee2326a1b7.png",
        "image_width": 476,
        "image_height": 250,
        "image_bytes": 470206,
        "id": 1,
        "original_url": "https://learn.lofty.ai/en/articles/6136240-how-to-opt-in-to-an-asset-in-your-algorand-wallet-to-receive-your-tokens",
        "fallback": "How to Opt-in to an Asset in Your Algorand Wallet to Receive Your Tokens",
        "text": "Once you purchase tokens, you will have to opt-in to those tokens in your Algorand wallet",
        "title": "How to Opt-in to an Asset in Your Algorand Wallet to Receive Your Tokens",
        "title_link": "https://learn.lofty.ai/en/articles/6136240-how-to-opt-in-to-an-asset-in-your-algorand-wallet-to-receive-your-tokens",
        "service_name": "learn.lofty.ai"
      }
    ]
  }
]