[
  {
    "client_msg_id": "21d4fc6b-2181-4547-a287-71ee8accfcee",
    "type": "message",
    "text": "<https://www.youtube.com/watch?v=5P2luRwaKek>",
    "user": "U03UVHCV6KB",
    "ts": "1664184617.544919",
    "blocks": [
      {
        "type": "rich_text",
        "block_id": "ISm1u",
        "elements": [
          {
            "type": "rich_text_section",
            "elements": [
              {
                "type": "link",
                "url": "https://www.youtube.com/watch?v=5P2luRwaKek"
              }
            ]
          }
        ]
      }
    ],
    "team": "T03U4J8HMUG",
    "user_team": "T03U4J8HMUG",
    "source_team": "T03U4J8HMUG",
    "user_profile": {
      "avatar_hash": "gc9619121f99",
      "image_72": "https://secure.gravatar.com/avatar/c9619121f998ee4a7e46177f2a5729de.jpg?s=72&d=https%3A%2F%2Fa.slack-edge.com%2Fdf10d%2Fimg%2Favatars%2Fava_0002-72.png",
      "first_name": "Travis",
      "real_name": "Travis Butler",
      "display_name": "Travis Butler",
      "team": "T03U4J8HMUG",
      "name": "Travis",
      "is_restricted": false,
      "is_ultra_restricted": false
    },
    "attachments": [
      {
        "from_url": "https://www.youtube.com/watch?v=5P2luRwaKek",
        "thumb_url": "https://i.ytimg.com/vi/5P2luRwaKek/hqdefault.jpg",
        "thumb_width": 480,
        "thumb_height": 360,
        "video_html": "<iframe width=\"400\" height=\"225\" src=\"https://www.youtube.com/embed/5P2luRwaKek?feature=oembed&autoplay=1&iv_load_policy=3\" frameborder=\"0\" allow=\"accelerometer; autoplay; clipboard-write; encrypted-media; gyroscope; picture-in-picture\" allowfullscreen title=\"What Is A Data Pipeline - Data Engineering 101 (FT.  Alexey from @DataTalksClub \u2b1b  )\"></iframe>",
        "video_html_width": 400,
        "video_html_height": 225,
        "service_icon": "https://a.slack-edge.com/80588/img/unfurl_icons/youtube.png",
        "id": 1,
        "original_url": "https://www.youtube.com/watch?v=5P2luRwaKek",
        "fallback": "YouTube Video: What Is A Data Pipeline - Data Engineering 101 (FT.  Alexey from @DataTalksClub \u2b1b  )",
        "title": "What Is A Data Pipeline - Data Engineering 101 (FT.  Alexey from @DataTalksClub \u2b1b  )",
        "title_link": "https://www.youtube.com/watch?v=5P2luRwaKek",
        "author_name": "Seattle Data Guy",
        "author_link": "https://www.youtube.com/c/SeattleDataGuy",
        "service_name": "YouTube",
        "service_url": "https://www.youtube.com/"
      }
    ]
  },
  {
    "client_msg_id": "04b8114d-9085-4ab9-bbae-1a6073ca6165",
    "type": "message",
    "text": "<https://algoexplorer.io/|https://algoexplorer.io/>",
    "user": "U03UUP56MDF",
    "ts": "1664185813.206629",
    "blocks": [
      {
        "type": "rich_text",
        "block_id": "Wxn7",
        "elements": [
          {
            "type": "rich_text_section",
            "elements": [
              {
                "type": "link",
                "url": "https://algoexplorer.io/",
                "text": "https://algoexplorer.io/"
              }
            ]
          }
        ]
      }
    ],
    "team": "T03U4J8HMUG",
    "user_team": "T03U4J8HMUG",
    "source_team": "T03U4J8HMUG",
    "user_profile": {
      "avatar_hash": "g00725318689",
      "image_72": "https://secure.gravatar.com/avatar/007253186898705d4f28c384188b8a63.jpg?s=72&d=https%3A%2F%2Fa.slack-edge.com%2Fdf10d%2Fimg%2Favatars%2Fava_0007-72.png",
      "first_name": "Mark",
      "real_name": "Mark Crawford",
      "display_name": "Mark Crawford",
      "team": "T03U4J8HMUG",
      "name": "Mark",
      "is_restricted": false,
      "is_ultra_restricted": false
    },
    "attachments": [
      {
        "from_url": "https://algoexplorer.io/",
        "service_icon": "https://algoexplorer.io/icons/apple-touch-icon.png?v=7k4O26MvEA",
        "id": 1,
        "original_url": "https://algoexplorer.io/",
        "fallback": "Algorand (ALGO) Blockchain Explorer",
        "text": "AlgoExplorer allows you to explore and search the Algorand blockchain for transactions, addresses, stake rewards, stats, tokens, price and other activities taking place on the Algorand network.",
        "title": "Algorand (ALGO) Blockchain Explorer",
        "title_link": "https://algoexplorer.io/",
        "service_name": "algoexplorer.io"
      }
    ]
  },
  {
    "client_msg_id": "93657f45-df3d-4f3c-b211-54c6e9eb9fb1",
    "type": "message",
    "text": "<https://www.youtube.com/watch?v=_160oMzblY8>",
    "user": "U03UD68RQH3",
    "ts": "1664186402.653699",
    "blocks": [
      {
        "type": "rich_text",
        "block_id": "smN",
        "elements": [
          {
            "type": "rich_text_section",
            "elements": [
              {
                "type": "link",
                "url": "https://www.youtube.com/watch?v=_160oMzblY8"
              }
            ]
          }
        ]
      }
    ],
    "team": "T03U4J8HMUG",
    "user_team": "T03U4J8HMUG",
    "source_team": "T03U4J8HMUG",
    "user_profile": {
      "avatar_hash": "20cf1bb98890",
      "image_72": "https://avatars.slack-edge.com/2022-09-19/4112933864561_20cf1bb98890146c716f_72.png",
      "first_name": "Brady",
      "real_name": "Brady Rhodes",
      "display_name": "Brady Rhodes",
      "team": "T03U4J8HMUG",
      "name": "Brady",
      "is_restricted": false,
      "is_ultra_restricted": false
    },
    "attachments": [
      {
        "from_url": "https://www.youtube.com/watch?v=_160oMzblY8",
        "thumb_url": "https://i.ytimg.com/vi/_160oMzblY8/hqdefault.jpg",
        "thumb_width": 480,
        "thumb_height": 360,
        "video_html": "<iframe width=\"400\" height=\"225\" src=\"https://www.youtube.com/embed/_160oMzblY8?feature=oembed&autoplay=1&iv_load_policy=3\" frameborder=\"0\" allow=\"accelerometer; autoplay; clipboard-write; encrypted-media; gyroscope; picture-in-picture\" allowfullscreen title=\"Blockchain 101 - A Visual Demo\"></iframe>",
        "video_html_width": 400,
        "video_html_height": 225,
        "service_icon": "https://a.slack-edge.com/80588/img/unfurl_icons/youtube.png",
        "id": 1,
        "original_url": "https://www.youtube.com/watch?v=_160oMzblY8",
        "fallback": "YouTube Video: Blockchain 101 - A Visual Demo",
        "title": "Blockchain 101 - A Visual Demo",
        "title_link": "https://www.youtube.com/watch?v=_160oMzblY8",
        "author_name": "Anders Brownworth",
        "author_link": "https://www.youtube.com/c/anders94",
        "service_name": "YouTube",
        "service_url": "https://www.youtube.com/"
      }
    ],
    "reactions": [
      {
        "name": "raised_hands",
        "users": [
          "U03UFV7HFNF"
        ],
        "count": 1
      }
    ]
  },
  {
    "client_msg_id": "6f8d578e-bbe6-4e9b-9389-ce1b5e47a3cc",
    "type": "message",
    "text": "<https://www.coindesk.com/learn/what-is-blockchain-technology/|https://www.coindesk.com/learn/what-is-blockchain-technology/>",
    "user": "U03UG0YHAUT",
    "ts": "1664187690.418509",
    "blocks": [
      {
        "type": "rich_text",
        "block_id": "CRzk",
        "elements": [
          {
            "type": "rich_text_section",
            "elements": [
              {
                "type": "link",
                "url": "https://www.coindesk.com/learn/what-is-blockchain-technology/",
                "text": "https://www.coindesk.com/learn/what-is-blockchain-technology/"
              }
            ]
          }
        ]
      }
    ],
    "team": "T03U4J8HMUG",
    "user_team": "T03U4J8HMUG",
    "source_team": "T03U4J8HMUG",
    "user_profile": {
      "avatar_hash": "e7b0c8269999",
      "image_72": "https://avatars.slack-edge.com/2022-09-20/4099393715542_e7b0c82699998d3b3ade_72.jpg",
      "first_name": "Daniel",
      "real_name": "Daniel Brown",
      "display_name": "Daniel Brown",
      "team": "T03U4J8HMUG",
      "name": "Daniel",
      "is_restricted": false,
      "is_ultra_restricted": false
    },
    "attachments": [
      {
        "from_url": "https://www.coindesk.com/learn/what-is-blockchain-technology/",
        "ts": 1626961977,
        "image_url": "https://www.coindesk.com/resizer/V7ACaoi3QeKGjKM4Z1-wdsmE9BI=/1200x628/center/middle/cloudfront-us-east-1.images.arcpublishing.com/coindesk/XULQZE4ZL5FAJIBTJ65G5EAF4A.jpg",
        "image_width": 478,
        "image_height": 250,
        "image_bytes": 59640,
        "service_icon": "https://www.coindesk.com/pf/resources/favicons/production/apple-touch-icon-60x60.png?d=197",
        "id": 1,
        "original_url": "https://www.coindesk.com/learn/what-is-blockchain-technology/",
        "fallback": "What Is Blockchain Technology?",
        "text": "Blockchain technology eliminates the need for a trusted party to facilitate digital relationships and is the backbone of cryptocurrencies.",
        "title": "What Is Blockchain Technology?",
        "title_link": "https://www.coindesk.com/learn/what-is-blockchain-technology/",
        "service_name": "coindesk.com"
      }
    ]
  },
  {
    "client_msg_id": "ee818605-e35d-4602-a749-810ab9ef6957",
    "type": "message",
    "text": "<https://www.coindesk.com/learn/what-is-blockchain-technology/|https://www.coindesk.com/learn/what-is-blockchain-technology/>",
    "user": "U03UG0YHAUT",
    "ts": "1664188512.350099",
    "blocks": [
      {
        "type": "rich_text",
        "block_id": "mp0",
        "elements": [
          {
            "type": "rich_text_section",
            "elements": [
              {
                "type": "link",
                "url": "https://www.coindesk.com/learn/what-is-blockchain-technology/",
                "text": "https://www.coindesk.com/learn/what-is-blockchain-technology/"
              }
            ]
          }
        ]
      }
    ],
    "team": "T03U4J8HMUG",
    "user_team": "T03U4J8HMUG",
    "source_team": "T03U4J8HMUG",
    "user_profile": {
      "avatar_hash": "e7b0c8269999",
      "image_72": "https://avatars.slack-edge.com/2022-09-20/4099393715542_e7b0c82699998d3b3ade_72.jpg",
      "first_name": "Daniel",
      "real_name": "Daniel Brown",
      "display_name": "Daniel Brown",
      "team": "T03U4J8HMUG",
      "name": "Daniel",
      "is_restricted": false,
      "is_ultra_restricted": false
    },
    "attachments": [
      {
        "from_url": "https://www.coindesk.com/learn/what-is-blockchain-technology/",
        "ts": 1626961977,
        "image_url": "https://www.coindesk.com/resizer/V7ACaoi3QeKGjKM4Z1-wdsmE9BI=/1200x628/center/middle/cloudfront-us-east-1.images.arcpublishing.com/coindesk/XULQZE4ZL5FAJIBTJ65G5EAF4A.jpg",
        "image_width": 478,
        "image_height": 250,
        "image_bytes": 59640,
        "service_icon": "https://www.coindesk.com/pf/resources/favicons/production/apple-touch-icon-60x60.png?d=197",
        "id": 1,
        "original_url": "https://www.coindesk.com/learn/what-is-blockchain-technology/",
        "fallback": "What Is Blockchain Technology?",
        "text": "Blockchain technology eliminates the need for a trusted party to facilitate digital relationships and is the backbone of cryptocurrencies.",
        "title": "What Is Blockchain Technology?",
        "title_link": "https://www.coindesk.com/learn/what-is-blockchain-technology/",
        "service_name": "coindesk.com"
      }
    ]
  },
  {
    "client_msg_id": "fc75e44f-d8c0-4828-9e29-338df4c0df80",
    "type": "message",
    "text": "<https://developer.algorand.org/docs/|https://developer.algorand.org/docs/>",
    "user": "U03UG0YHAUT",
    "ts": "1664188558.625469",
    "blocks": [
      {
        "type": "rich_text",
        "block_id": "3Hcv5",
        "elements": [
          {
            "type": "rich_text_section",
            "elements": [
              {
                "type": "link",
                "url": "https://developer.algorand.org/docs/",
                "text": "https://developer.algorand.org/docs/"
              }
            ]
          }
        ]
      }
    ],
    "team": "T03U4J8HMUG",
    "user_team": "T03U4J8HMUG",
    "source_team": "T03U4J8HMUG",
    "user_profile": {
      "avatar_hash": "e7b0c8269999",
      "image_72": "https://avatars.slack-edge.com/2022-09-20/4099393715542_e7b0c82699998d3b3ade_72.jpg",
      "first_name": "Daniel",
      "real_name": "Daniel Brown",
      "display_name": "Daniel Brown",
      "team": "T03U4J8HMUG",
      "name": "Daniel",
      "is_restricted": false,
      "is_ultra_restricted": false
    },
    "attachments": [
      {
        "from_url": "https://developer.algorand.org/docs/",
        "image_url": "https://algorand-devloper-portal-app.s3.amazonaws.com/static/img/algorandShareImage.png",
        "image_width": 476,
        "image_height": 250,
        "image_bytes": 275201,
        "service_icon": "https://developer.algorand.org/favicon.ico",
        "id": 1,
        "original_url": "https://developer.algorand.org/docs/",
        "fallback": "Algorand Developer Docs - Algorand Developer Portal",
        "text": "Algorand Developer Docs, SDKs, REST APIs, CLI tools, ecosystem projects, metrics dashboard and sample code, how-tos, and news from the Algorand developer community",
        "title": "Algorand Developer Docs - Algorand Developer Portal",
        "title_link": "https://developer.algorand.org/docs/",
        "service_name": "developer.algorand.org"
      }
    ]
  },
  {
    "client_msg_id": "c36b5bc8-5615-4b15-9b60-636b1fe4263a",
    "type": "message",
    "text": "<https://blog.cryptostars.is/building-web-3-decentralized-apps-dapps-dffb4dcbcfb5>",
    "user": "U03U9EJR362",
    "ts": "1664188947.650459",
    "blocks": [
      {
        "type": "rich_text",
        "block_id": "4osu",
        "elements": [
          {
            "type": "rich_text_section",
            "elements": [
              {
                "type": "link",
                "url": "https://blog.cryptostars.is/building-web-3-decentralized-apps-dapps-dffb4dcbcfb5"
              }
            ]
          }
        ]
      }
    ],
    "team": "T03U4J8HMUG",
    "user_team": "T03U4J8HMUG",
    "source_team": "T03U4J8HMUG",
    "user_profile": {
      "avatar_hash": "gc0133e965fb",
      "image_72": "https://secure.gravatar.com/avatar/c0133e965fb5500f9a83b69df54a7dc6.jpg?s=72&d=https%3A%2F%2Fa.slack-edge.com%2Fdf10d%2Fimg%2Favatars%2Fava_0006-72.png",
      "first_name": "Nicholas",
      "real_name": "Nicholas Friedman",
      "display_name": "Nicholas Friedman",
      "team": "T03U4J8HMUG",
      "name": "Nicholas",
      "is_restricted": false,
      "is_ultra_restricted": false
    },
    "attachments": [
      {
        "from_url": "https://blog.cryptostars.is/building-web-3-decentralized-apps-dapps-dffb4dcbcfb5",
        "ts": 1658889870,
        "image_url": "https://miro.medium.com/max/1200/0*mc2DOOIIF7ekC_vC",
        "image_width": 444,
        "image_height": 250,
        "image_bytes": 42851,
        "service_icon": "https://miro.medium.com/fit/c/152/152/1*sHhtYhaCe2Uc3IU0IgKwIQ.png",
        "id": 1,
        "original_url": "https://blog.cryptostars.is/building-web-3-decentralized-apps-dapps-dffb4dcbcfb5",
        "fallback": "Medium: Building Web3 Decentralized Apps (dapps)",
        "text": "Learn how to write web applications to interact with smart contracts using the web3.js APIs",
        "title": "Building Web3 Decentralized Apps (dapps)",
        "title_link": "https://blog.cryptostars.is/building-web-3-decentralized-apps-dapps-dffb4dcbcfb5",
        "service_name": "Medium",
        "fields": [
          {
            "value": "13 min read",
            "title": "Reading time",
            "short": true
          }
        ]
      }
    ]
  },
  {
    "client_msg_id": "5ba34817-805d-446a-8efd-5f372c47db7d",
    "type": "message",
    "text": "<https://www.blockchain-council.org/web-3/role-of-dapps-in-web-3-0/>",
    "user": "U03U9EJR362",
    "ts": "1664189471.551779",
    "blocks": [
      {
        "type": "rich_text",
        "block_id": "Q2g",
        "elements": [
          {
            "type": "rich_text_section",
            "elements": [
              {
                "type": "link",
                "url": "https://www.blockchain-council.org/web-3/role-of-dapps-in-web-3-0/"
              }
            ]
          }
        ]
      }
    ],
    "team": "T03U4J8HMUG",
    "user_team": "T03U4J8HMUG",
    "source_team": "T03U4J8HMUG",
    "user_profile": {
      "avatar_hash": "gc0133e965fb",
      "image_72": "https://secure.gravatar.com/avatar/c0133e965fb5500f9a83b69df54a7dc6.jpg?s=72&d=https%3A%2F%2Fa.slack-edge.com%2Fdf10d%2Fimg%2Favatars%2Fava_0006-72.png",
      "first_name": "Nicholas",
      "real_name": "Nicholas Friedman",
      "display_name": "Nicholas Friedman",
      "team": "T03U4J8HMUG",
      "name": "Nicholas",
      "is_restricted": false,
      "is_ultra_restricted": false
    },
    "attachments": [
      {
        "from_url": "https://www.blockchain-council.org/web-3/role-of-dapps-in-web-3-0/",
        "ts": 1663929474,
        "image_url": "https://www.blockchain-council.org/wp-content/uploads/2022/09/Role-of-Decentralized-Applications-DApps-in-Web-3.0-in-2022-Beyond-01.jpg",
        "image_width": 477,
        "image_height": 250,
        "image_bytes": 786990,
        "service_icon": "https://www.blockchain-council.org/wp-content/uploads/2022/02/cropped-cropped-block-only-transparent-fav-180x180.png",
        "id": 1,
        "original_url": "https://www.blockchain-council.org/web-3/role-of-dapps-in-web-3-0/",
        "fallback": "Role of Decentralized Applications (DApps) in Web 3.0 in 2022 &amp; Beyond -",
        "text": "In this article, we will talk about DApps and explain the role of DApps in Web3 evolution. Let\u2019s take a look",
        "title": "Role of Decentralized Applications (DApps) in Web 3.0 in 2022 &amp; Beyond -",
        "title_link": "https://www.blockchain-council.org/web-3/role-of-dapps-in-web-3-0/",
        "service_name": "blockchain-council.org"
      }
    ],
    "reactions": [
      {
        "name": "+1",
        "users": [
          "U03UHB8CXDY"
        ],
        "count": 1
      }
    ]
  },
  {
    "client_msg_id": "17bcdc2f-aec3-4fc5-a68c-26d69554a58f",
    "type": "message",
    "text": "<https://github.com/algorand/sandbox>",
    "user": "U03UFV7HFNF",
    "ts": "1664190081.896489",
    "blocks": [
      {
        "type": "rich_text",
        "block_id": "ON=U=",
        "elements": [
          {
            "type": "rich_text_section",
            "elements": [
              {
                "type": "link",
                "url": "https://github.com/algorand/sandbox"
              }
            ]
          }
        ]
      }
    ],
    "team": "T03U4J8HMUG",
    "user_team": "T03U4J8HMUG",
    "source_team": "T03U4J8HMUG",
    "user_profile": {
      "avatar_hash": "3166d51d23f1",
      "image_72": "https://avatars.slack-edge.com/2022-08-20/3991799522480_3166d51d23f1da2374e9_72.jpg",
      "first_name": "Miguel",
      "real_name": "Miguel Herring",
      "display_name": "Miguel Herring",
      "team": "T03U4J8HMUG",
      "name": "Miguel",
      "is_restricted": false,
      "is_ultra_restricted": false
    },
    "attachments": [
      {
        "id": 1,
        "color": "24292f",
        "bot_id": "B03UYH1BWQZ",
        "app_unfurl_url": "https://github.com/algorand/sandbox",
        "is_app_unfurl": true,
        "app_id": "A01BP7R4KNY",
        "fallback": "algorand/sandbox",
        "text": "Algorand node sandbox",
        "title": "algorand/sandbox",
        "fields": [
          {
            "value": "171",
            "title": "Stars",
            "short": true
          },
          {
            "value": "Shell",
            "title": "Language",
            "short": true
          }
        ]
      }
    ]
  },
  {
    "client_msg_id": "71f94c74-39de-4e09-8fec-0f2e07913d0b",
    "type": "message",
    "text": "<https://www.youtube.com/watch?v=_160oMzblY8>",
    "user": "U03V785NLSU",
    "ts": "1664190188.346109",
    "blocks": [
      {
        "type": "rich_text",
        "block_id": "NYQu",
        "elements": [
          {
            "type": "rich_text_section",
            "elements": [
              {
                "type": "link",
                "url": "https://www.youtube.com/watch?v=_160oMzblY8"
              }
            ]
          }
        ]
      }
    ],
    "team": "T03U4J8HMUG",
    "user_team": "T03U4J8HMUG",
    "source_team": "T03U4J8HMUG",
    "user_profile": {
      "avatar_hash": "48d5c88821e9",
      "image_72": "https://avatars.slack-edge.com/2022-08-21/3993277785968_48d5c88821e922581e17_72.jpg",
      "first_name": "Ashley",
      "real_name": "Ashley Hamilton",
      "display_name": "Ashley Hamilton",
      "team": "T03U4J8HMUG",
      "name": "Ashley",
      "is_restricted": false,
      "is_ultra_restricted": false
    },
    "attachments": [
      {
        "from_url": "https://www.youtube.com/watch?v=_160oMzblY8",
        "thumb_url": "https://i.ytimg.com/vi/_160oMzblY8/hqdefault.jpg",
        "thumb_width": 480,
        "thumb_height": 360,
        "video_html": "<iframe width=\"400\" height=\"225\" src=\"https://www.youtube.com/embed/_160oMzblY8?feature=oembed&autoplay=1&iv_load_policy=3\" frameborder=\"0\" allow=\"accelerometer; autoplay; clipboard-write; encrypted-media; gyroscope; picture-in-picture\" allowfullscreen title=\"Blockchain 101 - A Visual Demo\"></iframe>",
        "video_html_width": 400,
        "video_html_height": 225,
        "service_icon": "https://a.slack-edge.com/80588/img/unfurl_icons/youtube.png",
        "id": 1,
        "original_url": "https://www.youtube.com/watch?v=_160oMzblY8",
        "fallback": "YouTube Video: Blockchain 101 - A Visual Demo",
        "title": "Blockchain 101 - A Visual Demo",
        "title_link": "https://www.youtube.com/watch?v=_160oMzblY8",
        "author_name": "Anders Brownworth",
        "author_link": "https://www.youtube.com/c/anders94",
        "service_name": "YouTube",
        "service_url": "https://www.youtube.com/"
      }
    ]
  },
  {
    "client_msg_id": "61866d9d-58ca-4c14-a89e-7078d6092821",
    "type": "message",
    "text": "<https://www.youtube.com/watch?v=ku2hFalMWmA&amp;t=128s>",
    "user": "U03UFV7HFNF",
    "ts": "1664195985.483489",
    "blocks": [
      {
        "type": "rich_text",
        "block_id": "Ko/",
        "elements": [
          {
            "type": "rich_text_section",
            "elements": [
              {
                "type": "link",
                "url": "https://www.youtube.com/watch?v=ku2hFalMWmA&t=128s"
              }
            ]
          }
        ]
      }
    ],
    "team": "T03U4J8HMUG",
    "user_team": "T03U4J8HMUG",
    "source_team": "T03U4J8HMUG",
    "user_profile": {
      "avatar_hash": "3166d51d23f1",
      "image_72": "https://avatars.slack-edge.com/2022-08-20/3991799522480_3166d51d23f1da2374e9_72.jpg",
      "first_name": "Miguel",
      "real_name": "Miguel Herring",
      "display_name": "Miguel Herring",
      "team": "T03U4J8HMUG",
      "name": "Miguel",
      "is_restricted": false,
      "is_ultra_restricted": false
    },
    "attachments": [
      {
        "from_url": "https://www.youtube.com/watch?v=ku2hFalMWmA&amp;t=128s",
        "thumb_url": "https://i.ytimg.com/vi/ku2hFalMWmA/hqdefault.jpg",
        "thumb_width": 480,
        "thumb_height": 360,
        "video_html": "<iframe width=\"400\" height=\"225\" src=\"https://www.youtube.com/embed/ku2hFalMWmA?feature=oembed&start=128&autoplay=1&iv_load_policy=3\" frameborder=\"0\" allow=\"accelerometer; autoplay; clipboard-write; encrypted-media; gyroscope; picture-in-picture\" allowfullscreen title=\"Getting Started with Python SDK\"></iframe>",
        "video_html_width": 400,
        "video_html_height": 225,
        "service_icon": "https://a.slack-edge.com/80588/img/unfurl_icons/youtube.png",
        "id": 1,
        "original_url": "https://www.youtube.com/watch?v=ku2hFalMWmA&amp;t=128s",
        "fallback": "YouTube Video: Getting Started with Python SDK",
        "title": "Getting Started with Python SDK",
        "title_link": "https://www.youtube.com/watch?v=ku2hFalMWmA&amp;t=128s",
        "author_name": "Algorand",
        "author_link": "https://www.youtube.com/c/Algorand",
        "service_name": "YouTube",
        "service_url": "https://www.youtube.com/"
      }
    ],
    "reactions": [
      {
        "name": "raised_hands",
        "users": [
          "U03U9EJR362"
        ],
        "count": 1
      }
    ]
  },
  {
    "client_msg_id": "bdb6c9be-1694-4d43-955d-ce0db8ae894d",
    "type": "message",
    "text": "<https://www.investopedia.com/terms/b/blockchain.asp|https://www.investopedia.com/terms/b/blockchain.asp>",
    "user": "U03U1J51VFZ",
    "ts": "1664196241.274989",
    "blocks": [
      {
        "type": "rich_text",
        "block_id": "JgCry",
        "elements": [
          {
            "type": "rich_text_section",
            "elements": [
              {
                "type": "link",
                "url": "https://www.investopedia.com/terms/b/blockchain.asp",
                "text": "https://www.investopedia.com/terms/b/blockchain.asp"
              }
            ]
          }
        ]
      }
    ],
    "team": "T03U4J8HMUG",
    "user_team": "T03U4J8HMUG",
    "source_team": "T03U4J8HMUG",
    "user_profile": {
      "avatar_hash": "f10afbc7b806",
      "image_72": "https://avatars.slack-edge.com/2022-08-20/3968075210083_f10afbc7b8060c472ad0_72.png",
      "first_name": "Cheryl",
      "real_name": "Cheryl Hudson",
      "display_name": "Cheryl Hudson",
      "team": "T03U4J8HMUG",
      "name": "Cheryl",
      "is_restricted": false,
      "is_ultra_restricted": false
    },
    "attachments": [
      {
        "from_url": "https://www.investopedia.com/terms/b/blockchain.asp",
        "service_icon": "https://www.investopedia.com/apple-touch-icon-57x57.png",
        "id": 1,
        "original_url": "https://www.investopedia.com/terms/b/blockchain.asp",
        "fallback": "Investopedia: Blockchain Facts: What Is It, How It Works, and How It Can Be Used",
        "text": "A blockchain is a digitally distributed, decentralized, public ledger that exists across a network. It is most noteworthy in its use with cryptocurrencies and NFTs.",
        "title": "Blockchain Facts: What Is It, How It Works, and How It Can Be Used",
        "title_link": "https://www.investopedia.com/terms/b/blockchain.asp",
        "service_name": "Investopedia"
      }
    ]
  },
  {
    "client_msg_id": "f3bc0cac-bad8-4763-b585-f2a334c81b24",
    "type": "message",
    "text": "<https://forum.algorand.org/>",
    "user": "U03UVHCV6KB",
    "ts": "1664200670.991059",
    "blocks": [
      {
        "type": "rich_text",
        "block_id": "tXGQ",
        "elements": [
          {
            "type": "rich_text_section",
            "elements": [
              {
                "type": "link",
                "url": "https://forum.algorand.org/"
              }
            ]
          }
        ]
      }
    ],
    "team": "T03U4J8HMUG",
    "user_team": "T03U4J8HMUG",
    "source_team": "T03U4J8HMUG",
    "user_profile": {
      "avatar_hash": "gc9619121f99",
      "image_72": "https://secure.gravatar.com/avatar/c9619121f998ee4a7e46177f2a5729de.jpg?s=72&d=https%3A%2F%2Fa.slack-edge.com%2Fdf10d%2Fimg%2Favatars%2Fava_0002-72.png",
      "first_name": "Travis",
      "real_name": "Travis Butler",
      "display_name": "Travis Butler",
      "team": "T03U4J8HMUG",
      "name": "Travis",
      "is_restricted": false,
      "is_ultra_restricted": false
    },
    "attachments": [
      {
        "from_url": "https://forum.algorand.org/",
        "thumb_url": "https://aws1.discourse-cdn.com/business6/uploads/algorand/original/1X/3c9bc109197c3de404a51dd7077567d5e7bf2316.png",
        "thumb_width": 512,
        "thumb_height": 512,
        "service_icon": "https://aws1.discourse-cdn.com/business6/uploads/algorand/optimized/1X/e7656b337e151586f03301aae2062eb1baeda102_2_180x180.png",
        "id": 1,
        "original_url": "https://forum.algorand.org/",
        "fallback": "Algorand",
        "text": "The AlgoGlobal Community works towards the goal of building a secure, scalable, decentralized network to serve as trusted public infrastructure for the common good.",
        "title": "Algorand",
        "title_link": "https://forum.algorand.org/",
        "service_name": "forum.algorand.org"
      }
    ]
  },
  {
    "client_msg_id": "dc22b052-1cd4-441b-ba82-1c1d263a1181",
    "type": "message",
    "text": "<https://github.com/algorand/sandbox>",
    "user": "U03UUR571A5",
    "ts": "1664201001.139219",
    "blocks": [
      {
        "type": "rich_text",
        "block_id": "z=3",
        "elements": [
          {
            "type": "rich_text_section",
            "elements": [
              {
                "type": "link",
                "url": "https://github.com/algorand/sandbox"
              }
            ]
          }
        ]
      }
    ],
    "team": "T03U4J8HMUG",
    "user_team": "T03U4J8HMUG",
    "source_team": "T03U4J8HMUG",
    "user_profile": {
      "avatar_hash": "g95c5cde44bc",
      "image_72": "https://secure.gravatar.com/avatar/95c5cde44bc023bd369920b7e1ed0c94.jpg?s=72&d=https%3A%2F%2Fa.slack-edge.com%2Fdf10d%2Fimg%2Favatars%2Fava_0017-72.png",
      "first_name": "Amy",
      "real_name": "Amy Leon",
      "display_name": "Amy Leon",
      "team": "T03U4J8HMUG",
      "name": "Amy",
      "is_restricted": false,
      "is_ultra_restricted": false
    },
    "attachments": [
      {
        "id": 1,
        "color": "24292f",
        "bot_id": "B03UYH1BWQZ",
        "app_unfurl_url": "https://github.com/algorand/sandbox",
        "is_app_unfurl": true,
        "app_id": "A01BP7R4KNY",
        "fallback": "algorand/sandbox",
        "text": "Algorand node sandbox",
        "title": "algorand/sandbox",
        "fields": [
          {
            "value": "171",
            "title": "Stars",
            "short": true
          },
          {
            "value": "Shell",
            "title": "Language",
            "short": true
          }
        ]
      }
    ]
  },
  {
    "client_msg_id": "2882b3e7-7604-44b4-910a-9039836a3c3b",
    "type": "message",
    "text": "<https://developer.algorand.org/tutorials/asa-python/>",
    "user": "U03UVHCV6KB",
    "ts": "1664201174.577239",
    "blocks": [
      {
        "type": "rich_text",
        "block_id": "dEk9=",
        "elements": [
          {
            "type": "rich_text_section",
            "elements": [
              {
                "type": "link",
                "url": "https://developer.algorand.org/tutorials/asa-python/"
              }
            ]
          }
        ]
      }
    ],
    "team": "T03U4J8HMUG",
    "user_team": "T03U4J8HMUG",
    "source_team": "T03U4J8HMUG",
    "user_profile": {
      "avatar_hash": "gc9619121f99",
      "image_72": "https://secure.gravatar.com/avatar/c9619121f998ee4a7e46177f2a5729de.jpg?s=72&d=https%3A%2F%2Fa.slack-edge.com%2Fdf10d%2Fimg%2Favatars%2Fava_0002-72.png",
      "first_name": "Travis",
      "real_name": "Travis Butler",
      "display_name": "Travis Butler",
      "team": "T03U4J8HMUG",
      "name": "Travis",
      "is_restricted": false,
      "is_ultra_restricted": false
    },
    "attachments": [
      {
        "from_url": "https://developer.algorand.org/tutorials/asa-python/",
        "image_url": "https://algorand-developer-portal.tryprism.com/static/Posts/2020/11/23 15:52/112320-asa-Python.jpg?w=1200&cmd=resize_then_crop&height=630&quality=70",
        "image_width": 476,
        "image_height": 250,
        "image_bytes": 46563,
        "service_icon": "https://algorand-devloper-portal-app.s3.amazonaws.com/static/img/favicon.png",
        "id": 1,
        "original_url": "https://developer.algorand.org/tutorials/asa-python/",
        "fallback": "Working with ASA using Python",
        "text": "This tutorial demonstrates the steps involved in working with an Algorand Standard Asset (ASA) using the Python SDK.",
        "title": "Working with ASA using Python",
        "title_link": "https://developer.algorand.org/tutorials/asa-python/",
        "service_name": "developer.algorand.org"
      }
    ],
    "thread_ts": "1664201174.577239",
    "reply_count": 1,
    "reply_users_count": 1,
    "latest_reply": "1664478079.200589",
    "reply_users": [
      "U03UJGP0C68"
    ],
    "replies": [
      {
        "user": "U03UJGP0C68",
        "ts": "1664478079.200589"
      }
    ],
    "is_locked": false,
    "subscribed": false
  },
  {
    "client_msg_id": "e44b845e-ae94-4ca5-835a-beae0bb3f07c",
    "type": "message",
    "text": "<https://www.ibm.com/topics/what-is-blockchain#:~:text=Blockchain%20defined%3A%20Blockchain%20is%20a,patents%2C%20copyrights%2C%20branding>).",
    "user": "U03UHB8CXDY",
    "ts": "1664202216.368119",
    "blocks": [
      {
        "type": "rich_text",
        "block_id": "3TN1R",
        "elements": [
          {
            "type": "rich_text_section",
            "elements": [
              {
                "type": "link",
                "url": "https://www.ibm.com/topics/what-is-blockchain#:~:text=Blockchain%20defined%3A%20Blockchain%20is%20a,patents%2C%20copyrights%2C%20branding"
              },
              {
                "type": "text",
                "text": ")."
              }
            ]
          }
        ]
      }
    ],
    "team": "T03U4J8HMUG",
    "user_team": "T03U4J8HMUG",
    "source_team": "T03U4J8HMUG",
    "user_profile": {
      "avatar_hash": "374fee609510",
      "image_72": "https://avatars.slack-edge.com/2022-09-30/4159182498980_374fee609510e6ff1526_72.jpg",
      "first_name": "Yvonne",
      "real_name": "Yvonne Gonzalez",
      "display_name": "Yvonne Gonzalez",
      "team": "T03U4J8HMUG",
      "name": "Yvonne",
      "is_restricted": false,
      "is_ultra_restricted": false
    },
    "attachments": [
      {
        "from_url": "https://www.ibm.com/topics/what-is-blockchain#:~:text=Blockchain%20defined%3A%20Blockchain%20is%20a,patents%2C%20copyrights%2C%20branding",
        "image_url": "https://www.ibm.com/content/dam/connectedassets-adobe-cms/worldwide-content/stock-assets/getty/image/photography/a6/eb/bld151782.jpg/_jcr_content/renditions/cq5dam.web.1280.1280.jpeg",
        "image_width": 376,
        "image_height": 250,
        "image_bytes": 228301,
        "service_icon": "https://www.ibm.com/favicon.ico",
        "id": 1,
        "original_url": "https://www.ibm.com/topics/what-is-blockchain#:~:text=Blockchain%20defined%3A%20Blockchain%20is%20a,patents%2C%20copyrights%2C%20branding",
        "fallback": "What is Blockchain Technology? - IBM Blockchain  | IBM",
        "text": "Learn the basics of blockchain technology to discover why businesses worldwide are adopting it. Your understanding of blockchain for business starts here.",
        "title": "What is Blockchain Technology? - IBM Blockchain  | IBM",
        "title_link": "https://www.ibm.com/topics/what-is-blockchain#:~:text=Blockchain%20defined%3A%20Blockchain%20is%20a,patents%2C%20copyrights%2C%20branding",
        "service_name": "ibm.com"
      }
    ]
  },
  {
    "client_msg_id": "285aaa60-28a0-4b92-9ede-46f0f272c81d",
    "type": "message",
    "text": "<https://www.coinbase.com/blog/understanding-web-3-a-user-controlled-internet>",
    "user": "U03UH397319",
    "ts": "1664209139.160669",
    "blocks": [
      {
        "type": "rich_text",
        "block_id": "BcJV",
        "elements": [
          {
            "type": "rich_text_section",
            "elements": [
              {
                "type": "link",
                "url": "https://www.coinbase.com/blog/understanding-web-3-a-user-controlled-internet"
              }
            ]
          }
        ]
      }
    ],
    "team": "T03U4J8HMUG",
    "user_team": "T03U4J8HMUG",
    "source_team": "T03U4J8HMUG",
    "user_profile": {
      "avatar_hash": "gc7c2fbea497",
      "image_72": "https://secure.gravatar.com/avatar/c7c2fbea4976d191e3ad19004e067c11.jpg?s=72&d=https%3A%2F%2Fa.slack-edge.com%2Fdf10d%2Fimg%2Favatars%2Fava_0014-72.png",
      "first_name": "Brenda",
      "real_name": "Brenda Hernandez",
      "display_name": "Brenda Hernandez",
      "team": "T03U4J8HMUG",
      "name": "Brenda",
      "is_restricted": false,
      "is_ultra_restricted": false
    }
  },
  {
    "client_msg_id": "168374aa-c396-458c-a606-1a31804ac512",
    "type": "message",
    "text": "<https://medium.com/l4-media/making-sense-of-web-3-c1a9e74dcae>",
    "user": "U03UJH1EQQL",
    "ts": "1664212466.747249",
    "blocks": [
      {
        "type": "rich_text",
        "block_id": "W4gr",
        "elements": [
          {
            "type": "rich_text_section",
            "elements": [
              {
                "type": "link",
                "url": "https://medium.com/l4-media/making-sense-of-web-3-c1a9e74dcae"
              }
            ]
          }
        ]
      }
    ],
    "team": "T03U4J8HMUG",
    "user_team": "T03U4J8HMUG",
    "source_team": "T03U4J8HMUG",
    "user_profile": {
      "avatar_hash": "81b299d9869c",
      "image_72": "https://avatars.slack-edge.com/2022-08-20/3953555815671_81b299d9869ca44e70c1_72.png",
      "first_name": "Kelly",
      "real_name": "Kelly Soto",
      "display_name": "Kelly Soto",
      "team": "T03U4J8HMUG",
      "name": "Kelly",
      "is_restricted": false,
      "is_ultra_restricted": false
    },
    "attachments": [
      {
        "from_url": "https://medium.com/l4-media/making-sense-of-web-3-c1a9e74dcae",
        "ts": 1529610860,
        "image_url": "https://miro.medium.com/max/1200/1*xTDqHEzLmlE7uyV9HuB64w.jpeg",
        "image_width": 376,
        "image_height": 250,
        "image_bytes": 531128,
        "service_icon": "https://miro.medium.com/fit/c/152/152/1*sHhtYhaCe2Uc3IU0IgKwIQ.png",
        "id": 1,
        "original_url": "https://medium.com/l4-media/making-sense-of-web-3-c1a9e74dcae",
        "fallback": "Medium: Making Sense of Web 3",
        "text": ":point_right:Interested in helping build the infrastructure for web 3? L4 is actively hiring.",
        "title": "Making Sense of Web 3",
        "title_link": "https://medium.com/l4-media/making-sense-of-web-3-c1a9e74dcae",
        "service_name": "Medium",
        "fields": [
          {
            "value": "13 min read",
            "title": "Reading time",
            "short": true
          }
        ]
      }
    ]
  },
  {
    "client_msg_id": "ccf7ca54-4fe2-47a3-8e57-09bdc602de49",
    "type": "message",
    "text": "<https://andersbrownworth.com/blockchain/blockchain>",
    "user": "U03UJH1EQQL",
    "ts": "1664212642.497559",
    "blocks": [
      {
        "type": "rich_text",
        "block_id": "WEM",
        "elements": [
          {
            "type": "rich_text_section",
            "elements": [
              {
                "type": "link",
                "url": "https://andersbrownworth.com/blockchain/blockchain"
              }
            ]
          }
        ]
      }
    ],
    "team": "T03U4J8HMUG",
    "user_team": "T03U4J8HMUG",
    "source_team": "T03U4J8HMUG",
    "user_profile": {
      "avatar_hash": "81b299d9869c",
      "image_72": "https://avatars.slack-edge.com/2022-08-20/3953555815671_81b299d9869ca44e70c1_72.png",
      "first_name": "Kelly",
      "real_name": "Kelly Soto",
      "display_name": "Kelly Soto",
      "team": "T03U4J8HMUG",
      "name": "Kelly",
      "is_restricted": false,
      "is_ultra_restricted": false
    },
    "attachments": [
      {
        "from_url": "https://andersbrownworth.com/blockchain/blockchain",
        "service_icon": "https://andersbrownworth.com/favicon.ico",
        "id": 1,
        "original_url": "https://andersbrownworth.com/blockchain/blockchain",
        "fallback": "Blockchain Demo",
        "text": "A live blockchain demo in a browser.",
        "title": "Blockchain Demo",
        "title_link": "https://andersbrownworth.com/blockchain/blockchain",
        "service_name": "andersbrownworth.com"
      }
    ]
  },
  {
    "client_msg_id": "36572beb-b1f2-4fe7-9770-0a0bf27c3086",
    "type": "message",
    "text": "<https://docs.docker.com/compose/networking/>",
    "user": "U03UJGRN5E0",
    "ts": "1664214871.950979",
    "blocks": [
      {
        "type": "rich_text",
        "block_id": "7G2",
        "elements": [
          {
            "type": "rich_text_section",
            "elements": [
              {
                "type": "link",
                "url": "https://docs.docker.com/compose/networking/"
              }
            ]
          }
        ]
      }
    ],
    "team": "T03U4J8HMUG",
    "user_team": "T03U4J8HMUG",
    "source_team": "T03U4J8HMUG",
    "user_profile": {
      "avatar_hash": "35b05758f532",
      "image_72": "https://avatars.slack-edge.com/2022-09-30/4156429070997_35b05758f532bdef5b5f_72.jpg",
      "first_name": "Katie",
      "real_name": "Katie Dickerson",
      "display_name": "Katie Dickerson",
      "team": "T03U4J8HMUG",
      "name": "Katie",
      "is_restricted": false,
      "is_ultra_restricted": false
    },
    "attachments": [
      {
        "from_url": "https://docs.docker.com/compose/networking/",
        "ts": 1664183889,
        "image_url": "https://docs.docker.com/assets/images/docs@2x.png",
        "image_width": 475,
        "image_height": 250,
        "image_bytes": 27740,
        "service_icon": "https://docs.docker.com/assets/favicons/docs@2x.ico",
        "id": 1,
        "original_url": "https://docs.docker.com/compose/networking/",
        "fallback": "Docker Documentation: Networking in Compose",
        "text": "How Compose sets up networking between containers",
        "title": "Networking in Compose",
        "title_link": "https://docs.docker.com/compose/networking/",
        "service_name": "Docker Documentation"
      }
    ]
  },
  {
    "client_msg_id": "ef1dabd6-7adc-4f48-81e9-5a3027137573",
    "type": "message",
    "text": "<https://developer.algorand.org/solutions/creating-a-demo-wallet-using-flask/|https://developer.algorand.org/solutions/creating-a-demo-wallet-using-flask/>",
    "user": "U03UAKATQ22",
    "ts": "1664217594.558659",
    "blocks": [
      {
        "type": "rich_text",
        "block_id": "GqaIT",
        "elements": [
          {
            "type": "rich_text_section",
            "elements": [
              {
                "type": "link",
                "url": "https://developer.algorand.org/solutions/creating-a-demo-wallet-using-flask/",
                "text": "https://developer.algorand.org/solutions/creating-a-demo-wallet-using-flask/"
              }
            ]
          }
        ]
      }
    ],
    "team": "T03U4J8HMUG",
    "user_team": "T03U4J8HMUG",
    "source_team": "T03U4J8HMUG",
    "user_profile": {
      "avatar_hash": "a2d0afeb249a",
      "image_72": "https://avatars.slack-edge.com/2022-08-21/3969267243922_a2d0afeb249a9b4f3842_72.png",
      "first_name": "Gary",
      "real_name": "Gary Thomas",
      "display_name": "Gary Thomas",
      "team": "T03U4J8HMUG",
      "name": "Gary",
      "is_restricted": false,
      "is_ultra_restricted": false
    },
    "attachments": [
      {
        "from_url": "https://developer.algorand.org/solutions/creating-a-demo-wallet-using-flask/",
        "image_url": "https://algorand-developer-portal.tryprism.com/static/Posts/2021/07/07 21:50/logo.png?w=1200&cmd=resize_then_crop&height=630&quality=70",
        "image_width": 476,
        "image_height": 250,
        "image_bytes": 27310,
        "service_icon": "https://algorand-devloper-portal-app.s3.amazonaws.com/static/img/favicon.png",
        "id": 1,
        "original_url": "https://developer.algorand.org/solutions/creating-a-demo-wallet-using-flask/",
        "fallback": "Creating a demo wallet using Flask",
        "text": "Flask is a Python framework for quickly creating webapps. In this solution we'll be using Flask and the Algorand SDK to show how to make a demo walle\u2026",
        "title": "Creating a demo wallet using Flask",
        "title_link": "https://developer.algorand.org/solutions/creating-a-demo-wallet-using-flask/",
        "service_name": "developer.algorand.org"
      }
    ]
  },
  {
    "client_msg_id": "9d2d9c40-0bed-4fec-a633-24dbf6573512",
    "type": "message",
    "text": "<https://developer.algorand.org/tutorials/create-account-testnet-python/>",
    "user": "U03UUR571A5",
    "ts": "1664219027.512939",
    "blocks": [
      {
        "type": "rich_text",
        "block_id": "ZMReV",
        "elements": [
          {
            "type": "rich_text_section",
            "elements": [
              {
                "type": "link",
                "url": "https://developer.algorand.org/tutorials/create-account-testnet-python/"
              }
            ]
          }
        ]
      }
    ],
    "team": "T03U4J8HMUG",
    "user_team": "T03U4J8HMUG",
    "source_team": "T03U4J8HMUG",
    "user_profile": {
      "avatar_hash": "g95c5cde44bc",
      "image_72": "https://secure.gravatar.com/avatar/95c5cde44bc023bd369920b7e1ed0c94.jpg?s=72&d=https%3A%2F%2Fa.slack-edge.com%2Fdf10d%2Fimg%2Favatars%2Fava_0017-72.png",
      "first_name": "Amy",
      "real_name": "Amy Leon",
      "display_name": "Amy Leon",
      "team": "T03U4J8HMUG",
      "name": "Amy",
      "is_restricted": false,
      "is_ultra_restricted": false
    },
    "attachments": [
      {
        "from_url": "https://developer.algorand.org/tutorials/create-account-testnet-python/",
        "image_url": "https://algorand-developer-portal.tryprism.com/static/Posts/2020/04/07 16:05/Piggy_bank__S1U5DvA.jpg?w=1200&cmd=resize_then_crop&height=630&quality=70",
        "image_width": 476,
        "image_height": 250,
        "image_bytes": 26890,
        "service_icon": "https://algorand-devloper-portal-app.s3.amazonaws.com/static/img/favicon.png",
        "id": 1,
        "original_url": "https://developer.algorand.org/tutorials/create-account-testnet-python/",
        "fallback": "Create an Account on TestNet with Python",
        "text": "Generate a new account, fund it, and check your balance on TestNet using the Python SDK.",
        "title": "Create an Account on TestNet with Python",
        "title_link": "https://developer.algorand.org/tutorials/create-account-testnet-python/",
        "service_name": "developer.algorand.org"
      }
    ]
  },
  {
    "client_msg_id": "cf1907ca-8cec-4cbc-b846-802f91abddb3",
    "type": "message",
    "text": "<https://www.youtube.com/watch?v=gACVKaNqxPs>",
    "user": "U03UD68RQH3",
    "ts": "1664221291.356839",
    "blocks": [
      {
        "type": "rich_text",
        "block_id": "0UIMO",
        "elements": [
          {
            "type": "rich_text_section",
            "elements": [
              {
                "type": "link",
                "url": "https://www.youtube.com/watch?v=gACVKaNqxPs"
              }
            ]
          }
        ]
      }
    ],
    "team": "T03U4J8HMUG",
    "user_team": "T03U4J8HMUG",
    "source_team": "T03U4J8HMUG",
    "user_profile": {
      "avatar_hash": "20cf1bb98890",
      "image_72": "https://avatars.slack-edge.com/2022-09-19/4112933864561_20cf1bb98890146c716f_72.png",
      "first_name": "Brady",
      "real_name": "Brady Rhodes",
      "display_name": "Brady Rhodes",
      "team": "T03U4J8HMUG",
      "name": "Brady",
      "is_restricted": false,
      "is_ultra_restricted": false
    },
    "attachments": [
      {
        "from_url": "https://www.youtube.com/watch?v=gACVKaNqxPs",
        "thumb_url": "https://i.ytimg.com/vi/gACVKaNqxPs/hqdefault.jpg",
        "thumb_width": 480,
        "thumb_height": 360,
        "video_html": "<iframe width=\"400\" height=\"225\" src=\"https://www.youtube.com/embed/gACVKaNqxPs?feature=oembed&autoplay=1&iv_load_policy=3\" frameborder=\"0\" allow=\"accelerometer; autoplay; clipboard-write; encrypted-media; gyroscope; picture-in-picture\" allowfullscreen title=\"Algorand Blockchain Core Protocol Overview\"></iframe>",
        "video_html_width": 400,
        "video_html_height": 225,
        "service_icon": "https://a.slack-edge.com/80588/img/unfurl_icons/youtube.png",
        "id": 1,
        "original_url": "https://www.youtube.com/watch?v=gACVKaNqxPs",
        "fallback": "YouTube Video: Algorand Blockchain Core Protocol Overview",
        "title": "Algorand Blockchain Core Protocol Overview",
        "title_link": "https://www.youtube.com/watch?v=gACVKaNqxPs",
        "author_name": "Algorand",
        "author_link": "https://www.youtube.com/c/Algorand",
        "service_name": "YouTube",
        "service_url": "https://www.youtube.com/"
      }
    ]
  },
  {
    "client_msg_id": "12b561fc-9957-4489-8afe-8763cf9560be",
    "type": "message",
    "text": "<https://www.linkedin.com/posts/omkar-thorve-47595a111_web3-education-work-activity-6902817433988804608-ywmw|https://www.linkedin.com/posts/omkar-thorve-47595a111_web3-education-work-activity-6902817433988804608-ywmw>",
    "user": "U03U1HAG9TR",
    "ts": "1664224731.886769",
    "blocks": [
      {
        "type": "rich_text",
        "block_id": "4n+C",
        "elements": [
          {
            "type": "rich_text_section",
            "elements": [
              {
                "type": "link",
                "url": "https://www.linkedin.com/posts/omkar-thorve-47595a111_web3-education-work-activity-6902817433988804608-ywmw",
                "text": "https://www.linkedin.com/posts/omkar-thorve-47595a111_web3-education-work-activity-6902817433988804608-ywmw"
              }
            ]
          }
        ]
      }
    ],
    "team": "T03U4J8HMUG",
    "user_team": "T03U4J8HMUG",
    "source_team": "T03U4J8HMUG",
    "user_profile": {
      "avatar_hash": "4e4331305ef1",
      "image_72": "https://avatars.slack-edge.com/2022-08-20/3980783297649_4e4331305ef102cc4346_72.jpg",
      "first_name": "Robert",
      "real_name": "Robert Carter",
      "display_name": "Robert Carter",
      "team": "T03U4J8HMUG",
      "name": "Robert",
      "is_restricted": false,
      "is_ultra_restricted": false
    },
    "attachments": [
      {
        "from_url": "https://www.linkedin.com/posts/omkar-thorve-47595a111_web3-education-work-activity-6902817433988804608-ywmw",
        "image_url": "https://media-exp1.licdn.com/dms/image/C5622AQHS5Kq9L-5OhQ/feedshare-shrink_2048_1536/0/1645715385837?e=2147483647&v=beta&t=851DRJYIodArAVnZqZ-0bXy2-FGi_JI4ej_C_nBVCtU",
        "image_width": 192,
        "image_height": 250,
        "image_bytes": 133883,
        "service_icon": "https://static-exp1.licdn.com/sc/h/al2o9zrvru7aqj8e1x2rzsrca",
        "id": 1,
        "original_url": "https://www.linkedin.com/posts/omkar-thorve-47595a111_web3-education-work-activity-6902817433988804608-ywmw",
        "fallback": "Omkar Thorve posted on LinkedIn",
        "text": "Omkar Thorve posted images on LinkedIn",
        "title": "Omkar Thorve posted on LinkedIn",
        "title_link": "https://www.linkedin.com/posts/omkar-thorve-47595a111_web3-education-work-activity-6902817433988804608-ywmw",
        "service_name": "linkedin.com"
      }
    ]
  },
  {
    "client_msg_id": "37c79cd8-8c66-47b8-86fd-4df8887967cc",
    "type": "message",
    "text": "A very interesting interview with the creator of Algorand <https://www.youtube.com/watch?v=jRahywWqYjo>",
    "user": "U03UD68RQH3",
    "ts": "1664225544.179579",
    "blocks": [
      {
        "type": "rich_text",
        "block_id": "JlC5",
        "elements": [
          {
            "type": "rich_text_section",
            "elements": [
              {
                "type": "text",
                "text": "A very interesting interview with the creator of Algorand "
              },
              {
                "type": "link",
                "url": "https://www.youtube.com/watch?v=jRahywWqYjo"
              }
            ]
          }
        ]
      }
    ],
    "team": "T03U4J8HMUG",
    "user_team": "T03U4J8HMUG",
    "source_team": "T03U4J8HMUG",
    "user_profile": {
      "avatar_hash": "20cf1bb98890",
      "image_72": "https://avatars.slack-edge.com/2022-09-19/4112933864561_20cf1bb98890146c716f_72.png",
      "first_name": "Brady",
      "real_name": "Brady Rhodes",
      "display_name": "Brady Rhodes",
      "team": "T03U4J8HMUG",
      "name": "Brady",
      "is_restricted": false,
      "is_ultra_restricted": false
    },
    "edited": {
      "user": "U03UD68RQH3",
      "ts": "1664225563.000000"
    }
  },
  {
    "client_msg_id": "ca8831e4-cc3d-4d77-8f5c-49b80df5ebaf",
    "type": "message",
    "text": "<https://developer.algorand.org/tutorials/vs-code-javascript/>",
    "user": "U03UUR571A5",
    "ts": "1664226734.745939",
    "blocks": [
      {
        "type": "rich_text",
        "block_id": "bfWKB",
        "elements": [
          {
            "type": "rich_text_section",
            "elements": [
              {
                "type": "link",
                "url": "https://developer.algorand.org/tutorials/vs-code-javascript/"
              }
            ]
          }
        ]
      }
    ],
    "team": "T03U4J8HMUG",
    "user_team": "T03U4J8HMUG",
    "source_team": "T03U4J8HMUG",
    "user_profile": {
      "avatar_hash": "g95c5cde44bc",
      "image_72": "https://secure.gravatar.com/avatar/95c5cde44bc023bd369920b7e1ed0c94.jpg?s=72&d=https%3A%2F%2Fa.slack-edge.com%2Fdf10d%2Fimg%2Favatars%2Fava_0017-72.png",
      "first_name": "Amy",
      "real_name": "Amy Leon",
      "display_name": "Amy Leon",
      "team": "T03U4J8HMUG",
      "name": "Amy",
      "is_restricted": false,
      "is_ultra_restricted": false
    },
    "attachments": [
      {
        "from_url": "https://developer.algorand.org/tutorials/vs-code-javascript/",
        "image_url": "https://algorand-developer-portal.tryprism.com/static/Posts/2020/04/07 21:41/VS_Codejs.jpg?w=1200&cmd=resize_then_crop&height=630&quality=70",
        "image_width": 476,
        "image_height": 250,
        "image_bytes": 53348,
        "service_icon": "https://algorand-devloper-portal-app.s3.amazonaws.com/static/img/favicon.png",
        "id": 1,
        "original_url": "https://developer.algorand.org/tutorials/vs-code-javascript/",
        "fallback": "Using VS Code with JavaScript",
        "text": "This tutorial will facilitate how to debug using Visual Studio (VS) Code, which can be used with all the code samples on the Algorand Developer Docs \u2026",
        "title": "Using VS Code with JavaScript",
        "title_link": "https://developer.algorand.org/tutorials/vs-code-javascript/",
        "service_name": "developer.algorand.org"
      }
    ]
  },
  {
    "client_msg_id": "335dc85f-67e8-44d6-ae4d-917acbcae224",
    "type": "message",
    "text": "<https://cryptozombies.io/>",
    "user": "U03UH397319",
    "ts": "1664227931.487029",
    "blocks": [
      {
        "type": "rich_text",
        "block_id": "JBB5a",
        "elements": [
          {
            "type": "rich_text_section",
            "elements": [
              {
                "type": "link",
                "url": "https://cryptozombies.io/"
              }
            ]
          }
        ]
      }
    ],
    "team": "T03U4J8HMUG",
    "user_team": "T03U4J8HMUG",
    "source_team": "T03U4J8HMUG",
    "user_profile": {
      "avatar_hash": "gc7c2fbea497",
      "image_72": "https://secure.gravatar.com/avatar/c7c2fbea4976d191e3ad19004e067c11.jpg?s=72&d=https%3A%2F%2Fa.slack-edge.com%2Fdf10d%2Fimg%2Favatars%2Fava_0014-72.png",
      "first_name": "Brenda",
      "real_name": "Brenda Hernandez",
      "display_name": "Brenda Hernandez",
      "team": "T03U4J8HMUG",
      "name": "Brenda",
      "is_restricted": false,
      "is_ultra_restricted": false
    },
    "attachments": [
      {
        "from_url": "https://cryptozombies.io/",
        "thumb_url": "https://cryptozombies.io/images/preview_image.png",
        "thumb_width": 1200,
        "thumb_height": 627,
        "service_icon": "https://cryptozombies.io/images/favicon.ico",
        "id": 1,
        "original_url": "https://cryptozombies.io/",
        "fallback": "#1 Solidity Tutorial &amp; Ethereum Blockchain Programming Course | CryptoZombies",
        "text": "CryptoZombies is The Most Popular, Interactive Solidity Tutorial That Will Help You Learn Blockchain Programming by Building Your Own Fun Game with Zombies \u2014 Master Blockchain Development with Web3, Infura, Metamask &amp; Ethereum Smart Contracts and Become a Blockchain Developer in Record Time!.",
        "title": "#1 Solidity Tutorial &amp; Ethereum Blockchain Programming Course | CryptoZombies",
        "title_link": "https://cryptozombies.io/",
        "service_name": "cryptozombies.io"
      }
    ]
  },
  {
    "client_msg_id": "b16339aa-42fc-43d9-bce1-b2840125c19b",
    "type": "message",
    "text": "<https://indepth.dev/posts/1506/an-introduction-to-blockchain>",
    "user": "U03UH397319",
    "ts": "1664231494.163139",
    "blocks": [
      {
        "type": "rich_text",
        "block_id": "s5f9",
        "elements": [
          {
            "type": "rich_text_section",
            "elements": [
              {
                "type": "link",
                "url": "https://indepth.dev/posts/1506/an-introduction-to-blockchain"
              }
            ]
          }
        ]
      }
    ],
    "team": "T03U4J8HMUG",
    "user_team": "T03U4J8HMUG",
    "source_team": "T03U4J8HMUG",
    "user_profile": {
      "avatar_hash": "gc7c2fbea497",
      "image_72": "https://secure.gravatar.com/avatar/c7c2fbea4976d191e3ad19004e067c11.jpg?s=72&d=https%3A%2F%2Fa.slack-edge.com%2Fdf10d%2Fimg%2Favatars%2Fava_0014-72.png",
      "first_name": "Brenda",
      "real_name": "Brenda Hernandez",
      "display_name": "Brenda Hernandez",
      "team": "T03U4J8HMUG",
      "name": "Brenda",
      "is_restricted": false,
      "is_ultra_restricted": false
    },
    "attachments": [
      {
        "from_url": "https://indepth.dev/posts/1506/an-introduction-to-blockchain",
        "image_url": "https://images.indepth.dev/images/2022/07/An-Introduction-to-Blockchains2.jpg",
        "image_width": 479,
        "image_height": 250,
        "image_bytes": 256617,
        "service_icon": "https://indepth.dev/favicon.png",
        "id": 1,
        "original_url": "https://indepth.dev/posts/1506/an-introduction-to-blockchain",
        "fallback": "inDepthDev: An Introduction to Blockchain - inDepthDev",
        "text": "Learn the fundamentals of a blockchain starting from first principles. We'll cover hashing, mining, consensus and more. After reading this article, you'll have a solid foundation upon which to explore platforms like Ethereum and Solana.",
        "title": "An Introduction to Blockchain - inDepthDev",
        "title_link": "https://indepth.dev/posts/1506/an-introduction-to-blockchain",
        "service_name": "inDepthDev"
      }
    ]
  },
  {
    "client_msg_id": "782c6d6c-a305-45d1-be1a-548ddb42ca84",
    "type": "message",
    "text": "<https://andersbrownworth.com/blockchain/blockchain>",
    "user": "U03UH397319",
    "ts": "1664231506.003289",
    "blocks": [
      {
        "type": "rich_text",
        "block_id": "5Lm",
        "elements": [
          {
            "type": "rich_text_section",
            "elements": [
              {
                "type": "link",
                "url": "https://andersbrownworth.com/blockchain/blockchain"
              }
            ]
          }
        ]
      }
    ],
    "team": "T03U4J8HMUG",
    "user_team": "T03U4J8HMUG",
    "source_team": "T03U4J8HMUG",
    "user_profile": {
      "avatar_hash": "gc7c2fbea497",
      "image_72": "https://secure.gravatar.com/avatar/c7c2fbea4976d191e3ad19004e067c11.jpg?s=72&d=https%3A%2F%2Fa.slack-edge.com%2Fdf10d%2Fimg%2Favatars%2Fava_0014-72.png",
      "first_name": "Brenda",
      "real_name": "Brenda Hernandez",
      "display_name": "Brenda Hernandez",
      "team": "T03U4J8HMUG",
      "name": "Brenda",
      "is_restricted": false,
      "is_ultra_restricted": false
    },
    "attachments": [
      {
        "from_url": "https://andersbrownworth.com/blockchain/blockchain",
        "service_icon": "https://andersbrownworth.com/favicon.ico",
        "id": 1,
        "original_url": "https://andersbrownworth.com/blockchain/blockchain",
        "fallback": "Blockchain Demo",
        "text": "A live blockchain demo in a browser.",
        "title": "Blockchain Demo",
        "title_link": "https://andersbrownworth.com/blockchain/blockchain",
        "service_name": "andersbrownworth.com"
      }
    ]
  },
  {
    "type": "message",
    "text": "A wonderful research conducted around this week's challenge topic",
    "files": [
      {
        "id": "F043WUFB73P",
        "created": 1664239021,
        "timestamp": 1664239021,
        "name": "12th_ICCCNT_2021_paper_192.pdf",
        "title": "12th_ICCCNT_2021_paper_192.pdf",
        "mimetype": "application/pdf",
        "filetype": "pdf",
        "pretty_type": "PDF",
        "user": "U03UG0YHAUT",
        "user_team": "T03U4J8HMUG",
        "editable": false,
        "size": 3629215,
        "mode": "hosted",
        "is_external": false,
        "external_type": "",
        "is_public": true,
        "public_url_shared": false,
        "display_as_bot": false,
        "username": "",
        "url_private": "https://files.slack.com/files-pri/T03U4J8HMUG-F043WUFB73P/12th_icccnt_2021_paper_192.pdf?t=xoxe-3956620599968-6240746766294-6247387524178-110fc6768eefd7fcb909c4550875ed49",
        "url_private_download": "https://files.slack.com/files-pri/T03U4J8HMUG-F043WUFB73P/download/12th_icccnt_2021_paper_192.pdf?t=xoxe-3956620599968-6240746766294-6247387524178-110fc6768eefd7fcb909c4550875ed49",
        "media_display_type": "unknown",
        "thumb_pdf": "https://files.slack.com/files-tmb/T03U4J8HMUG-F043WUFB73P-eb2f1a11f9/12th_icccnt_2021_paper_192_thumb_pdf.png?t=xoxe-3956620599968-6240746766294-6247387524178-110fc6768eefd7fcb909c4550875ed49",
        "thumb_pdf_w": 935,
        "thumb_pdf_h": 1210,
        "permalink": "https://10academybatch6.slack.com/files/U03UG0YHAUT/F043WUFB73P/12th_icccnt_2021_paper_192.pdf",
        "permalink_public": "https://slack-files.com/T03U4J8HMUG-F043WUFB73P-13fbfb9e90",
        "is_starred": false,
        "has_rich_preview": false,
        "file_access": "visible"
      }
    ],
    "upload": false,
    "user": "U03UG0YHAUT",
    "display_as_bot": false,
    "ts": "1664239065.803579",
    "blocks": [
      {
        "type": "rich_text",
        "block_id": "SUwt",
        "elements": [
          {
            "type": "rich_text_section",
            "elements": [
              {
                "type": "text",
                "text": "A wonderful research conducted around this week's challenge topic"
              }
            ]
          }
        ]
      }
    ],
    "client_msg_id": "0e2f17c6-5f13-4126-94f3-dfecdcc1b214"
  },
  {
    "client_msg_id": "01ce8838-0a1d-4b30-9e08-939ba09fa0ae",
    "type": "message",
    "text": "While starting the algorand sandbox you might find this quick fixes helpful\n<https://forum.algorand.org/t/algorand-node-indexer-node-one-or-more-services-failed-to-start/7351|https://forum.algorand.org/t/algorand-node-indexer-node-one-or-more-services-failed-to-start/7351>\n<https://stackoverflow.com/questions/73371468/algorand-and-indexer-nodes-not-starting-when-attempting-to-start-algorand-sandbo|https://stackoverflow.com/questions/73371468/algorand-and-indexer-nodes-not-starting-when-attempting-to-start-algorand-sandbo>\n<https://github.com/algorand/sandbox/blob/master/sandbox|https://github.com/algorand/sandbox/blob/master/sandbox>\n<https://morioh.com/p/f9d2801b3a63|https://morioh.com/p/f9d2801b3a63>",
    "user": "U03UG0YHAUT",
    "ts": "1664239308.206159",
    "blocks": [
      {
        "type": "rich_text",
        "block_id": "yQ3lw",
        "elements": [
          {
            "type": "rich_text_section",
            "elements": [
              {
                "type": "text",
                "text": "While starting the algorand sandbox you might find this quick fixes helpful\n"
              },
              {
                "type": "link",
                "url": "https://forum.algorand.org/t/algorand-node-indexer-node-one-or-more-services-failed-to-start/7351",
                "text": "https://forum.algorand.org/t/algorand-node-indexer-node-one-or-more-services-failed-to-start/7351"
              },
              {
                "type": "text",
                "text": "\n"
              },
              {
                "type": "link",
                "url": "https://stackoverflow.com/questions/73371468/algorand-and-indexer-nodes-not-starting-when-attempting-to-start-algorand-sandbo",
                "text": "https://stackoverflow.com/questions/73371468/algorand-and-indexer-nodes-not-starting-when-attempting-to-start-algorand-sandbo"
              },
              {
                "type": "text",
                "text": "\n"
              },
              {
                "type": "link",
                "url": "https://github.com/algorand/sandbox/blob/master/sandbox",
                "text": "https://github.com/algorand/sandbox/blob/master/sandbox"
              },
              {
                "type": "text",
                "text": "\n"
              },
              {
                "type": "link",
                "url": "https://morioh.com/p/f9d2801b3a63",
                "text": "https://morioh.com/p/f9d2801b3a63"
              }
            ]
          }
        ]
      }
    ],
    "team": "T03U4J8HMUG",
    "user_team": "T03U4J8HMUG",
    "source_team": "T03U4J8HMUG",
    "user_profile": {
      "avatar_hash": "e7b0c8269999",
      "image_72": "https://avatars.slack-edge.com/2022-09-20/4099393715542_e7b0c82699998d3b3ade_72.jpg",
      "first_name": "Daniel",
      "real_name": "Daniel Brown",
      "display_name": "Daniel Brown",
      "team": "T03U4J8HMUG",
      "name": "Daniel",
      "is_restricted": false,
      "is_ultra_restricted": false
    },
    "attachments": [
      {
        "from_url": "https://forum.algorand.org/t/algorand-node-indexer-node-one-or-more-services-failed-to-start/7351",
        "ts": 1657136655,
        "thumb_url": "https://aws1.discourse-cdn.com/business6/uploads/algorand/original/1X/3c9bc109197c3de404a51dd7077567d5e7bf2316.png",
        "thumb_width": 512,
        "thumb_height": 512,
        "service_icon": "https://aws1.discourse-cdn.com/business6/uploads/algorand/optimized/1X/e7656b337e151586f03301aae2062eb1baeda102_2_180x180.png",
        "id": 1,
        "original_url": "https://forum.algorand.org/t/algorand-node-indexer-node-one-or-more-services-failed-to-start/7351",
        "fallback": "Algorand: Algorand node, indexer node One or more services failed to start",
        "text": "when I run the command $ ./sandbox up I got this error: the following did not start: algorand node indexer node One or more services failed to start.",
        "title": "Algorand node, indexer node One or more services failed to start",
        "title_link": "https://forum.algorand.org/t/algorand-node-indexer-node-one-or-more-services-failed-to-start/7351",
        "service_name": "Algorand",
        "fields": [
          {
            "value": "1 mins :clock2:",
            "title": "Reading time",
            "short": true
          },
          {
            "value": "2 :heart:",
            "title": "Likes",
            "short": true
          }
        ]
      },
      {
        "from_url": "https://stackoverflow.com/questions/73371468/algorand-and-indexer-nodes-not-starting-when-attempting-to-start-algorand-sandbo",
        "thumb_url": "https://cdn.sstatic.net/Sites/stackoverflow/Img/apple-touch-icon@2.png?v=73d79a89bded",
        "thumb_width": 316,
        "thumb_height": 316,
        "service_icon": "https://cdn.sstatic.net/Sites/stackoverflow/Img/apple-touch-icon.png?v=c78bd457575a",
        "id": 2,
        "original_url": "https://stackoverflow.com/questions/73371468/algorand-and-indexer-nodes-not-starting-when-attempting-to-start-algorand-sandbo",
        "fallback": "Stack Overflow: Algorand and indexer nodes not starting when attempting to start Algorand Sandbox in Ubuntu 22",
        "text": "I am attempting to set up and run the Algorand Sandbox in Ubuntu 22 following instructions from <https://developer.algorand.org/tutorials/create-and-test-smart-contracts-using-python/>. I installed d...",
        "title": "Algorand and indexer nodes not starting when attempting to start Algorand Sandbox in Ubuntu 22",
        "title_link": "https://stackoverflow.com/questions/73371468/algorand-and-indexer-nodes-not-starting-when-attempting-to-start-algorand-sandbo",
        "service_name": "Stack Overflow"
      },
      {
        "from_url": "https://morioh.com/p/f9d2801b3a63",
        "image_url": "https://i.morioh.com/2022/03/21/e4b7a1c8.webp",
        "image_width": 444,
        "image_height": 250,
        "image_bytes": 65594,
        "service_icon": "https://i.morioh.com/assets/favicon/apple-touch-icon.png",
        "id": 3,
        "original_url": "https://morioh.com/p/f9d2801b3a63",
        "fallback": "Algorand Node Sandbox",
        "text": "Algorand Node Sandbox. This is a fast way to create and configure an Algorand development environment with Algod and Indexer.",
        "title": "Algorand Node Sandbox",
        "title_link": "https://morioh.com/p/f9d2801b3a63",
        "service_name": "morioh.com"
      },
      {
        "id": 4,
        "footer_icon": "https://slack.github.com/static/img/favicon-neutral.png",
        "color": "24292f",
        "bot_id": "B03UYH1BWQZ",
        "app_unfurl_url": "https://github.com/algorand/sandbox/blob/master/sandbox",
        "is_app_unfurl": true,
        "app_id": "A01BP7R4KNY",
        "fallback": "<https://github.com/algorand/sandbox/blob/master/sandbox | sandbox>",
        "text": "```\n#!/usr/bin/env bash\nset -euo pipefail\n\n#####################\n# Script constants. #\n#####################\nDEFAULT_CONFIG='release'\nSANDBOX_DIR=$(dirname \"$0\")\nsource \"$SANDBOX_DIR/.env\"\nCLEAN_FILE=\"$SANDBOX_DIR/.clean\"\nACTIVE_CONFIG_FILE=\"$SANDBOX_DIR/.active_config\"\nSANDBOX_LOG=\"$SANDBOX_DIR/sandbox.log\"\nFAST_CATCHUP_URL='<https://algorand-catchpoints.s3.us-east-2.amazonaws.com/channel/CHANNEL/latest.catchpoint>'\n\nAPORT=\"${ALGOD_PORT:-4001}\"\nKPORT=\"${KMD_PORT:-4002}\"\nIPORT=\"${INDEXER_PORT:-8980}\"\n\n# Global flags\nUSE_FAST_CATCHUP=1\nINTERACTIVE_MODE=0\nVERBOSE_MODE=0\n\n#########################\n# Config file variables #\n#########################\nexport ALGOD_CHANNEL=\"\"\nexport ALGOD_URL=\"\"\nexport ALGOD_BRANCH=\"\"\nexport ALGOD_SHA=\"\"\nexport NETWORK=\"\"\nexport NETWORK_BOOTSTRAP_URL=\"\"\nexport NETWORK_GENESIS_FILE=\"\"\nexport NODE_ARCHIVAL=\"\"\nexport INDEXER_URL=\"\"\nexport INDEXER_BRANCH=\"\"\nexport INDEXER_SHA=\"\"\nexport INDEXER_DISABLED=\"\"\n\n##################################################\n# Determine the correct docker command (or fail) #\n##################################################\nif [ -x \"$(command -v docker-compose)\" ]; then\n  DOCKER_COMPOSE=\"docker-compose\"\nelif [ \"$(docker compose help &amp;&gt;/dev/null; echo \"$?\")\" -eq 16 ]; then\n  DOCKER_COMPOSE=\"docker compose\"\nelse\n  echo 'Error: docker compose is not installed.' &gt;&amp;2\n  exit 1\nfi\n\n######################################\n# Compatibility with Windows / MSYS2 #\n######################################\n\n# All commands that use a TTY/pseudo-TTY\n# need to be prefixed by \"$WINDOWS_PTY_PREFIX\"\nWINDOWS_PTY_PREFIX=\nif [ \"$(uname)\" == \"Darwin\" ]; then\n  true\nelif [ \"$(expr substr $(uname -s) 1 10)\" == \"MINGW32_NT\" ] || \\\n     [ \"$(expr substr $(uname -s) 1 10)\" == \"MINGW64_NT\" ]; then\n  WINDOWS_PTY_PREFIX=\"winpty\"\nfi\n\n#########################\n# Helpers and utilities #\n#########################\n\n# Console colorized print helpers\ndefault=\"\\033[0m\"\n\nred=\"\\033[0;31m\"\ngreen=\"\\033[0;32m\"\nblue=\"\\033[0;34m\"\nteal=\"\\033[0;36m\"\n\n# bold\nBgreen=\"\\033[1;32m\"\n\n\nfunction printc () {\n  printf \"$1$2${default}\\n\"\n}\n\nfunction statusline () {\n  printc \"${Bgreen}\" \"\\n$1\"\n}\n\nfunction err_noexit () {\n  printf \"${red}$1${default}\\n\"\n}\n\nfunction err () {\n  err_noexit \"$1\"\n  exit 1\n}\n\n# Overwrite the current line on the terminal\nfunction overwrite() {\n  echo -e \"\\r\\033[1A\\033[0K$@\";\n}\n\n# Yes/no prompt around the clean command\nfunction ask_clean () {\n  if ask \"$1\"; then\n    sandbox clean\n  else\n    exit 1\n  fi\n}\n\n# Interactive yes/no prompt\nfunction ask () {\n    # <https://djm.me/ask>\n    local prompt default reply\n\n    if [ \"${2:-}\" = \"Y\" ]; then\n        prompt=\"Y/n\"\n        default=Y\n    elif [ \"${2:-}\" = \"N\" ]; then\n        prompt=\"y/N\"\n        default=N\n    else\n        prompt=\"y/n\"\n        default=\n    fi\n\n    while true; do\n\n        # Ask the question (not using \"read -p\" as it uses stderr not stdout)\n        echo -n \"$1 [$prompt] \"\n\n        # Read the answer (use /dev/tty in case stdin is redirected from somewhere else)\n        read reply &lt;/dev/tty\n\n        # Default?\n        if [ -z \"$reply\" ]; then\n            reply=$default\n        fi\n\n        # Check if the reply is valid\n        case \"$reply\" in\n            Y*|y*) return 0 ;;\n            N*|n*) return 1 ;;\n        esac\n\n    done\n}\n\n# Spinner - <https://stackoverflow.com/a/20369590>\n# Show a spinner for long running commands:\n#   (command) &amp; spinner\nfunction spinner()\n{\n  local pid=$!\n  local delay=0.75\n  local spinstr='|/-\\'\n  while [ \"$(ps a | awk '{print $1}' | grep $pid)\" ]; do\n    local temp=${spinstr#?}\n    overwrite \" [${spinstr::1}] \"\n    local spinstr=$temp${spinstr%\"$temp\"}\n    sleep $delay\n  done\n  overwrite \"\"\n}\n\n# Progress bar - <https://stackoverflow.com/a/28044986>\n# 1. Create progress_bar function\n# 1.1 Input is prefixString($1) currentState($2) and totalState($3)\nfunction progress_bar {\n  local progress\n  local done\n  local left\n  local fill\n  local empty\n\n  # Process data\n  progress=$(( $(( ${2} * 100 / ${3} * 100)) / 100))\n  done=$(( $(( ${progress} * 4 )) / 10 ))\n  left=$(( 40 - $done ))\n\n  # Build progressbar string lengths\n  fill=$(printf \"%${done}s\")\n  empty=$(printf \"%${left}s\")\n\n  # 1.2 Build progressbar strings and print the progress_bar line\n  # 1.2.1 Output example:\n  # 1.2.1.1 Progress : [****************************************] 100%\n  overwrite \"$1 : [${fill// /\u2587}${empty// / }] [$2/$3] ${progress}%\"\n}\n\nsandbox () {\n  status_helper () {\n    statusline \"algod - goal node status\"\n    goal_helper node status\n    statusline \"indexer - health\"\n    curl -s \"localhost:$IPORT/health?pretty\"\n  }\n\n  # docker-compose alias\n  # must only be used when no pseudo-TTY is required\n  # in particular, when using \n  #   dc ... exec ...\n  # the flag -T needs to be passed\n  # Concretely, to execute non-interactive commands:\n  #   dc exec -T algod goal node status\n  # and if the command is interactive, dc_pty needs to be used:\n  #   dc_pty algod exec //bin/bash\n  # This is to ensure compatibility with Windows Msys\n  dc () {\n    VERBOSE_FLAG=\"\"\n    if [ $VERBOSE_MODE == 1 ]; then\n      # --verbose is universally available since tag <https://github.com/docker/compose-cli/releases/tag/v1.0.18> pr <https://github.com/docker/compose-cli/pull/1830>\n      VERBOSE_FLAG=\" --verbose\"\n    fi\n\n    $DOCKER_COMPOSE$VERBOSE_FLAG -f \"$SANDBOX_DIR/docker-compose.yml\" \"$@\"\n  }\n\n  # dc_pty needs to be used instead of dc any time\n  # a pseudo-TTY is required.\n  # See comment of dc ()\n  # Do NOT used when the command input/output needs to be piped\n  # or inside command substituions as this will fail on Windows Msys\n  dc_pty () {\n    # note: cannot be replaced by $WINDOWS_PTY_PREFIX dc \"$@\"\n    #       because winpty requires an executable as argument\n    # TODO: can windows docker handle --verbose?\n    $WINDOWS_PTY_PREFIX $DOCKER_COMPOSE -f \"$SANDBOX_DIR/docker-compose.yml\" \"$@\"\n  }\n\n  rebuild_if_needed () {\n    if [ -f \"$CLEAN_FILE\" ]; then\n      rm \"$CLEAN_FILE\"\n      echo \".clean file found in sandbox directory. Rebuilding images...\"\n      echo \"* docker compose build --no-cache\"\n      dc build --no-cache\n    elif [ $FRESH_INSTALL -eq 0 ]; then\n      echo \".clean file NOT FOUND. Sandbox images will NOT be rebuilt.\"\n    fi\n  }\n\n  # A shortcut for goal commands on docker-compose\n  # It assumes the command is non-interactive and does not use a pseudo-TTY\n  # (option -T)\n  goal_helper () {\n    dc exec -T algod goal \"$@\"\n  }\n\n  # A shortcut for tealdbg commands on docker-compose\n  # It assumes the command is non-interactive and does not use a pseudo-TTY\n  # (option -T)\n  tealdbg_helper () {\n    if [[ \"$*\" == *--listen* ]]\n    then\n        dc exec -T algod tealdbg \"$@\"\n    else\n      if [[ \"$*\" == *debug* ]]\n      then\n          echo \"tealdbg debug command called without --listen option therefore sandbox attached the option automatically!\"\n          dc exec -T algod tealdbg  \"$@\" --listen 0.0.0.0\n          \n      else\n          dc exec -T algod tealdbg \"$@\"\n      fi        \n    fi    \n  }\n\n  # wait until indexer/algod health endpoints report 200\n  wait_for_services() {\n    local ATTEMPTS_REMAINING=60\n    local INDEXER_STATUS=\"000\"\n    local ALGOD_STATUS=\"000\"\n\n    # wait for startup\n    while [[ $ATTEMPTS_REMAINING -gt 0 ]]; do\n      INDEXER_STATUS=$(curl -sL -w \"%{http_code}\\n\" \"localhost:$IPORT/health\" -o /dev/null || true)\n      ALGOD_STATUS=$(curl -sL -w \"%{http_code}\\n\" \"localhost:$APORT/health\" -o /dev/null || true)\n      if [ \"$ALGOD_STATUS\" == \"200\" ] &amp;&amp; [ \"$INDEXER_STATUS\" == \"200\" ]; then\n        ATTEMPTS_REMAINING=0\n      else\n        ((ATTEMPTS_REMAINING--))\n        sleep 1\n      fi\n    done\n\n    if [ \"$ALGOD_STATUS\" != \"200\" ] || [ \"$INDEXER_STATUS\" != \"200\" ]; then\n      echo \"the following did not start:\"\n      if [ \"$ALGOD_STATUS\" != \"200\" ]; then\n        echo \"* algorand node\"\n      fi\n      if [ \"$INDEXER_STATUS\" != \"200\" ]; then\n        echo \"* indexer node\"\n      fi\n      err \"One or more services failed to start.\"\n    fi\n  }\n\n  version_helper () \u2026",
        "title": "<https://github.com/algorand/sandbox/blob/master/sandbox | sandbox>",
        "footer": "<https://github.com/algorand/sandbox|algorand/sandbox>",
        "mrkdwn_in": [
          "text"
        ]
      }
    ]
  }
]