[
  {
    "client_msg_id": "2679af73-0019-46f2-a134-a93af36014be",
    "type": "message",
    "text": "<https://www.youtube.com/watch?v=U6dyIRolIhI&amp;ab_channel=SophiaYang>",
    "user": "U03UVHCV6KB",
    "ts": "1666437241.486779",
    "blocks": [
      {
        "type": "rich_text",
        "block_id": "Fqf",
        "elements": [
          {
            "type": "rich_text_section",
            "elements": [
              {
                "type": "link",
                "url": "https://www.youtube.com/watch?v=U6dyIRolIhI&ab_channel=SophiaYang"
              }
            ]
          }
        ]
      }
    ],
    "team": "T03U4J8HMUG",
    "user_team": "T03U4J8HMUG",
    "source_team": "T03U4J8HMUG",
    "user_profile": {
      "avatar_hash": "gc9619121f99",
      "image_72": "https://secure.gravatar.com/avatar/c9619121f998ee4a7e46177f2a5729de.jpg?s=72&d=https%3A%2F%2Fa.slack-edge.com%2Fdf10d%2Fimg%2Favatars%2Fava_0002-72.png",
      "first_name": "Travis",
      "real_name": "Travis Butler",
      "display_name": "Travis Butler",
      "team": "T03U4J8HMUG",
      "name": "Travis",
      "is_restricted": false,
      "is_ultra_restricted": false
    },
    "attachments": [
      {
        "from_url": "https://www.youtube.com/watch?v=U6dyIRolIhI&amp;ab_channel=SophiaYang",
        "thumb_url": "https://i.ytimg.com/vi/U6dyIRolIhI/hqdefault.jpg",
        "thumb_width": 480,
        "thumb_height": 360,
        "video_html": "<iframe width=\"400\" height=\"225\" src=\"https://www.youtube.com/embed/U6dyIRolIhI?feature=oembed&autoplay=1&iv_load_policy=3\" frameborder=\"0\" allow=\"accelerometer; autoplay; clipboard-write; encrypted-media; gyroscope; picture-in-picture\" allowfullscreen title=\"Big Data Visualization Using Datashader in Python | How does Datashader work and why is it so fast?\"></iframe>",
        "video_html_width": 400,
        "video_html_height": 225,
        "service_icon": "https://a.slack-edge.com/80588/img/unfurl_icons/youtube.png",
        "id": 1,
        "original_url": "https://www.youtube.com/watch?v=U6dyIRolIhI&amp;ab_channel=SophiaYang",
        "fallback": "YouTube Video: Big Data Visualization Using Datashader in Python | How does Datashader work and why is it so fast?",
        "title": "Big Data Visualization Using Datashader in Python | How does Datashader work and why is it so fast?",
        "title_link": "https://www.youtube.com/watch?v=U6dyIRolIhI&amp;ab_channel=SophiaYang",
        "author_name": "Sophia Yang",
        "author_link": "https://www.youtube.com/c/SophiaYangDS",
        "service_name": "YouTube",
        "service_url": "https://www.youtube.com/"
      }
    ]
  },
  {
    "client_msg_id": "0404b2a4-6a3b-4c72-8193-def1bbdfedf9",
    "type": "message",
    "text": "<https://python-holidays.readthedocs.io/en/latest/|https://python-holidays.readthedocs.io/en/latest/>",
    "user": "U03UG0YHAUT",
    "ts": "1666438485.285129",
    "blocks": [
      {
        "type": "rich_text",
        "block_id": "9gWy",
        "elements": [
          {
            "type": "rich_text_section",
            "elements": [
              {
                "type": "link",
                "url": "https://python-holidays.readthedocs.io/en/latest/",
                "text": "https://python-holidays.readthedocs.io/en/latest/"
              }
            ]
          }
        ]
      }
    ],
    "team": "T03U4J8HMUG",
    "user_team": "T03U4J8HMUG",
    "source_team": "T03U4J8HMUG",
    "user_profile": {
      "avatar_hash": "e7b0c8269999",
      "image_72": "https://avatars.slack-edge.com/2022-09-20/4099393715542_e7b0c82699998d3b3ade_72.jpg",
      "first_name": "Daniel",
      "real_name": "Daniel Brown",
      "display_name": "Daniel Brown",
      "team": "T03U4J8HMUG",
      "name": "Daniel",
      "is_restricted": false,
      "is_ultra_restricted": false
    }
  },
  {
    "client_msg_id": "efbe3b58-148d-4159-822c-aaa9c115ede2",
    "type": "message",
    "text": "<https://pypi.org/project/holidays/|https://pypi.org/project/holidays/>",
    "user": "U03UG0YHAUT",
    "ts": "1666438499.058739",
    "blocks": [
      {
        "type": "rich_text",
        "block_id": "KAc",
        "elements": [
          {
            "type": "rich_text_section",
            "elements": [
              {
                "type": "link",
                "url": "https://pypi.org/project/holidays/",
                "text": "https://pypi.org/project/holidays/"
              }
            ]
          }
        ]
      }
    ],
    "team": "T03U4J8HMUG",
    "user_team": "T03U4J8HMUG",
    "source_team": "T03U4J8HMUG",
    "user_profile": {
      "avatar_hash": "e7b0c8269999",
      "image_72": "https://avatars.slack-edge.com/2022-09-20/4099393715542_e7b0c82699998d3b3ade_72.jpg",
      "first_name": "Daniel",
      "real_name": "Daniel Brown",
      "display_name": "Daniel Brown",
      "team": "T03U4J8HMUG",
      "name": "Daniel",
      "is_restricted": false,
      "is_ultra_restricted": false
    },
    "attachments": [
      {
        "from_url": "https://pypi.org/project/holidays/",
        "image_url": "https://pypi.org/static/images/twitter.6fecba6f.jpg",
        "image_width": 250,
        "image_height": 250,
        "image_bytes": 6869,
        "service_icon": "https://pypi.org/static/images/favicon.6a76275d.ico",
        "id": 1,
        "original_url": "https://pypi.org/project/holidays/",
        "fallback": "PyPI: holidays",
        "text": "Generate and work with holidays in Python",
        "title": "holidays",
        "title_link": "https://pypi.org/project/holidays/",
        "service_name": "PyPI"
      }
    ]
  },
  {
    "client_msg_id": "d26dba3a-79f6-44cb-8fac-50a0ce9d5b81",
    "type": "message",
    "text": "<https://heartbeat.comet.ml/working-with-geospatial-data-in-machine-learning-ad4097c7228d>",
    "user": "U03UJN29Y4C",
    "ts": "1666456178.243619",
    "blocks": [
      {
        "type": "rich_text",
        "block_id": "irr",
        "elements": [
          {
            "type": "rich_text_section",
            "elements": [
              {
                "type": "link",
                "url": "https://heartbeat.comet.ml/working-with-geospatial-data-in-machine-learning-ad4097c7228d"
              }
            ]
          }
        ]
      }
    ],
    "team": "T03U4J8HMUG",
    "user_team": "T03U4J8HMUG",
    "source_team": "T03U4J8HMUG",
    "user_profile": {
      "avatar_hash": "9bf024280cf1",
      "image_72": "https://avatars.slack-edge.com/2022-10-08/4190947116101_9bf024280cf14dffb003_72.jpg",
      "first_name": "Michelle",
      "real_name": "Michelle Lewis",
      "display_name": "Michelle Lewis",
      "team": "T03U4J8HMUG",
      "name": "Michelle",
      "is_restricted": false,
      "is_ultra_restricted": false
    },
    "attachments": [
      {
        "from_url": "https://heartbeat.comet.ml/working-with-geospatial-data-in-machine-learning-ad4097c7228d",
        "ts": 1632413111,
        "image_url": "https://miro.medium.com/max/1200/1*bH2q-Se77_m1a0jPSFE1RQ.jpeg",
        "image_width": 375,
        "image_height": 250,
        "image_bytes": 88386,
        "service_icon": "https://miro.medium.com/fit/c/152/152/1*sHhtYhaCe2Uc3IU0IgKwIQ.png",
        "id": 1,
        "original_url": "https://heartbeat.comet.ml/working-with-geospatial-data-in-machine-learning-ad4097c7228d",
        "fallback": "Medium: Working with Geospatial Data in Machine Learning",
        "text": "Properly handle longitude and latitude in machine learning problems.",
        "title": "Working with Geospatial Data in Machine Learning",
        "title_link": "https://heartbeat.comet.ml/working-with-geospatial-data-in-machine-learning-ad4097c7228d",
        "service_name": "Medium",
        "fields": [
          {
            "value": "7 min read",
            "title": "Reading time",
            "short": true
          }
        ]
      }
    ]
  },
  {
    "client_msg_id": "2c55333b-6e2d-48a1-9636-c18944ca48d5",
    "type": "message",
    "text": "<https://causalnex.readthedocs.io/en/latest/03_tutorial/01_first_tutorial.html>",
    "user": "U03UUR571A5",
    "ts": "1666487800.097719",
    "blocks": [
      {
        "type": "rich_text",
        "block_id": "mP=",
        "elements": [
          {
            "type": "rich_text_section",
            "elements": [
              {
                "type": "link",
                "url": "https://causalnex.readthedocs.io/en/latest/03_tutorial/01_first_tutorial.html"
              }
            ]
          }
        ]
      }
    ],
    "team": "T03U4J8HMUG",
    "user_team": "T03U4J8HMUG",
    "source_team": "T03U4J8HMUG",
    "user_profile": {
      "avatar_hash": "g95c5cde44bc",
      "image_72": "https://secure.gravatar.com/avatar/95c5cde44bc023bd369920b7e1ed0c94.jpg?s=72&d=https%3A%2F%2Fa.slack-edge.com%2Fdf10d%2Fimg%2Favatars%2Fava_0017-72.png",
      "first_name": "Amy",
      "real_name": "Amy Leon",
      "display_name": "Amy Leon",
      "team": "T03U4J8HMUG",
      "name": "Amy",
      "is_restricted": false,
      "is_ultra_restricted": false
    }
  }
]