[
  {
    "client_msg_id": "556addc6-394d-4df5-a1a1-1511ed9cf699",
    "type": "message",
    "text": "<https://rosenfelder.ai/keras-regression-efficient-net/>",
    "user": "U03UJGRN5E0",
    "ts": "1667638189.826359",
    "blocks": [
      {
        "type": "rich_text",
        "block_id": "jxZGA",
        "elements": [
          {
            "type": "rich_text_section",
            "elements": [
              {
                "type": "link",
                "url": "https://rosenfelder.ai/keras-regression-efficient-net/"
              }
            ]
          }
        ]
      }
    ],
    "team": "T03U4J8HMUG",
    "user_team": "T03U4J8HMUG",
    "source_team": "T03U4J8HMUG",
    "user_profile": {
      "avatar_hash": "35b05758f532",
      "image_72": "https://avatars.slack-edge.com/2022-09-30/4156429070997_35b05758f532bdef5b5f_72.jpg",
      "first_name": "Katie",
      "real_name": "Katie Dickerson",
      "display_name": "Katie Dickerson",
      "team": "T03U4J8HMUG",
      "name": "Katie",
      "is_restricted": false,
      "is_ultra_restricted": false
    },
    "attachments": [
      {
        "from_url": "https://rosenfelder.ai/keras-regression-efficient-net/",
        "ts": 1603123200,
        "thumb_url": "https://rosenfelder.ai/assets/img//post4/teaser.png",
        "thumb_width": 780,
        "thumb_height": 250,
        "service_icon": "https://rosenfelder.ai/assets/img/favicon/apple-touch-icon.png",
        "id": 1,
        "original_url": "https://rosenfelder.ai/keras-regression-efficient-net/",
        "fallback": "Python Tutorials for Machine Learning, Deep Learning and Data Visualization: Transfer Learning with EfficientNet for Image Regression in Keras - Using Custom Data in Keras",
        "text": "This tutorial teaches you how to use Keras for Image regression problems on a custom dataset with transfer learning.",
        "title": "Transfer Learning with EfficientNet for Image Regression in Keras - Using Custom Data in Keras",
        "title_link": "https://rosenfelder.ai/keras-regression-efficient-net/",
        "service_name": "Python Tutorials for Machine Learning, Deep Learning and Data Visualization"
      }
    ]
  },
  {
    "client_msg_id": "a50f1891-9ee8-4bbe-9b60-a4269f5d4477",
    "type": "message",
    "text": "<https://ainize.ai/dynamicguy/deepface>",
    "user": "U03U1HAG9TR",
    "ts": "1667638838.527059",
    "blocks": [
      {
        "type": "rich_text",
        "block_id": "XZP",
        "elements": [
          {
            "type": "rich_text_section",
            "elements": [
              {
                "type": "link",
                "url": "https://ainize.ai/dynamicguy/deepface"
              }
            ]
          }
        ]
      }
    ],
    "team": "T03U4J8HMUG",
    "user_team": "T03U4J8HMUG",
    "source_team": "T03U4J8HMUG",
    "user_profile": {
      "avatar_hash": "4e4331305ef1",
      "image_72": "https://avatars.slack-edge.com/2022-08-20/3980783297649_4e4331305ef102cc4346_72.jpg",
      "first_name": "Robert",
      "real_name": "Robert Carter",
      "display_name": "Robert Carter",
      "team": "T03U4J8HMUG",
      "name": "Robert",
      "is_restricted": false,
      "is_ultra_restricted": false
    },
    "attachments": [
      {
        "from_url": "https://ainize.ai/dynamicguy/deepface",
        "image_url": "https://ainize.ai/images/og_image_06.png",
        "image_width": 476,
        "image_height": 250,
        "image_bytes": 80134,
        "service_icon": "https://ainize.ai/favicon.png",
        "id": 1,
        "original_url": "https://ainize.ai/dynamicguy/deepface",
        "fallback": "Ainize: dynamicguy/deepface",
        "text": "A Lightweight Deep Face Recognition and Facial Attribute Analysis (Age, Gender, Emotion and Race) Framework for Python",
        "title": "dynamicguy/deepface",
        "title_link": "https://ainize.ai/dynamicguy/deepface",
        "service_name": "Ainize"
      }
    ]
  },
  {
    "client_msg_id": "9a6b9f86-b7db-4757-b659-d42c7f761d5b",
    "type": "message",
    "text": "<https://pyimagesearch.com/2017/06/05/computing-image-colorfulness-with-opencv-and-python/|https://pyimagesearch.com/2017/06/05/computing-image-colorfulness-with-opencv-and-python/>",
    "user": "U03UJKJGRAQ",
    "ts": "1667645955.012299",
    "blocks": [
      {
        "type": "rich_text",
        "block_id": "MREPI",
        "elements": [
          {
            "type": "rich_text_section",
            "elements": [
              {
                "type": "link",
                "url": "https://pyimagesearch.com/2017/06/05/computing-image-colorfulness-with-opencv-and-python/",
                "text": "https://pyimagesearch.com/2017/06/05/computing-image-colorfulness-with-opencv-and-python/"
              }
            ]
          }
        ]
      }
    ],
    "team": "T03U4J8HMUG",
    "user_team": "T03U4J8HMUG",
    "source_team": "T03U4J8HMUG",
    "user_profile": {
      "avatar_hash": "3d318a55b9e2",
      "image_72": "https://avatars.slack-edge.com/2022-10-03/4158852852038_3d318a55b9e221ad2cb3_72.jpg",
      "first_name": "Brian",
      "real_name": "Brian Odom",
      "display_name": "Brian Odom",
      "team": "T03U4J8HMUG",
      "name": "Brian",
      "is_restricted": false,
      "is_ultra_restricted": false
    },
    "attachments": [
      {
        "from_url": "https://pyimagesearch.com/2017/06/05/computing-image-colorfulness-with-opencv-and-python/",
        "ts": 1496671259,
        "image_url": "https://pyimagesearch.com/wp-content/uploads/2017/05/image_colorfulness_results.jpg",
        "image_width": 401,
        "image_height": 250,
        "image_bytes": 64794,
        "service_icon": "https://pyimagesearch.com/favicon.ico",
        "id": 1,
        "original_url": "https://pyimagesearch.com/2017/06/05/computing-image-colorfulness-with-opencv-and-python/",
        "fallback": "PyImageSearch: Computing image \u201ccolorfulness\u201d with OpenCV and Python - PyImageSearch",
        "text": "This tutorial discusses how to compute the colorfulness of an image using a simple metric. We then implement this colorfulness metric using Python &amp; OpenCV.",
        "title": "Computing image \u201ccolorfulness\u201d with OpenCV and Python - PyImageSearch",
        "title_link": "https://pyimagesearch.com/2017/06/05/computing-image-colorfulness-with-opencv-and-python/",
        "service_name": "PyImageSearch",
        "fields": [
          {
            "value": "Adrian Rosebrock",
            "title": "Written by",
            "short": true
          },
          {
            "value": "10 minutes",
            "title": "Est. reading time",
            "short": true
          }
        ]
      }
    ]
  },
  {
    "client_msg_id": "ae8d79b3-cbad-48c4-92a6-ed3199de7b72",
    "type": "message",
    "text": "<https://www.analyticsvidhya.com/blog/2021/02/diminishing-the-dimensions-with-pca/>",
    "user": "U03UJGRN5E0",
    "ts": "1667649388.395029",
    "blocks": [
      {
        "type": "rich_text",
        "block_id": "zGXx",
        "elements": [
          {
            "type": "rich_text_section",
            "elements": [
              {
                "type": "link",
                "url": "https://www.analyticsvidhya.com/blog/2021/02/diminishing-the-dimensions-with-pca/"
              }
            ]
          }
        ]
      }
    ],
    "team": "T03U4J8HMUG",
    "user_team": "T03U4J8HMUG",
    "source_team": "T03U4J8HMUG",
    "user_profile": {
      "avatar_hash": "35b05758f532",
      "image_72": "https://avatars.slack-edge.com/2022-09-30/4156429070997_35b05758f532bdef5b5f_72.jpg",
      "first_name": "Katie",
      "real_name": "Katie Dickerson",
      "display_name": "Katie Dickerson",
      "team": "T03U4J8HMUG",
      "name": "Katie",
      "is_restricted": false,
      "is_ultra_restricted": false
    },
    "attachments": [
      {
        "from_url": "https://www.analyticsvidhya.com/blog/2021/02/diminishing-the-dimensions-with-pca/",
        "ts": 1612951756,
        "thumb_url": "https://cdn.analyticsvidhya.com/wp-content/uploads/2019/10/NLP_transfer_learning_DHS19.jpg",
        "thumb_width": 1920,
        "thumb_height": 800,
        "service_icon": "https://www.analyticsvidhya.com/wp-content/uploads/2015/02/logo_square_v2.jpg",
        "id": 1,
        "original_url": "https://www.analyticsvidhya.com/blog/2021/02/diminishing-the-dimensions-with-pca/",
        "fallback": "Analytics Vidhya: PCA for Dimensionality Reduction | Diminishing Dimensions With PCA",
        "text": "This article will give you clarity on what is PCA for dimensionality reduction, its need, and how it works with implementation in Python",
        "title": "PCA for Dimensionality Reduction | Diminishing Dimensions With PCA",
        "title_link": "https://www.analyticsvidhya.com/blog/2021/02/diminishing-the-dimensions-with-pca/",
        "service_name": "Analytics Vidhya",
        "fields": [
          {
            "value": "Prathamesh Dinkar",
            "title": "Written by",
            "short": true
          },
          {
            "value": "5 minutes",
            "title": "Est. reading time",
            "short": true
          }
        ]
      }
    ]
  },
  {
    "client_msg_id": "753e0390-0c4c-4e2a-97af-6629f8cc4a99",
    "type": "message",
    "text": "<https://towardsdatascience.com/loading-custom-image-dataset-for-deep-learning-models-part-1-d64fa7aaeca6>",
    "user": "U03UJGRN5E0",
    "ts": "1667649414.454319",
    "blocks": [
      {
        "type": "rich_text",
        "block_id": "jZb",
        "elements": [
          {
            "type": "rich_text_section",
            "elements": [
              {
                "type": "link",
                "url": "https://towardsdatascience.com/loading-custom-image-dataset-for-deep-learning-models-part-1-d64fa7aaeca6"
              }
            ]
          }
        ]
      }
    ],
    "team": "T03U4J8HMUG",
    "user_team": "T03U4J8HMUG",
    "source_team": "T03U4J8HMUG",
    "user_profile": {
      "avatar_hash": "35b05758f532",
      "image_72": "https://avatars.slack-edge.com/2022-09-30/4156429070997_35b05758f532bdef5b5f_72.jpg",
      "first_name": "Katie",
      "real_name": "Katie Dickerson",
      "display_name": "Katie Dickerson",
      "team": "T03U4J8HMUG",
      "name": "Katie",
      "is_restricted": false,
      "is_ultra_restricted": false
    },
    "attachments": [
      {
        "from_url": "https://towardsdatascience.com/loading-custom-image-dataset-for-deep-learning-models-part-1-d64fa7aaeca6",
        "ts": 1597894417,
        "image_url": "https://miro.medium.com/max/1200/1*ugZfxV0Q00GDL17gu2tI8A.png",
        "image_width": 1167,
        "image_height": 250,
        "image_bytes": 489335,
        "service_icon": "https://miro.medium.com/fit/c/152/152/1*sHhtYhaCe2Uc3IU0IgKwIQ.png",
        "id": 1,
        "original_url": "https://towardsdatascience.com/loading-custom-image-dataset-for-deep-learning-models-part-1-d64fa7aaeca6",
        "fallback": "Medium: Loading Custom Image Dataset for Deep Learning Models: Part 1",
        "text": "A simple guide to different techniques for loading a custom image dataset into deep learning models.",
        "title": "Loading Custom Image Dataset for Deep Learning Models: Part 1",
        "title_link": "https://towardsdatascience.com/loading-custom-image-dataset-for-deep-learning-models-part-1-d64fa7aaeca6",
        "service_name": "Medium",
        "fields": [
          {
            "value": "4 min read",
            "title": "Reading time",
            "short": true
          }
        ]
      }
    ]
  },
  {
    "client_msg_id": "2c4fd287-c12f-47a9-a462-0163be7fe39d",
    "type": "message",
    "text": "<https://thecleverprogrammer.com/2021/05/11/count-objects-in-image-using-python/>",
    "user": "U03UUP56MDF",
    "ts": "1667649630.377699",
    "blocks": [
      {
        "type": "rich_text",
        "block_id": "nwt",
        "elements": [
          {
            "type": "rich_text_section",
            "elements": [
              {
                "type": "link",
                "url": "https://thecleverprogrammer.com/2021/05/11/count-objects-in-image-using-python/"
              }
            ]
          }
        ]
      }
    ],
    "team": "T03U4J8HMUG",
    "user_team": "T03U4J8HMUG",
    "source_team": "T03U4J8HMUG",
    "user_profile": {
      "avatar_hash": "g00725318689",
      "image_72": "https://secure.gravatar.com/avatar/007253186898705d4f28c384188b8a63.jpg?s=72&d=https%3A%2F%2Fa.slack-edge.com%2Fdf10d%2Fimg%2Favatars%2Fava_0007-72.png",
      "first_name": "Mark",
      "real_name": "Mark Crawford",
      "display_name": "Mark Crawford",
      "team": "T03U4J8HMUG",
      "name": "Mark",
      "is_restricted": false,
      "is_ultra_restricted": false
    },
    "attachments": [
      {
        "from_url": "https://thecleverprogrammer.com/2021/05/11/count-objects-in-image-using-python/",
        "ts": 1620737713,
        "image_url": "https://i2.wp.com/thecleverprogrammer.com/wp-content/uploads/2021/05/Count-Objects-in-an-Image-using-python.png?fit=1920%2C1080&ssl=1",
        "image_width": 444,
        "image_height": 250,
        "image_bytes": 111442,
        "service_icon": "https://i0.wp.com/thecleverprogrammer.com/wp-content/uploads/2021/04/cropped-thecleverprogrammer.png?fit=180%2C180&amp;ssl=1",
        "id": 1,
        "original_url": "https://thecleverprogrammer.com/2021/05/11/count-objects-in-image-using-python/",
        "fallback": "thecleverprogrammer: Count Objects in Image using Python",
        "text": "In this article, I will take you through a very simple approach to count objects in an image using Python. Count Objects in Image using Python.",
        "title": "Count Objects in Image using Python",
        "title_link": "https://thecleverprogrammer.com/2021/05/11/count-objects-in-image-using-python/",
        "service_name": "thecleverprogrammer",
        "fields": [
          {
            "value": "Aman Kharwal",
            "title": "Written by",
            "short": true
          },
          {
            "value": "3 minutes",
            "title": "Est. reading time",
            "short": true
          }
        ]
      }
    ]
  },
  {
    "client_msg_id": "5b7d1580-372e-4fef-913c-aedeac54e80a",
    "type": "message",
    "text": "<https://www.youtube.com/watch?v=rRcwuQGDFOA>",
    "user": "U03UUP56MDF",
    "ts": "1667649644.935399",
    "blocks": [
      {
        "type": "rich_text",
        "block_id": "Ex2m",
        "elements": [
          {
            "type": "rich_text_section",
            "elements": [
              {
                "type": "link",
                "url": "https://www.youtube.com/watch?v=rRcwuQGDFOA"
              }
            ]
          }
        ]
      }
    ],
    "team": "T03U4J8HMUG",
    "user_team": "T03U4J8HMUG",
    "source_team": "T03U4J8HMUG",
    "user_profile": {
      "avatar_hash": "g00725318689",
      "image_72": "https://secure.gravatar.com/avatar/007253186898705d4f28c384188b8a63.jpg?s=72&d=https%3A%2F%2Fa.slack-edge.com%2Fdf10d%2Fimg%2Favatars%2Fava_0007-72.png",
      "first_name": "Mark",
      "real_name": "Mark Crawford",
      "display_name": "Mark Crawford",
      "team": "T03U4J8HMUG",
      "name": "Mark",
      "is_restricted": false,
      "is_ultra_restricted": false
    },
    "attachments": [
      {
        "from_url": "https://www.youtube.com/watch?v=rRcwuQGDFOA",
        "thumb_url": "https://i.ytimg.com/vi/rRcwuQGDFOA/hqdefault.jpg",
        "thumb_width": 480,
        "thumb_height": 360,
        "video_html": "<iframe width=\"400\" height=\"225\" src=\"https://www.youtube.com/embed/rRcwuQGDFOA?feature=oembed&autoplay=1&iv_load_policy=3\" frameborder=\"0\" allow=\"accelerometer; autoplay; clipboard-write; encrypted-media; gyroscope; picture-in-picture\" allowfullscreen title=\"Counting Coins from Image using Python | Tutorial | Computer Vision Project\"></iframe>",
        "video_html_width": 400,
        "video_html_height": 225,
        "service_icon": "https://a.slack-edge.com/80588/img/unfurl_icons/youtube.png",
        "id": 1,
        "original_url": "https://www.youtube.com/watch?v=rRcwuQGDFOA",
        "fallback": "YouTube Video: Counting Coins from Image using Python | Tutorial | Computer Vision Project",
        "title": "Counting Coins from Image using Python | Tutorial | Computer Vision Project",
        "title_link": "https://www.youtube.com/watch?v=rRcwuQGDFOA",
        "author_name": "ComputerVisionPro",
        "author_link": "https://www.youtube.com/c/ComputerVisionPro",
        "service_name": "YouTube",
        "service_url": "https://www.youtube.com/"
      }
    ]
  },
  {
    "client_msg_id": "3e7ccd95-6192-4793-8099-8448941075e0",
    "type": "message",
    "text": "<http://www.learningaboutelectronics.com/Articles/How-to-count-the-number-of-objects-in-an-image-Python-OpenCV.php>",
    "user": "U03UUP56MDF",
    "ts": "1667649662.820859",
    "blocks": [
      {
        "type": "rich_text",
        "block_id": "=ky",
        "elements": [
          {
            "type": "rich_text_section",
            "elements": [
              {
                "type": "link",
                "url": "http://www.learningaboutelectronics.com/Articles/How-to-count-the-number-of-objects-in-an-image-Python-OpenCV.php"
              }
            ]
          }
        ]
      }
    ],
    "team": "T03U4J8HMUG",
    "user_team": "T03U4J8HMUG",
    "source_team": "T03U4J8HMUG",
    "user_profile": {
      "avatar_hash": "g00725318689",
      "image_72": "https://secure.gravatar.com/avatar/007253186898705d4f28c384188b8a63.jpg?s=72&d=https%3A%2F%2Fa.slack-edge.com%2Fdf10d%2Fimg%2Favatars%2Fava_0007-72.png",
      "first_name": "Mark",
      "real_name": "Mark Crawford",
      "display_name": "Mark Crawford",
      "team": "T03U4J8HMUG",
      "name": "Mark",
      "is_restricted": false,
      "is_ultra_restricted": false
    },
    "attachments": [
      {
        "from_url": "http://www.learningaboutelectronics.com/Articles/How-to-count-the-number-of-objects-in-an-image-Python-OpenCV.php",
        "service_icon": "http://www.learningaboutelectronics.com/favicon.ico",
        "id": 1,
        "original_url": "http://www.learningaboutelectronics.com/Articles/How-to-count-the-number-of-objects-in-an-image-Python-OpenCV.php",
        "fallback": "In this article, we show how to count the number of objects in an image in Python using the OpenCV module.",
        "text": "In this article, we show how to count the number of objects in an image in Python using the OpenCV module.",
        "service_name": "learningaboutelectronics.com"
      }
    ]
  },
  {
    "client_msg_id": "65c5dafb-b84a-4723-b9a6-ffda2da45e0c",
    "type": "message",
    "text": "<https://realpython.com/face-recognition-with-python/>",
    "user": "U03UUP56MDF",
    "ts": "1667649671.811169",
    "blocks": [
      {
        "type": "rich_text",
        "block_id": "7Qwv",
        "elements": [
          {
            "type": "rich_text_section",
            "elements": [
              {
                "type": "link",
                "url": "https://realpython.com/face-recognition-with-python/"
              }
            ]
          }
        ]
      }
    ],
    "team": "T03U4J8HMUG",
    "user_team": "T03U4J8HMUG",
    "source_team": "T03U4J8HMUG",
    "user_profile": {
      "avatar_hash": "g00725318689",
      "image_72": "https://secure.gravatar.com/avatar/007253186898705d4f28c384188b8a63.jpg?s=72&d=https%3A%2F%2Fa.slack-edge.com%2Fdf10d%2Fimg%2Favatars%2Fava_0007-72.png",
      "first_name": "Mark",
      "real_name": "Mark Crawford",
      "display_name": "Mark Crawford",
      "team": "T03U4J8HMUG",
      "name": "Mark",
      "is_restricted": false,
      "is_ultra_restricted": false
    },
    "attachments": [
      {
        "from_url": "https://realpython.com/face-recognition-with-python/",
        "image_url": "https://files.realpython.com/media/Face-Recognition-with-Python_Watermarked.b2d3b4911af3.jpg",
        "image_width": 444,
        "image_height": 250,
        "image_bytes": 159809,
        "service_icon": "https://realpython.com/favicon.ico",
        "id": 1,
        "original_url": "https://realpython.com/face-recognition-with-python/",
        "fallback": "Face Recognition with Python, in Under 25 Lines of Code \u2013 Real Python",
        "text": "In this tutorial, we'll show an example of using Python and OpenCV to perform face recognition.",
        "title": "Face Recognition with Python, in Under 25 Lines of Code \u2013 Real Python",
        "title_link": "https://realpython.com/face-recognition-with-python/",
        "service_name": "realpython.com"
      }
    ]
  },
  {
    "client_msg_id": "91ab974d-5e3f-4576-b44e-97dd1fe548e9",
    "type": "message",
    "text": "<https://www.youtube.com/watch?v=5cg_yggtkso>",
    "user": "U03UUP56MDF",
    "ts": "1667649680.383069",
    "blocks": [
      {
        "type": "rich_text",
        "block_id": "4Fgy",
        "elements": [
          {
            "type": "rich_text_section",
            "elements": [
              {
                "type": "link",
                "url": "https://www.youtube.com/watch?v=5cg_yggtkso"
              }
            ]
          }
        ]
      }
    ],
    "team": "T03U4J8HMUG",
    "user_team": "T03U4J8HMUG",
    "source_team": "T03U4J8HMUG",
    "user_profile": {
      "avatar_hash": "g00725318689",
      "image_72": "https://secure.gravatar.com/avatar/007253186898705d4f28c384188b8a63.jpg?s=72&d=https%3A%2F%2Fa.slack-edge.com%2Fdf10d%2Fimg%2Favatars%2Fava_0007-72.png",
      "first_name": "Mark",
      "real_name": "Mark Crawford",
      "display_name": "Mark Crawford",
      "team": "T03U4J8HMUG",
      "name": "Mark",
      "is_restricted": false,
      "is_ultra_restricted": false
    },
    "attachments": [
      {
        "from_url": "https://www.youtube.com/watch?v=5cg_yggtkso",
        "thumb_url": "https://i.ytimg.com/vi/5cg_yggtkso/hqdefault.jpg",
        "thumb_width": 480,
        "thumb_height": 360,
        "video_html": "<iframe width=\"400\" height=\"225\" src=\"https://www.youtube.com/embed/5cg_yggtkso?feature=oembed&autoplay=1&iv_load_policy=3\" frameborder=\"0\" allow=\"accelerometer; autoplay; clipboard-write; encrypted-media; gyroscope; picture-in-picture\" allowfullscreen title=\"Simple Face Detection in Python\"></iframe>",
        "video_html_width": 400,
        "video_html_height": 225,
        "service_icon": "https://a.slack-edge.com/80588/img/unfurl_icons/youtube.png",
        "id": 1,
        "original_url": "https://www.youtube.com/watch?v=5cg_yggtkso",
        "fallback": "YouTube Video: Simple Face Detection in Python",
        "title": "Simple Face Detection in Python",
        "title_link": "https://www.youtube.com/watch?v=5cg_yggtkso",
        "author_name": "NeuralNine",
        "author_link": "https://www.youtube.com/c/NeuralNine",
        "service_name": "YouTube",
        "service_url": "https://www.youtube.com/"
      }
    ]
  },
  {
    "client_msg_id": "9d66d1e7-a47d-4079-9668-6c811c7d6087",
    "type": "message",
    "text": "<https://neptune.ai/blog/mlops-pipeline-for-time-series-prediction-tutorial>",
    "user": "U03U9EJR362",
    "ts": "1667650600.864859",
    "blocks": [
      {
        "type": "rich_text",
        "block_id": "49JLn",
        "elements": [
          {
            "type": "rich_text_section",
            "elements": [
              {
                "type": "link",
                "url": "https://neptune.ai/blog/mlops-pipeline-for-time-series-prediction-tutorial"
              }
            ]
          }
        ]
      }
    ],
    "team": "T03U4J8HMUG",
    "user_team": "T03U4J8HMUG",
    "source_team": "T03U4J8HMUG",
    "user_profile": {
      "avatar_hash": "gc0133e965fb",
      "image_72": "https://secure.gravatar.com/avatar/c0133e965fb5500f9a83b69df54a7dc6.jpg?s=72&d=https%3A%2F%2Fa.slack-edge.com%2Fdf10d%2Fimg%2Favatars%2Fava_0006-72.png",
      "first_name": "Nicholas",
      "real_name": "Nicholas Friedman",
      "display_name": "Nicholas Friedman",
      "team": "T03U4J8HMUG",
      "name": "Nicholas",
      "is_restricted": false,
      "is_ultra_restricted": false
    },
    "attachments": [
      {
        "from_url": "https://neptune.ai/blog/mlops-pipeline-for-time-series-prediction-tutorial",
        "ts": 1657897582,
        "image_url": "https://neptune.ai/wp-content/uploads/Building-MLOps-pipeline-for-time-series.jpg",
        "image_width": 478,
        "image_height": 250,
        "image_bytes": 86916,
        "service_icon": "https://i0.wp.com/neptune.ai/wp-content/uploads/2019/03/cropped-Artboard-12.png?fit=180%2C180&amp;ssl=1",
        "id": 1,
        "original_url": "https://neptune.ai/blog/mlops-pipeline-for-time-series-prediction-tutorial",
        "fallback": "neptune.ai: Building MLOps Pipeline for Time Series Prediction [Tutorial] - neptune.ai",
        "text": "In this tutorial, we\u2019ll present a simple example of a time-series-based ML project and build an MLOps pipeline for that. Every step will be executed following the best practices from MLOps, and the whole project will be explained step by step. This time-series project is based on the Binance trading app, but similar logic is [\u2026]",
        "title": "Building MLOps Pipeline for Time Series Prediction [Tutorial] - neptune.ai",
        "title_link": "https://neptune.ai/blog/mlops-pipeline-for-time-series-prediction-tutorial",
        "service_name": "neptune.ai",
        "fields": [
          {
            "value": "Enes Zvorni\u010danin",
            "title": "Written by",
            "short": true
          }
        ]
      }
    ]
  },
  {
    "client_msg_id": "d63938c0-2636-4e12-9f2e-c1c47db09ce9",
    "type": "message",
    "text": "<https://www.youtube.com/watch?v=-XeKG_T6tdc>",
    "user": "U03UJH1EQQL",
    "ts": "1667658203.026929",
    "blocks": [
      {
        "type": "rich_text",
        "block_id": "ivx",
        "elements": [
          {
            "type": "rich_text_section",
            "elements": [
              {
                "type": "link",
                "url": "https://www.youtube.com/watch?v=-XeKG_T6tdc"
              }
            ]
          }
        ]
      }
    ],
    "team": "T03U4J8HMUG",
    "user_team": "T03U4J8HMUG",
    "source_team": "T03U4J8HMUG",
    "user_profile": {
      "avatar_hash": "81b299d9869c",
      "image_72": "https://avatars.slack-edge.com/2022-08-20/3953555815671_81b299d9869ca44e70c1_72.png",
      "first_name": "Kelly",
      "real_name": "Kelly Soto",
      "display_name": "Kelly Soto",
      "team": "T03U4J8HMUG",
      "name": "Kelly",
      "is_restricted": false,
      "is_ultra_restricted": false
    },
    "attachments": [
      {
        "from_url": "https://www.youtube.com/watch?v=-XeKG_T6tdc",
        "thumb_url": "https://i.ytimg.com/vi/-XeKG_T6tdc/hqdefault.jpg",
        "thumb_width": 480,
        "thumb_height": 360,
        "video_html": "<iframe width=\"400\" height=\"225\" src=\"https://www.youtube.com/embed/-XeKG_T6tdc?feature=oembed&autoplay=1&iv_load_policy=3\" frameborder=\"0\" allow=\"accelerometer; autoplay; clipboard-write; encrypted-media; gyroscope; picture-in-picture\" allowfullscreen title=\"216 - Semantic segmentation using a small dataset for training (&amp; U-Net)\"></iframe>",
        "video_html_width": 400,
        "video_html_height": 225,
        "service_icon": "https://a.slack-edge.com/80588/img/unfurl_icons/youtube.png",
        "id": 1,
        "original_url": "https://www.youtube.com/watch?v=-XeKG_T6tdc",
        "fallback": "YouTube Video: 216 - Semantic segmentation using a small dataset for training (& U-Net)",
        "title": "216 - Semantic segmentation using a small dataset for training (&amp; U-Net)",
        "title_link": "https://www.youtube.com/watch?v=-XeKG_T6tdc",
        "author_name": "DigitalSreeni",
        "author_link": "https://www.youtube.com/c/DigitalSreeni",
        "service_name": "YouTube",
        "service_url": "https://www.youtube.com/"
      }
    ]
  },
  {
    "client_msg_id": "27d9f5dc-f40e-415f-898f-ff5de3025c33",
    "type": "message",
    "text": "<https://pure.unileoben.ac.at/portal/files/7484919/AC16307830.pdf>",
    "user": "U03UHB8CXDY",
    "ts": "1667668395.150079",
    "blocks": [
      {
        "type": "rich_text",
        "block_id": "v2P",
        "elements": [
          {
            "type": "rich_text_section",
            "elements": [
              {
                "type": "link",
                "url": "https://pure.unileoben.ac.at/portal/files/7484919/AC16307830.pdf"
              }
            ]
          }
        ]
      }
    ],
    "team": "T03U4J8HMUG",
    "user_team": "T03U4J8HMUG",
    "source_team": "T03U4J8HMUG",
    "user_profile": {
      "avatar_hash": "374fee609510",
      "image_72": "https://avatars.slack-edge.com/2022-09-30/4159182498980_374fee609510e6ff1526_72.jpg",
      "first_name": "Yvonne",
      "real_name": "Yvonne Gonzalez",
      "display_name": "Yvonne Gonzalez",
      "team": "T03U4J8HMUG",
      "name": "Yvonne",
      "is_restricted": false,
      "is_ultra_restricted": false
    }
  },
  {
    "client_msg_id": "7e50859b-b2a7-4af2-89d3-186f8da58386",
    "type": "message",
    "text": "<https://medium.com/@ahana.io/data-lakehouse-architecture-explained-c6971c0068be>",
    "user": "U03UFV7HFNF",
    "ts": "1667670305.662459",
    "blocks": [
      {
        "type": "rich_text",
        "block_id": "cod+w",
        "elements": [
          {
            "type": "rich_text_section",
            "elements": [
              {
                "type": "link",
                "url": "https://medium.com/@ahana.io/data-lakehouse-architecture-explained-c6971c0068be"
              }
            ]
          }
        ]
      }
    ],
    "team": "T03U4J8HMUG",
    "user_team": "T03U4J8HMUG",
    "source_team": "T03U4J8HMUG",
    "user_profile": {
      "avatar_hash": "3166d51d23f1",
      "image_72": "https://avatars.slack-edge.com/2022-08-20/3991799522480_3166d51d23f1da2374e9_72.jpg",
      "first_name": "Miguel",
      "real_name": "Miguel Herring",
      "display_name": "Miguel Herring",
      "team": "T03U4J8HMUG",
      "name": "Miguel",
      "is_restricted": false,
      "is_ultra_restricted": false
    },
    "attachments": [
      {
        "from_url": "https://medium.com/@ahana.io/data-lakehouse-architecture-explained-c6971c0068be",
        "ts": 1660674108,
        "image_url": "https://miro.medium.com/max/936/1*cbkQO8OdYqgE9oRSsz48rA.png",
        "image_width": 542,
        "image_height": 250,
        "image_bytes": 86825,
        "service_icon": "https://miro.medium.com/fit/c/152/152/1*sHhtYhaCe2Uc3IU0IgKwIQ.png",
        "id": 1,
        "original_url": "https://medium.com/@ahana.io/data-lakehouse-architecture-explained-c6971c0068be",
        "fallback": "Medium: Data Lakehouse Architecture Explained",
        "text": "Advice: For more information about the Open Data Lakehouse, download the free whitepaper, The SQL Data Lakehouse",
        "title": "Data Lakehouse Architecture Explained",
        "title_link": "https://medium.com/@ahana.io/data-lakehouse-architecture-explained-c6971c0068be",
        "service_name": "Medium",
        "fields": [
          {
            "value": "3 min read",
            "title": "Reading time",
            "short": true
          }
        ]
      }
    ]
  },
  {
    "client_msg_id": "8f541526-b62c-410f-938d-ac4df63f4add",
    "type": "message",
    "text": "<http://tandfonline.com|tandfonline.com>",
    "user": "U03UJH1EQQL",
    "ts": "1667672726.003309",
    "blocks": [
      {
        "type": "rich_text",
        "block_id": "cYvzr",
        "elements": [
          {
            "type": "rich_text_section",
            "elements": [
              {
                "type": "link",
                "url": "http://tandfonline.com",
                "text": "tandfonline.com"
              }
            ]
          }
        ]
      }
    ],
    "team": "T03U4J8HMUG",
    "user_team": "T03U4J8HMUG",
    "source_team": "T03U4J8HMUG",
    "user_profile": {
      "avatar_hash": "81b299d9869c",
      "image_72": "https://avatars.slack-edge.com/2022-08-20/3953555815671_81b299d9869ca44e70c1_72.png",
      "first_name": "Kelly",
      "real_name": "Kelly Soto",
      "display_name": "Kelly Soto",
      "team": "T03U4J8HMUG",
      "name": "Kelly",
      "is_restricted": false,
      "is_ultra_restricted": false
    },
    "edited": {
      "user": "U03UJH1EQQL",
      "ts": "1667672781.000000"
    }
  },
  {
    "client_msg_id": "3c918181-bed8-4324-901a-43873a8a1c12",
    "type": "message",
    "text": "<https://blog.hubspot.com/marketing/choosing-kpis>",
    "user": "U03UJH1EQQL",
    "ts": "1667672850.423579",
    "blocks": [
      {
        "type": "rich_text",
        "block_id": "Yjs",
        "elements": [
          {
            "type": "rich_text_section",
            "elements": [
              {
                "type": "link",
                "url": "https://blog.hubspot.com/marketing/choosing-kpis"
              }
            ]
          }
        ]
      }
    ],
    "team": "T03U4J8HMUG",
    "user_team": "T03U4J8HMUG",
    "source_team": "T03U4J8HMUG",
    "user_profile": {
      "avatar_hash": "81b299d9869c",
      "image_72": "https://avatars.slack-edge.com/2022-08-20/3953555815671_81b299d9869ca44e70c1_72.png",
      "first_name": "Kelly",
      "real_name": "Kelly Soto",
      "display_name": "Kelly Soto",
      "team": "T03U4J8HMUG",
      "name": "Kelly",
      "is_restricted": false,
      "is_ultra_restricted": false
    },
    "attachments": [
      {
        "from_url": "https://blog.hubspot.com/marketing/choosing-kpis",
        "image_url": "https://blog.hubspot.com/hubfs/what-is-kpi.jpg#keepProtocol",
        "image_width": 376,
        "image_height": 250,
        "image_bytes": 43755,
        "service_icon": "https://blog.hubspot.com/hubfs/HubSpot_Logos/HubSpot-Inversed-Favicon.png",
        "id": 1,
        "original_url": "https://blog.hubspot.com/marketing/choosing-kpis",
        "fallback": "What is a KPI? How To Choose the Best KPIs for Your Business",
        "text": "Want to grow your company? Learn what a KPI is, how to identify the right KPI metrics to track performance, and how to measure KPIs to meet your goals.",
        "title": "What is a KPI? How To Choose the Best KPIs for Your Business",
        "title_link": "https://blog.hubspot.com/marketing/choosing-kpis",
        "service_name": "blog.hubspot.com"
      }
    ]
  },
  {
    "client_msg_id": "064c9eca-7a2f-4fbb-b8e4-9985c2bf5bf0",
    "type": "message",
    "text": "<https://medium.com/augmented-startups/yolov7-training-on-custom-data-b86d23e6623>",
    "user": "U03U9EJR362",
    "ts": "1667673043.946269",
    "blocks": [
      {
        "type": "rich_text",
        "block_id": "1TYM",
        "elements": [
          {
            "type": "rich_text_section",
            "elements": [
              {
                "type": "link",
                "url": "https://medium.com/augmented-startups/yolov7-training-on-custom-data-b86d23e6623"
              }
            ]
          }
        ]
      }
    ],
    "team": "T03U4J8HMUG",
    "user_team": "T03U4J8HMUG",
    "source_team": "T03U4J8HMUG",
    "user_profile": {
      "avatar_hash": "gc0133e965fb",
      "image_72": "https://secure.gravatar.com/avatar/c0133e965fb5500f9a83b69df54a7dc6.jpg?s=72&d=https%3A%2F%2Fa.slack-edge.com%2Fdf10d%2Fimg%2Favatars%2Fava_0006-72.png",
      "first_name": "Nicholas",
      "real_name": "Nicholas Friedman",
      "display_name": "Nicholas Friedman",
      "team": "T03U4J8HMUG",
      "name": "Nicholas",
      "is_restricted": false,
      "is_ultra_restricted": false
    }
  },
  {
    "client_msg_id": "83b47f11-648c-4e9e-86e6-420454be87eb",
    "type": "message",
    "text": "<https://medium.com/mlearning-ai/color-shape-and-texture-feature-extraction-using-opencv-cb1feb2dbd73>",
    "user": "U03U1FNPEUX",
    "ts": "1667673100.350349",
    "blocks": [
      {
        "type": "rich_text",
        "block_id": "B+po",
        "elements": [
          {
            "type": "rich_text_section",
            "elements": [
              {
                "type": "link",
                "url": "https://medium.com/mlearning-ai/color-shape-and-texture-feature-extraction-using-opencv-cb1feb2dbd73"
              }
            ]
          }
        ]
      }
    ],
    "team": "T03U4J8HMUG",
    "user_team": "T03U4J8HMUG",
    "source_team": "T03U4J8HMUG",
    "user_profile": {
      "avatar_hash": "37a12a7dbb92",
      "image_72": "https://avatars.slack-edge.com/2022-09-09/4058043481011_37a12a7dbb926b2c9c86_72.png",
      "first_name": "Joshua",
      "real_name": "Joshua Rhodes",
      "display_name": "Joshua Rhodes",
      "team": "T03U4J8HMUG",
      "name": "Joshua",
      "is_restricted": false,
      "is_ultra_restricted": false
    },
    "attachments": [
      {
        "from_url": "https://medium.com/mlearning-ai/color-shape-and-texture-feature-extraction-using-opencv-cb1feb2dbd73",
        "ts": 1645256661,
        "image_url": "https://miro.medium.com/max/1200/1*pgDepU0_S9sIFSwmiQ5aqA.jpeg",
        "image_width": 375,
        "image_height": 250,
        "image_bytes": 523762,
        "service_icon": "https://miro.medium.com/fit/c/152/152/1*sHhtYhaCe2Uc3IU0IgKwIQ.png",
        "id": 1,
        "original_url": "https://medium.com/mlearning-ai/color-shape-and-texture-feature-extraction-using-opencv-cb1feb2dbd73",
        "fallback": "Medium: Color, Shape and Texture: Feature Extraction using OpenCV",
        "text": "Do I start going through each column of the image and get each single pixel out?",
        "title": "Color, Shape and Texture: Feature Extraction using OpenCV",
        "title_link": "https://medium.com/mlearning-ai/color-shape-and-texture-feature-extraction-using-opencv-cb1feb2dbd73",
        "service_name": "Medium",
        "fields": [
          {
            "value": "8 min read",
            "title": "Reading time",
            "short": true
          }
        ]
      }
    ]
  },
  {
    "client_msg_id": "31232891-f5fb-4c5a-a825-f84357d5287d",
    "type": "message",
    "text": "<https://www.activestate.com/blog/comparing-decision-tree-algorithms-random-forest-vs-xgboost/#:~:text=Random%20Forest%20and%20XGBoost%20are,tree%20algorithms%20for%20machine%20learning>.",
    "user": "U03U1FNPEUX",
    "ts": "1667673543.201819",
    "blocks": [
      {
        "type": "rich_text",
        "block_id": "Pj6",
        "elements": [
          {
            "type": "rich_text_section",
            "elements": [
              {
                "type": "link",
                "url": "https://www.activestate.com/blog/comparing-decision-tree-algorithms-random-forest-vs-xgboost/#:~:text=Random%20Forest%20and%20XGBoost%20are,tree%20algorithms%20for%20machine%20learning"
              },
              {
                "type": "text",
                "text": "."
              }
            ]
          }
        ]
      }
    ],
    "team": "T03U4J8HMUG",
    "user_team": "T03U4J8HMUG",
    "source_team": "T03U4J8HMUG",
    "user_profile": {
      "avatar_hash": "37a12a7dbb92",
      "image_72": "https://avatars.slack-edge.com/2022-09-09/4058043481011_37a12a7dbb926b2c9c86_72.png",
      "first_name": "Joshua",
      "real_name": "Joshua Rhodes",
      "display_name": "Joshua Rhodes",
      "team": "T03U4J8HMUG",
      "name": "Joshua",
      "is_restricted": false,
      "is_ultra_restricted": false
    },
    "attachments": [
      {
        "from_url": "https://www.activestate.com/blog/comparing-decision-tree-algorithms-random-forest-vs-xgboost/#:~:text=Random%20Forest%20and%20XGBoost%20are,tree%20algorithms%20for%20machine%20learning",
        "ts": 1565813852,
        "image_url": "https://cdn.activestate.com/wp-content/uploads/2019/08/comparing-decision-tree-algorithms-random-forest-vs-xgboost-blog-hero.png",
        "image_width": 476,
        "image_height": 250,
        "image_bytes": 136022,
        "service_icon": "https://www.activestate.com/wp-content/uploads/fbrfg/apple-touch-icon.png",
        "id": 1,
        "original_url": "https://www.activestate.com/blog/comparing-decision-tree-algorithms-random-forest-vs-xgboost/#:~:text=Random%20Forest%20and%20XGBoost%20are,tree%20algorithms%20for%20machine%20learning",
        "fallback": "ActiveState: Comparing Decision Tree Algorithms: Random Forest vs. XGBoost - ActiveState",
        "text": "XGBoost and Random Forest are two popular decision tree algorithms for machine learning. We compare their features and suggest the best use cases for each.",
        "title": "Comparing Decision Tree Algorithms: Random Forest vs. XGBoost - ActiveState",
        "title_link": "https://www.activestate.com/blog/comparing-decision-tree-algorithms-random-forest-vs-xgboost/#:~:text=Random%20Forest%20and%20XGBoost%20are,tree%20algorithms%20for%20machine%20learning",
        "service_name": "ActiveState",
        "fields": [
          {
            "value": "Dante Sblendorio",
            "title": "Written by",
            "short": true
          },
          {
            "value": "7 minutes",
            "title": "Est. reading time",
            "short": true
          }
        ]
      }
    ]
  },
  {
    "client_msg_id": "621bca99-4f26-409f-acbf-829532e9c352",
    "type": "message",
    "text": "<https://www.analyticsvidhya.com/blog/2022/02/deep-learning-vs-machine-learning-for-regression/#:~:text=Deep%20learning%20offers%20several%20advantages%20over%20machine%20learning%20but%20can,every%20time%20from%20the%20results>.",
    "user": "U03U1HAG9TR",
    "ts": "1667673568.320469",
    "blocks": [
      {
        "type": "rich_text",
        "block_id": "CXGd",
        "elements": [
          {
            "type": "rich_text_section",
            "elements": [
              {
                "type": "link",
                "url": "https://www.analyticsvidhya.com/blog/2022/02/deep-learning-vs-machine-learning-for-regression/#:~:text=Deep%20learning%20offers%20several%20advantages%20over%20machine%20learning%20but%20can,every%20time%20from%20the%20results"
              },
              {
                "type": "text",
                "text": "."
              }
            ]
          }
        ]
      }
    ],
    "team": "T03U4J8HMUG",
    "user_team": "T03U4J8HMUG",
    "source_team": "T03U4J8HMUG",
    "user_profile": {
      "avatar_hash": "4e4331305ef1",
      "image_72": "https://avatars.slack-edge.com/2022-08-20/3980783297649_4e4331305ef102cc4346_72.jpg",
      "first_name": "Robert",
      "real_name": "Robert Carter",
      "display_name": "Robert Carter",
      "team": "T03U4J8HMUG",
      "name": "Robert",
      "is_restricted": false,
      "is_ultra_restricted": false
    },
    "attachments": [
      {
        "from_url": "https://www.analyticsvidhya.com/blog/2022/02/deep-learning-vs-machine-learning-for-regression/#:~:text=Deep%20learning%20offers%20several%20advantages%20over%20machine%20learning%20but%20can,every%20time%20from%20the%20results",
        "ts": 1645704524,
        "thumb_url": "https://cdn.analyticsvidhya.com/wp-content/uploads/2018/03/house-prices-up.jpg",
        "thumb_width": 400,
        "thumb_height": 300,
        "service_icon": "https://www.analyticsvidhya.com/wp-content/uploads/2015/02/logo_square_v2.jpg",
        "id": 1,
        "original_url": "https://www.analyticsvidhya.com/blog/2022/02/deep-learning-vs-machine-learning-for-regression/#:~:text=Deep%20learning%20offers%20several%20advantages%20over%20machine%20learning%20but%20can,every%20time%20from%20the%20results",
        "fallback": "Analytics Vidhya: Deep Learning vs Machine Learning for Regression - Analytics Vidhya",
        "text": "We will be creating a deep learning regression model to predict home prices using the famous Boston home price prediction dataset.",
        "title": "Deep Learning vs Machine Learning for Regression - Analytics Vidhya",
        "title_link": "https://www.analyticsvidhya.com/blog/2022/02/deep-learning-vs-machine-learning-for-regression/#:~:text=Deep%20learning%20offers%20several%20advantages%20over%20machine%20learning%20but%20can,every%20time%20from%20the%20results",
        "service_name": "Analytics Vidhya",
        "fields": [
          {
            "value": "Ayush Gupta",
            "title": "Written by",
            "short": true
          },
          {
            "value": "5 minutes",
            "title": "Est. reading time",
            "short": true
          }
        ]
      }
    ]
  },
  {
    "client_msg_id": "f6d65beb-d0c2-42c7-b1c2-fbbabce6a86d",
    "type": "message",
    "text": "<https://www.analyticsvidhya.com/blog/2019/04/introduction-image-segmentation-techniques-python/>",
    "user": "U03UFV7HFNF",
    "ts": "1667674228.218879",
    "blocks": [
      {
        "type": "rich_text",
        "block_id": "yMGNE",
        "elements": [
          {
            "type": "rich_text_section",
            "elements": [
              {
                "type": "link",
                "url": "https://www.analyticsvidhya.com/blog/2019/04/introduction-image-segmentation-techniques-python/"
              }
            ]
          }
        ]
      }
    ],
    "team": "T03U4J8HMUG",
    "user_team": "T03U4J8HMUG",
    "source_team": "T03U4J8HMUG",
    "user_profile": {
      "avatar_hash": "3166d51d23f1",
      "image_72": "https://avatars.slack-edge.com/2022-08-20/3991799522480_3166d51d23f1da2374e9_72.jpg",
      "first_name": "Miguel",
      "real_name": "Miguel Herring",
      "display_name": "Miguel Herring",
      "team": "T03U4J8HMUG",
      "name": "Miguel",
      "is_restricted": false,
      "is_ultra_restricted": false
    },
    "attachments": [
      {
        "from_url": "https://www.analyticsvidhya.com/blog/2019/04/introduction-image-segmentation-techniques-python/",
        "ts": 1554090317,
        "service_icon": "https://www.analyticsvidhya.com/wp-content/uploads/2015/02/logo_square_v2.jpg",
        "id": 1,
        "original_url": "https://www.analyticsvidhya.com/blog/2019/04/introduction-image-segmentation-techniques-python/",
        "fallback": "Analytics Vidhya: Image Segmentation | Types Of Image Segmentation",
        "text": "Image segmentation tutorial to learn about types of image segmentation and its techniques. A step by step guide for how to implement them in Python.",
        "title": "Image Segmentation | Types Of Image Segmentation",
        "title_link": "https://www.analyticsvidhya.com/blog/2019/04/introduction-image-segmentation-techniques-python/",
        "service_name": "Analytics Vidhya",
        "fields": [
          {
            "value": "Pulkit Sharma",
            "title": "Written by",
            "short": true
          },
          {
            "value": "17 minutes",
            "title": "Est. reading time",
            "short": true
          }
        ]
      }
    ]
  },
  {
    "client_msg_id": "8715aba6-246d-4174-aacf-2fee021c5db5",
    "type": "message",
    "text": "<https://arxiv.org/pdf/2012.11299.pdf>",
    "user": "U03UHB8CXDY",
    "ts": "1667676634.586089",
    "blocks": [
      {
        "type": "rich_text",
        "block_id": "5wsZG",
        "elements": [
          {
            "type": "rich_text_section",
            "elements": [
              {
                "type": "link",
                "url": "https://arxiv.org/pdf/2012.11299.pdf"
              }
            ]
          }
        ]
      }
    ],
    "team": "T03U4J8HMUG",
    "user_team": "T03U4J8HMUG",
    "source_team": "T03U4J8HMUG",
    "user_profile": {
      "avatar_hash": "374fee609510",
      "image_72": "https://avatars.slack-edge.com/2022-09-30/4159182498980_374fee609510e6ff1526_72.jpg",
      "first_name": "Yvonne",
      "real_name": "Yvonne Gonzalez",
      "display_name": "Yvonne Gonzalez",
      "team": "T03U4J8HMUG",
      "name": "Yvonne",
      "is_restricted": false,
      "is_ultra_restricted": false
    }
  }
]