[
  {
    "client_msg_id": "f1db3f0b-7c83-408c-9f2e-259e45d4a584",
    "type": "message",
    "text": "<https://machinelearningmastery.com/difference-between-a-batch-and-an-epoch>",
    "user": "U03U1FNPEUX",
    "ts": "1662711056.206799",
    "blocks": [
      {
        "type": "rich_text",
        "block_id": "7Hm1",
        "elements": [
          {
            "type": "rich_text_section",
            "elements": [
              {
                "type": "link",
                "url": "https://machinelearningmastery.com/difference-between-a-batch-and-an-epoch"
              }
            ]
          }
        ]
      }
    ],
    "team": "T03U4J8HMUG",
    "user_team": "T03U4J8HMUG",
    "source_team": "T03U4J8HMUG",
    "user_profile": {
      "avatar_hash": "37a12a7dbb92",
      "image_72": "https://avatars.slack-edge.com/2022-09-09/4058043481011_37a12a7dbb926b2c9c86_72.png",
      "first_name": "Joshua",
      "real_name": "Joshua Rhodes",
      "display_name": "Joshua Rhodes",
      "team": "T03U4J8HMUG",
      "name": "Joshua",
      "is_restricted": false,
      "is_ultra_restricted": false
    }
  },
  {
    "client_msg_id": "d49e6e2a-e340-4d8a-867e-c51b3f73e506",
    "type": "message",
    "text": "<https://www.adoclib.com/blog/calculation-of-days-until-next-and-since-last-holiday-based-on-date-in-data-frame-in-python-pandas.html>",
    "user": "U03UJN29Y4C",
    "ts": "1662734320.896689",
    "blocks": [
      {
        "type": "rich_text",
        "block_id": "U9JN",
        "elements": [
          {
            "type": "rich_text_section",
            "elements": [
              {
                "type": "link",
                "url": "https://www.adoclib.com/blog/calculation-of-days-until-next-and-since-last-holiday-based-on-date-in-data-frame-in-python-pandas.html"
              }
            ]
          }
        ]
      }
    ],
    "team": "T03U4J8HMUG",
    "user_team": "T03U4J8HMUG",
    "source_team": "T03U4J8HMUG",
    "user_profile": {
      "avatar_hash": "9bf024280cf1",
      "image_72": "https://avatars.slack-edge.com/2022-10-08/4190947116101_9bf024280cf14dffb003_72.jpg",
      "first_name": "Michelle",
      "real_name": "Michelle Lewis",
      "display_name": "Michelle Lewis",
      "team": "T03U4J8HMUG",
      "name": "Michelle",
      "is_restricted": false,
      "is_ultra_restricted": false
    },
    "attachments": [
      {
        "from_url": "https://www.adoclib.com/blog/calculation-of-days-until-next-and-since-last-holiday-based-on-date-in-data-frame-in-python-pandas.html",
        "service_icon": "https://www.adoclib.com/img/favicon.png",
        "id": 1,
        "original_url": "https://www.adoclib.com/blog/calculation-of-days-until-next-and-since-last-holiday-based-on-date-in-data-frame-in-python-pandas.html",
        "fallback": "A simple and easy to customize project with Python and Selenium that will I've used it to search both holidays and recently also some short trips to my hometown! It searches through flexible dates so it will look for flights up to 3 days before so it's really a matter of solving the puzzle yourself if you want to play with the.",
        "text": "A simple and easy to customize project with Python and Selenium that will I've used it to search both holidays and recently also some short trips to my hometown! It searches through flexible dates so it will look for flights up to 3 days before so it's really a matter of solving the puzzle yourself if you want to play with the.",
        "service_name": "adoclib.com"
      }
    ]
  },
  {
    "client_msg_id": "6fdac4cc-99dc-461a-b5f8-c93579a508b2",
    "type": "message",
    "text": "<https://youtu.be/KkKcaFp0z1s>",
    "user": "U03UG4Q7V42",
    "ts": "1662739768.893859",
    "blocks": [
      {
        "type": "rich_text",
        "block_id": "1+B",
        "elements": [
          {
            "type": "rich_text_section",
            "elements": [
              {
                "type": "link",
                "url": "https://youtu.be/KkKcaFp0z1s"
              }
            ]
          }
        ]
      }
    ],
    "team": "T03U4J8HMUG",
    "user_team": "T03U4J8HMUG",
    "source_team": "T03U4J8HMUG",
    "user_profile": {
      "avatar_hash": "5bc346a85286",
      "image_72": "https://avatars.slack-edge.com/2022-08-20/3968048875651_5bc346a852866218ec6b_72.png",
      "first_name": "Phillip",
      "real_name": "Phillip Atkins",
      "display_name": "Phillip Atkins",
      "team": "T03U4J8HMUG",
      "name": "Phillip",
      "is_restricted": false,
      "is_ultra_restricted": false
    },
    "attachments": [
      {
        "from_url": "https://youtu.be/KkKcaFp0z1s",
        "thumb_url": "https://i.ytimg.com/vi/KkKcaFp0z1s/hqdefault.jpg",
        "thumb_width": 480,
        "thumb_height": 360,
        "video_html": "<iframe width=\"400\" height=\"225\" src=\"https://www.youtube.com/embed/KkKcaFp0z1s?feature=oembed&autoplay=1&iv_load_policy=3\" frameborder=\"0\" allow=\"accelerometer; autoplay; clipboard-write; encrypted-media; gyroscope; picture-in-picture\" allowfullscreen title=\"Cloud Provider Comparisons: AWS vs Azure vs GCP - Compute\"></iframe>",
        "video_html_width": 400,
        "video_html_height": 225,
        "service_icon": "https://a.slack-edge.com/80588/img/unfurl_icons/youtube.png",
        "id": 1,
        "original_url": "https://youtu.be/KkKcaFp0z1s",
        "fallback": "YouTube Video: Cloud Provider Comparisons: AWS vs Azure vs GCP - Compute",
        "title": "Cloud Provider Comparisons: AWS vs Azure vs GCP - Compute",
        "title_link": "https://youtu.be/KkKcaFp0z1s",
        "author_name": "A Cloud Guru",
        "author_link": "https://www.youtube.com/c/AcloudGuru",
        "service_name": "YouTube",
        "service_url": "https://www.youtube.com/"
      }
    ],
    "reactions": [
      {
        "name": "+1",
        "users": [
          "U03UFV7TUTV"
        ],
        "count": 1
      }
    ]
  },
  {
    "client_msg_id": "1df14b5a-11cc-4230-8512-2ffceb5ed99d",
    "type": "message",
    "text": "<https://www.youtube.com/watch?v=eJrbKU09h-0>",
    "user": "U03UUR571A5",
    "ts": "1662744824.423999",
    "blocks": [
      {
        "type": "rich_text",
        "block_id": "woYN",
        "elements": [
          {
            "type": "rich_text_section",
            "elements": [
              {
                "type": "link",
                "url": "https://www.youtube.com/watch?v=eJrbKU09h-0"
              }
            ]
          }
        ]
      }
    ],
    "team": "T03U4J8HMUG",
    "user_team": "T03U4J8HMUG",
    "source_team": "T03U4J8HMUG",
    "user_profile": {
      "avatar_hash": "g95c5cde44bc",
      "image_72": "https://secure.gravatar.com/avatar/95c5cde44bc023bd369920b7e1ed0c94.jpg?s=72&d=https%3A%2F%2Fa.slack-edge.com%2Fdf10d%2Fimg%2Favatars%2Fava_0017-72.png",
      "first_name": "Amy",
      "real_name": "Amy Leon",
      "display_name": "Amy Leon",
      "team": "T03U4J8HMUG",
      "name": "Amy",
      "is_restricted": false,
      "is_ultra_restricted": false
    },
    "attachments": [
      {
        "from_url": "https://www.youtube.com/watch?v=eJrbKU09h-0",
        "thumb_url": "https://i.ytimg.com/vi/eJrbKU09h-0/hqdefault.jpg",
        "thumb_width": 480,
        "thumb_height": 360,
        "video_html": "<iframe width=\"400\" height=\"225\" src=\"https://www.youtube.com/embed/eJrbKU09h-0?feature=oembed&autoplay=1&iv_load_policy=3\" frameborder=\"0\" allow=\"accelerometer; autoplay; clipboard-write; encrypted-media; gyroscope; picture-in-picture\" allowfullscreen title=\"Explain Like I'm 5: Prophet\"></iframe>",
        "video_html_width": 400,
        "video_html_height": 225,
        "service_icon": "https://a.slack-edge.com/80588/img/unfurl_icons/youtube.png",
        "id": 1,
        "original_url": "https://www.youtube.com/watch?v=eJrbKU09h-0",
        "fallback": "YouTube Video: Explain Like I'm 5: Prophet",
        "title": "Explain Like I'm 5: Prophet",
        "title_link": "https://www.youtube.com/watch?v=eJrbKU09h-0",
        "author_name": "Meta Open Source",
        "author_link": "https://www.youtube.com/c/FacebookOpenSource",
        "service_name": "YouTube",
        "service_url": "https://www.youtube.com/"
      }
    ],
    "reactions": [
      {
        "name": "+1",
        "users": [
          "U03UFV7TUTV"
        ],
        "count": 1
      }
    ]
  },
  {
    "client_msg_id": "b7b1950a-124b-48d3-81c7-12fc98d418bb",
    "type": "message",
    "text": "<https://www.netsolutions.com/insights/how-to-choose-cloud-service-provider/>",
    "user": "U03UG4Q7V42",
    "ts": "1662746336.921279",
    "blocks": [
      {
        "type": "rich_text",
        "block_id": "5Ln2i",
        "elements": [
          {
            "type": "rich_text_section",
            "elements": [
              {
                "type": "link",
                "url": "https://www.netsolutions.com/insights/how-to-choose-cloud-service-provider/"
              }
            ]
          }
        ]
      }
    ],
    "team": "T03U4J8HMUG",
    "user_team": "T03U4J8HMUG",
    "source_team": "T03U4J8HMUG",
    "user_profile": {
      "avatar_hash": "5bc346a85286",
      "image_72": "https://avatars.slack-edge.com/2022-08-20/3968048875651_5bc346a852866218ec6b_72.png",
      "first_name": "Phillip",
      "real_name": "Phillip Atkins",
      "display_name": "Phillip Atkins",
      "team": "T03U4J8HMUG",
      "name": "Phillip",
      "is_restricted": false,
      "is_ultra_restricted": false
    },
    "attachments": [
      {
        "from_url": "https://www.netsolutions.com/insights/how-to-choose-cloud-service-provider/",
        "ts": 1639578469,
        "image_url": "https://www.netsolutions.com/insights/wp-content/uploads/2021/12/right-cloud-service-provider.webp",
        "image_width": 417,
        "image_height": 250,
        "image_bytes": 22846,
        "service_icon": "https://www.netsolutions.com/assets/images/favicon.ico",
        "id": 1,
        "original_url": "https://www.netsolutions.com/insights/how-to-choose-cloud-service-provider/",
        "fallback": "Insights - Web and Mobile Development Services and Solutions: How to Choose the Right Cloud Service Provider?",
        "text": "Choosing the right cloud service provider is essential for a business. Here's a guide that answers how to choose the right cloud provider.",
        "title": "How to Choose the Right Cloud Service Provider?",
        "title_link": "https://www.netsolutions.com/insights/how-to-choose-cloud-service-provider/",
        "service_name": "Insights - Web and Mobile Development Services and Solutions",
        "fields": [
          {
            "value": "Akash Lomas",
            "title": "Written by",
            "short": true
          },
          {
            "value": "11 minutes",
            "title": "Est. reading time",
            "short": true
          }
        ]
      }
    ]
  },
  {
    "client_msg_id": "912e0166-39f9-42b1-ba92-143ca2f772aa",
    "type": "message",
    "text": "<https://au.indeed.com/career-advice/career-development/questions-to-ask-ceo>",
    "user": "U03UG5VFN03",
    "ts": "1662746882.280619",
    "blocks": [
      {
        "type": "rich_text",
        "block_id": "NUoT",
        "elements": [
          {
            "type": "rich_text_section",
            "elements": [
              {
                "type": "link",
                "url": "https://au.indeed.com/career-advice/career-development/questions-to-ask-ceo"
              }
            ]
          }
        ]
      }
    ],
    "team": "T03U4J8HMUG",
    "user_team": "T03U4J8HMUG",
    "source_team": "T03U4J8HMUG",
    "user_profile": {
      "avatar_hash": "1eec51b41e1b",
      "image_72": "https://avatars.slack-edge.com/2022-08-20/3980936144801_1eec51b41e1b370500be_72.png",
      "first_name": "Nancy",
      "real_name": "Nancy Craig",
      "display_name": "Nancy Craig",
      "team": "T03U4J8HMUG",
      "name": "Nancy",
      "is_restricted": false,
      "is_ultra_restricted": false
    },
    "attachments": [
      {
        "from_url": "https://au.indeed.com/career-advice/career-development/questions-to-ask-ceo",
        "image_url": "https://images.ctfassets.net/pdf29us7flmy/2KvMS1CGoU1mdaxzXOLSXV/269f580708f5501e0da25ad893f3800a/career-hero.svg?w=720&q=100&fm=jpg",
        "image_width": 444,
        "image_height": 250,
        "image_bytes": 171428,
        "service_icon": "https://images.ctfassets.net/pdf29us7flmy/289vCHeR8VihSh6eqiStxK/0d4ad61e921b5509de060d93c736c466/favicon.png?w=152",
        "id": 1,
        "original_url": "https://au.indeed.com/career-advice/career-development/questions-to-ask-ceo",
        "fallback": "Indeed Career Guide: 10 Clever Questions to Ask Your CEO (With Helpful Tips)",
        "text": "Discover 10 essential questions to ask your CEO along with additional tips to help you explore opportunities and build a strong relationship with your CEO.",
        "title": "10 Clever Questions to Ask Your CEO (With Helpful Tips)",
        "title_link": "https://au.indeed.com/career-advice/career-development/questions-to-ask-ceo",
        "service_name": "Indeed Career Guide"
      }
    ]
  },
  {
    "client_msg_id": "461a36e8-d6b7-46c2-b7cc-0024c2c1a752",
    "type": "message",
    "text": "<https://creativesomething.net/post/132082899741/use-this-combinatorial-question-equation-if|https://creativesomething.net/post/132082899741/use-this-combinatorial-question-equation-if>",
    "user": "U03UFV7TUTV",
    "ts": "1662747264.681619",
    "blocks": [
      {
        "type": "rich_text",
        "block_id": "JFe",
        "elements": [
          {
            "type": "rich_text_section",
            "elements": [
              {
                "type": "link",
                "url": "https://creativesomething.net/post/132082899741/use-this-combinatorial-question-equation-if",
                "text": "https://creativesomething.net/post/132082899741/use-this-combinatorial-question-equation-if"
              }
            ]
          }
        ]
      }
    ],
    "team": "T03U4J8HMUG",
    "user_team": "T03U4J8HMUG",
    "source_team": "T03U4J8HMUG",
    "user_profile": {
      "avatar_hash": "g2d3549811da",
      "image_72": "https://secure.gravatar.com/avatar/2d3549811dae404f2ab1ffd6d153680c.jpg?s=72&d=https%3A%2F%2Fa.slack-edge.com%2Fdf10d%2Fimg%2Favatars%2Fava_0003-72.png",
      "first_name": "Anthony",
      "real_name": "Anthony Galloway",
      "display_name": "Anthony Galloway",
      "team": "T03U4J8HMUG",
      "name": "Anthony",
      "is_restricted": false,
      "is_ultra_restricted": false
    },
    "attachments": [
      {
        "from_url": "https://creativesomething.net/post/132082899741/use-this-combinatorial-question-equation-if",
        "thumb_url": "http://static1.squarespace.com/static/58eaee1915d5dbf58cd95dfa/58eaeeabb8a79b774aa2c810/5a1cceee53450a9c54a1d523/1511837473070/senses.jpg?format=1500w",
        "thumb_width": 1200,
        "thumb_height": 474,
        "service_icon": "https://creativesomething.net/favicon.ico",
        "id": 1,
        "original_url": "https://creativesomething.net/post/132082899741/use-this-combinatorial-question-equation-if",
        "fallback": "Creative Something: Use this combinatorial question equation if you want to be more curious \u2014 Creative Something",
        "text": "Learning to be curious is the most impactful thing you can do to live a more creative life. I have no doubt about this notion, because time and time again my exploration into the history of creative research indicates that, when it comes to creativity,&amp;nbsp; curiosity is everything . Really it",
        "title": "Use this combinatorial question equation if you want to be more curious \u2014 Creative Something",
        "title_link": "https://creativesomething.net/post/132082899741/use-this-combinatorial-question-equation-if",
        "service_name": "Creative Something"
      }
    ]
  },
  {
    "client_msg_id": "d3c17109-750c-455b-b6fc-7ed8a676b20f",
    "type": "message",
    "text": "<https://dvc.org/doc/command-reference/remote/modify#google-drive|https://dvc.org/doc/command-reference/remote/modify#google-drive>",
    "user": "U03UG0YHAUT",
    "ts": "1662759903.371069",
    "blocks": [
      {
        "type": "rich_text",
        "block_id": "orOB",
        "elements": [
          {
            "type": "rich_text_section",
            "elements": [
              {
                "type": "link",
                "url": "https://dvc.org/doc/command-reference/remote/modify#google-drive",
                "text": "https://dvc.org/doc/command-reference/remote/modify#google-drive"
              }
            ]
          }
        ]
      }
    ],
    "team": "T03U4J8HMUG",
    "user_team": "T03U4J8HMUG",
    "source_team": "T03U4J8HMUG",
    "user_profile": {
      "avatar_hash": "e7b0c8269999",
      "image_72": "https://avatars.slack-edge.com/2022-09-20/4099393715542_e7b0c82699998d3b3ade_72.jpg",
      "first_name": "Daniel",
      "real_name": "Daniel Brown",
      "display_name": "Daniel Brown",
      "team": "T03U4J8HMUG",
      "name": "Daniel",
      "is_restricted": false,
      "is_ultra_restricted": false
    },
    "attachments": [
      {
        "from_url": "https://dvc.org/doc/command-reference/remote/modify#google-drive",
        "thumb_url": "https://dvc.org/social-share.png",
        "thumb_width": 1200,
        "thumb_height": 675,
        "service_icon": "https://dvc.org/apple-touch-icon-48x48.png?v=dfbc4a93a926127fc4495e9d640409f8",
        "id": 1,
        "original_url": "https://dvc.org/doc/command-reference/remote/modify#google-drive",
        "fallback": "Data Version Control \u00b7 DVC: remote modify",
        "text": "Open-source version control system for Data Science and Machine Learning projects. Git-like experience to organize your data, models, and experiments.",
        "title": "remote modify",
        "title_link": "https://dvc.org/doc/command-reference/remote/modify#google-drive",
        "service_name": "Data Version Control \u00b7 DVC"
      }
    ]
  },
  {
    "client_msg_id": "c8abc2a3-80fb-4d53-b12e-7aeaa5b8343a",
    "type": "message",
    "text": "Also great introduction to all dvc concepts can be found on this cahnnel\n<https://youtube.com/channel/UC37rp97Go-xIX3aNFVHhXfQ|https://youtube.com/channel/UC37rp97Go-xIX3aNFVHhXfQ>",
    "user": "U03UG0YHAUT",
    "ts": "1662760025.853349",
    "blocks": [
      {
        "type": "rich_text",
        "block_id": "8TPnI",
        "elements": [
          {
            "type": "rich_text_section",
            "elements": [
              {
                "type": "text",
                "text": "Also great introduction to all dvc concepts can be found on this cahnnel\n"
              },
              {
                "type": "link",
                "url": "https://youtube.com/channel/UC37rp97Go-xIX3aNFVHhXfQ",
                "text": "https://youtube.com/channel/UC37rp97Go-xIX3aNFVHhXfQ"
              }
            ]
          }
        ]
      }
    ],
    "team": "T03U4J8HMUG",
    "user_team": "T03U4J8HMUG",
    "source_team": "T03U4J8HMUG",
    "user_profile": {
      "avatar_hash": "e7b0c8269999",
      "image_72": "https://avatars.slack-edge.com/2022-09-20/4099393715542_e7b0c82699998d3b3ade_72.jpg",
      "first_name": "Daniel",
      "real_name": "Daniel Brown",
      "display_name": "Daniel Brown",
      "team": "T03U4J8HMUG",
      "name": "Daniel",
      "is_restricted": false,
      "is_ultra_restricted": false
    },
    "attachments": [
      {
        "from_url": "https://youtube.com/channel/UC37rp97Go-xIX3aNFVHhXfQ",
        "thumb_url": "https://yt3.ggpht.com/ytc/AMLnZu9XT28BboF40mQaCUtuxN8NADpzXU2VKyzWYt67Hg=s900-c-k-c0x00ffffff-no-rj",
        "thumb_width": 900,
        "thumb_height": 900,
        "service_icon": "https://www.youtube.com/s/desktop/7aa2c37d/img/favicon.ico",
        "id": 1,
        "original_url": "https://youtube.com/channel/UC37rp97Go-xIX3aNFVHhXfQ",
        "fallback": "YouTube: DVCorg",
        "text": "An open source project for bringing DevOps to data science. We maintain Data Version Control (DVC), a tool for extending Git version control to datasets and models, and Continuous Machine Learning (CML), a tool for adapting continuous integration systems like GitHub Actions &amp; GitLab CI fo machine learning.",
        "title": "DVCorg",
        "title_link": "https://youtube.com/channel/UC37rp97Go-xIX3aNFVHhXfQ",
        "service_name": "YouTube"
      }
    ]
  },
  {
    "client_msg_id": "31b3b4b7-06d2-4d72-9d01-7c32ec55b65a",
    "type": "message",
    "text": "A Complete Guide on Machine Learning Model Deployment Using Heroku\n<https://www.analyticsvidhya.com/blog/2021/10/a-complete-guide-on-machine-learning-model-deployment-using-heroku/>",
    "user": "U03U9EJR362",
    "ts": "1662762484.564649",
    "blocks": [
      {
        "type": "rich_text",
        "block_id": "oub",
        "elements": [
          {
            "type": "rich_text_section",
            "elements": [
              {
                "type": "text",
                "text": "A Complete Guide on Machine Learning Model Deployment Using Heroku\n"
              },
              {
                "type": "link",
                "url": "https://www.analyticsvidhya.com/blog/2021/10/a-complete-guide-on-machine-learning-model-deployment-using-heroku/"
              }
            ]
          }
        ]
      }
    ],
    "team": "T03U4J8HMUG",
    "user_team": "T03U4J8HMUG",
    "source_team": "T03U4J8HMUG",
    "user_profile": {
      "avatar_hash": "gc0133e965fb",
      "image_72": "https://secure.gravatar.com/avatar/c0133e965fb5500f9a83b69df54a7dc6.jpg?s=72&d=https%3A%2F%2Fa.slack-edge.com%2Fdf10d%2Fimg%2Favatars%2Fava_0006-72.png",
      "first_name": "Nicholas",
      "real_name": "Nicholas Friedman",
      "display_name": "Nicholas Friedman",
      "team": "T03U4J8HMUG",
      "name": "Nicholas",
      "is_restricted": false,
      "is_ultra_restricted": false
    },
    "attachments": [
      {
        "from_url": "https://www.analyticsvidhya.com/blog/2021/10/a-complete-guide-on-machine-learning-model-deployment-using-heroku/",
        "ts": 1633601510,
        "thumb_url": "https://cdn.analyticsvidhya.com/wp-content/uploads/2021/06/47720Deploying-ML-Models-as-API-Using-FastAPI-and-Heroku.png",
        "thumb_width": 1120,
        "thumb_height": 630,
        "service_icon": "https://www.analyticsvidhya.com/wp-content/uploads/2015/02/logo_square_v2.jpg",
        "id": 1,
        "original_url": "https://www.analyticsvidhya.com/blog/2021/10/a-complete-guide-on-machine-learning-model-deployment-using-heroku/",
        "fallback": "Analytics Vidhya: Model Deployment Using Heroku | A Complete Guide on Heroku",
        "text": "This post aims to show you how to plan precisely when working with model deployment using heroku and knowing what to be aware of along the way",
        "title": "Model Deployment Using Heroku | A Complete Guide on Heroku",
        "title_link": "https://www.analyticsvidhya.com/blog/2021/10/a-complete-guide-on-machine-learning-model-deployment-using-heroku/",
        "service_name": "Analytics Vidhya",
        "fields": [
          {
            "value": "Pavan Kalyan",
            "title": "Written by",
            "short": true
          },
          {
            "value": "16 minutes",
            "title": "Est. reading time",
            "short": true
          }
        ]
      }
    ]
  },
  {
    "client_msg_id": "8014ccb2-15b7-4a1c-927e-977283f4edbe",
    "type": "message",
    "text": "Model Deployment on Heroku Using Flask\n<https://towardsdatascience.com/machine-learning-model-deployment-on-heroku-using-flask-467acb4a34da>",
    "user": "U03U9EJR362",
    "ts": "1662762529.569119",
    "blocks": [
      {
        "type": "rich_text",
        "block_id": "+a1",
        "elements": [
          {
            "type": "rich_text_section",
            "elements": [
              {
                "type": "text",
                "text": "Model Deployment on Heroku Using Flask\n"
              },
              {
                "type": "link",
                "url": "https://towardsdatascience.com/machine-learning-model-deployment-on-heroku-using-flask-467acb4a34da"
              }
            ]
          }
        ]
      }
    ],
    "team": "T03U4J8HMUG",
    "user_team": "T03U4J8HMUG",
    "source_team": "T03U4J8HMUG",
    "user_profile": {
      "avatar_hash": "gc0133e965fb",
      "image_72": "https://secure.gravatar.com/avatar/c0133e965fb5500f9a83b69df54a7dc6.jpg?s=72&d=https%3A%2F%2Fa.slack-edge.com%2Fdf10d%2Fimg%2Favatars%2Fava_0006-72.png",
      "first_name": "Nicholas",
      "real_name": "Nicholas Friedman",
      "display_name": "Nicholas Friedman",
      "team": "T03U4J8HMUG",
      "name": "Nicholas",
      "is_restricted": false,
      "is_ultra_restricted": false
    },
    "attachments": [
      {
        "from_url": "https://towardsdatascience.com/machine-learning-model-deployment-on-heroku-using-flask-467acb4a34da",
        "ts": 1642663033,
        "image_url": "https://miro.medium.com/max/667/1*fbK2SneazjpzFoEZbIycxw.jpeg",
        "image_width": 334,
        "image_height": 250,
        "image_bytes": 58092,
        "service_icon": "https://miro.medium.com/fit/c/152/152/1*sHhtYhaCe2Uc3IU0IgKwIQ.png",
        "id": 1,
        "original_url": "https://towardsdatascience.com/machine-learning-model-deployment-on-heroku-using-flask-467acb4a34da",
        "fallback": "Medium: Machine Learning Model Deployment on Heroku Using Flask",
        "text": "Machine Learning Platform as a Service",
        "title": "Machine Learning Model Deployment on Heroku Using Flask",
        "title_link": "https://towardsdatascience.com/machine-learning-model-deployment-on-heroku-using-flask-467acb4a34da",
        "service_name": "Medium",
        "fields": [
          {
            "value": "6 min read",
            "title": "Reading time",
            "short": true
          }
        ]
      }
    ],
    "reactions": [
      {
        "name": "eyes",
        "users": [
          "U03UUR571A5"
        ],
        "count": 1
      }
    ]
  },
  {
    "client_msg_id": "bb18b732-7741-4bac-89b8-188236f5d56f",
    "type": "message",
    "text": "<https://towardsdatascience.com/cnn-lstm-based-models-for-multiple-parallel-input-and-multi-step-forecast-6fe2172f7668>",
    "user": "U03UJGRN5E0",
    "ts": "1662787072.588329",
    "blocks": [
      {
        "type": "rich_text",
        "block_id": "QRsz",
        "elements": [
          {
            "type": "rich_text_section",
            "elements": [
              {
                "type": "link",
                "url": "https://towardsdatascience.com/cnn-lstm-based-models-for-multiple-parallel-input-and-multi-step-forecast-6fe2172f7668"
              }
            ]
          }
        ]
      }
    ],
    "team": "T03U4J8HMUG",
    "user_team": "T03U4J8HMUG",
    "source_team": "T03U4J8HMUG",
    "user_profile": {
      "avatar_hash": "35b05758f532",
      "image_72": "https://avatars.slack-edge.com/2022-09-30/4156429070997_35b05758f532bdef5b5f_72.jpg",
      "first_name": "Katie",
      "real_name": "Katie Dickerson",
      "display_name": "Katie Dickerson",
      "team": "T03U4J8HMUG",
      "name": "Katie",
      "is_restricted": false,
      "is_ultra_restricted": false
    },
    "attachments": [
      {
        "from_url": "https://towardsdatascience.com/cnn-lstm-based-models-for-multiple-parallel-input-and-multi-step-forecast-6fe2172f7668",
        "ts": 1637180512,
        "image_url": "https://miro.medium.com/max/1200/0*bTV150z2fqvGUmGP",
        "image_width": 375,
        "image_height": 250,
        "image_bytes": 423117,
        "service_icon": "https://miro.medium.com/fit/c/152/152/1*sHhtYhaCe2Uc3IU0IgKwIQ.png",
        "id": 1,
        "original_url": "https://towardsdatascience.com/cnn-lstm-based-models-for-multiple-parallel-input-and-multi-step-forecast-6fe2172f7668",
        "fallback": "Medium: CNN-LSTM based Models for Multiple Parallel Input and Multi-Step Forecast",
        "text": "Different neural network implementations fed with multiple time series for multi-step forecasting horizons",
        "title": "CNN-LSTM based Models for Multiple Parallel Input and Multi-Step Forecast",
        "title_link": "https://towardsdatascience.com/cnn-lstm-based-models-for-multiple-parallel-input-and-multi-step-forecast-6fe2172f7668",
        "service_name": "Medium",
        "fields": [
          {
            "value": "19 min read",
            "title": "Reading time",
            "short": true
          }
        ]
      }
    ]
  },
  {
    "client_msg_id": "4730c7f5-fd3a-40f8-b987-55be7124d8fb",
    "type": "message",
    "text": "<https://towardsdatascience.com/mlflow-part-3-logging-models-to-a-tracking-server-54b6aa3cd00f>",
    "user": "U03UG32J3PC",
    "ts": "1662791156.874299",
    "blocks": [
      {
        "type": "rich_text",
        "block_id": "Zf6",
        "elements": [
          {
            "type": "rich_text_section",
            "elements": [
              {
                "type": "link",
                "url": "https://towardsdatascience.com/mlflow-part-3-logging-models-to-a-tracking-server-54b6aa3cd00f"
              }
            ]
          }
        ]
      }
    ],
    "team": "T03U4J8HMUG",
    "user_team": "T03U4J8HMUG",
    "source_team": "T03U4J8HMUG",
    "user_profile": {
      "avatar_hash": "g9e7487b036e",
      "image_72": "https://secure.gravatar.com/avatar/9e7487b036ed726d016a0c5d8189773c.jpg?s=72&d=https%3A%2F%2Fa.slack-edge.com%2Fdf10d%2Fimg%2Favatars%2Fava_0005-72.png",
      "first_name": "April",
      "real_name": "April Lucas",
      "display_name": "April Lucas",
      "team": "T03U4J8HMUG",
      "name": "April",
      "is_restricted": false,
      "is_ultra_restricted": false
    },
    "attachments": [
      {
        "from_url": "https://towardsdatascience.com/mlflow-part-3-logging-models-to-a-tracking-server-54b6aa3cd00f",
        "ts": 1603263128,
        "image_url": "https://miro.medium.com/max/1200/1*hIoLJREKKpSHrFi1OWLpmw.png",
        "image_width": 438,
        "image_height": 250,
        "image_bytes": 167548,
        "service_icon": "https://miro.medium.com/fit/c/152/152/1*sHhtYhaCe2Uc3IU0IgKwIQ.png",
        "id": 1,
        "original_url": "https://towardsdatascience.com/mlflow-part-3-logging-models-to-a-tracking-server-54b6aa3cd00f",
        "fallback": "Medium: MLflow Part 3: Logging Models to a Tracking Server!",
        "text": "Getting your parameters, metrics, artifacts, and more logged to an MLflow tracking server",
        "title": "MLflow Part 3: Logging Models to a Tracking Server!",
        "title_link": "https://towardsdatascience.com/mlflow-part-3-logging-models-to-a-tracking-server-54b6aa3cd00f",
        "service_name": "Medium",
        "fields": [
          {
            "value": "6 min read",
            "title": "Reading time",
            "short": true
          }
        ]
      }
    ]
  },
  {
    "client_msg_id": "86b29470-abb4-4c11-ac00-32df4dad9788",
    "type": "message",
    "text": "<https://pyimagesearch.com/2022/08/01/long-short-term-memory-networks/>",
    "user": "U03UG32J3PC",
    "ts": "1662791202.674169",
    "blocks": [
      {
        "type": "rich_text",
        "block_id": "Bg8",
        "elements": [
          {
            "type": "rich_text_section",
            "elements": [
              {
                "type": "link",
                "url": "https://pyimagesearch.com/2022/08/01/long-short-term-memory-networks/"
              }
            ]
          }
        ]
      }
    ],
    "team": "T03U4J8HMUG",
    "user_team": "T03U4J8HMUG",
    "source_team": "T03U4J8HMUG",
    "user_profile": {
      "avatar_hash": "g9e7487b036e",
      "image_72": "https://secure.gravatar.com/avatar/9e7487b036ed726d016a0c5d8189773c.jpg?s=72&d=https%3A%2F%2Fa.slack-edge.com%2Fdf10d%2Fimg%2Favatars%2Fava_0005-72.png",
      "first_name": "April",
      "real_name": "April Lucas",
      "display_name": "April Lucas",
      "team": "T03U4J8HMUG",
      "name": "April",
      "is_restricted": false,
      "is_ultra_restricted": false
    },
    "attachments": [
      {
        "from_url": "https://pyimagesearch.com/2022/08/01/long-short-term-memory-networks/",
        "ts": 1659358800,
        "image_url": "https://pyimagesearch.com/wp-content/uploads/2022/08/long-short-term-memory-networks-featured.png",
        "image_width": 445,
        "image_height": 250,
        "image_bytes": 16955,
        "service_icon": "https://pyimagesearch.com/favicon.ico",
        "id": 1,
        "original_url": "https://pyimagesearch.com/2022/08/01/long-short-term-memory-networks/",
        "fallback": "PyImageSearch: Long Short-Term Memory Networks - PyImageSearch",
        "text": "A tutorial on sentiment classification of IMDb reviews with Long Short-Term Memory Networks in TensorFlow and Keras.",
        "title": "Long Short-Term Memory Networks - PyImageSearch",
        "title_link": "https://pyimagesearch.com/2022/08/01/long-short-term-memory-networks/",
        "service_name": "PyImageSearch",
        "fields": [
          {
            "value": "Aritra Roy Gosthipaty, Devjyoti Chakraborty, and Ritwik Raha",
            "title": "Written by",
            "short": true
          },
          {
            "value": "17 minutes",
            "title": "Est. reading time",
            "short": true
          }
        ]
      }
    ]
  },
  {
    "client_msg_id": "D8608A91-74FC-440D-9384-19840A692302",
    "type": "message",
    "text": "<https://flatironschool.com/blog/deep-learning-vs-machine-learning/|https://flatironschool.com/blog/deep-learning-vs-machine-learning/>",
    "user": "U03U1FNPEUX",
    "ts": "1662792572.964059",
    "blocks": [
      {
        "type": "rich_text",
        "block_id": "jsI",
        "elements": [
          {
            "type": "rich_text_section",
            "elements": [
              {
                "type": "link",
                "url": "https://flatironschool.com/blog/deep-learning-vs-machine-learning/",
                "text": "https://flatironschool.com/blog/deep-learning-vs-machine-learning/"
              }
            ]
          }
        ]
      }
    ],
    "team": "T03U4J8HMUG",
    "user_team": "T03U4J8HMUG",
    "source_team": "T03U4J8HMUG",
    "user_profile": {
      "avatar_hash": "37a12a7dbb92",
      "image_72": "https://avatars.slack-edge.com/2022-09-09/4058043481011_37a12a7dbb926b2c9c86_72.png",
      "first_name": "Joshua",
      "real_name": "Joshua Rhodes",
      "display_name": "Joshua Rhodes",
      "team": "T03U4J8HMUG",
      "name": "Joshua",
      "is_restricted": false,
      "is_ultra_restricted": false
    },
    "attachments": [
      {
        "from_url": "https://flatironschool.com/blog/deep-learning-vs-machine-learning/",
        "ts": 1612764000,
        "image_url": "https://flatironschool.com/wp-content/uploads/2021/11/7563184827b08230e987842375157afad667c171.jpg",
        "image_width": 377,
        "image_height": 250,
        "image_bytes": 17104,
        "service_icon": "https://flatironschool.com/wp-content/themes/flatiron-school/assets/images/favicons/favicon-120x120.png",
        "id": 1,
        "original_url": "https://flatironschool.com/blog/deep-learning-vs-machine-learning/",
        "fallback": "Flatiron School: Deep Learning vs. Machine Learning \u2014 What\u2019s the Difference? | Flatiron School",
        "text": "Neural networks, supervised learning, reinforcement learning \u2014 what are they, and how will they impact our lives?",
        "title": "Deep Learning vs. Machine Learning \u2014 What\u2019s the Difference? | Flatiron School",
        "title_link": "https://flatironschool.com/blog/deep-learning-vs-machine-learning/",
        "service_name": "Flatiron School",
        "fields": [
          {
            "value": "Michael Middleton",
            "title": "Written by",
            "short": true
          },
          {
            "value": "10 minutes",
            "title": "Est. reading time",
            "short": true
          }
        ]
      }
    ]
  },
  {
    "client_msg_id": "5613447e-dad6-4c87-9e6c-2e96695ce623",
    "type": "message",
    "text": "<https://www.amarchenkova.com/posts/advanced-deep-learning-courses|https://www.amarchenkova.com/posts/advanced-deep-learning-courses>",
    "user": "U03UFV7TUTV",
    "ts": "1662792817.990429",
    "blocks": [
      {
        "type": "rich_text",
        "block_id": "StU",
        "elements": [
          {
            "type": "rich_text_section",
            "elements": [
              {
                "type": "link",
                "url": "https://www.amarchenkova.com/posts/advanced-deep-learning-courses",
                "text": "https://www.amarchenkova.com/posts/advanced-deep-learning-courses"
              }
            ]
          }
        ]
      }
    ],
    "team": "T03U4J8HMUG",
    "user_team": "T03U4J8HMUG",
    "source_team": "T03U4J8HMUG",
    "user_profile": {
      "avatar_hash": "g2d3549811da",
      "image_72": "https://secure.gravatar.com/avatar/2d3549811dae404f2ab1ffd6d153680c.jpg?s=72&d=https%3A%2F%2Fa.slack-edge.com%2Fdf10d%2Fimg%2Favatars%2Fava_0003-72.png",
      "first_name": "Anthony",
      "real_name": "Anthony Galloway",
      "display_name": "Anthony Galloway",
      "team": "T03U4J8HMUG",
      "name": "Anthony",
      "is_restricted": false,
      "is_ultra_restricted": false
    },
    "attachments": [
      {
        "from_url": "https://www.amarchenkova.com/posts/advanced-deep-learning-courses",
        "id": 1,
        "original_url": "https://www.amarchenkova.com/posts/advanced-deep-learning-courses",
        "fallback": "Advanced Deep Learning Courses",
        "text": "Advanced Deep Learning Courses",
        "title": "Advanced Deep Learning Courses",
        "title_link": "https://www.amarchenkova.com/posts/advanced-deep-learning-courses",
        "service_name": "amarchenkova.com"
      }
    ]
  },
  {
    "client_msg_id": "59CB33B3-3F24-4CFF-8918-7E3522199319",
    "type": "message",
    "text": "<https://www.deeplearning.ai/ai-notes/optimization/|https://www.deeplearning.ai/ai-notes/optimization/>",
    "user": "U03U1FNPEUX",
    "ts": "1662792897.940229",
    "blocks": [
      {
        "type": "rich_text",
        "block_id": "bdp4Y",
        "elements": [
          {
            "type": "rich_text_section",
            "elements": [
              {
                "type": "link",
                "url": "https://www.deeplearning.ai/ai-notes/optimization/",
                "text": "https://www.deeplearning.ai/ai-notes/optimization/"
              }
            ]
          }
        ]
      }
    ],
    "team": "T03U4J8HMUG",
    "user_team": "T03U4J8HMUG",
    "source_team": "T03U4J8HMUG",
    "user_profile": {
      "avatar_hash": "37a12a7dbb92",
      "image_72": "https://avatars.slack-edge.com/2022-09-09/4058043481011_37a12a7dbb926b2c9c86_72.png",
      "first_name": "Joshua",
      "real_name": "Joshua Rhodes",
      "display_name": "Joshua Rhodes",
      "team": "T03U4J8HMUG",
      "name": "Joshua",
      "is_restricted": false,
      "is_ultra_restricted": false
    }
  }
]