[
  {
    "client_msg_id": "583d088a-628a-40dc-abd5-40de67a31c9e",
    "type": "message",
    "text": "<https://www.investopedia.com/terms/r/return.asp>",
    "user": "U03UH397319",
    "ts": "1665558190.635339",
    "blocks": [
      {
        "type": "rich_text",
        "block_id": "KS7Z6",
        "elements": [
          {
            "type": "rich_text_section",
            "elements": [
              {
                "type": "link",
                "url": "https://www.investopedia.com/terms/r/return.asp"
              }
            ]
          }
        ]
      }
    ],
    "team": "T03U4J8HMUG",
    "user_team": "T03U4J8HMUG",
    "source_team": "T03U4J8HMUG",
    "user_profile": {
      "avatar_hash": "gc7c2fbea497",
      "image_72": "https://secure.gravatar.com/avatar/c7c2fbea4976d191e3ad19004e067c11.jpg?s=72&d=https%3A%2F%2Fa.slack-edge.com%2Fdf10d%2Fimg%2Favatars%2Fava_0014-72.png",
      "first_name": "Brenda",
      "real_name": "Brenda Hernandez",
      "display_name": "Brenda Hernandez",
      "team": "T03U4J8HMUG",
      "name": "Brenda",
      "is_restricted": false,
      "is_ultra_restricted": false
    },
    "attachments": [
      {
        "from_url": "https://www.investopedia.com/terms/r/return.asp",
        "thumb_url": "https://www.investopedia.com/thmb/OmTwh4cA4-CcfJYEBHolkRApYok=/2121x1414/filters:fill(auto,1)/GettyImages-1094079140-a808cbc80ee24090ab7a7bdda94805d8.jpg",
        "thumb_width": 2121,
        "thumb_height": 1414,
        "service_icon": "https://www.investopedia.com/apple-touch-icon-57x57.png",
        "id": 1,
        "original_url": "https://www.investopedia.com/terms/r/return.asp",
        "fallback": "Investopedia: What Are Returns in Investing, and How Are They Measured?",
        "text": "In finance, a return is the profit or loss derived from investing or saving.",
        "title": "What Are Returns in Investing, and How Are They Measured?",
        "title_link": "https://www.investopedia.com/terms/r/return.asp",
        "service_name": "Investopedia"
      }
    ]
  },
  {
    "client_msg_id": "2b1bcdd0-39b3-44ce-888e-3c6b5baa40ec",
    "type": "message",
    "text": "<https://www.investopedia.com/articles/07/sharpe_ratio.asp>",
    "user": "U03UH397319",
    "ts": "1665558203.813639",
    "blocks": [
      {
        "type": "rich_text",
        "block_id": "=vG5l",
        "elements": [
          {
            "type": "rich_text_section",
            "elements": [
              {
                "type": "link",
                "url": "https://www.investopedia.com/articles/07/sharpe_ratio.asp"
              }
            ]
          }
        ]
      }
    ],
    "team": "T03U4J8HMUG",
    "user_team": "T03U4J8HMUG",
    "source_team": "T03U4J8HMUG",
    "user_profile": {
      "avatar_hash": "gc7c2fbea497",
      "image_72": "https://secure.gravatar.com/avatar/c7c2fbea4976d191e3ad19004e067c11.jpg?s=72&d=https%3A%2F%2Fa.slack-edge.com%2Fdf10d%2Fimg%2Favatars%2Fava_0014-72.png",
      "first_name": "Brenda",
      "real_name": "Brenda Hernandez",
      "display_name": "Brenda Hernandez",
      "team": "T03U4J8HMUG",
      "name": "Brenda",
      "is_restricted": false,
      "is_ultra_restricted": false
    },
    "attachments": [
      {
        "from_url": "https://www.investopedia.com/articles/07/sharpe_ratio.asp",
        "thumb_url": "https://www.investopedia.com/thmb/qAclo7UVjukowb4oaUhsG3VKf5E=/1500x1000/filters:fill(auto,1)/GettyImages-160519027-9c3f610a4b414bf6a26dfa2426fdeb17.jpg",
        "thumb_width": 1500,
        "thumb_height": 1000,
        "service_icon": "https://www.investopedia.com/apple-touch-icon-57x57.png",
        "id": 1,
        "original_url": "https://www.investopedia.com/articles/07/sharpe_ratio.asp",
        "fallback": "Investopedia: Understanding the Sharpe Ratio",
        "text": "The Sharpe ratio is a measure of risk-adjusted return. It describes how much excess return you receive for the volatility of holding a riskier asset.",
        "title": "Understanding the Sharpe Ratio",
        "title_link": "https://www.investopedia.com/articles/07/sharpe_ratio.asp",
        "service_name": "Investopedia"
      }
    ]
  },
  {
    "client_msg_id": "b3a93cd0-7d58-4e21-aee1-00cde03ff4e8",
    "type": "message",
    "text": "<https://www.investopedia.com/ask/answers/010815/what-good-sharpe-ratio.asp>",
    "user": "U03UH397319",
    "ts": "1665558213.966929",
    "blocks": [
      {
        "type": "rich_text",
        "block_id": "7/O",
        "elements": [
          {
            "type": "rich_text_section",
            "elements": [
              {
                "type": "link",
                "url": "https://www.investopedia.com/ask/answers/010815/what-good-sharpe-ratio.asp"
              }
            ]
          }
        ]
      }
    ],
    "team": "T03U4J8HMUG",
    "user_team": "T03U4J8HMUG",
    "source_team": "T03U4J8HMUG",
    "user_profile": {
      "avatar_hash": "gc7c2fbea497",
      "image_72": "https://secure.gravatar.com/avatar/c7c2fbea4976d191e3ad19004e067c11.jpg?s=72&d=https%3A%2F%2Fa.slack-edge.com%2Fdf10d%2Fimg%2Favatars%2Fava_0014-72.png",
      "first_name": "Brenda",
      "real_name": "Brenda Hernandez",
      "display_name": "Brenda Hernandez",
      "team": "T03U4J8HMUG",
      "name": "Brenda",
      "is_restricted": false,
      "is_ultra_restricted": false
    },
    "attachments": [
      {
        "from_url": "https://www.investopedia.com/ask/answers/010815/what-good-sharpe-ratio.asp",
        "thumb_url": "https://www.investopedia.com/thmb/B6iSy7w7R0dyRO8uM7JHwUUi_Ek=/680x440/filters:fill(auto,1)/shutterstock_112522391-5bfc2b9846e0fb0051bde2d3.jpg",
        "thumb_width": 680,
        "thumb_height": 440,
        "service_icon": "https://www.investopedia.com/apple-touch-icon-57x57.png",
        "id": 1,
        "original_url": "https://www.investopedia.com/ask/answers/010815/what-good-sharpe-ratio.asp",
        "fallback": "Investopedia: Learn What a Good Sharpe Ratio Is",
        "text": "Learn how to calculate and interpret the Sharpe ratio. Discover its significance to investors and find out what is considered a good Sharpe ratio.",
        "title": "Learn What a Good Sharpe Ratio Is",
        "title_link": "https://www.investopedia.com/ask/answers/010815/what-good-sharpe-ratio.asp",
        "service_name": "Investopedia"
      }
    ]
  },
  {
    "client_msg_id": "cba9025b-fe11-4785-81ea-9cdd0de1f976",
    "type": "message",
    "text": "<https://www.investopedia.com/terms/s/sharperatio.asp>",
    "user": "U03UH397319",
    "ts": "1665558221.776669",
    "blocks": [
      {
        "type": "rich_text",
        "block_id": "qMp",
        "elements": [
          {
            "type": "rich_text_section",
            "elements": [
              {
                "type": "link",
                "url": "https://www.investopedia.com/terms/s/sharperatio.asp"
              }
            ]
          }
        ]
      }
    ],
    "team": "T03U4J8HMUG",
    "user_team": "T03U4J8HMUG",
    "source_team": "T03U4J8HMUG",
    "user_profile": {
      "avatar_hash": "gc7c2fbea497",
      "image_72": "https://secure.gravatar.com/avatar/c7c2fbea4976d191e3ad19004e067c11.jpg?s=72&d=https%3A%2F%2Fa.slack-edge.com%2Fdf10d%2Fimg%2Favatars%2Fava_0014-72.png",
      "first_name": "Brenda",
      "real_name": "Brenda Hernandez",
      "display_name": "Brenda Hernandez",
      "team": "T03U4J8HMUG",
      "name": "Brenda",
      "is_restricted": false,
      "is_ultra_restricted": false
    },
    "attachments": [
      {
        "from_url": "https://www.investopedia.com/terms/s/sharperatio.asp",
        "thumb_url": "https://www.investopedia.com/thmb/JhmO-wWhNvYZ8bpMnhjJfp2w6XA=/1500x1000/filters:fill(auto,1)/GettyImages-1053748996-f408c89a85b44b8f9010bc15602edbd4.jpg",
        "thumb_width": 1500,
        "thumb_height": 1000,
        "service_icon": "https://www.investopedia.com/apple-touch-icon-57x57.png",
        "id": 1,
        "original_url": "https://www.investopedia.com/terms/s/sharperatio.asp",
        "fallback": "Investopedia: Sharpe Ratio Formula and Definition With Examples",
        "text": "The Sharpe ratio is used to help investors understand the return of an investment compared to its risk.",
        "title": "Sharpe Ratio Formula and Definition With Examples",
        "title_link": "https://www.investopedia.com/terms/s/sharperatio.asp",
        "service_name": "Investopedia"
      }
    ]
  },
  {
    "client_msg_id": "5787a204-aa6a-4049-be8e-b109eb66ed5c",
    "type": "message",
    "text": "<http://investopedia.com/terms/m/maximum-drawdown-mdd.asp>",
    "user": "U03UH397319",
    "ts": "1665558229.068549",
    "blocks": [
      {
        "type": "rich_text",
        "block_id": "HnHht",
        "elements": [
          {
            "type": "rich_text_section",
            "elements": [
              {
                "type": "link",
                "url": "http://investopedia.com/terms/m/maximum-drawdown-mdd.asp"
              }
            ]
          }
        ]
      }
    ],
    "team": "T03U4J8HMUG",
    "user_team": "T03U4J8HMUG",
    "source_team": "T03U4J8HMUG",
    "user_profile": {
      "avatar_hash": "gc7c2fbea497",
      "image_72": "https://secure.gravatar.com/avatar/c7c2fbea4976d191e3ad19004e067c11.jpg?s=72&d=https%3A%2F%2Fa.slack-edge.com%2Fdf10d%2Fimg%2Favatars%2Fava_0014-72.png",
      "first_name": "Brenda",
      "real_name": "Brenda Hernandez",
      "display_name": "Brenda Hernandez",
      "team": "T03U4J8HMUG",
      "name": "Brenda",
      "is_restricted": false,
      "is_ultra_restricted": false
    },
    "attachments": [
      {
        "from_url": "http://investopedia.com/terms/m/maximum-drawdown-mdd.asp",
        "thumb_url": "https://www.investopedia.com/thmb/sk9zAueVWY_B1xth_QzIBpDoc0U=/680x440/filters:fill(auto,1)/shutterstock_253136563-5bfc2b98c9e77c00519aa7a8.jpg",
        "thumb_width": 680,
        "thumb_height": 440,
        "service_icon": "https://www.investopedia.com/apple-touch-icon-57x57.png",
        "id": 1,
        "original_url": "http://investopedia.com/terms/m/maximum-drawdown-mdd.asp",
        "fallback": "Investopedia: Maximum Drawdown (MDD) Defined, With Formula for Calculation",
        "text": "A maximum drawdown (MDD) is the maximum loss from a peak to a trough of a portfolio, before a new peak is attained.",
        "title": "Maximum Drawdown (MDD) Defined, With Formula for Calculation",
        "title_link": "http://investopedia.com/terms/m/maximum-drawdown-mdd.asp",
        "service_name": "Investopedia"
      }
    ]
  },
  {
    "client_msg_id": "5fde79d0-bba1-4c2d-8a95-8cce9f65330e",
    "type": "message",
    "text": "<https://www.youtube.com/watch?v=EfxKx8zCgw0>",
    "user": "U03UHB8CXDY",
    "ts": "1665558355.252779",
    "blocks": [
      {
        "type": "rich_text",
        "block_id": "+owN",
        "elements": [
          {
            "type": "rich_text_section",
            "elements": [
              {
                "type": "link",
                "url": "https://www.youtube.com/watch?v=EfxKx8zCgw0"
              }
            ]
          }
        ]
      }
    ],
    "team": "T03U4J8HMUG",
    "user_team": "T03U4J8HMUG",
    "source_team": "T03U4J8HMUG",
    "user_profile": {
      "avatar_hash": "374fee609510",
      "image_72": "https://avatars.slack-edge.com/2022-09-30/4159182498980_374fee609510e6ff1526_72.jpg",
      "first_name": "Yvonne",
      "real_name": "Yvonne Gonzalez",
      "display_name": "Yvonne Gonzalez",
      "team": "T03U4J8HMUG",
      "name": "Yvonne",
      "is_restricted": false,
      "is_ultra_restricted": false
    },
    "attachments": [
      {
        "from_url": "https://www.youtube.com/watch?v=EfxKx8zCgw0",
        "thumb_url": "https://i.ytimg.com/vi/EfxKx8zCgw0/hqdefault.jpg",
        "thumb_width": 480,
        "thumb_height": 360,
        "video_html": "<iframe width=\"400\" height=\"225\" src=\"https://www.youtube.com/embed/EfxKx8zCgw0?feature=oembed&autoplay=1&iv_load_policy=3\" frameborder=\"0\" allow=\"accelerometer; autoplay; clipboard-write; encrypted-media; gyroscope; picture-in-picture\" allowfullscreen title=\"Backtesting Simple Moving Average Strategy with Python on Bitcoin\"></iframe>",
        "video_html_width": 400,
        "video_html_height": 225,
        "service_icon": "https://a.slack-edge.com/80588/img/unfurl_icons/youtube.png",
        "id": 1,
        "original_url": "https://www.youtube.com/watch?v=EfxKx8zCgw0",
        "fallback": "YouTube Video: Backtesting Simple Moving Average Strategy with Python on Bitcoin",
        "title": "Backtesting Simple Moving Average Strategy with Python on Bitcoin",
        "title_link": "https://www.youtube.com/watch?v=EfxKx8zCgw0",
        "author_name": "TraderPy",
        "author_link": "https://www.youtube.com/c/TraderPyAlgorithmicTrading",
        "service_name": "YouTube",
        "service_url": "https://www.youtube.com/"
      }
    ]
  },
  {
    "client_msg_id": "801eb7e2-2a35-4ea6-983f-d76c977dae83",
    "type": "message",
    "text": "<https://blog.softwaremill.com/event-sourcing-using-kafka-53dfd72ad45d>",
    "user": "U03UD5B7C3X",
    "ts": "1665558474.467869",
    "blocks": [
      {
        "type": "rich_text",
        "block_id": "ut3",
        "elements": [
          {
            "type": "rich_text_section",
            "elements": [
              {
                "type": "link",
                "url": "https://blog.softwaremill.com/event-sourcing-using-kafka-53dfd72ad45d"
              }
            ]
          }
        ]
      }
    ],
    "team": "T03U4J8HMUG",
    "user_team": "T03U4J8HMUG",
    "source_team": "T03U4J8HMUG",
    "user_profile": {
      "avatar_hash": "gb4893f68d1b",
      "image_72": "https://secure.gravatar.com/avatar/b4893f68d1b3098aa61b283721cedfbb.jpg?s=72&d=https%3A%2F%2Fa.slack-edge.com%2Fdf10d%2Fimg%2Favatars%2Fava_0005-72.png",
      "first_name": "Elizabeth",
      "real_name": "Elizabeth Hall",
      "display_name": "Elizabeth Hall",
      "team": "T03U4J8HMUG",
      "name": "Elizabeth",
      "is_restricted": false,
      "is_ultra_restricted": false
    },
    "attachments": [
      {
        "from_url": "https://blog.softwaremill.com/event-sourcing-using-kafka-53dfd72ad45d",
        "ts": 1634540412,
        "image_url": "https://miro.medium.com/max/1200/1*N0s_mXtMRj9rL_gdsv45zw.jpeg",
        "image_width": 375,
        "image_height": 250,
        "image_bytes": 199618,
        "service_icon": "https://miro.medium.com/fit/c/152/152/1*sHhtYhaCe2Uc3IU0IgKwIQ.png",
        "id": 1,
        "original_url": "https://blog.softwaremill.com/event-sourcing-using-kafka-53dfd72ad45d",
        "fallback": "Medium: Event sourcing using Kafka",
        "text": "When building an event sourced system, there\u2019s a couple of options available when it comes to persistence. First is EventStore, a mature\u2026",
        "title": "Event sourcing using Kafka",
        "title_link": "https://blog.softwaremill.com/event-sourcing-using-kafka-53dfd72ad45d",
        "service_name": "Medium",
        "fields": [
          {
            "value": "10 min read",
            "title": "Reading time",
            "short": true
          }
        ]
      }
    ]
  },
  {
    "client_msg_id": "1d629827-aae9-4125-b901-557cb6d60ff0",
    "type": "message",
    "text": "Backtesting with indicators, <https://medium.datadriveninvestor.com/backtesting-of-trading-strategy-with-technical-indicator-4-88967b48a3a5>",
    "user": "U03UJH1EQQL",
    "ts": "1665559632.896169",
    "blocks": [
      {
        "type": "rich_text",
        "block_id": "sUWzi",
        "elements": [
          {
            "type": "rich_text_section",
            "elements": [
              {
                "type": "text",
                "text": "Backtesting with indicators, "
              },
              {
                "type": "link",
                "url": "https://medium.datadriveninvestor.com/backtesting-of-trading-strategy-with-technical-indicator-4-88967b48a3a5"
              }
            ]
          }
        ]
      }
    ],
    "team": "T03U4J8HMUG",
    "user_team": "T03U4J8HMUG",
    "source_team": "T03U4J8HMUG",
    "user_profile": {
      "avatar_hash": "81b299d9869c",
      "image_72": "https://avatars.slack-edge.com/2022-08-20/3953555815671_81b299d9869ca44e70c1_72.png",
      "first_name": "Kelly",
      "real_name": "Kelly Soto",
      "display_name": "Kelly Soto",
      "team": "T03U4J8HMUG",
      "name": "Kelly",
      "is_restricted": false,
      "is_ultra_restricted": false
    },
    "attachments": [
      {
        "from_url": "https://medium.datadriveninvestor.com/backtesting-of-trading-strategy-with-technical-indicator-4-88967b48a3a5",
        "ts": 1602342591,
        "image_url": "https://miro.medium.com/max/1200/0*MiKqEZtcQiwvN1L7.jpeg",
        "image_width": 444,
        "image_height": 250,
        "image_bytes": 224425,
        "service_icon": "https://miro.medium.com/fit/c/152/152/1*sHhtYhaCe2Uc3IU0IgKwIQ.png",
        "id": 1,
        "original_url": "https://medium.datadriveninvestor.com/backtesting-of-trading-strategy-with-technical-indicator-4-88967b48a3a5",
        "fallback": "Medium: Backtesting of Trading Strategy with Technical Indicator #4",
        "text": "There are many technical indicators we can trade with. The question is what is the best one for a given asset? We are going to answer this\u2026",
        "title": "Backtesting of Trading Strategy with Technical Indicator #4",
        "title_link": "https://medium.datadriveninvestor.com/backtesting-of-trading-strategy-with-technical-indicator-4-88967b48a3a5",
        "service_name": "Medium",
        "fields": [
          {
            "value": "8 min read",
            "title": "Reading time",
            "short": true
          }
        ]
      }
    ]
  },
  {
    "client_msg_id": "8b9e93f7-4010-4f68-8f23-45dfd81400ee",
    "type": "message",
    "text": "<https://towardsdatascience.com/introduction-to-backtesting-trading-strategies-7afae611a35e>",
    "user": "U03UHB8CXDY",
    "ts": "1665559986.809699",
    "blocks": [
      {
        "type": "rich_text",
        "block_id": "fdiV",
        "elements": [
          {
            "type": "rich_text_section",
            "elements": [
              {
                "type": "link",
                "url": "https://towardsdatascience.com/introduction-to-backtesting-trading-strategies-7afae611a35e"
              }
            ]
          }
        ]
      }
    ],
    "team": "T03U4J8HMUG",
    "user_team": "T03U4J8HMUG",
    "source_team": "T03U4J8HMUG",
    "user_profile": {
      "avatar_hash": "374fee609510",
      "image_72": "https://avatars.slack-edge.com/2022-09-30/4159182498980_374fee609510e6ff1526_72.jpg",
      "first_name": "Yvonne",
      "real_name": "Yvonne Gonzalez",
      "display_name": "Yvonne Gonzalez",
      "team": "T03U4J8HMUG",
      "name": "Yvonne",
      "is_restricted": false,
      "is_ultra_restricted": false
    },
    "attachments": [
      {
        "from_url": "https://towardsdatascience.com/introduction-to-backtesting-trading-strategies-7afae611a35e",
        "ts": 1643632113,
        "image_url": "https://miro.medium.com/max/1200/1*aAnh34x6SNiijoMhz2da1Q.jpeg",
        "image_width": 375,
        "image_height": 250,
        "image_bytes": 157436,
        "service_icon": "https://miro.medium.com/fit/c/152/152/1*sHhtYhaCe2Uc3IU0IgKwIQ.png",
        "id": 1,
        "original_url": "https://towardsdatascience.com/introduction-to-backtesting-trading-strategies-7afae611a35e",
        "fallback": "Medium: Introduction to backtesting trading strategies",
        "text": "Learn how to build and backtest trading strategies using zipline",
        "title": "Introduction to backtesting trading strategies",
        "title_link": "https://towardsdatascience.com/introduction-to-backtesting-trading-strategies-7afae611a35e",
        "service_name": "Medium",
        "fields": [
          {
            "value": "10 min read",
            "title": "Reading time",
            "short": true
          }
        ]
      }
    ]
  },
  {
    "client_msg_id": "13650df7-0046-46a2-9ef2-ba4be2162cce",
    "type": "message",
    "text": "For those using backtrader: <https://www.backtrader.com/docu/analyzers-reference/>",
    "user": "U03V8LHPDME",
    "ts": "1665563016.154089",
    "blocks": [
      {
        "type": "rich_text",
        "block_id": "njwSZ",
        "elements": [
          {
            "type": "rich_text_section",
            "elements": [
              {
                "type": "text",
                "text": "For those using backtrader: "
              },
              {
                "type": "link",
                "url": "https://www.backtrader.com/docu/analyzers-reference/"
              }
            ]
          }
        ]
      }
    ],
    "team": "T03U4J8HMUG",
    "user_team": "T03U4J8HMUG",
    "source_team": "T03U4J8HMUG",
    "user_profile": {
      "avatar_hash": "173a5736f457",
      "image_72": "https://avatars.slack-edge.com/2022-08-22/3970891967459_173a5736f457d47f585e_72.png",
      "first_name": "Mandy",
      "real_name": "Mandy Sweeney",
      "display_name": "Mandy Sweeney",
      "team": "T03U4J8HMUG",
      "name": "Mandy",
      "is_restricted": false,
      "is_ultra_restricted": false
    },
    "attachments": [
      {
        "from_url": "https://www.backtrader.com/docu/analyzers-reference/",
        "service_icon": "https://www.backtrader.com/assets/images/favicon.png",
        "id": 1,
        "original_url": "https://www.backtrader.com/docu/analyzers-reference/",
        "fallback": "Analyzers Reference - Backtrader",
        "text": "python backtesting trading algotrading algorithmic quant quantitative analysis",
        "title": "Analyzers Reference - Backtrader",
        "title_link": "https://www.backtrader.com/docu/analyzers-reference/",
        "service_name": "backtrader.com"
      }
    ]
  },
  {
    "client_msg_id": "21534acf-9ac9-4cd9-9755-8ad408a916f3",
    "type": "message",
    "text": "<https://medium.com/datacamp/python-for-finance-algorithmic-trading-60fdfb9bb20d>",
    "user": "U03UD4FEDHB",
    "ts": "1665567154.608689",
    "blocks": [
      {
        "type": "rich_text",
        "block_id": "CjL",
        "elements": [
          {
            "type": "rich_text_section",
            "elements": [
              {
                "type": "link",
                "url": "https://medium.com/datacamp/python-for-finance-algorithmic-trading-60fdfb9bb20d"
              }
            ]
          }
        ]
      }
    ],
    "team": "T03U4J8HMUG",
    "user_team": "T03U4J8HMUG",
    "source_team": "T03U4J8HMUG",
    "user_profile": {
      "avatar_hash": "g48fef055f8a",
      "image_72": "https://secure.gravatar.com/avatar/48fef055f8a8b8a4c0bcfefbf5e3eec3.jpg?s=72&d=https%3A%2F%2Fa.slack-edge.com%2Fdf10d%2Fimg%2Favatars%2Fava_0025-72.png",
      "first_name": "Michael",
      "real_name": "Michael Gonzalez",
      "display_name": "Michael Gonzalez",
      "team": "T03U4J8HMUG",
      "name": "Michael",
      "is_restricted": false,
      "is_ultra_restricted": false
    },
    "attachments": [
      {
        "from_url": "https://medium.com/datacamp/python-for-finance-algorithmic-trading-60fdfb9bb20d",
        "ts": 1497357579,
        "image_url": "https://miro.medium.com/max/640/0*1Tz2TStuR1fbSCS-.png",
        "image_width": 444,
        "image_height": 250,
        "image_bytes": 190779,
        "service_icon": "https://miro.medium.com/fit/c/152/152/1*sHhtYhaCe2Uc3IU0IgKwIQ.png",
        "id": 1,
        "original_url": "https://medium.com/datacamp/python-for-finance-algorithmic-trading-60fdfb9bb20d",
        "fallback": "Medium: Python For Finance: Algorithmic Trading",
        "text": "Originally published at <https://www.datacamp.com/community/tutorials/finance-python-trading>",
        "title": "Python For Finance: Algorithmic Trading",
        "title_link": "https://medium.com/datacamp/python-for-finance-algorithmic-trading-60fdfb9bb20d",
        "service_name": "Medium",
        "fields": [
          {
            "value": "27 min read",
            "title": "Reading time",
            "short": true
          }
        ]
      }
    ]
  },
  {
    "client_msg_id": "826ceb9c-90a2-479e-a3f2-7ce406829e0f",
    "type": "message",
    "text": "<https://www.youtube.com/watch?v=3uxAn7EBSS0>",
    "user": "U03UG0SFHGT",
    "ts": "1665581589.362479",
    "blocks": [
      {
        "type": "rich_text",
        "block_id": "AV/9F",
        "elements": [
          {
            "type": "rich_text_section",
            "elements": [
              {
                "type": "link",
                "url": "https://www.youtube.com/watch?v=3uxAn7EBSS0"
              }
            ]
          }
        ]
      }
    ],
    "team": "T03U4J8HMUG",
    "user_team": "T03U4J8HMUG",
    "source_team": "T03U4J8HMUG",
    "user_profile": {
      "avatar_hash": "60e1cb8a7a1b",
      "image_72": "https://avatars.slack-edge.com/2022-08-20/3953568416743_60e1cb8a7a1b6c71c2bb_72.jpg",
      "first_name": "Willie",
      "real_name": "Willie Yang",
      "display_name": "Willie Yang",
      "team": "T03U4J8HMUG",
      "name": "Willie",
      "is_restricted": false,
      "is_ultra_restricted": false
    },
    "attachments": [
      {
        "from_url": "https://www.youtube.com/watch?v=3uxAn7EBSS0",
        "thumb_url": "https://i.ytimg.com/vi/3uxAn7EBSS0/hqdefault.jpg",
        "thumb_width": 480,
        "thumb_height": 360,
        "video_html": "<iframe width=\"400\" height=\"225\" src=\"https://www.youtube.com/embed/3uxAn7EBSS0?feature=oembed&autoplay=1&iv_load_policy=3\" frameborder=\"0\" allow=\"accelerometer; autoplay; clipboard-write; encrypted-media; gyroscope; picture-in-picture\" allowfullscreen title=\"Binance API tutorial in python\"></iframe>",
        "video_html_width": 400,
        "video_html_height": 225,
        "service_icon": "https://a.slack-edge.com/80588/img/unfurl_icons/youtube.png",
        "id": 1,
        "original_url": "https://www.youtube.com/watch?v=3uxAn7EBSS0",
        "fallback": "YouTube Video: Binance API tutorial in python",
        "title": "Binance API tutorial in python",
        "title_link": "https://www.youtube.com/watch?v=3uxAn7EBSS0",
        "author_name": "CodeWithJoe",
        "author_link": "https://www.youtube.com/c/CodeWithJoe",
        "service_name": "YouTube",
        "service_url": "https://www.youtube.com/"
      }
    ]
  },
  {
    "client_msg_id": "63a274b9-7dcf-436b-995d-32954afcccd2",
    "type": "message",
    "text": "<https://www.mlflow.org/docs/latest/tracking.html#scenario-1-mlflow-on-localhost>",
    "user": "U03UUR571A5",
    "ts": "1665581777.053069",
    "blocks": [
      {
        "type": "rich_text",
        "block_id": "XwJ0H",
        "elements": [
          {
            "type": "rich_text_section",
            "elements": [
              {
                "type": "link",
                "url": "https://www.mlflow.org/docs/latest/tracking.html#scenario-1-mlflow-on-localhost"
              }
            ]
          }
        ]
      }
    ],
    "team": "T03U4J8HMUG",
    "user_team": "T03U4J8HMUG",
    "source_team": "T03U4J8HMUG",
    "user_profile": {
      "avatar_hash": "g95c5cde44bc",
      "image_72": "https://secure.gravatar.com/avatar/95c5cde44bc023bd369920b7e1ed0c94.jpg?s=72&d=https%3A%2F%2Fa.slack-edge.com%2Fdf10d%2Fimg%2Favatars%2Fava_0017-72.png",
      "first_name": "Amy",
      "real_name": "Amy Leon",
      "display_name": "Amy Leon",
      "team": "T03U4J8HMUG",
      "name": "Amy",
      "is_restricted": false,
      "is_ultra_restricted": false
    }
  },
  {
    "client_msg_id": "d370f9d6-06af-4e5f-97f2-4210f33f20b9",
    "type": "message",
    "text": "<https://medium.com/analytics-vidhya/backtesting-of-trading-strategy-with-technical-indicator-1-f782b252d873>",
    "user": "U03UG32J3PC",
    "ts": "1665585024.996029",
    "blocks": [
      {
        "type": "rich_text",
        "block_id": "uxu",
        "elements": [
          {
            "type": "rich_text_section",
            "elements": [
              {
                "type": "link",
                "url": "https://medium.com/analytics-vidhya/backtesting-of-trading-strategy-with-technical-indicator-1-f782b252d873"
              }
            ]
          }
        ]
      }
    ],
    "team": "T03U4J8HMUG",
    "user_team": "T03U4J8HMUG",
    "source_team": "T03U4J8HMUG",
    "user_profile": {
      "avatar_hash": "g9e7487b036e",
      "image_72": "https://secure.gravatar.com/avatar/9e7487b036ed726d016a0c5d8189773c.jpg?s=72&d=https%3A%2F%2Fa.slack-edge.com%2Fdf10d%2Fimg%2Favatars%2Fava_0005-72.png",
      "first_name": "April",
      "real_name": "April Lucas",
      "display_name": "April Lucas",
      "team": "T03U4J8HMUG",
      "name": "April",
      "is_restricted": false,
      "is_ultra_restricted": false
    },
    "attachments": [
      {
        "from_url": "https://medium.com/analytics-vidhya/backtesting-of-trading-strategy-with-technical-indicator-1-f782b252d873",
        "ts": 1602229789,
        "image_url": "https://miro.medium.com/max/825/1*DIZ7Wa-RLgQqt5ZwVzTnfw.png",
        "image_width": 704,
        "image_height": 250,
        "image_bytes": 40033,
        "service_icon": "https://miro.medium.com/fit/c/152/152/1*sHhtYhaCe2Uc3IU0IgKwIQ.png",
        "id": 1,
        "original_url": "https://medium.com/analytics-vidhya/backtesting-of-trading-strategy-with-technical-indicator-1-f782b252d873",
        "fallback": "Medium: Backtesting of Trading Strategy with Technical Indicator #1",
        "text": "Want to trade? Better to backtest the idea first. With this series, I want to extend Python Financial Series into practical tasks. We will\u2026",
        "title": "Backtesting of Trading Strategy with Technical Indicator #1",
        "title_link": "https://medium.com/analytics-vidhya/backtesting-of-trading-strategy-with-technical-indicator-1-f782b252d873",
        "service_name": "Medium",
        "fields": [
          {
            "value": "9 min read",
            "title": "Reading time",
            "short": true
          }
        ]
      }
    ]
  },
  {
    "client_msg_id": "9d12c64d-f341-4f76-8966-be6d333b8fed",
    "type": "message",
    "text": "<https://towardsdatascience.com/tracking-ml-experiments-using-mlflow-7910197091bb>",
    "user": "U03UJGRN5E0",
    "ts": "1665601600.857109",
    "blocks": [
      {
        "type": "rich_text",
        "block_id": "H6N",
        "elements": [
          {
            "type": "rich_text_section",
            "elements": [
              {
                "type": "link",
                "url": "https://towardsdatascience.com/tracking-ml-experiments-using-mlflow-7910197091bb"
              }
            ]
          }
        ]
      }
    ],
    "team": "T03U4J8HMUG",
    "user_team": "T03U4J8HMUG",
    "source_team": "T03U4J8HMUG",
    "user_profile": {
      "avatar_hash": "35b05758f532",
      "image_72": "https://avatars.slack-edge.com/2022-09-30/4156429070997_35b05758f532bdef5b5f_72.jpg",
      "first_name": "Katie",
      "real_name": "Katie Dickerson",
      "display_name": "Katie Dickerson",
      "team": "T03U4J8HMUG",
      "name": "Katie",
      "is_restricted": false,
      "is_ultra_restricted": false
    },
    "attachments": [
      {
        "from_url": "https://towardsdatascience.com/tracking-ml-experiments-using-mlflow-7910197091bb",
        "ts": 1563176302,
        "image_url": "https://miro.medium.com/max/1111/1*85bIrL9Te1G-2l1rlbx-AA.png",
        "image_width": 398,
        "image_height": 250,
        "image_bytes": 902545,
        "service_icon": "https://miro.medium.com/fit/c/152/152/1*sHhtYhaCe2Uc3IU0IgKwIQ.png",
        "id": 1,
        "original_url": "https://towardsdatascience.com/tracking-ml-experiments-using-mlflow-7910197091bb",
        "fallback": "Medium: Tracking ML Experiments using MLflow",
        "text": "A demonstration of how MLflow can improve your ML modelling experience",
        "title": "Tracking ML Experiments using MLflow",
        "title_link": "https://towardsdatascience.com/tracking-ml-experiments-using-mlflow-7910197091bb",
        "service_name": "Medium",
        "fields": [
          {
            "value": "9 min read",
            "title": "Reading time",
            "short": true
          }
        ]
      }
    ]
  },
  {
    "client_msg_id": "509c8a01-468c-4748-8ab7-c5139414ae37",
    "type": "message",
    "text": "<https://www.quantstart.com/articles/Event-Driven-Backtesting-with-Python-Part-I/>",
    "user": "U03UFV7HFNF",
    "ts": "1665601856.201449",
    "blocks": [
      {
        "type": "rich_text",
        "block_id": "DndN",
        "elements": [
          {
            "type": "rich_text_section",
            "elements": [
              {
                "type": "link",
                "url": "https://www.quantstart.com/articles/Event-Driven-Backtesting-with-Python-Part-I/"
              }
            ]
          }
        ]
      }
    ],
    "team": "T03U4J8HMUG",
    "user_team": "T03U4J8HMUG",
    "source_team": "T03U4J8HMUG",
    "user_profile": {
      "avatar_hash": "3166d51d23f1",
      "image_72": "https://avatars.slack-edge.com/2022-08-20/3991799522480_3166d51d23f1da2374e9_72.jpg",
      "first_name": "Miguel",
      "real_name": "Miguel Herring",
      "display_name": "Miguel Herring",
      "team": "T03U4J8HMUG",
      "name": "Miguel",
      "is_restricted": false,
      "is_ultra_restricted": false
    },
    "attachments": [
      {
        "from_url": "https://www.quantstart.com/articles/Event-Driven-Backtesting-with-Python-Part-I/",
        "service_icon": "https://www.quantstart.com/static/images/favicon.png",
        "id": 1,
        "original_url": "https://www.quantstart.com/articles/Event-Driven-Backtesting-with-Python-Part-I/",
        "fallback": "Event-Driven Backtesting with Python - Part I | QuantStart",
        "text": "Event-Driven Backtesting with Python - Part I",
        "title": "Event-Driven Backtesting with Python - Part I | QuantStart",
        "title_link": "https://www.quantstart.com/articles/Event-Driven-Backtesting-with-Python-Part-I/",
        "service_name": "quantstart.com"
      }
    ]
  },
  {
    "client_msg_id": "466bb6d3-bfae-449b-b331-1adee4d00c46",
    "type": "message",
    "text": "<https://www.guru99.com/database-normalization.html>",
    "user": "U03UVHCV6KB",
    "ts": "1665601925.428329",
    "blocks": [
      {
        "type": "rich_text",
        "block_id": "hvD",
        "elements": [
          {
            "type": "rich_text_section",
            "elements": [
              {
                "type": "link",
                "url": "https://www.guru99.com/database-normalization.html"
              }
            ]
          }
        ]
      }
    ],
    "team": "T03U4J8HMUG",
    "user_team": "T03U4J8HMUG",
    "source_team": "T03U4J8HMUG",
    "user_profile": {
      "avatar_hash": "gc9619121f99",
      "image_72": "https://secure.gravatar.com/avatar/c9619121f998ee4a7e46177f2a5729de.jpg?s=72&d=https%3A%2F%2Fa.slack-edge.com%2Fdf10d%2Fimg%2Favatars%2Fava_0002-72.png",
      "first_name": "Travis",
      "real_name": "Travis Butler",
      "display_name": "Travis Butler",
      "team": "T03U4J8HMUG",
      "name": "Travis",
      "is_restricted": false,
      "is_ultra_restricted": false
    },
    "attachments": [
      {
        "from_url": "https://www.guru99.com/database-normalization.html",
        "ts": 1579977000,
        "image_url": "https://www.guru99.com/images/NormalizationProcess(1).png",
        "image_width": 563,
        "image_height": 42,
        "image_bytes": 6944,
        "service_icon": "https://www.guru99.com/favicon.ico",
        "id": 1,
        "original_url": "https://www.guru99.com/database-normalization.html",
        "fallback": "Guru99: What is Normalization in DBMS (SQL)? 1NF, 2NF, 3NF Example",
        "text": "Normalization in Database 1NF, 2NF, 3NF, BCNF, 4NF, 5NF, 6NF. Normalization is a database design technique which organizes tables in a manner that reduces redundancy and dependency of data.",
        "title": "What is Normalization in DBMS (SQL)? 1NF, 2NF, 3NF Example",
        "title_link": "https://www.guru99.com/database-normalization.html",
        "service_name": "Guru99",
        "fields": [
          {
            "value": "Richard Peterson",
            "title": "Written by",
            "short": true
          },
          {
            "value": "6 minutes",
            "title": "Time to read",
            "short": true
          }
        ]
      }
    ]
  },
  {
    "client_msg_id": "7fe7f4d0-d669-4384-8182-78782e88d1ce",
    "type": "message",
    "text": "<https://blog.quantinsti.com/backtrader/>",
    "user": "U03UHB8CXDY",
    "ts": "1665607544.784889",
    "blocks": [
      {
        "type": "rich_text",
        "block_id": "e3j",
        "elements": [
          {
            "type": "rich_text_section",
            "elements": [
              {
                "type": "link",
                "url": "https://blog.quantinsti.com/backtrader/"
              }
            ]
          }
        ]
      }
    ],
    "team": "T03U4J8HMUG",
    "user_team": "T03U4J8HMUG",
    "source_team": "T03U4J8HMUG",
    "user_profile": {
      "avatar_hash": "374fee609510",
      "image_72": "https://avatars.slack-edge.com/2022-09-30/4159182498980_374fee609510e6ff1526_72.jpg",
      "first_name": "Yvonne",
      "real_name": "Yvonne Gonzalez",
      "display_name": "Yvonne Gonzalez",
      "team": "T03U4J8HMUG",
      "name": "Yvonne",
      "is_restricted": false,
      "is_ultra_restricted": false
    },
    "attachments": [
      {
        "from_url": "https://blog.quantinsti.com/backtrader/",
        "ts": 1652083477,
        "image_url": "https://d1rwhvwstyk9gu.cloudfront.net/2022/04/backtrader-og-1.png",
        "image_width": 450,
        "image_height": 250,
        "image_bytes": 388985,
        "service_icon": "https://blog.quantinsti.com/favicon.png",
        "id": 1,
        "original_url": "https://blog.quantinsti.com/backtrader/",
        "fallback": "Quantitative Finance &amp; Algo Trading Blog by QuantInsti: Backtrader: What it is, How to Install, Strategies, Trading and More",
        "text": "Backtrader is a Python library enabling users to backtest and deploy live trading strategies. Learn what Backtrader is, how to use it and all there is to it.",
        "title": "Backtrader: What it is, How to Install, Strategies, Trading and More",
        "title_link": "https://blog.quantinsti.com/backtrader/",
        "service_name": "Quantitative Finance &amp; Algo Trading Blog by QuantInsti",
        "fields": [
          {
            "value": "Rekhit Pachanekar",
            "title": "Written by",
            "short": true
          },
          {
            "value": "Python For Trading",
            "title": "Filed under",
            "short": true
          }
        ]
      }
    ]
  },
  {
    "client_msg_id": "4ac3de8b-de8f-469c-a6a4-14e00096f048",
    "type": "message",
    "text": "<https://analyzingalpha.com/backtrader-backtesting-trading-strategies>",
    "user": "U03UHB8CXDY",
    "ts": "1665607679.001469",
    "blocks": [
      {
        "type": "rich_text",
        "block_id": "PJU59",
        "elements": [
          {
            "type": "rich_text_section",
            "elements": [
              {
                "type": "link",
                "url": "https://analyzingalpha.com/backtrader-backtesting-trading-strategies"
              }
            ]
          }
        ]
      }
    ],
    "team": "T03U4J8HMUG",
    "user_team": "T03U4J8HMUG",
    "source_team": "T03U4J8HMUG",
    "user_profile": {
      "avatar_hash": "374fee609510",
      "image_72": "https://avatars.slack-edge.com/2022-09-30/4159182498980_374fee609510e6ff1526_72.jpg",
      "first_name": "Yvonne",
      "real_name": "Yvonne Gonzalez",
      "display_name": "Yvonne Gonzalez",
      "team": "T03U4J8HMUG",
      "name": "Yvonne",
      "is_restricted": false,
      "is_ultra_restricted": false
    },
    "attachments": [
      {
        "from_url": "https://analyzingalpha.com/backtrader-backtesting-trading-strategies",
        "ts": 1569513606,
        "image_url": "https://analyzingalpha.com/wp-content/uploads/2022/03/backtrader-backtesting-trading-strategies.jpg",
        "image_width": 393,
        "image_height": 250,
        "image_bytes": 427071,
        "id": 1,
        "original_url": "https://analyzingalpha.com/backtrader-backtesting-trading-strategies",
        "fallback": "Analyzing Alpha: Backtrader: Getting Started Backtesting - Analyzing Alpha",
        "text": "Backtrader is an open-source python framework for trading and backtesting reducing time spent on building infrastructure.",
        "title": "Backtrader: Getting Started Backtesting - Analyzing Alpha",
        "title_link": "https://analyzingalpha.com/backtrader-backtesting-trading-strategies",
        "service_name": "Analyzing Alpha",
        "fields": [
          {
            "value": "Leo Smigel",
            "title": "Written by",
            "short": true
          },
          {
            "value": "8 minutes",
            "title": "Time to read",
            "short": true
          }
        ]
      }
    ]
  }
]