[
  {
    "client_msg_id": "cc4a711d-5c69-4bbe-9ed8-4612dde06934",
    "type": "message",
    "text": "<https://www.youtube.com/watch?v=qe7sO2vpRSQ&amp;ab_channel=VisualStudioCode>",
    "user": "U03UVHCV6KB",
    "ts": "1666604105.258109",
    "blocks": [
      {
        "type": "rich_text",
        "block_id": "VjM=P",
        "elements": [
          {
            "type": "rich_text_section",
            "elements": [
              {
                "type": "link",
                "url": "https://www.youtube.com/watch?v=qe7sO2vpRSQ&ab_channel=VisualStudioCode"
              }
            ]
          }
        ]
      }
    ],
    "team": "T03U4J8HMUG",
    "user_team": "T03U4J8HMUG",
    "source_team": "T03U4J8HMUG",
    "user_profile": {
      "avatar_hash": "gc9619121f99",
      "image_72": "https://secure.gravatar.com/avatar/c9619121f998ee4a7e46177f2a5729de.jpg?s=72&d=https%3A%2F%2Fa.slack-edge.com%2Fdf10d%2Fimg%2Favatars%2Fava_0002-72.png",
      "first_name": "Travis",
      "real_name": "Travis Butler",
      "display_name": "Travis Butler",
      "team": "T03U4J8HMUG",
      "name": "Travis",
      "is_restricted": false,
      "is_ultra_restricted": false
    },
    "attachments": [
      {
        "from_url": "https://www.youtube.com/watch?v=qe7sO2vpRSQ&amp;ab_channel=VisualStudioCode",
        "thumb_url": "https://i.ytimg.com/vi/qe7sO2vpRSQ/hqdefault.jpg",
        "thumb_width": 480,
        "thumb_height": 360,
        "video_html": "<iframe width=\"400\" height=\"225\" src=\"https://www.youtube.com/embed/qe7sO2vpRSQ?feature=oembed&autoplay=1&iv_load_policy=3\" frameborder=\"0\" allow=\"accelerometer; autoplay; clipboard-write; encrypted-media; gyroscope; picture-in-picture\" allowfullscreen title=\"\ud83d\udd34 Top VS Code Tips, Tricks &amp; Extensions to supercharge your workflow\"></iframe>",
        "video_html_width": 400,
        "video_html_height": 225,
        "service_icon": "https://a.slack-edge.com/80588/img/unfurl_icons/youtube.png",
        "id": 1,
        "original_url": "https://www.youtube.com/watch?v=qe7sO2vpRSQ&amp;ab_channel=VisualStudioCode",
        "fallback": "YouTube Video: \ud83d\udd34 Top VS Code Tips, Tricks & Extensions to supercharge your workflow",
        "title": "\ud83d\udd34 Top VS Code Tips, Tricks &amp; Extensions to supercharge your workflow",
        "title_link": "https://www.youtube.com/watch?v=qe7sO2vpRSQ&amp;ab_channel=VisualStudioCode",
        "author_name": "Visual Studio Code",
        "author_link": "https://www.youtube.com/c/Code",
        "service_name": "YouTube",
        "service_url": "https://www.youtube.com/"
      }
    ],
    "reactions": [
      {
        "name": "white_check_mark",
        "users": [
          "U03UG1Z21JP",
          "U03U9EJR362"
        ],
        "count": 2
      }
    ]
  },
  {
    "client_msg_id": "f03ea2af-728e-4a37-8b99-76c1439e275e",
    "type": "message",
    "text": "<https://www.youtube.com/watch?v=XwzcrhhyDkc&amp;ab_channel=freeCodeCamp.org>",
    "user": "U03UVHCV6KB",
    "ts": "1666635950.645429",
    "blocks": [
      {
        "type": "rich_text",
        "block_id": "8xRP",
        "elements": [
          {
            "type": "rich_text_section",
            "elements": [
              {
                "type": "link",
                "url": "https://www.youtube.com/watch?v=XwzcrhhyDkc&ab_channel=freeCodeCamp.org"
              }
            ]
          }
        ]
      }
    ],
    "team": "T03U4J8HMUG",
    "user_team": "T03U4J8HMUG",
    "source_team": "T03U4J8HMUG",
    "user_profile": {
      "avatar_hash": "gc9619121f99",
      "image_72": "https://secure.gravatar.com/avatar/c9619121f998ee4a7e46177f2a5729de.jpg?s=72&d=https%3A%2F%2Fa.slack-edge.com%2Fdf10d%2Fimg%2Favatars%2Fava_0002-72.png",
      "first_name": "Travis",
      "real_name": "Travis Butler",
      "display_name": "Travis Butler",
      "team": "T03U4J8HMUG",
      "name": "Travis",
      "is_restricted": false,
      "is_ultra_restricted": false
    },
    "attachments": [
      {
        "from_url": "https://www.youtube.com/watch?v=XwzcrhhyDkc&amp;ab_channel=freeCodeCamp.org",
        "thumb_url": "https://i.ytimg.com/vi/XwzcrhhyDkc/hqdefault.jpg",
        "thumb_width": 480,
        "thumb_height": 360,
        "video_html": "<iframe width=\"400\" height=\"225\" src=\"https://www.youtube.com/embed/XwzcrhhyDkc?feature=oembed&autoplay=1&iv_load_policy=3\" frameborder=\"0\" allow=\"accelerometer; autoplay; clipboard-write; encrypted-media; gyroscope; picture-in-picture\" allowfullscreen title=\"How to Make Money From Your Website Using Microtransactions\"></iframe>",
        "video_html_width": 400,
        "video_html_height": 225,
        "service_icon": "https://a.slack-edge.com/80588/img/unfurl_icons/youtube.png",
        "id": 1,
        "original_url": "https://www.youtube.com/watch?v=XwzcrhhyDkc&amp;ab_channel=freeCodeCamp.org",
        "fallback": "YouTube Video: How to Make Money From Your Website Using Microtransactions",
        "title": "How to Make Money From Your Website Using Microtransactions",
        "title_link": "https://www.youtube.com/watch?v=XwzcrhhyDkc&amp;ab_channel=freeCodeCamp.org",
        "author_name": "freeCodeCamp.org",
        "author_link": "https://www.youtube.com/c/Freecodecamp",
        "service_name": "YouTube",
        "service_url": "https://www.youtube.com/"
      }
    ]
  }
]