[
  {
    "client_msg_id": "e1032db1-826d-4d5e-bac2-ca21b7da3c09",
    "type": "message",
    "text": "<https://levelup.gitconnected.com/causal-inference-3d45b98ed6ae>",
    "user": "U03V61VGQG0",
    "ts": "1666513171.599529",
    "blocks": [
      {
        "type": "rich_text",
        "block_id": "DtaO3",
        "elements": [
          {
            "type": "rich_text_section",
            "elements": [
              {
                "type": "link",
                "url": "https://levelup.gitconnected.com/causal-inference-3d45b98ed6ae"
              }
            ]
          }
        ]
      }
    ],
    "team": "T03U4J8HMUG",
    "user_team": "T03U4J8HMUG",
    "source_team": "T03U4J8HMUG",
    "user_profile": {
      "avatar_hash": "5e18062f5298",
      "image_72": "https://avatars.slack-edge.com/2022-08-29/3997574519670_5e18062f5298c6182ca5_72.jpg",
      "first_name": "Paula",
      "real_name": "Paula Bryant",
      "display_name": "Paula Bryant",
      "team": "T03U4J8HMUG",
      "name": "Paula",
      "is_restricted": false,
      "is_ultra_restricted": false
    },
    "attachments": [
      {
        "from_url": "https://levelup.gitconnected.com/causal-inference-3d45b98ed6ae",
        "ts": 1630448302,
        "image_url": "https://miro.medium.com/max/1200/1*KO2mgrap7ddSvaTEp2x9AA.png",
        "image_width": 348,
        "image_height": 250,
        "image_bytes": 74365,
        "service_icon": "https://miro.medium.com/fit/c/152/152/1*sHhtYhaCe2Uc3IU0IgKwIQ.png",
        "id": 1,
        "original_url": "https://levelup.gitconnected.com/causal-inference-3d45b98ed6ae",
        "fallback": "Medium: Causal Inference",
        "text": "Imagine that you create a new gaming app. Uninstall rates are very high despite the application taking up a small space and being very\u2026",
        "title": "Causal Inference",
        "title_link": "https://levelup.gitconnected.com/causal-inference-3d45b98ed6ae",
        "service_name": "Medium",
        "fields": [
          {
            "value": "7 min read",
            "title": "Reading time",
            "short": true
          }
        ]
      }
    ]
  },
  {
    "client_msg_id": "48a1ef1e-6810-4df6-9cb7-807d50609152",
    "type": "message",
    "text": "<https://medium.com/quantumblack/introducing-causalnex-driving-models-which-respect-cause-and-effect-a561545f0a5e>",
    "user": "U03V61VGQG0",
    "ts": "1666513429.861809",
    "blocks": [
      {
        "type": "rich_text",
        "block_id": "0xFB",
        "elements": [
          {
            "type": "rich_text_section",
            "elements": [
              {
                "type": "link",
                "url": "https://medium.com/quantumblack/introducing-causalnex-driving-models-which-respect-cause-and-effect-a561545f0a5e"
              }
            ]
          }
        ]
      }
    ],
    "team": "T03U4J8HMUG",
    "user_team": "T03U4J8HMUG",
    "source_team": "T03U4J8HMUG",
    "user_profile": {
      "avatar_hash": "5e18062f5298",
      "image_72": "https://avatars.slack-edge.com/2022-08-29/3997574519670_5e18062f5298c6182ca5_72.jpg",
      "first_name": "Paula",
      "real_name": "Paula Bryant",
      "display_name": "Paula Bryant",
      "team": "T03U4J8HMUG",
      "name": "Paula",
      "is_restricted": false,
      "is_ultra_restricted": false
    },
    "attachments": [
      {
        "from_url": "https://medium.com/quantumblack/introducing-causalnex-driving-models-which-respect-cause-and-effect-a561545f0a5e",
        "ts": 1580814183,
        "image_url": "https://miro.medium.com/max/1200/1*w9xxnRurGy54YBfp6mp2yw.png",
        "image_width": 438,
        "image_height": 250,
        "image_bytes": 33435,
        "service_icon": "https://miro.medium.com/fit/c/152/152/1*sHhtYhaCe2Uc3IU0IgKwIQ.png",
        "id": 1,
        "original_url": "https://medium.com/quantumblack/introducing-causalnex-driving-models-which-respect-cause-and-effect-a561545f0a5e",
        "fallback": "Medium: Introducing CausalNex\u200a\u2014\u200aDriving Models Which Respect Cause And Effect",
        "text": "Ben Horsburgh, Machine Learning Engineer and Wesley Leong, Product Manager, QuantumBlack",
        "title": "Introducing CausalNex\u200a\u2014\u200aDriving Models Which Respect Cause And Effect",
        "title_link": "https://medium.com/quantumblack/introducing-causalnex-driving-models-which-respect-cause-and-effect-a561545f0a5e",
        "service_name": "Medium",
        "fields": [
          {
            "value": "5 min read",
            "title": "Reading time",
            "short": true
          }
        ]
      }
    ]
  },
  {
    "client_msg_id": "466e47be-0288-4b03-8202-a5262733de69",
    "type": "message",
    "text": "<https://gurobi.github.io/modeling-examples/technician_routing_scheduling/technician_routing_scheduling.html>",
    "user": "U03UUR571A5",
    "ts": "1666525684.619909",
    "blocks": [
      {
        "type": "rich_text",
        "block_id": "ocoVH",
        "elements": [
          {
            "type": "rich_text_section",
            "elements": [
              {
                "type": "link",
                "url": "https://gurobi.github.io/modeling-examples/technician_routing_scheduling/technician_routing_scheduling.html"
              }
            ]
          }
        ]
      }
    ],
    "team": "T03U4J8HMUG",
    "user_team": "T03U4J8HMUG",
    "source_team": "T03U4J8HMUG",
    "user_profile": {
      "avatar_hash": "g95c5cde44bc",
      "image_72": "https://secure.gravatar.com/avatar/95c5cde44bc023bd369920b7e1ed0c94.jpg?s=72&d=https%3A%2F%2Fa.slack-edge.com%2Fdf10d%2Fimg%2Favatars%2Fava_0017-72.png",
      "first_name": "Amy",
      "real_name": "Amy Leon",
      "display_name": "Amy Leon",
      "team": "T03U4J8HMUG",
      "name": "Amy",
      "is_restricted": false,
      "is_ultra_restricted": false
    }
  },
  {
    "client_msg_id": "0fa67754-fde9-4871-b3fb-79a52c2d400e",
    "type": "message",
    "text": "<https://medium.com/analytics-vidhya/writing-math-equations-in-jupyter-notebook-a-naive-introduction-a5ce87b9a214>",
    "user": "U03UUR571A5",
    "ts": "1666529003.795009",
    "blocks": [
      {
        "type": "rich_text",
        "block_id": "rpoCt",
        "elements": [
          {
            "type": "rich_text_section",
            "elements": [
              {
                "type": "link",
                "url": "https://medium.com/analytics-vidhya/writing-math-equations-in-jupyter-notebook-a-naive-introduction-a5ce87b9a214"
              }
            ]
          }
        ]
      }
    ],
    "team": "T03U4J8HMUG",
    "user_team": "T03U4J8HMUG",
    "source_team": "T03U4J8HMUG",
    "user_profile": {
      "avatar_hash": "g95c5cde44bc",
      "image_72": "https://secure.gravatar.com/avatar/95c5cde44bc023bd369920b7e1ed0c94.jpg?s=72&d=https%3A%2F%2Fa.slack-edge.com%2Fdf10d%2Fimg%2Favatars%2Fava_0017-72.png",
      "first_name": "Amy",
      "real_name": "Amy Leon",
      "display_name": "Amy Leon",
      "team": "T03U4J8HMUG",
      "name": "Amy",
      "is_restricted": false,
      "is_ultra_restricted": false
    },
    "attachments": [
      {
        "from_url": "https://medium.com/analytics-vidhya/writing-math-equations-in-jupyter-notebook-a-naive-introduction-a5ce87b9a214",
        "ts": 1585558091,
        "image_url": "https://miro.medium.com/max/1200/1*6EHv5LbvreBa7t6PbVBnGQ.png",
        "image_width": 880,
        "image_height": 250,
        "image_bytes": 87942,
        "service_icon": "https://miro.medium.com/fit/c/152/152/1*sHhtYhaCe2Uc3IU0IgKwIQ.png",
        "id": 1,
        "original_url": "https://medium.com/analytics-vidhya/writing-math-equations-in-jupyter-notebook-a-naive-introduction-a5ce87b9a214",
        "fallback": "Medium: Writing Math Equations in Jupyter Notebook: A Naive Introduction",
        "text": "Without a doubt, documentation is an essential part of working in Data Science projects. If your work involves reading up latest research\u2026",
        "title": "Writing Math Equations in Jupyter Notebook: A Naive Introduction",
        "title_link": "https://medium.com/analytics-vidhya/writing-math-equations-in-jupyter-notebook-a-naive-introduction-a5ce87b9a214",
        "service_name": "Medium",
        "fields": [
          {
            "value": "7 min read",
            "title": "Reading time",
            "short": true
          }
        ]
      }
    ]
  },
  {
    "client_msg_id": "2225a7fc-2a3f-4b38-92d8-2825d1049000",
    "type": "message",
    "text": "<https://www.dominodatalab.com/blog/understanding-causal-inference>",
    "user": "U03UG0SFHGT",
    "ts": "1666546358.925479",
    "blocks": [
      {
        "type": "rich_text",
        "block_id": "ED/sk",
        "elements": [
          {
            "type": "rich_text_section",
            "elements": [
              {
                "type": "link",
                "url": "https://www.dominodatalab.com/blog/understanding-causal-inference"
              }
            ]
          }
        ]
      }
    ],
    "team": "T03U4J8HMUG",
    "user_team": "T03U4J8HMUG",
    "source_team": "T03U4J8HMUG",
    "user_profile": {
      "avatar_hash": "60e1cb8a7a1b",
      "image_72": "https://avatars.slack-edge.com/2022-08-20/3953568416743_60e1cb8a7a1b6c71c2bb_72.jpg",
      "first_name": "Willie",
      "real_name": "Willie Yang",
      "display_name": "Willie Yang",
      "team": "T03U4J8HMUG",
      "name": "Willie",
      "is_restricted": false,
      "is_ultra_restricted": false
    },
    "attachments": [
      {
        "from_url": "https://www.dominodatalab.com/blog/understanding-causal-inference",
        "image_url": "https://www.dominodatalab.com/hubfs/Imported_Blog_Media/causal-inferenace-feature-1.jpg#keepProtocol",
        "image_width": 425,
        "image_height": 250,
        "image_bytes": 453878,
        "service_icon": "https://www.dominodatalab.com/hubfs/DominoDataLab_December2019/Image/favicon.png",
        "id": 1,
        "original_url": "https://www.dominodatalab.com/blog/understanding-causal-inference",
        "fallback": "Understanding Causal Inference",
        "text": "We\u2019ll discuss the difference between correlative and causal inference relationships, how to establish causality and ways to discover causal relationships.",
        "title": "Understanding Causal Inference",
        "title_link": "https://www.dominodatalab.com/blog/understanding-causal-inference",
        "service_name": "dominodatalab.com"
      }
    ]
  },
  {
    "client_msg_id": "a915c5ac-0cfa-482d-b4a6-7dd830adc2f4",
    "type": "message",
    "text": "<https://medium.com/creators-hub/tagged/growth>",
    "user": "U03U1FNPEUX",
    "ts": "1666546407.661729",
    "blocks": [
      {
        "type": "rich_text",
        "block_id": "i1I0C",
        "elements": [
          {
            "type": "rich_text_section",
            "elements": [
              {
                "type": "link",
                "url": "https://medium.com/creators-hub/tagged/growth"
              }
            ]
          }
        ]
      }
    ],
    "team": "T03U4J8HMUG",
    "user_team": "T03U4J8HMUG",
    "source_team": "T03U4J8HMUG",
    "user_profile": {
      "avatar_hash": "37a12a7dbb92",
      "image_72": "https://avatars.slack-edge.com/2022-09-09/4058043481011_37a12a7dbb926b2c9c86_72.png",
      "first_name": "Joshua",
      "real_name": "Joshua Rhodes",
      "display_name": "Joshua Rhodes",
      "team": "T03U4J8HMUG",
      "name": "Joshua",
      "is_restricted": false,
      "is_ultra_restricted": false
    },
    "attachments": [
      {
        "from_url": "https://medium.com/creators-hub/tagged/growth",
        "image_url": "https://miro.medium.com/max/800/1*8Zti0Ox8AfGECDO_O1Ifug.png",
        "image_width": 250,
        "image_height": 250,
        "image_bytes": 11383,
        "service_icon": "https://miro.medium.com/fit/c/152/152/1*sHhtYhaCe2Uc3IU0IgKwIQ.png",
        "id": 1,
        "original_url": "https://medium.com/creators-hub/tagged/growth",
        "fallback": "Growth \u2013 Creators Hub",
        "text": "Read writing about Growth in Creators Hub. Creators Hub is the official resource for writing on Medium. You\u2019ll find advice for succeeding on Medium, spotlights on thinkers across the platform, and inside secrets from fellow creators. We\u2019re here to help you write better, post smarter, and connect with more readers.",
        "title": "Growth \u2013 Creators Hub",
        "title_link": "https://medium.com/creators-hub/tagged/growth",
        "service_name": "medium.com"
      }
    ]
  },
  {
    "client_msg_id": "da0973e1-f20f-4f8f-88fc-60f161e2e542",
    "type": "message",
    "text": "<https://plotly.com/python/mapbox-layers/>",
    "user": "U03UG4Q7V42",
    "ts": "1666554563.158099",
    "blocks": [
      {
        "type": "rich_text",
        "block_id": "Lxj",
        "elements": [
          {
            "type": "rich_text_section",
            "elements": [
              {
                "type": "link",
                "url": "https://plotly.com/python/mapbox-layers/"
              }
            ]
          }
        ]
      }
    ],
    "team": "T03U4J8HMUG",
    "user_team": "T03U4J8HMUG",
    "source_team": "T03U4J8HMUG",
    "user_profile": {
      "avatar_hash": "5bc346a85286",
      "image_72": "https://avatars.slack-edge.com/2022-08-20/3968048875651_5bc346a852866218ec6b_72.png",
      "first_name": "Phillip",
      "real_name": "Phillip Atkins",
      "display_name": "Phillip Atkins",
      "team": "T03U4J8HMUG",
      "name": "Phillip",
      "is_restricted": false,
      "is_ultra_restricted": false
    },
    "attachments": [
      {
        "from_url": "https://plotly.com/python/mapbox-layers/",
        "thumb_url": "https://images.plot.ly/plotly-documentation/thumbnail/mapbox-layers.png",
        "thumb_width": 160,
        "thumb_height": 160,
        "id": 1,
        "original_url": "https://plotly.com/python/mapbox-layers/",
        "fallback": "Mapbox",
        "text": "Detailed examples of Mapbox Map Layers including changing color, size, log axes, and more in Python.",
        "title": "Mapbox",
        "title_link": "https://plotly.com/python/mapbox-layers/",
        "service_name": "plotly.com"
      }
    ]
  }
]