[
  {
    "client_msg_id": "9d168919-cf43-4e74-a85f-2df5cac1aaea",
    "type": "message",
    "text": "<https://www.analytics-toolkit.com/statistical-significance-calculator/>",
    "user": "U03UH397319",
    "ts": "1661845155.737109",
    "blocks": [
      {
        "type": "rich_text",
        "block_id": "e+A0",
        "elements": [
          {
            "type": "rich_text_section",
            "elements": [
              {
                "type": "link",
                "url": "https://www.analytics-toolkit.com/statistical-significance-calculator/"
              }
            ]
          }
        ]
      }
    ],
    "team": "T03U4J8HMUG",
    "user_team": "T03U4J8HMUG",
    "source_team": "T03U4J8HMUG",
    "user_profile": {
      "avatar_hash": "gc7c2fbea497",
      "image_72": "https://secure.gravatar.com/avatar/c7c2fbea4976d191e3ad19004e067c11.jpg?s=72&d=https%3A%2F%2Fa.slack-edge.com%2Fdf10d%2Fimg%2Favatars%2Fava_0014-72.png",
      "first_name": "Brenda",
      "real_name": "Brenda Hernandez",
      "display_name": "Brenda Hernandez",
      "team": "T03U4J8HMUG",
      "name": "Brenda",
      "is_restricted": false,
      "is_ultra_restricted": false
    },
    "attachments": [
      {
        "from_url": "https://www.analytics-toolkit.com/statistical-significance-calculator/",
        "service_icon": "https://www.analytics-toolkit.com/favicon.ico",
        "id": 1,
        "original_url": "https://www.analytics-toolkit.com/statistical-significance-calculator/",
        "fallback": "www.analytics-toolkit.com: Statistical Significance Calculator",
        "text": "Advanced statistical calculator for randomized controlled experiments, known as A/B tests in online experimentation. Calculates statistical significance &amp; confidence intervals with support for A/B and multiple variant tests (A/B/N tests). Supports binomial metrics such as conversion rates, and non-binomial metrics such as revenue per user or average order value. Significance test calculator online.",
        "title": "Statistical Significance Calculator",
        "title_link": "https://www.analytics-toolkit.com/statistical-significance-calculator/",
        "service_name": "www.analytics-toolkit.com"
      }
    ]
  },
  {
    "client_msg_id": "283FC57D-674B-4283-A990-8158516595FB",
    "type": "message",
    "text": "<https://colab.research.google.com/drive/1bQqjmxFo-lUBqSdAWP1eUnaJnxndnM1q?usp=sharing|https://colab.research.google.com/drive/1bQqjmxFo-lUBqSdAWP1eUnaJnxndnM1q?usp=sharing>",
    "user": "U03V785NLSU",
    "ts": "1661854073.507009",
    "blocks": [
      {
        "type": "rich_text",
        "block_id": "0OXQ",
        "elements": [
          {
            "type": "rich_text_section",
            "elements": [
              {
                "type": "link",
                "url": "https://colab.research.google.com/drive/1bQqjmxFo-lUBqSdAWP1eUnaJnxndnM1q?usp=sharing",
                "text": "https://colab.research.google.com/drive/1bQqjmxFo-lUBqSdAWP1eUnaJnxndnM1q?usp=sharing"
              }
            ]
          }
        ]
      }
    ],
    "team": "T03U4J8HMUG",
    "user_team": "T03U4J8HMUG",
    "source_team": "T03U4J8HMUG",
    "user_profile": {
      "avatar_hash": "48d5c88821e9",
      "image_72": "https://avatars.slack-edge.com/2022-08-21/3993277785968_48d5c88821e922581e17_72.jpg",
      "first_name": "Ashley",
      "real_name": "Ashley Hamilton",
      "display_name": "Ashley Hamilton",
      "team": "T03U4J8HMUG",
      "name": "Ashley",
      "is_restricted": false,
      "is_ultra_restricted": false
    },
    "attachments": [
      {
        "from_url": "https://colab.research.google.com/drive/1bQqjmxFo-lUBqSdAWP1eUnaJnxndnM1q?usp=sharing",
        "image_url": "https://colab.research.google.com/img/colab_favicon_256px.png",
        "image_width": 250,
        "image_height": 250,
        "image_bytes": 4534,
        "service_icon": "https://colab.research.google.com/img/favicon.ico?vrz=colab-20220826-060047-RC00_470206535",
        "id": 1,
        "original_url": "https://colab.research.google.com/drive/1bQqjmxFo-lUBqSdAWP1eUnaJnxndnM1q?usp=sharing",
        "fallback": "Google Colaboratory",
        "title": "Google Colaboratory",
        "title_link": "https://colab.research.google.com/drive/1bQqjmxFo-lUBqSdAWP1eUnaJnxndnM1q?usp=sharing",
        "service_name": "colab.research.google.com"
      }
    ]
  },
  {
    "client_msg_id": "4B25874B-16F6-4D62-817C-34C0B2ADD439",
    "type": "message",
    "text": "<https://docs.google.com/presentation/d/1FzKTlAurJtOJmWRFLEpoSGBh1jOVj5OviTavSYOORwY/edit#slide=id.g12be00dad2b_0_62|https://docs.google.com/presentation/d/1FzKTlAurJtOJmWRFLEpoSGBh1jOVj5OviTavSYOORwY/edit#slide=id.g12be00dad2b_0_62>",
    "user": "U03V785NLSU",
    "ts": "1661854084.346149",
    "blocks": [
      {
        "type": "rich_text",
        "block_id": "+dLTN",
        "elements": [
          {
            "type": "rich_text_section",
            "elements": [
              {
                "type": "link",
                "url": "https://docs.google.com/presentation/d/1FzKTlAurJtOJmWRFLEpoSGBh1jOVj5OviTavSYOORwY/edit#slide=id.g12be00dad2b_0_62",
                "text": "https://docs.google.com/presentation/d/1FzKTlAurJtOJmWRFLEpoSGBh1jOVj5OviTavSYOORwY/edit#slide=id.g12be00dad2b_0_62"
              }
            ]
          }
        ]
      }
    ],
    "team": "T03U4J8HMUG",
    "user_team": "T03U4J8HMUG",
    "source_team": "T03U4J8HMUG",
    "user_profile": {
      "avatar_hash": "48d5c88821e9",
      "image_72": "https://avatars.slack-edge.com/2022-08-21/3993277785968_48d5c88821e922581e17_72.jpg",
      "first_name": "Ashley",
      "real_name": "Ashley Hamilton",
      "display_name": "Ashley Hamilton",
      "team": "T03U4J8HMUG",
      "name": "Ashley",
      "is_restricted": false,
      "is_ultra_restricted": false
    }
  },
  {
    "client_msg_id": "cd99cc25-7aa8-4987-9d2b-84912dc7ac33",
    "type": "message",
    "text": "<https://www.business-science.io/business/2019/03/11/ab-testing-machine-learning.html>",
    "user": "U03U9EJR362",
    "ts": "1661855988.194439",
    "blocks": [
      {
        "type": "rich_text",
        "block_id": "AdcL",
        "elements": [
          {
            "type": "rich_text_section",
            "elements": [
              {
                "type": "link",
                "url": "https://www.business-science.io/business/2019/03/11/ab-testing-machine-learning.html"
              }
            ]
          }
        ]
      }
    ],
    "team": "T03U4J8HMUG",
    "user_team": "T03U4J8HMUG",
    "source_team": "T03U4J8HMUG",
    "user_profile": {
      "avatar_hash": "gc0133e965fb",
      "image_72": "https://secure.gravatar.com/avatar/c0133e965fb5500f9a83b69df54a7dc6.jpg?s=72&d=https%3A%2F%2Fa.slack-edge.com%2Fdf10d%2Fimg%2Favatars%2Fava_0006-72.png",
      "first_name": "Nicholas",
      "real_name": "Nicholas Friedman",
      "display_name": "Nicholas Friedman",
      "team": "T03U4J8HMUG",
      "name": "Nicholas",
      "is_restricted": false,
      "is_ultra_restricted": false
    },
    "attachments": [
      {
        "from_url": "https://www.business-science.io/business/2019/03/11/ab-testing-machine-learning.html",
        "ts": 1552305541,
        "thumb_url": "https://www.business-science.io/assets/2019-03-11-ab-testing/ab_testing_retina.jpg",
        "thumb_width": 589,
        "thumb_height": 786,
        "service_icon": "https://www.business-science.io/favicon/apple-icon-57x57.png",
        "id": 1,
        "original_url": "https://www.business-science.io/business/2019/03/11/ab-testing-machine-learning.html",
        "fallback": "Business Science: A/B Testing with Machine Learning - A Step-by-Step Tutorial",
        "text": "Experience how to implement Machine Learning for A/B Testing step-by-step",
        "title": "A/B Testing with Machine Learning - A Step-by-Step Tutorial",
        "title_link": "https://www.business-science.io/business/2019/03/11/ab-testing-machine-learning.html",
        "service_name": "Business Science"
      }
    ]
  },
  {
    "type": "message",
    "text": "",
    "user": "U03UJH1EQQL",
    "ts": "1661856244.155589",
    "team": "T03U4J8HMUG",
    "user_team": "T03U4J8HMUG",
    "source_team": "T03U4J8HMUG",
    "user_profile": {
      "avatar_hash": "81b299d9869c",
      "image_72": "https://avatars.slack-edge.com/2022-08-20/3953555815671_81b299d9869ca44e70c1_72.png",
      "first_name": "Kelly",
      "real_name": "Kelly Soto",
      "display_name": "Kelly Soto",
      "team": "T03U4J8HMUG",
      "name": "Kelly",
      "is_restricted": false,
      "is_ultra_restricted": false
    },
    "attachments": [
      {
        "from_url": "https://10academybatch6.slack.com/archives/C03T89PMJKG/p1661855988194439",
        "ts": 1552305541,
        "thumb_url": "https://www.business-science.io/assets/2019-03-11-ab-testing/ab_testing_retina.jpg",
        "thumb_width": 589,
        "thumb_height": 786,
        "service_icon": "https://www.business-science.io/favicon/apple-icon-57x57.png",
        "id": 1,
        "original_url": "https://www.business-science.io/business/2019/03/11/ab-testing-machine-learning.html",
        "color": "D0D0D0",
        "is_share": true,
        "fallback": "Business Science: A/B Testing with Machine Learning - A Step-by-Step Tutorial",
        "text": "Experience how to implement Machine Learning for A/B Testing step-by-step",
        "title": "A/B Testing with Machine Learning - A Step-by-Step Tutorial",
        "title_link": "https://www.business-science.io/business/2019/03/11/ab-testing-machine-learning.html",
        "service_name": "Business Science"
      }
    ]
  },
  {
    "client_msg_id": "abd9dd85-86e0-4ef7-9a94-5b0c961d5785",
    "type": "message",
    "text": "Very intuitive explanations can be found here",
    "user": "U03U1FNPEUX",
    "ts": "1661857145.463829",
    "blocks": [
      {
        "type": "rich_text",
        "block_id": "BpQ",
        "elements": [
          {
            "type": "rich_text_section",
            "elements": [
              {
                "type": "text",
                "text": "Very intuitive explanations can be found here"
              }
            ]
          }
        ]
      }
    ],
    "team": "T03U4J8HMUG",
    "user_team": "T03U4J8HMUG",
    "source_team": "T03U4J8HMUG",
    "user_profile": {
      "avatar_hash": "37a12a7dbb92",
      "image_72": "https://avatars.slack-edge.com/2022-09-09/4058043481011_37a12a7dbb926b2c9c86_72.png",
      "first_name": "Joshua",
      "real_name": "Joshua Rhodes",
      "display_name": "Joshua Rhodes",
      "team": "T03U4J8HMUG",
      "name": "Joshua",
      "is_restricted": false,
      "is_ultra_restricted": false
    }
  },
  {
    "client_msg_id": "03e865fe-846c-4414-8819-4f93af028dd2",
    "type": "message",
    "text": "<https://www.youtube.com/c/DataDemystified/videos>",
    "user": "U03U1FNPEUX",
    "ts": "1661857149.435419",
    "blocks": [
      {
        "type": "rich_text",
        "block_id": "zyl",
        "elements": [
          {
            "type": "rich_text_section",
            "elements": [
              {
                "type": "link",
                "url": "https://www.youtube.com/c/DataDemystified/videos"
              }
            ]
          }
        ]
      }
    ],
    "team": "T03U4J8HMUG",
    "user_team": "T03U4J8HMUG",
    "source_team": "T03U4J8HMUG",
    "user_profile": {
      "avatar_hash": "37a12a7dbb92",
      "image_72": "https://avatars.slack-edge.com/2022-09-09/4058043481011_37a12a7dbb926b2c9c86_72.png",
      "first_name": "Joshua",
      "real_name": "Joshua Rhodes",
      "display_name": "Joshua Rhodes",
      "team": "T03U4J8HMUG",
      "name": "Joshua",
      "is_restricted": false,
      "is_ultra_restricted": false
    },
    "attachments": [
      {
        "from_url": "https://www.youtube.com/c/DataDemystified/videos",
        "thumb_url": "https://yt3.ggpht.com/ytc/AMLnZu-MNHClnHQ4P3C-AU-giakad754s2PNES_HGFTP=s900-c-k-c0x00ffffff-no-rj",
        "thumb_width": 900,
        "thumb_height": 900,
        "service_icon": "https://www.youtube.com/s/desktop/ad42e6d3/img/favicon.ico",
        "id": 1,
        "original_url": "https://www.youtube.com/c/DataDemystified/videos",
        "fallback": "YouTube: Data Demystified",
        "text": "Learn how data works in the real world. Understand statistics and data science without all the jargon or even math. Figure out how to navigate this new world of data even if you're not statistically or mathematically literate. I, Jeff Galak, will use my expertise as a professor at one of the top universities in the world (Carnegie Mellon University) to provide simple, yet nuanced, explanations of the latest and most important data based information. If you want to learn a bit more about why I do what I do, have a look here: <https://youtu.be/sLIquDwwTpw> Follow me at: LinkedIn: <https://www.linkedin.com/in/jeff-galak-768a193a> Patreon: <https://www.patreon.com/datademystified>",
        "title": "Data Demystified",
        "title_link": "https://www.youtube.com/c/DataDemystified/videos",
        "service_name": "YouTube"
      }
    ],
    "reactions": [
      {
        "name": "ok_hand",
        "users": [
          "U03UG4Q7V42"
        ],
        "count": 1
      }
    ]
  },
  {
    "client_msg_id": "a0da612a-94e6-4312-afea-3b9286c0913f",
    "type": "message",
    "text": "<https://dev.to/github/how-to-prevent-merge-conflicts-or-at-least-have-less-of-them-109p>",
    "user": "U03UJGP0C68",
    "ts": "1661860755.851729",
    "blocks": [
      {
        "type": "rich_text",
        "block_id": "I0Bo4",
        "elements": [
          {
            "type": "rich_text_section",
            "elements": [
              {
                "type": "link",
                "url": "https://dev.to/github/how-to-prevent-merge-conflicts-or-at-least-have-less-of-them-109p"
              }
            ]
          }
        ]
      }
    ],
    "team": "T03U4J8HMUG",
    "user_team": "T03U4J8HMUG",
    "source_team": "T03U4J8HMUG",
    "user_profile": {
      "avatar_hash": "259faccdce43",
      "image_72": "https://avatars.slack-edge.com/2022-08-20/3965145363573_259faccdce439a8c6345_72.png",
      "first_name": "Judith",
      "real_name": "Judith Bolton",
      "display_name": "Judith Bolton",
      "team": "T03U4J8HMUG",
      "name": "Judith",
      "is_restricted": false,
      "is_ultra_restricted": false
    },
    "attachments": [
      {
        "from_url": "https://dev.to/github/how-to-prevent-merge-conflicts-or-at-least-have-less-of-them-109p",
        "image_url": "https://res.cloudinary.com/practicaldev/image/fetch/s--5cpD4PSI--/c_imagga_scale,f_auto,fl_progressive,h_500,q_auto,w_1000/https://dev-to-uploads.s3.amazonaws.com/uploads/articles/k91y7besgvtpu9wgqjl9.png",
        "image_width": 500,
        "image_height": 250,
        "image_bytes": 11797,
        "service_icon": "https://res.cloudinary.com/practicaldev/image/fetch/s--gDM0_LTS--/c_limit,f_png,fl_progressive,q_80,w_180/https://practicaldev-herokuapp-com.freetls.fastly.net/assets/devlogo-pwa-512.png",
        "id": 1,
        "original_url": "https://dev.to/github/how-to-prevent-merge-conflicts-or-at-least-have-less-of-them-109p",
        "fallback": "DEV Community \ud83d\udc69\ud83d\udcbb\ud83d\udc68\ud83d\udcbb: How to Prevent Merge Conflicts (or at least have less of them)",
        "text": "A few months ago, I wrote a DEV post about resolving merge commits. The resounding feedback I...",
        "title": "How to Prevent Merge Conflicts (or at least have less of them)",
        "title_link": "https://dev.to/github/how-to-prevent-merge-conflicts-or-at-least-have-less-of-them-109p",
        "service_name": "DEV Community \ud83d\udc69\ud83d\udcbb\ud83d\udc68\ud83d\udcbb"
      }
    ],
    "thread_ts": "1661860755.851729",
    "reply_count": 1,
    "reply_users_count": 1,
    "latest_reply": "1661860789.528629",
    "reply_users": [
      "U03U1FNPEUX"
    ],
    "replies": [
      {
        "user": "U03U1FNPEUX",
        "ts": "1661860789.528629"
      }
    ],
    "is_locked": false,
    "subscribed": false,
    "reactions": [
      {
        "name": "raised_hands",
        "users": [
          "U03U1FNPEUX"
        ],
        "count": 1
      }
    ]
  },
  {
    "client_msg_id": "b0465ba8-0fd6-4338-8fd7-fa4209a9773b",
    "type": "message",
    "text": ":raised_hands:",
    "user": "U03U1FNPEUX",
    "ts": "1661860789.528629",
    "blocks": [
      {
        "type": "rich_text",
        "block_id": "HYD",
        "elements": [
          {
            "type": "rich_text_section",
            "elements": [
              {
                "type": "emoji",
                "name": "raised_hands",
                "unicode": "1f64c"
              }
            ]
          }
        ]
      }
    ],
    "team": "T03U4J8HMUG",
    "user_team": "T03U4J8HMUG",
    "source_team": "T03U4J8HMUG",
    "user_profile": {
      "avatar_hash": "37a12a7dbb92",
      "image_72": "https://avatars.slack-edge.com/2022-09-09/4058043481011_37a12a7dbb926b2c9c86_72.png",
      "first_name": "Joshua",
      "real_name": "Joshua Rhodes",
      "display_name": "Joshua Rhodes",
      "team": "T03U4J8HMUG",
      "name": "Joshua",
      "is_restricted": false,
      "is_ultra_restricted": false
    },
    "thread_ts": "1661860755.851729",
    "parent_user_id": "U03UJGP0C68"
  },
  {
    "client_msg_id": "0435d02a-cf4b-4e57-bc3a-b29d4ad887b3",
    "type": "message",
    "text": "<https://youtu.be/VK-rnA3-41c|https://youtu.be/VK-rnA3-41c>",
    "user": "U03UG4Q7V42",
    "ts": "1661865872.152119",
    "blocks": [
      {
        "type": "rich_text",
        "block_id": "XBH",
        "elements": [
          {
            "type": "rich_text_section",
            "elements": [
              {
                "type": "link",
                "url": "https://youtu.be/VK-rnA3-41c",
                "text": "https://youtu.be/VK-rnA3-41c"
              }
            ]
          }
        ]
      }
    ],
    "team": "T03U4J8HMUG",
    "user_team": "T03U4J8HMUG",
    "source_team": "T03U4J8HMUG",
    "user_profile": {
      "avatar_hash": "5bc346a85286",
      "image_72": "https://avatars.slack-edge.com/2022-08-20/3968048875651_5bc346a852866218ec6b_72.png",
      "first_name": "Phillip",
      "real_name": "Phillip Atkins",
      "display_name": "Phillip Atkins",
      "team": "T03U4J8HMUG",
      "name": "Phillip",
      "is_restricted": false,
      "is_ultra_restricted": false
    },
    "attachments": [
      {
        "from_url": "https://youtu.be/VK-rnA3-41c",
        "thumb_url": "https://i.ytimg.com/vi/VK-rnA3-41c/hqdefault.jpg",
        "thumb_width": 480,
        "thumb_height": 360,
        "video_html": "<iframe width=\"400\" height=\"225\" src=\"https://www.youtube.com/embed/VK-rnA3-41c?feature=oembed&autoplay=1&iv_load_policy=3\" frameborder=\"0\" allow=\"accelerometer; autoplay; clipboard-write; encrypted-media; gyroscope; picture-in-picture\" allowfullscreen title=\"Intro to Hypothesis Testing in Statistics - Hypothesis Testing Statistics Problems & Examples\"></iframe>",
        "video_html_width": 400,
        "video_html_height": 225,
        "service_icon": "https://a.slack-edge.com/80588/img/unfurl_icons/youtube.png",
        "id": 1,
        "original_url": "https://youtu.be/VK-rnA3-41c",
        "fallback": "YouTube Video: Intro to Hypothesis Testing in Statistics - Hypothesis Testing Statistics Problems & Examples",
        "title": "Intro to Hypothesis Testing in Statistics - Hypothesis Testing Statistics Problems &amp; Examples",
        "title_link": "https://youtu.be/VK-rnA3-41c",
        "author_name": "Math and Science",
        "author_link": "https://www.youtube.com/user/mathtutordvd",
        "service_name": "YouTube",
        "service_url": "https://www.youtube.com/"
      }
    ]
  },
  {
    "client_msg_id": "52b29be8-ffe2-43b9-ab86-1e57f5e1600e",
    "type": "message",
    "text": "<https://byuistats.github.io/BYUI_M221_Book/Lesson02.html#:~:text=The%20Statistical%20Process%20has%20five,but%20only%20observe%20what%20happens>.",
    "user": "U03UJGRN5E0",
    "ts": "1661866831.815729",
    "blocks": [
      {
        "type": "rich_text",
        "block_id": "3ZxIB",
        "elements": [
          {
            "type": "rich_text_section",
            "elements": [
              {
                "type": "link",
                "url": "https://byuistats.github.io/BYUI_M221_Book/Lesson02.html#:~:text=The%20Statistical%20Process%20has%20five,but%20only%20observe%20what%20happens"
              },
              {
                "type": "text",
                "text": "."
              }
            ]
          }
        ]
      }
    ],
    "team": "T03U4J8HMUG",
    "user_team": "T03U4J8HMUG",
    "source_team": "T03U4J8HMUG",
    "user_profile": {
      "avatar_hash": "35b05758f532",
      "image_72": "https://avatars.slack-edge.com/2022-09-30/4156429070997_35b05758f532bdef5b5f_72.jpg",
      "first_name": "Katie",
      "real_name": "Katie Dickerson",
      "display_name": "Katie Dickerson",
      "team": "T03U4J8HMUG",
      "name": "Katie",
      "is_restricted": false,
      "is_ultra_restricted": false
    }
  },
  {
    "client_msg_id": "f647c74e-bcae-4ef0-b789-a8e4d7de2454",
    "type": "message",
    "text": "<https://towardsdatascience.com/feature-selection-for-machine-learning-in-python-wrapper-methods-2b5e27d2db31>",
    "user": "U03UD5B7C3X",
    "ts": "1661868650.215059",
    "blocks": [
      {
        "type": "rich_text",
        "block_id": "Y0n",
        "elements": [
          {
            "type": "rich_text_section",
            "elements": [
              {
                "type": "link",
                "url": "https://towardsdatascience.com/feature-selection-for-machine-learning-in-python-wrapper-methods-2b5e27d2db31"
              }
            ]
          }
        ]
      }
    ],
    "team": "T03U4J8HMUG",
    "user_team": "T03U4J8HMUG",
    "source_team": "T03U4J8HMUG",
    "user_profile": {
      "avatar_hash": "gb4893f68d1b",
      "image_72": "https://secure.gravatar.com/avatar/b4893f68d1b3098aa61b283721cedfbb.jpg?s=72&d=https%3A%2F%2Fa.slack-edge.com%2Fdf10d%2Fimg%2Favatars%2Fava_0005-72.png",
      "first_name": "Elizabeth",
      "real_name": "Elizabeth Hall",
      "display_name": "Elizabeth Hall",
      "team": "T03U4J8HMUG",
      "name": "Elizabeth",
      "is_restricted": false,
      "is_ultra_restricted": false
    },
    "attachments": [
      {
        "from_url": "https://towardsdatascience.com/feature-selection-for-machine-learning-in-python-wrapper-methods-2b5e27d2db31",
        "ts": 1602631712,
        "image_url": "https://miro.medium.com/max/1200/1*jmoxCWOI7hPPf_rR65ZkVQ.png",
        "image_width": 375,
        "image_height": 250,
        "image_bytes": 1427781,
        "service_icon": "https://miro.medium.com/fit/c/152/152/1*sHhtYhaCe2Uc3IU0IgKwIQ.png",
        "id": 1,
        "original_url": "https://towardsdatascience.com/feature-selection-for-machine-learning-in-python-wrapper-methods-2b5e27d2db31",
        "fallback": "Medium: Feature Selection for Machine Learning in Python\u200a\u2014\u200aWrapper Methods",
        "text": "How to select the right predictors using ML algorithms",
        "title": "Feature Selection for Machine Learning in Python\u200a\u2014\u200aWrapper Methods",
        "title_link": "https://towardsdatascience.com/feature-selection-for-machine-learning-in-python-wrapper-methods-2b5e27d2db31",
        "service_name": "Medium",
        "fields": [
          {
            "value": "6 min read",
            "title": "Reading time",
            "short": true
          }
        ]
      }
    ]
  },
  {
    "type": "message",
    "text": "A really nice book you should probably check",
    "files": [
      {
        "id": "F04095WJLLV",
        "created": 1661879292,
        "timestamp": 1661879292,
        "name": "AB Testing-ML-step-by-step-guide (1).pdf",
        "title": "AB Testing-ML-step-by-step-guide (1).pdf",
        "mimetype": "application/pdf",
        "filetype": "pdf",
        "pretty_type": "PDF",
        "user": "U03UG4Q7V42",
        "user_team": "T03U4J8HMUG",
        "editable": false,
        "size": 718791,
        "mode": "hosted",
        "is_external": false,
        "external_type": "",
        "is_public": true,
        "public_url_shared": false,
        "display_as_bot": false,
        "username": "",
        "url_private": "https://files.slack.com/files-pri/T03U4J8HMUG-F04095WJLLV/ab_testing-ml-step-by-step-guide__1_.pdf?t=xoxe-3956620599968-6240746766294-6247387524178-110fc6768eefd7fcb909c4550875ed49",
        "url_private_download": "https://files.slack.com/files-pri/T03U4J8HMUG-F04095WJLLV/download/ab_testing-ml-step-by-step-guide__1_.pdf?t=xoxe-3956620599968-6240746766294-6247387524178-110fc6768eefd7fcb909c4550875ed49",
        "media_display_type": "unknown",
        "thumb_pdf": "https://files.slack.com/files-tmb/T03U4J8HMUG-F04095WJLLV-8785bc0954/ab_testing-ml-step-by-step-guide__1__thumb_pdf.png?t=xoxe-3956620599968-6240746766294-6247387524178-110fc6768eefd7fcb909c4550875ed49",
        "thumb_pdf_w": 909,
        "thumb_pdf_h": 1286,
        "permalink": "https://10academybatch6.slack.com/files/U03UG4Q7V42/F04095WJLLV/ab_testing-ml-step-by-step-guide__1_.pdf",
        "permalink_public": "https://slack-files.com/T03U4J8HMUG-F04095WJLLV-9cd5659856",
        "is_starred": false,
        "has_rich_preview": false,
        "file_access": "visible"
      }
    ],
    "upload": false,
    "user": "U03UG4Q7V42",
    "display_as_bot": false,
    "ts": "1661879324.911569",
    "blocks": [
      {
        "type": "rich_text",
        "block_id": "JBR5R",
        "elements": [
          {
            "type": "rich_text_section",
            "elements": [
              {
                "type": "text",
                "text": "A really nice book you should probably check"
              }
            ]
          }
        ]
      }
    ],
    "client_msg_id": "dcafa03e-5d19-4407-b47d-4e9576fe32d5",
    "thread_ts": "1661879324.911569",
    "reply_count": 1,
    "reply_users_count": 1,
    "latest_reply": "1661938539.658979",
    "reply_users": [
      "U03UH397319"
    ],
    "replies": [
      {
        "user": "U03UH397319",
        "ts": "1661938539.658979"
      }
    ],
    "is_locked": false,
    "subscribed": false,
    "reactions": [
      {
        "name": "raised_hands",
        "users": [
          "U03UG32J3PC",
          "U03UD4FEDHB"
        ],
        "count": 2
      }
    ]
  },
  {
    "client_msg_id": "9b435284-8bdd-47ae-afb9-74c7ba8e8c5d",
    "type": "message",
    "text": "A good resource on classical ab testing: <https://www.kaggle.com/code/tammyrotem/ab-tests-with-python/notebook>",
    "user": "U03V61VGQG0",
    "ts": "1661883140.667029",
    "blocks": [
      {
        "type": "rich_text",
        "block_id": "1J8O",
        "elements": [
          {
            "type": "rich_text_section",
            "elements": [
              {
                "type": "text",
                "text": "A good resource on classical ab testing: "
              },
              {
                "type": "link",
                "url": "https://www.kaggle.com/code/tammyrotem/ab-tests-with-python/notebook"
              }
            ]
          }
        ]
      }
    ],
    "team": "T03U4J8HMUG",
    "user_team": "T03U4J8HMUG",
    "source_team": "T03U4J8HMUG",
    "user_profile": {
      "avatar_hash": "5e18062f5298",
      "image_72": "https://avatars.slack-edge.com/2022-08-29/3997574519670_5e18062f5298c6182ca5_72.jpg",
      "first_name": "Paula",
      "real_name": "Paula Bryant",
      "display_name": "Paula Bryant",
      "team": "T03U4J8HMUG",
      "name": "Paula",
      "is_restricted": false,
      "is_ultra_restricted": false
    },
    "attachments": [
      {
        "from_url": "https://www.kaggle.com/code/tammyrotem/ab-tests-with-python/notebook",
        "thumb_url": "https://storage.googleapis.com/kaggle-avatars/thumbnails/1369930-kg.jpg",
        "thumb_width": 100,
        "thumb_height": 100,
        "service_icon": "https://www.kaggle.com/favicon.ico",
        "id": 1,
        "original_url": "https://www.kaggle.com/code/tammyrotem/ab-tests-with-python/notebook",
        "fallback": "AB_Tests_with_Python",
        "text": "Explore and run machine learning code with Kaggle Notebooks | Using data from multiple data sources",
        "title": "AB_Tests_with_Python",
        "title_link": "https://www.kaggle.com/code/tammyrotem/ab-tests-with-python/notebook",
        "service_name": "kaggle.com"
      }
    ]
  },
  {
    "client_msg_id": "4a3c5061-f274-458f-8256-721bef8df8a8",
    "type": "message",
    "text": "a simple article shows procedures in sequential A/B testing: <https://www.evanmiller.org/sequential-ab-testing.html>",
    "user": "U03UD4FEDHB",
    "ts": "1661892258.498829",
    "blocks": [
      {
        "type": "rich_text",
        "block_id": "gfMrK",
        "elements": [
          {
            "type": "rich_text_section",
            "elements": [
              {
                "type": "text",
                "text": "a simple article shows procedures in sequential A/B testing: "
              },
              {
                "type": "link",
                "url": "https://www.evanmiller.org/sequential-ab-testing.html"
              }
            ]
          }
        ]
      }
    ],
    "team": "T03U4J8HMUG",
    "user_team": "T03U4J8HMUG",
    "source_team": "T03U4J8HMUG",
    "user_profile": {
      "avatar_hash": "g48fef055f8a",
      "image_72": "https://secure.gravatar.com/avatar/48fef055f8a8b8a4c0bcfefbf5e3eec3.jpg?s=72&d=https%3A%2F%2Fa.slack-edge.com%2Fdf10d%2Fimg%2Favatars%2Fava_0025-72.png",
      "first_name": "Michael",
      "real_name": "Michael Gonzalez",
      "display_name": "Michael Gonzalez",
      "team": "T03U4J8HMUG",
      "name": "Michael",
      "is_restricted": false,
      "is_ultra_restricted": false
    }
  },
  {
    "client_msg_id": "70ed5af9-88df-4a5c-aa9e-2dcc2dbdeba4",
    "type": "message",
    "text": "<https://www.youtube.com/watch?v=VuKIN9S8Ivs&amp;list=PLY1Fi4XflWSvgsaD9eXng6N5kxcMtcxGK&amp;index=7>",
    "user": "U03UG1Z21JP",
    "ts": "1661895539.518619",
    "blocks": [
      {
        "type": "rich_text",
        "block_id": "OxdYK",
        "elements": [
          {
            "type": "rich_text_section",
            "elements": [
              {
                "type": "link",
                "url": "https://www.youtube.com/watch?v=VuKIN9S8Ivs&list=PLY1Fi4XflWSvgsaD9eXng6N5kxcMtcxGK&index=7"
              }
            ]
          }
        ]
      }
    ],
    "team": "T03U4J8HMUG",
    "user_team": "T03U4J8HMUG",
    "source_team": "T03U4J8HMUG",
    "user_profile": {
      "avatar_hash": "a1d3d501dd5d",
      "image_72": "https://avatars.slack-edge.com/2022-08-20/3961568205638_a1d3d501dd5d3f7ebea3_72.jpg",
      "first_name": "Jennifer",
      "real_name": "Jennifer Foley",
      "display_name": "Jennifer Foley",
      "team": "T03U4J8HMUG",
      "name": "Jennifer",
      "is_restricted": false,
      "is_ultra_restricted": false
    },
    "attachments": [
      {
        "from_url": "https://www.youtube.com/watch?v=VuKIN9S8Ivs&amp;index=7",
        "thumb_url": "https://i.ytimg.com/vi/VuKIN9S8Ivs/hqdefault.jpg",
        "thumb_width": 480,
        "thumb_height": 360,
        "video_html": "<iframe width=\"400\" height=\"225\" src=\"https://www.youtube.com/embed/VuKIN9S8Ivs?feature=oembed&autoplay=1&iv_load_policy=3\" frameborder=\"0\" allow=\"accelerometer; autoplay; clipboard-write; encrypted-media; gyroscope; picture-in-picture\" allowfullscreen title=\"A/B Testing Real-life Example: A Step by Step Walkthrough | Data Science Interview\"></iframe>",
        "video_html_width": 400,
        "video_html_height": 225,
        "service_icon": "https://a.slack-edge.com/80588/img/unfurl_icons/youtube.png",
        "id": 1,
        "original_url": "https://www.youtube.com/watch?v=VuKIN9S8Ivs&amp;list=PLY1Fi4XflWSvgsaD9eXng6N5kxcMtcxGK&amp;index=7",
        "fallback": "YouTube Video: A/B Testing Real-life Example: A Step by Step Walkthrough | Data Science Interview",
        "title": "A/B Testing Real-life Example: A Step by Step Walkthrough | Data Science Interview",
        "title_link": "https://www.youtube.com/watch?v=VuKIN9S8Ivs&amp;index=7",
        "author_name": "Data Interview Pro",
        "author_link": "https://www.youtube.com/c/DataInterviewPro",
        "service_name": "YouTube",
        "service_url": "https://www.youtube.com/"
      }
    ]
  },
  {
    "client_msg_id": "6588cc95-1ab0-4bed-8fdb-01ce39d0a60c",
    "type": "message",
    "text": "<https://github.com/DataWithDanny/sql-masterclass|https://github.com/DataWithDanny/sql-masterclass>",
    "user": "U03UFV7HFNF",
    "ts": "1661904905.078019",
    "blocks": [
      {
        "type": "rich_text",
        "block_id": "ljP4p",
        "elements": [
          {
            "type": "rich_text_section",
            "elements": [
              {
                "type": "link",
                "url": "https://github.com/DataWithDanny/sql-masterclass",
                "text": "https://github.com/DataWithDanny/sql-masterclass"
              }
            ]
          }
        ]
      }
    ],
    "team": "T03U4J8HMUG",
    "user_team": "T03U4J8HMUG",
    "source_team": "T03U4J8HMUG",
    "user_profile": {
      "avatar_hash": "3166d51d23f1",
      "image_72": "https://avatars.slack-edge.com/2022-08-20/3991799522480_3166d51d23f1da2374e9_72.jpg",
      "first_name": "Miguel",
      "real_name": "Miguel Herring",
      "display_name": "Miguel Herring",
      "team": "T03U4J8HMUG",
      "name": "Miguel",
      "is_restricted": false,
      "is_ultra_restricted": false
    },
    "attachments": [
      {
        "id": 1,
        "color": "24292f",
        "bot_id": "B03UYH1BWQZ",
        "app_unfurl_url": "https://github.com/DataWithDanny/sql-masterclass",
        "is_app_unfurl": true,
        "app_id": "A01BP7R4KNY",
        "fallback": "DataWithDanny/sql-masterclass",
        "title": "DataWithDanny/sql-masterclass",
        "fields": [
          {
            "value": "1662",
            "title": "Stars",
            "short": true
          },
          {
            "value": "4 hours ago",
            "title": "Last updated",
            "short": true
          }
        ]
      }
    ]
  }
]