[
  {
    "client_msg_id": "09134964-5de1-4cbe-8851-ebccd3a4e179",
    "type": "message",
    "text": "<https://www.kaggle.com/code/chemdata/intro-to-time-series-analysis-forecasting>",
    "user": "U03UD5B7C3X",
    "ts": "1662384591.773059",
    "blocks": [
      {
        "type": "rich_text",
        "block_id": "bu03",
        "elements": [
          {
            "type": "rich_text_section",
            "elements": [
              {
                "type": "link",
                "url": "https://www.kaggle.com/code/chemdata/intro-to-time-series-analysis-forecasting"
              }
            ]
          }
        ]
      }
    ],
    "team": "T03U4J8HMUG",
    "user_team": "T03U4J8HMUG",
    "source_team": "T03U4J8HMUG",
    "user_profile": {
      "avatar_hash": "gb4893f68d1b",
      "image_72": "https://secure.gravatar.com/avatar/b4893f68d1b3098aa61b283721cedfbb.jpg?s=72&d=https%3A%2F%2Fa.slack-edge.com%2Fdf10d%2Fimg%2Favatars%2Fava_0005-72.png",
      "first_name": "Elizabeth",
      "real_name": "Elizabeth Hall",
      "display_name": "Elizabeth Hall",
      "team": "T03U4J8HMUG",
      "name": "Elizabeth",
      "is_restricted": false,
      "is_ultra_restricted": false
    },
    "attachments": [
      {
        "from_url": "https://www.kaggle.com/code/chemdata/intro-to-time-series-analysis-forecasting",
        "thumb_url": "https://storage.googleapis.com/kaggle-avatars/thumbnails/default-thumb.png",
        "thumb_width": 160,
        "thumb_height": 160,
        "service_icon": "https://www.kaggle.com/favicon.ico",
        "id": 1,
        "original_url": "https://www.kaggle.com/code/chemdata/intro-to-time-series-analysis-forecasting",
        "fallback": ":spiral_calendar_pad: Intro to Time Series Analysis :small_red_triangle:  Forecasting:small_red_triangle_down:",
        "text": "Explore and run machine learning code with Kaggle Notebooks | Using data from multiple data sources",
        "title": ":spiral_calendar_pad: Intro to Time Series Analysis :small_red_triangle:  Forecasting:small_red_triangle_down:",
        "title_link": "https://www.kaggle.com/code/chemdata/intro-to-time-series-analysis-forecasting",
        "service_name": "kaggle.com"
      }
    ],
    "reactions": [
      {
        "name": "raised_hands",
        "users": [
          "U03UJGP0C68",
          "U03UG4Q7V42",
          "U03UVHCV6KB"
        ],
        "count": 3
      }
    ]
  },
  {
    "client_msg_id": "cf737a9f-1072-4722-8ddf-42d2dbbf0f58",
    "type": "message",
    "text": "<https://towardsdatascience.com/lstm-networks-a-detailed-explanation-8fae6aefc7f9|https://towardsdatascience.com/lstm-networks-a-detailed-explanation-8fae6aefc7f9>",
    "user": "U03UG0YHAUT",
    "ts": "1662389427.291279",
    "blocks": [
      {
        "type": "rich_text",
        "block_id": "rPD",
        "elements": [
          {
            "type": "rich_text_section",
            "elements": [
              {
                "type": "link",
                "url": "https://towardsdatascience.com/lstm-networks-a-detailed-explanation-8fae6aefc7f9",
                "text": "https://towardsdatascience.com/lstm-networks-a-detailed-explanation-8fae6aefc7f9"
              }
            ]
          }
        ]
      }
    ],
    "team": "T03U4J8HMUG",
    "user_team": "T03U4J8HMUG",
    "source_team": "T03U4J8HMUG",
    "user_profile": {
      "avatar_hash": "e7b0c8269999",
      "image_72": "https://avatars.slack-edge.com/2022-09-20/4099393715542_e7b0c82699998d3b3ade_72.jpg",
      "first_name": "Daniel",
      "real_name": "Daniel Brown",
      "display_name": "Daniel Brown",
      "team": "T03U4J8HMUG",
      "name": "Daniel",
      "is_restricted": false,
      "is_ultra_restricted": false
    },
    "attachments": [
      {
        "from_url": "https://towardsdatascience.com/lstm-networks-a-detailed-explanation-8fae6aefc7f9",
        "ts": 1639340134,
        "image_url": "https://miro.medium.com/max/674/1*jikKbzFXCq-IYnFZankIMg.png",
        "image_width": 488,
        "image_height": 250,
        "image_bytes": 42547,
        "service_icon": "https://miro.medium.com/fit/c/152/152/1*sHhtYhaCe2Uc3IU0IgKwIQ.png",
        "id": 1,
        "original_url": "https://towardsdatascience.com/lstm-networks-a-detailed-explanation-8fae6aefc7f9",
        "fallback": "Medium: LSTM Networks | A Detailed Explanation",
        "text": "A Comprehensive Introduction to LSTMs",
        "title": "LSTM Networks | A Detailed Explanation",
        "title_link": "https://towardsdatascience.com/lstm-networks-a-detailed-explanation-8fae6aefc7f9",
        "service_name": "Medium",
        "fields": [
          {
            "value": "8 min read",
            "title": "Reading time",
            "short": true
          }
        ]
      }
    ]
  },
  {
    "client_msg_id": "dde65341-7a28-405c-91e2-3be6d611ad2e",
    "type": "message",
    "text": "<https://www.youtube.com/watch?v=nx3yFzx_nHI>",
    "user": "U03UUR571A5",
    "ts": "1662394085.435089",
    "blocks": [
      {
        "type": "rich_text",
        "block_id": "TFdD",
        "elements": [
          {
            "type": "rich_text_section",
            "elements": [
              {
                "type": "link",
                "url": "https://www.youtube.com/watch?v=nx3yFzx_nHI"
              }
            ]
          }
        ]
      }
    ],
    "team": "T03U4J8HMUG",
    "user_team": "T03U4J8HMUG",
    "source_team": "T03U4J8HMUG",
    "user_profile": {
      "avatar_hash": "g95c5cde44bc",
      "image_72": "https://secure.gravatar.com/avatar/95c5cde44bc023bd369920b7e1ed0c94.jpg?s=72&d=https%3A%2F%2Fa.slack-edge.com%2Fdf10d%2Fimg%2Favatars%2Fava_0017-72.png",
      "first_name": "Amy",
      "real_name": "Amy Leon",
      "display_name": "Amy Leon",
      "team": "T03U4J8HMUG",
      "name": "Amy",
      "is_restricted": false,
      "is_ultra_restricted": false
    },
    "attachments": [
      {
        "from_url": "https://www.youtube.com/watch?v=nx3yFzx_nHI",
        "thumb_url": "https://i.ytimg.com/vi/nx3yFzx_nHI/hqdefault.jpg",
        "thumb_width": 480,
        "thumb_height": 360,
        "video_html": "<iframe width=\"400\" height=\"225\" src=\"https://www.youtube.com/embed/nx3yFzx_nHI?feature=oembed&autoplay=1&iv_load_policy=3\" frameborder=\"0\" allow=\"accelerometer; autoplay; clipboard-write; encrypted-media; gyroscope; picture-in-picture\" allowfullscreen title=\"Introducing MLflow for End-to-End Machine Learning on Databricks\"></iframe>",
        "video_html_width": 400,
        "video_html_height": 225,
        "service_icon": "https://a.slack-edge.com/80588/img/unfurl_icons/youtube.png",
        "id": 1,
        "original_url": "https://www.youtube.com/watch?v=nx3yFzx_nHI",
        "fallback": "YouTube Video: Introducing MLflow for End-to-End Machine Learning on Databricks",
        "title": "Introducing MLflow for End-to-End Machine Learning on Databricks",
        "title_link": "https://www.youtube.com/watch?v=nx3yFzx_nHI",
        "author_name": "Databricks",
        "author_link": "https://www.youtube.com/c/Databricks",
        "service_name": "YouTube",
        "service_url": "https://www.youtube.com/"
      }
    ]
  },
  {
    "client_msg_id": "f9b0b781-8aaf-4c2a-aa2a-d91a25600766",
    "type": "message",
    "text": "<https://github.com/ageron/handson-ml2/blob/master/15_processing_sequences_using_rnns_and_cnns.ipynb>",
    "user": "U03U1FQKEMV",
    "ts": "1662394163.107679",
    "blocks": [
      {
        "type": "rich_text",
        "block_id": "LNn",
        "elements": [
          {
            "type": "rich_text_section",
            "elements": [
              {
                "type": "link",
                "url": "https://github.com/ageron/handson-ml2/blob/master/15_processing_sequences_using_rnns_and_cnns.ipynb"
              }
            ]
          }
        ]
      }
    ],
    "team": "T03U4J8HMUG",
    "user_team": "T03U4J8HMUG",
    "source_team": "T03U4J8HMUG",
    "user_profile": {
      "avatar_hash": "g6eee7df1d92",
      "image_72": "https://secure.gravatar.com/avatar/6eee7df1d92577aa5637983ea403f886.jpg?s=72&d=https%3A%2F%2Fa.slack-edge.com%2Fdf10d%2Fimg%2Favatars%2Fava_0026-72.png",
      "first_name": "Steven",
      "real_name": "Steven Garcia",
      "display_name": "Steven Garcia",
      "team": "T03U4J8HMUG",
      "name": "Steven",
      "is_restricted": false,
      "is_ultra_restricted": false
    },
    "attachments": [
      {
        "id": 1,
        "footer_icon": "https://slack.github.com/static/img/favicon-neutral.png",
        "color": "24292f",
        "bot_id": "B03UYH1BWQZ",
        "app_unfurl_url": "https://github.com/ageron/handson-ml2/blob/master/15_processing_sequences_using_rnns_and_cnns.ipynb",
        "is_app_unfurl": true,
        "app_id": "A01BP7R4KNY",
        "fallback": "<https://github.com/ageron/handson-ml2/blob/master/15_processing_sequences_using_rnns_and_cnns.ipynb | 15_processing_sequences_using_rnns_and_cnns.ipynb>",
        "title": "<https://github.com/ageron/handson-ml2/blob/master/15_processing_sequences_using_rnns_and_cnns.ipynb | 15_processing_sequences_using_rnns_and_cnns.ipynb>",
        "footer": "<https://github.com/ageron/handson-ml2|ageron/handson-ml2>",
        "mrkdwn_in": [
          "text"
        ]
      }
    ]
  },
  {
    "type": "message",
    "text": "it is helpful!",
    "user": "U03UJH1EQQL",
    "ts": "1662394608.768749",
    "blocks": [
      {
        "type": "rich_text",
        "block_id": "zGh",
        "elements": [
          {
            "type": "rich_text_section",
            "elements": [
              {
                "type": "text",
                "text": "it is helpful!"
              }
            ]
          }
        ]
      }
    ],
    "team": "T03U4J8HMUG",
    "user_team": "T03U4J8HMUG",
    "source_team": "T03U4J8HMUG",
    "user_profile": {
      "avatar_hash": "81b299d9869c",
      "image_72": "https://avatars.slack-edge.com/2022-08-20/3953555815671_81b299d9869ca44e70c1_72.png",
      "first_name": "Kelly",
      "real_name": "Kelly Soto",
      "display_name": "Kelly Soto",
      "team": "T03U4J8HMUG",
      "name": "Kelly",
      "is_restricted": false,
      "is_ultra_restricted": false
    },
    "attachments": [
      {
        "from_url": "https://10academybatch6.slack.com/archives/C03T89PMJKG/p1662384591773059",
        "thumb_url": "https://storage.googleapis.com/kaggle-avatars/thumbnails/default-thumb.png",
        "thumb_width": 160,
        "thumb_height": 160,
        "service_icon": "https://www.kaggle.com/favicon.ico",
        "id": 1,
        "original_url": "https://www.kaggle.com/code/chemdata/intro-to-time-series-analysis-forecasting",
        "color": "D0D0D0",
        "is_share": true,
        "fallback": ":spiral_calendar_pad: Intro to Time Series Analysis :small_red_triangle:  Forecasting:small_red_triangle_down:",
        "text": "Explore and run machine learning code with Kaggle Notebooks | Using data from multiple data sources",
        "title": ":spiral_calendar_pad: Intro to Time Series Analysis :small_red_triangle:  Forecasting:small_red_triangle_down:",
        "title_link": "https://www.kaggle.com/code/chemdata/intro-to-time-series-analysis-forecasting",
        "service_name": "kaggle.com"
      }
    ]
  },
  {
    "client_msg_id": "03853032-da77-4298-87bb-d3cd7c8f495e",
    "type": "message",
    "text": "<https://www.kaggle.com/code/azminetoushikwasi/intro-to-time-series-analysis-forecasting>",
    "user": "U03UJGRN5E0",
    "ts": "1662396196.215059",
    "blocks": [
      {
        "type": "rich_text",
        "block_id": "fo6b/",
        "elements": [
          {
            "type": "rich_text_section",
            "elements": [
              {
                "type": "link",
                "url": "https://www.kaggle.com/code/azminetoushikwasi/intro-to-time-series-analysis-forecasting"
              }
            ]
          }
        ]
      }
    ],
    "team": "T03U4J8HMUG",
    "user_team": "T03U4J8HMUG",
    "source_team": "T03U4J8HMUG",
    "user_profile": {
      "avatar_hash": "35b05758f532",
      "image_72": "https://avatars.slack-edge.com/2022-09-30/4156429070997_35b05758f532bdef5b5f_72.jpg",
      "first_name": "Katie",
      "real_name": "Katie Dickerson",
      "display_name": "Katie Dickerson",
      "team": "T03U4J8HMUG",
      "name": "Katie",
      "is_restricted": false,
      "is_ultra_restricted": false
    },
    "attachments": [
      {
        "from_url": "https://www.kaggle.com/code/azminetoushikwasi/intro-to-time-series-analysis-forecasting",
        "thumb_url": "https://storage.googleapis.com/kaggle-avatars/thumbnails/7168168-kg.jpg",
        "thumb_width": 100,
        "thumb_height": 100,
        "service_icon": "https://www.kaggle.com/favicon.ico",
        "id": 1,
        "original_url": "https://www.kaggle.com/code/azminetoushikwasi/intro-to-time-series-analysis-forecasting",
        "fallback": ":spiral_calendar_pad: Intro to Time Series Analysis :small_red_triangle:  Forecasting:small_red_triangle_down:",
        "text": "Explore and run machine learning code with Kaggle Notebooks | Using data from multiple data sources",
        "title": ":spiral_calendar_pad: Intro to Time Series Analysis :small_red_triangle:  Forecasting:small_red_triangle_down:",
        "title_link": "https://www.kaggle.com/code/azminetoushikwasi/intro-to-time-series-analysis-forecasting",
        "service_name": "kaggle.com"
      }
    ]
  },
  {
    "client_msg_id": "d6c51845-b099-44fe-879e-9f56e750dbfc",
    "type": "message",
    "text": "<https://medium.com/analytics-vidhya/time-series-forecasting-using-tensorflow-rkt109-ea858d8e49c6>",
    "user": "U03UG4Q7V42",
    "ts": "1662396224.132899",
    "blocks": [
      {
        "type": "rich_text",
        "block_id": "CJ3Z",
        "elements": [
          {
            "type": "rich_text_section",
            "elements": [
              {
                "type": "link",
                "url": "https://medium.com/analytics-vidhya/time-series-forecasting-using-tensorflow-rkt109-ea858d8e49c6"
              }
            ]
          }
        ]
      }
    ],
    "team": "T03U4J8HMUG",
    "user_team": "T03U4J8HMUG",
    "source_team": "T03U4J8HMUG",
    "user_profile": {
      "avatar_hash": "5bc346a85286",
      "image_72": "https://avatars.slack-edge.com/2022-08-20/3968048875651_5bc346a852866218ec6b_72.png",
      "first_name": "Phillip",
      "real_name": "Phillip Atkins",
      "display_name": "Phillip Atkins",
      "team": "T03U4J8HMUG",
      "name": "Phillip",
      "is_restricted": false,
      "is_ultra_restricted": false
    },
    "attachments": [
      {
        "from_url": "https://medium.com/analytics-vidhya/time-series-forecasting-using-tensorflow-rkt109-ea858d8e49c6",
        "ts": 1586147868,
        "image_url": "https://miro.medium.com/max/983/1*q2Wvxenw5Q5PCugHcInuDA.png",
        "image_width": 501,
        "image_height": 250,
        "image_bytes": 58284,
        "service_icon": "https://miro.medium.com/fit/c/152/152/1*sHhtYhaCe2Uc3IU0IgKwIQ.png",
        "id": 1,
        "original_url": "https://medium.com/analytics-vidhya/time-series-forecasting-using-tensorflow-rkt109-ea858d8e49c6",
        "fallback": "Medium: Time Series Forecasting using TensorFlow",
        "text": "I will show how you can to Time Series Forecasting using TensorFlow along with attached code and its complete explanation.",
        "title": "Time Series Forecasting using TensorFlow",
        "title_link": "https://medium.com/analytics-vidhya/time-series-forecasting-using-tensorflow-rkt109-ea858d8e49c6",
        "service_name": "Medium",
        "fields": [
          {
            "value": "6 min read",
            "title": "Reading time",
            "short": true
          }
        ]
      }
    ]
  },
  {
    "client_msg_id": "b3028bbb-c0a9-48bf-91c1-30a71b93e790",
    "type": "message",
    "text": "<https://www.tensorflow.org/tutorials/structured_data/time_series>",
    "user": "U03UG4Q7V42",
    "ts": "1662396372.131059",
    "blocks": [
      {
        "type": "rich_text",
        "block_id": "grGyw",
        "elements": [
          {
            "type": "rich_text_section",
            "elements": [
              {
                "type": "link",
                "url": "https://www.tensorflow.org/tutorials/structured_data/time_series"
              }
            ]
          }
        ]
      }
    ],
    "team": "T03U4J8HMUG",
    "user_team": "T03U4J8HMUG",
    "source_team": "T03U4J8HMUG",
    "user_profile": {
      "avatar_hash": "5bc346a85286",
      "image_72": "https://avatars.slack-edge.com/2022-08-20/3968048875651_5bc346a852866218ec6b_72.png",
      "first_name": "Phillip",
      "real_name": "Phillip Atkins",
      "display_name": "Phillip Atkins",
      "team": "T03U4J8HMUG",
      "name": "Phillip",
      "is_restricted": false,
      "is_ultra_restricted": false
    },
    "attachments": [
      {
        "from_url": "https://www.tensorflow.org/tutorials/structured_data/time_series",
        "image_url": "https://www.tensorflow.org/images/tf_logo_social.png",
        "image_width": 444,
        "image_height": 250,
        "image_bytes": 17046,
        "service_icon": "https://www.gstatic.com/devrel-devsite/prod/v17bab36d69ae03fcc913f41eaedd7c01378ceed3d66f27cd213f7054697e46ba/tensorflow/images/apple-touch-icon-180x180.png",
        "id": 1,
        "original_url": "https://www.tensorflow.org/tutorials/structured_data/time_series",
        "fallback": "TensorFlow: Time series forecasting \u00a0|\u00a0 TensorFlow Core",
        "title": "Time series forecasting \u00a0|\u00a0 TensorFlow Core",
        "title_link": "https://www.tensorflow.org/tutorials/structured_data/time_series",
        "service_name": "TensorFlow"
      }
    ]
  },
  {
    "client_msg_id": "D3942E3E-F278-4D73-941E-4A75E6F33488",
    "type": "message",
    "text": "<https://docs.python.org/3/howto/logging.html|https://docs.python.org/3/howto/logging.html>",
    "user": "U03U1FNPEUX",
    "ts": "1662398631.018299",
    "blocks": [
      {
        "type": "rich_text",
        "block_id": "DNCpS",
        "elements": [
          {
            "type": "rich_text_section",
            "elements": [
              {
                "type": "link",
                "url": "https://docs.python.org/3/howto/logging.html",
                "text": "https://docs.python.org/3/howto/logging.html"
              }
            ]
          }
        ]
      }
    ],
    "team": "T03U4J8HMUG",
    "user_team": "T03U4J8HMUG",
    "source_team": "T03U4J8HMUG",
    "user_profile": {
      "avatar_hash": "37a12a7dbb92",
      "image_72": "https://avatars.slack-edge.com/2022-09-09/4058043481011_37a12a7dbb926b2c9c86_72.png",
      "first_name": "Joshua",
      "real_name": "Joshua Rhodes",
      "display_name": "Joshua Rhodes",
      "team": "T03U4J8HMUG",
      "name": "Joshua",
      "is_restricted": false,
      "is_ultra_restricted": false
    }
  },
  {
    "type": "message",
    "text": "",
    "files": [
      {
        "id": "F0416AWSLLC",
        "created": 1662398851,
        "timestamp": 1662398851,
        "name": "image_86f192ed-717d-4b6b-88d3-5fd54c189ffb20220902_073238.jpg",
        "title": "image_86f192ed-717d-4b6b-88d3-5fd54c189ffb20220902_073238.jpg",
        "mimetype": "image/jpeg",
        "filetype": "jpg",
        "pretty_type": "JPEG",
        "user": "U03UFV7TUTV",
        "user_team": "T03U4J8HMUG",
        "editable": false,
        "size": 47855,
        "mode": "hosted",
        "is_external": false,
        "external_type": "",
        "is_public": true,
        "public_url_shared": false,
        "display_as_bot": false,
        "username": "",
        "url_private": "https://files.slack.com/files-pri/T03U4J8HMUG-F0416AWSLLC/image_86f192ed-717d-4b6b-88d3-5fd54c189ffb20220902_073238.jpg?t=xoxe-3956620599968-6240746766294-6247387524178-110fc6768eefd7fcb909c4550875ed49",
        "url_private_download": "https://files.slack.com/files-pri/T03U4J8HMUG-F0416AWSLLC/download/image_86f192ed-717d-4b6b-88d3-5fd54c189ffb20220902_073238.jpg?t=xoxe-3956620599968-6240746766294-6247387524178-110fc6768eefd7fcb909c4550875ed49",
        "media_display_type": "unknown",
        "thumb_64": "https://files.slack.com/files-tmb/T03U4J8HMUG-F0416AWSLLC-a538fd0c29/image_86f192ed-717d-4b6b-88d3-5fd54c189ffb20220902_073238_64.jpg?t=xoxe-3956620599968-6240746766294-6247387524178-110fc6768eefd7fcb909c4550875ed49",
        "thumb_80": "https://files.slack.com/files-tmb/T03U4J8HMUG-F0416AWSLLC-a538fd0c29/image_86f192ed-717d-4b6b-88d3-5fd54c189ffb20220902_073238_80.jpg?t=xoxe-3956620599968-6240746766294-6247387524178-110fc6768eefd7fcb909c4550875ed49",
        "thumb_360": "https://files.slack.com/files-tmb/T03U4J8HMUG-F0416AWSLLC-a538fd0c29/image_86f192ed-717d-4b6b-88d3-5fd54c189ffb20220902_073238_360.jpg?t=xoxe-3956620599968-6240746766294-6247387524178-110fc6768eefd7fcb909c4550875ed49",
        "thumb_360_w": 360,
        "thumb_360_h": 311,
        "thumb_480": "https://files.slack.com/files-tmb/T03U4J8HMUG-F0416AWSLLC-a538fd0c29/image_86f192ed-717d-4b6b-88d3-5fd54c189ffb20220902_073238_480.jpg?t=xoxe-3956620599968-6240746766294-6247387524178-110fc6768eefd7fcb909c4550875ed49",
        "thumb_480_w": 480,
        "thumb_480_h": 415,
        "thumb_160": "https://files.slack.com/files-tmb/T03U4J8HMUG-F0416AWSLLC-a538fd0c29/image_86f192ed-717d-4b6b-88d3-5fd54c189ffb20220902_073238_160.jpg?t=xoxe-3956620599968-6240746766294-6247387524178-110fc6768eefd7fcb909c4550875ed49",
        "thumb_720": "https://files.slack.com/files-tmb/T03U4J8HMUG-F0416AWSLLC-a538fd0c29/image_86f192ed-717d-4b6b-88d3-5fd54c189ffb20220902_073238_720.jpg?t=xoxe-3956620599968-6240746766294-6247387524178-110fc6768eefd7fcb909c4550875ed49",
        "thumb_720_w": 720,
        "thumb_720_h": 623,
        "thumb_800": "https://files.slack.com/files-tmb/T03U4J8HMUG-F0416AWSLLC-a538fd0c29/image_86f192ed-717d-4b6b-88d3-5fd54c189ffb20220902_073238_800.jpg?t=xoxe-3956620599968-6240746766294-6247387524178-110fc6768eefd7fcb909c4550875ed49",
        "thumb_800_w": 800,
        "thumb_800_h": 692,
        "thumb_960": "https://files.slack.com/files-tmb/T03U4J8HMUG-F0416AWSLLC-a538fd0c29/image_86f192ed-717d-4b6b-88d3-5fd54c189ffb20220902_073238_960.jpg?t=xoxe-3956620599968-6240746766294-6247387524178-110fc6768eefd7fcb909c4550875ed49",
        "thumb_960_w": 960,
        "thumb_960_h": 830,
        "thumb_1024": "https://files.slack.com/files-tmb/T03U4J8HMUG-F0416AWSLLC-a538fd0c29/image_86f192ed-717d-4b6b-88d3-5fd54c189ffb20220902_073238_1024.jpg?t=xoxe-3956620599968-6240746766294-6247387524178-110fc6768eefd7fcb909c4550875ed49",
        "thumb_1024_w": 1024,
        "thumb_1024_h": 886,
        "original_w": 1125,
        "original_h": 973,
        "thumb_tiny": "AwApADDRKA55PJz1pNnIIJ/On0hz2NADfLPqf++qTyz6n/vo04bs9aUnHUigBvl8cs350oQA53N+dKWx2H50Ak9qAELYOMUjNnjOKfUZADEetJgISVGBz70xiTg4H405qjU5bHWiI3sSocVLUQFS1TEFNZQecc06ikBFtYA5WkjUlumBU1FO4PUQACloopAf/9k=",
        "permalink": "https://10academybatch6.slack.com/files/U03UFV7TUTV/F0416AWSLLC/image_86f192ed-717d-4b6b-88d3-5fd54c189ffb20220902_073238.jpg",
        "permalink_public": "https://slack-files.com/T03U4J8HMUG-F0416AWSLLC-de6f8d2581",
        "is_starred": false,
        "has_rich_preview": false,
        "file_access": "visible"
      }
    ],
    "upload": false,
    "user": "U03UFV7TUTV",
    "display_as_bot": false,
    "ts": "1662398856.811029",
    "blocks": [
      {
        "type": "rich_text",
        "block_id": "vsygC",
        "elements": [
          {
            "type": "rich_text_section",
            "elements": []
          }
        ]
      }
    ],
    "client_msg_id": "98f077f5-ddbf-4fcf-a9fc-c7aea2854dd2"
  },
  {
    "client_msg_id": "78ac405c-aa2f-4528-aa71-75a2d61d8e82",
    "type": "message",
    "text": "<https://365datascience.com/tutorials/time-series-analysis-tutorials/time-series-forecasting-python/>",
    "user": "U03UG0SFHGT",
    "ts": "1662399075.378919",
    "blocks": [
      {
        "type": "rich_text",
        "block_id": "a1F",
        "elements": [
          {
            "type": "rich_text_section",
            "elements": [
              {
                "type": "link",
                "url": "https://365datascience.com/tutorials/time-series-analysis-tutorials/time-series-forecasting-python/"
              }
            ]
          }
        ]
      }
    ],
    "team": "T03U4J8HMUG",
    "user_team": "T03U4J8HMUG",
    "source_team": "T03U4J8HMUG",
    "user_profile": {
      "avatar_hash": "60e1cb8a7a1b",
      "image_72": "https://avatars.slack-edge.com/2022-08-20/3953568416743_60e1cb8a7a1b6c71c2bb_72.jpg",
      "first_name": "Willie",
      "real_name": "Willie Yang",
      "display_name": "Willie Yang",
      "team": "T03U4J8HMUG",
      "name": "Willie",
      "is_restricted": false,
      "is_ultra_restricted": false
    },
    "attachments": [
      {
        "from_url": "https://365datascience.com/tutorials/time-series-analysis-tutorials/time-series-forecasting-python/",
        "ts": 1630670310,
        "image_url": "https://365datascience.com/resources/blog/7941q1l42va-time-series-forecasting-in-python.jpg",
        "image_width": 438,
        "image_height": 250,
        "image_bytes": 119229,
        "service_icon": "https://365datascience.com/resources/favicon.ico",
        "id": 1,
        "original_url": "https://365datascience.com/tutorials/time-series-analysis-tutorials/time-series-forecasting-python/",
        "fallback": "365 Data Science: Time Series Forecasting in Python: A Quick Practical Guide | 365 Data Science",
        "text": "How can we predict future industry trends? Learn about time series forecasting in Python through a simple autoregressive example. Start now!",
        "title": "Time Series Forecasting in Python: A Quick Practical Guide | 365 Data Science",
        "title_link": "https://365datascience.com/tutorials/time-series-analysis-tutorials/time-series-forecasting-python/",
        "service_name": "365 Data Science"
      }
    ]
  },
  {
    "client_msg_id": "ac28c056-a1bd-44ea-a6a0-a0e4c589153c",
    "type": "message",
    "text": "<https://machinelearningmastery.com/time-series-forecasting/>",
    "user": "U03UG32J3PC",
    "ts": "1662399817.829559",
    "blocks": [
      {
        "type": "rich_text",
        "block_id": "WRUy",
        "elements": [
          {
            "type": "rich_text_section",
            "elements": [
              {
                "type": "link",
                "url": "https://machinelearningmastery.com/time-series-forecasting/"
              }
            ]
          }
        ]
      }
    ],
    "team": "T03U4J8HMUG",
    "user_team": "T03U4J8HMUG",
    "source_team": "T03U4J8HMUG",
    "user_profile": {
      "avatar_hash": "g9e7487b036e",
      "image_72": "https://secure.gravatar.com/avatar/9e7487b036ed726d016a0c5d8189773c.jpg?s=72&d=https%3A%2F%2Fa.slack-edge.com%2Fdf10d%2Fimg%2Favatars%2Fava_0005-72.png",
      "first_name": "April",
      "real_name": "April Lucas",
      "display_name": "April Lucas",
      "team": "T03U4J8HMUG",
      "name": "April",
      "is_restricted": false,
      "is_ultra_restricted": false
    },
    "reactions": [
      {
        "name": "+1",
        "users": [
          "U03UFV7TUTV"
        ],
        "count": 1
      }
    ]
  },
  {
    "client_msg_id": "4dc20c91-68cd-4aee-a5f8-a1e41ad930bd",
    "type": "message",
    "text": "<https://stackoverflow.com/questions/33091376/what-is-exactly-sklearn-pipeline-pipeline|https://stackoverflow.com/questions/33091376/what-is-exactly-sklearn-pipeline-pipeline>",
    "user": "U03UG32J3PC",
    "ts": "1662433253.535249",
    "blocks": [
      {
        "type": "rich_text",
        "block_id": "kQna",
        "elements": [
          {
            "type": "rich_text_section",
            "elements": [
              {
                "type": "link",
                "url": "https://stackoverflow.com/questions/33091376/what-is-exactly-sklearn-pipeline-pipeline",
                "text": "https://stackoverflow.com/questions/33091376/what-is-exactly-sklearn-pipeline-pipeline"
              }
            ]
          }
        ]
      }
    ],
    "team": "T03U4J8HMUG",
    "user_team": "T03U4J8HMUG",
    "source_team": "T03U4J8HMUG",
    "user_profile": {
      "avatar_hash": "g9e7487b036e",
      "image_72": "https://secure.gravatar.com/avatar/9e7487b036ed726d016a0c5d8189773c.jpg?s=72&d=https%3A%2F%2Fa.slack-edge.com%2Fdf10d%2Fimg%2Favatars%2Fava_0005-72.png",
      "first_name": "April",
      "real_name": "April Lucas",
      "display_name": "April Lucas",
      "team": "T03U4J8HMUG",
      "name": "April",
      "is_restricted": false,
      "is_ultra_restricted": false
    },
    "attachments": [
      {
        "from_url": "https://stackoverflow.com/questions/33091376/what-is-exactly-sklearn-pipeline-pipeline",
        "thumb_url": "https://cdn.sstatic.net/Sites/stackoverflow/Img/apple-touch-icon@2.png?v=73d79a89bded",
        "thumb_width": 316,
        "thumb_height": 316,
        "service_icon": "https://cdn.sstatic.net/Sites/stackoverflow/Img/apple-touch-icon.png?v=c78bd457575a",
        "id": 1,
        "original_url": "https://stackoverflow.com/questions/33091376/what-is-exactly-sklearn-pipeline-pipeline",
        "fallback": "Stack Overflow: What is exactly sklearn.pipeline.Pipeline?",
        "text": "I can't figure out how the sklearn.pipeline.Pipeline works exactly. There are a few explanation in the doc. For example what do they mean by: Pipeline of transforms with a final estimator. To ...",
        "title": "What is exactly sklearn.pipeline.Pipeline?",
        "title_link": "https://stackoverflow.com/questions/33091376/what-is-exactly-sklearn-pipeline-pipeline",
        "service_name": "Stack Overflow"
      }
    ]
  },
  {
    "client_msg_id": "8c8691d0-ce0b-44e2-b072-3b1f3f2d0118",
    "type": "message",
    "text": "<https://www.machinelearningplus.com/python/python-logging-guide/>",
    "user": "U03UG569P7U",
    "ts": "1662437218.677619",
    "blocks": [
      {
        "type": "rich_text",
        "block_id": "q1D",
        "elements": [
          {
            "type": "rich_text_section",
            "elements": [
              {
                "type": "link",
                "url": "https://www.machinelearningplus.com/python/python-logging-guide/"
              }
            ]
          }
        ]
      }
    ],
    "team": "T03U4J8HMUG",
    "user_team": "T03U4J8HMUG",
    "source_team": "T03U4J8HMUG",
    "user_profile": {
      "avatar_hash": "29bf17011a4a",
      "image_72": "https://avatars.slack-edge.com/2022-08-20/3968176356738_29bf17011a4a887b2730_72.png",
      "first_name": "Melissa",
      "real_name": "Melissa Ingram",
      "display_name": "Melissa Ingram",
      "team": "T03U4J8HMUG",
      "name": "Melissa",
      "is_restricted": false,
      "is_ultra_restricted": false
    },
    "attachments": [
      {
        "from_url": "https://www.machinelearningplus.com/python/python-logging-guide/",
        "ts": 1551614309,
        "thumb_url": "https://www.machinelearningplus.com/wp-content/uploads/2019/03/logging_feature.png",
        "thumb_width": 560,
        "thumb_height": 315,
        "service_icon": "https://www.machinelearningplus.com/wp-content/uploads/2021/06/cropped-Favicon-180x180.png",
        "id": 1,
        "original_url": "https://www.machinelearningplus.com/python/python-logging-guide/",
        "fallback": "Machine Learning Plus: Python Logging - Simplest Guide with Full Code and Examples | ML+",
        "text": "The logging module lets you track events by logging messages when your code runs so that when the code crashes you can check the logs and identify what caused it. Log messages have a built-in hierarchy from debugging, informational, warnings, error and critical messages. You can include traceback information as well. It is designed for small to large python projects with multiple modules and is highly recommended for any modular python programming. This post is a simple and clear explanation of how to use the logging module.",
        "title": "Python Logging - Simplest Guide with Full Code and Examples | ML+",
        "title_link": "https://www.machinelearningplus.com/python/python-logging-guide/",
        "service_name": "Machine Learning Plus",
        "fields": [
          {
            "value": "Selva Prabhakaran",
            "title": "Written by",
            "short": true
          },
          {
            "value": "10 minutes",
            "title": "Est. reading time",
            "short": true
          }
        ]
      }
    ]
  }
]