[
  {
    "client_msg_id": "23a6a29a-50df-4e7d-8681-ece9cb38537c",
    "type": "message",
    "text": "<https://hersanyagci.medium.com/detecting-and-handling-outliers-with-pandas-7adbfcd5cad8>",
    "user": "U03UG32J3PC",
    "ts": "1661501169.988379",
    "blocks": [
      {
        "type": "rich_text",
        "block_id": "MBv",
        "elements": [
          {
            "type": "rich_text_section",
            "elements": [
              {
                "type": "link",
                "url": "https://hersanyagci.medium.com/detecting-and-handling-outliers-with-pandas-7adbfcd5cad8"
              }
            ]
          }
        ]
      }
    ],
    "team": "T03U4J8HMUG",
    "user_team": "T03U4J8HMUG",
    "source_team": "T03U4J8HMUG",
    "user_profile": {
      "avatar_hash": "g9e7487b036e",
      "image_72": "https://secure.gravatar.com/avatar/9e7487b036ed726d016a0c5d8189773c.jpg?s=72&d=https%3A%2F%2Fa.slack-edge.com%2Fdf10d%2Fimg%2Favatars%2Fava_0005-72.png",
      "first_name": "April",
      "real_name": "April Lucas",
      "display_name": "April Lucas",
      "team": "T03U4J8HMUG",
      "name": "April",
      "is_restricted": false,
      "is_ultra_restricted": false
    },
    "attachments": [
      {
        "from_url": "https://hersanyagci.medium.com/detecting-and-handling-outliers-with-pandas-7adbfcd5cad8",
        "ts": 1610702052,
        "image_url": "https://miro.medium.com/max/481/1*n_ms1q5YoHAQXXUIfeADKQ.png",
        "image_width": 481,
        "image_height": 201,
        "image_bytes": 13931,
        "service_icon": "https://miro.medium.com/fit/c/152/152/1*sHhtYhaCe2Uc3IU0IgKwIQ.png",
        "id": 1,
        "original_url": "https://hersanyagci.medium.com/detecting-and-handling-outliers-with-pandas-7adbfcd5cad8",
        "fallback": "Medium: Detecting and Handling Outliers with Pandas",
        "text": "Data analysis is a long process. There are some steps to do this. First of all, we need to recognize the data. We have to know every\u2026",
        "title": "Detecting and Handling Outliers with Pandas",
        "title_link": "https://hersanyagci.medium.com/detecting-and-handling-outliers-with-pandas-7adbfcd5cad8",
        "service_name": "Medium",
        "fields": [
          {
            "value": "6 min read",
            "title": "Reading time",
            "short": true
          }
        ]
      }
    ]
  },
  {
    "client_msg_id": "3faaee5f-9677-4445-9845-db0f14c63f33",
    "type": "message",
    "text": "<https://towardsdatascience.com/understanding-k-means-clustering-in-machine-learning-6a6e67336aa1>",
    "user": "U03UUR571A5",
    "ts": "1661501455.544659",
    "blocks": [
      {
        "type": "rich_text",
        "block_id": "cVsw",
        "elements": [
          {
            "type": "rich_text_section",
            "elements": [
              {
                "type": "link",
                "url": "https://towardsdatascience.com/understanding-k-means-clustering-in-machine-learning-6a6e67336aa1"
              }
            ]
          }
        ]
      }
    ],
    "team": "T03U4J8HMUG",
    "user_team": "T03U4J8HMUG",
    "source_team": "T03U4J8HMUG",
    "user_profile": {
      "avatar_hash": "g95c5cde44bc",
      "image_72": "https://secure.gravatar.com/avatar/95c5cde44bc023bd369920b7e1ed0c94.jpg?s=72&d=https%3A%2F%2Fa.slack-edge.com%2Fdf10d%2Fimg%2Favatars%2Fava_0017-72.png",
      "first_name": "Amy",
      "real_name": "Amy Leon",
      "display_name": "Amy Leon",
      "team": "T03U4J8HMUG",
      "name": "Amy",
      "is_restricted": false,
      "is_ultra_restricted": false
    },
    "attachments": [
      {
        "from_url": "https://towardsdatascience.com/understanding-k-means-clustering-in-machine-learning-6a6e67336aa1",
        "ts": 1536787377,
        "image_url": "https://miro.medium.com/max/374/0*AYHo5J8MUmngdjxa",
        "image_width": 374,
        "image_height": 247,
        "image_bytes": 7136,
        "service_icon": "https://miro.medium.com/fit/c/152/152/1*sHhtYhaCe2Uc3IU0IgKwIQ.png",
        "id": 1,
        "original_url": "https://towardsdatascience.com/understanding-k-means-clustering-in-machine-learning-6a6e67336aa1",
        "fallback": "Medium: Understanding K-means Clustering in Machine Learning",
        "text": "K-means clustering is one of the simplest and popular unsupervised machine learning algorithms.",
        "title": "Understanding K-means Clustering in Machine Learning",
        "title_link": "https://towardsdatascience.com/understanding-k-means-clustering-in-machine-learning-6a6e67336aa1",
        "service_name": "Medium",
        "fields": [
          {
            "value": "5 min read",
            "title": "Reading time",
            "short": true
          }
        ]
      }
    ],
    "reactions": [
      {
        "name": "+1",
        "users": [
          "U03UFV7TUTV"
        ],
        "count": 1
      }
    ]
  },
  {
    "client_msg_id": "619f3159-b5de-499d-8740-2dff1946be11",
    "type": "message",
    "text": "<https://scikit-learn.org/stable/modules/generated/sklearn.metrics.pairwise.euclidean_distances.html>",
    "user": "U03UH397319",
    "ts": "1661504956.617489",
    "blocks": [
      {
        "type": "rich_text",
        "block_id": "bJ5R",
        "elements": [
          {
            "type": "rich_text_section",
            "elements": [
              {
                "type": "link",
                "url": "https://scikit-learn.org/stable/modules/generated/sklearn.metrics.pairwise.euclidean_distances.html"
              }
            ]
          }
        ]
      }
    ],
    "team": "T03U4J8HMUG",
    "user_team": "T03U4J8HMUG",
    "source_team": "T03U4J8HMUG",
    "user_profile": {
      "avatar_hash": "gc7c2fbea497",
      "image_72": "https://secure.gravatar.com/avatar/c7c2fbea4976d191e3ad19004e067c11.jpg?s=72&d=https%3A%2F%2Fa.slack-edge.com%2Fdf10d%2Fimg%2Favatars%2Fava_0014-72.png",
      "first_name": "Brenda",
      "real_name": "Brenda Hernandez",
      "display_name": "Brenda Hernandez",
      "team": "T03U4J8HMUG",
      "name": "Brenda",
      "is_restricted": false,
      "is_ultra_restricted": false
    },
    "attachments": [
      {
        "from_url": "https://scikit-learn.org/stable/modules/generated/sklearn.metrics.pairwise.euclidean_distances.html",
        "image_url": "https://scikit-learn.org/stable/_static/scikit-learn-logo-small.png",
        "image_width": 160,
        "image_height": 58,
        "image_bytes": 5468,
        "service_icon": "https://scikit-learn.org/stable/_static/favicon.ico",
        "id": 1,
        "original_url": "https://scikit-learn.org/stable/modules/generated/sklearn.metrics.pairwise.euclidean_distances.html",
        "fallback": "scikit-learn: sklearn.metrics.pairwise.euclidean_distances",
        "title": "sklearn.metrics.pairwise.euclidean_distances",
        "title_link": "https://scikit-learn.org/stable/modules/generated/sklearn.metrics.pairwise.euclidean_distances.html",
        "service_name": "scikit-learn"
      }
    ]
  },
  {
    "client_msg_id": "f7d68953-46f7-455f-a9f3-376cb8fdacef",
    "type": "message",
    "text": "<https://www.statology.org/label-encoding-in-python/>",
    "user": "U03UD5B7C3X",
    "ts": "1661506794.502069",
    "blocks": [
      {
        "type": "rich_text",
        "block_id": "0JJ4",
        "elements": [
          {
            "type": "rich_text_section",
            "elements": [
              {
                "type": "link",
                "url": "https://www.statology.org/label-encoding-in-python/"
              }
            ]
          }
        ]
      }
    ],
    "team": "T03U4J8HMUG",
    "user_team": "T03U4J8HMUG",
    "source_team": "T03U4J8HMUG",
    "user_profile": {
      "avatar_hash": "gb4893f68d1b",
      "image_72": "https://secure.gravatar.com/avatar/b4893f68d1b3098aa61b283721cedfbb.jpg?s=72&d=https%3A%2F%2Fa.slack-edge.com%2Fdf10d%2Fimg%2Favatars%2Fava_0005-72.png",
      "first_name": "Elizabeth",
      "real_name": "Elizabeth Hall",
      "display_name": "Elizabeth Hall",
      "team": "T03U4J8HMUG",
      "name": "Elizabeth",
      "is_restricted": false,
      "is_ultra_restricted": false
    },
    "attachments": [
      {
        "from_url": "https://www.statology.org/label-encoding-in-python/",
        "ts": 1659964659,
        "image_url": "https://www.statology.org/wp-content/uploads/2022/08/labelencode2-1.jpg",
        "image_width": 404,
        "image_height": 250,
        "image_bytes": 60354,
        "service_icon": "https://www.statology.org/wp-content/uploads/2019/08/cropped-StatologyFavicon-180x180.png",
        "id": 1,
        "original_url": "https://www.statology.org/label-encoding-in-python/",
        "fallback": "Statology: How to Perform Label Encoding in Python (With Example) - Statology",
        "text": "This tutorial explains how to perform label encoding in Python, including an example.",
        "title": "How to Perform Label Encoding in Python (With Example) - Statology",
        "title_link": "https://www.statology.org/label-encoding-in-python/",
        "service_name": "Statology",
        "fields": [
          {
            "value": "Zach",
            "title": "Written by",
            "short": true
          },
          {
            "value": "2 minutes",
            "title": "Est. reading time",
            "short": true
          }
        ]
      }
    ]
  },
  {
    "client_msg_id": "9fe2cb93-0232-45d3-a9c2-f1ea3c6c21c0",
    "type": "message",
    "text": "<https://10academy.notion.site/Github-Submissions-d113da4646be47cc924aa669a796b9ee>",
    "user": "U03UYNR4TS4",
    "ts": "1661507101.180239",
    "blocks": [
      {
        "type": "rich_text",
        "block_id": "1xA",
        "elements": [
          {
            "type": "rich_text_section",
            "elements": [
              {
                "type": "link",
                "url": "https://10academy.notion.site/Github-Submissions-d113da4646be47cc924aa669a796b9ee"
              }
            ]
          }
        ]
      }
    ],
    "team": "T03U4J8HMUG",
    "user_team": "T03U4J8HMUG",
    "source_team": "T03U4J8HMUG",
    "user_profile": {
      "avatar_hash": "ece89da354cc",
      "image_72": "https://avatars.slack-edge.com/2022-08-18/3954468496694_ece89da354cc65fa4a95_72.png",
      "first_name": "Patrick",
      "real_name": "Patrick Hernandez",
      "display_name": "Patrick Hernandez",
      "team": "T03U4J8HMUG",
      "name": "Patrick",
      "is_restricted": false,
      "is_ultra_restricted": false
    },
    "attachments": [
      {
        "from_url": "https://10academy.notion.site/Github-Submissions-d113da4646be47cc924aa669a796b9ee",
        "service_icon": "https://10academy.notion.site/images/favicon.ico",
        "id": 1,
        "original_url": "https://10academy.notion.site/Github-Submissions-d113da4646be47cc924aa669a796b9ee",
        "fallback": "10 Academy on Notion: Github Submissions",
        "text": "Empty repositories: \u25e6 It is advised that empty repositories should not be submitted for evaluation. The trainee should add at least an empty python file",
        "title": "Github Submissions",
        "title_link": "https://10academy.notion.site/Github-Submissions-d113da4646be47cc924aa669a796b9ee",
        "service_name": "10 Academy on Notion"
      }
    ]
  },
  {
    "client_msg_id": "aa1e0f92-038d-487a-855c-e5936c4aa1c0",
    "type": "message",
    "text": "<https://10academy.notion.site/Slack-and-Gmeet-Joining-Instruction-cd834ed94589480e8fb5c268959a75b0>",
    "user": "U03UYNR4TS4",
    "ts": "1661507117.076319",
    "blocks": [
      {
        "type": "rich_text",
        "block_id": "Oe5dZ",
        "elements": [
          {
            "type": "rich_text_section",
            "elements": [
              {
                "type": "link",
                "url": "https://10academy.notion.site/Slack-and-Gmeet-Joining-Instruction-cd834ed94589480e8fb5c268959a75b0"
              }
            ]
          }
        ]
      }
    ],
    "team": "T03U4J8HMUG",
    "user_team": "T03U4J8HMUG",
    "source_team": "T03U4J8HMUG",
    "user_profile": {
      "avatar_hash": "ece89da354cc",
      "image_72": "https://avatars.slack-edge.com/2022-08-18/3954468496694_ece89da354cc65fa4a95_72.png",
      "first_name": "Patrick",
      "real_name": "Patrick Hernandez",
      "display_name": "Patrick Hernandez",
      "team": "T03U4J8HMUG",
      "name": "Patrick",
      "is_restricted": false,
      "is_ultra_restricted": false
    },
    "attachments": [
      {
        "from_url": "https://10academy.notion.site/Slack-and-Gmeet-Joining-Instruction-cd834ed94589480e8fb5c268959a75b0",
        "service_icon": "https://10academy.notion.site/images/favicon.ico",
        "id": 1,
        "original_url": "https://10academy.notion.site/Slack-and-Gmeet-Joining-Instruction-cd834ed94589480e8fb5c268959a75b0",
        "fallback": "10 Academy on Notion: Slack and Gmeet Joining Instruction",
        "text": "For us To consider your slack and gmeet participation please follow the guideline below",
        "title": "Slack and Gmeet Joining Instruction",
        "title_link": "https://10academy.notion.site/Slack-and-Gmeet-Joining-Instruction-cd834ed94589480e8fb5c268959a75b0",
        "service_name": "10 Academy on Notion"
      }
    ]
  },
  {
    "client_msg_id": "009d0159-d883-4f5a-a9ed-c24ecdd2978f",
    "type": "message",
    "text": "I hope this link would please you with all the needs of a first glance....\n\n<https://towardsdatascience.com/how-to-build-your-first-machine-learning-model-in-python-e70fd1907cdd|https://towardsdatascience.com/how-to-build-your-first-machine-learning-model-in-python-e70fd1907cdd>",
    "user": "U03UG0YHAUT",
    "ts": "1661510165.076169",
    "blocks": [
      {
        "type": "rich_text",
        "block_id": "Ly3N+",
        "elements": [
          {
            "type": "rich_text_section",
            "elements": [
              {
                "type": "text",
                "text": "I hope this link would please you with all the needs of a first glance....\n\n"
              },
              {
                "type": "link",
                "url": "https://towardsdatascience.com/how-to-build-your-first-machine-learning-model-in-python-e70fd1907cdd",
                "text": "https://towardsdatascience.com/how-to-build-your-first-machine-learning-model-in-python-e70fd1907cdd"
              }
            ]
          }
        ]
      }
    ],
    "team": "T03U4J8HMUG",
    "user_team": "T03U4J8HMUG",
    "source_team": "T03U4J8HMUG",
    "user_profile": {
      "avatar_hash": "e7b0c8269999",
      "image_72": "https://avatars.slack-edge.com/2022-09-20/4099393715542_e7b0c82699998d3b3ade_72.jpg",
      "first_name": "Daniel",
      "real_name": "Daniel Brown",
      "display_name": "Daniel Brown",
      "team": "T03U4J8HMUG",
      "name": "Daniel",
      "is_restricted": false,
      "is_ultra_restricted": false
    },
    "attachments": [
      {
        "from_url": "https://towardsdatascience.com/how-to-build-your-first-machine-learning-model-in-python-e70fd1907cdd",
        "ts": 1622777910,
        "image_url": "https://miro.medium.com/max/1200/1*fKB3WVKw7QKcoaA1reAelQ.jpeg",
        "image_width": 625,
        "image_height": 250,
        "image_bytes": 96153,
        "service_icon": "https://miro.medium.com/fit/c/152/152/1*sHhtYhaCe2Uc3IU0IgKwIQ.png",
        "id": 1,
        "original_url": "https://towardsdatascience.com/how-to-build-your-first-machine-learning-model-in-python-e70fd1907cdd",
        "fallback": "Medium: How to Build your First Machine Learning Model in Python",
        "text": "A while back I wrote a blog on How to Build a Machine Learning Model (A Visual Guide to Learning Data Science) which takes you on a visual and conceptual journey on how a machine learning model is\u2026",
        "title": "How to Build your First Machine Learning Model in Python",
        "title_link": "https://towardsdatascience.com/how-to-build-your-first-machine-learning-model-in-python-e70fd1907cdd",
        "service_name": "Medium",
        "fields": [
          {
            "value": "11 min read",
            "title": "Reading time",
            "short": true
          }
        ]
      }
    ]
  },
  {
    "client_msg_id": "8b4d2d2d-b860-49da-b1f4-84647db0d41c",
    "type": "message",
    "text": "this page really helped me for doing Kmeans clustering and cluster visualization in 3D\n<https://www.kaggle.com/code/naren3256/kmeans-clustering-and-cluster-visualization-in-3d/notebook>",
    "user": "U03UG1RTXAP",
    "ts": "1661510345.791289",
    "blocks": [
      {
        "type": "rich_text",
        "block_id": "KCN",
        "elements": [
          {
            "type": "rich_text_section",
            "elements": [
              {
                "type": "text",
                "text": "this page really helped me for doing Kmeans clustering and cluster visualization in 3D\n"
              },
              {
                "type": "link",
                "url": "https://www.kaggle.com/code/naren3256/kmeans-clustering-and-cluster-visualization-in-3d/notebook"
              }
            ]
          }
        ]
      }
    ],
    "team": "T03U4J8HMUG",
    "user_team": "T03U4J8HMUG",
    "source_team": "T03U4J8HMUG",
    "user_profile": {
      "avatar_hash": "4a47bcde06a6",
      "image_72": "https://avatars.slack-edge.com/2022-08-29/3989921480247_4a47bcde06a62bb81775_72.jpg",
      "first_name": "Carol",
      "real_name": "Carol Kaiser",
      "display_name": "Carol Kaiser",
      "team": "T03U4J8HMUG",
      "name": "Carol",
      "is_restricted": false,
      "is_ultra_restricted": false
    },
    "attachments": [
      {
        "from_url": "https://www.kaggle.com/code/naren3256/kmeans-clustering-and-cluster-visualization-in-3d/notebook",
        "thumb_url": "https://storage.googleapis.com/kaggle-avatars/thumbnails/default-thumb.png",
        "thumb_width": 160,
        "thumb_height": 160,
        "service_icon": "https://www.kaggle.com/favicon.ico",
        "id": 1,
        "original_url": "https://www.kaggle.com/code/naren3256/kmeans-clustering-and-cluster-visualization-in-3d/notebook",
        "fallback": "Kmeans clustering and cluster visualization in 3D",
        "text": "Explore and run machine learning code with Kaggle Notebooks | Using data from Mall Customer Segmentation Data",
        "title": "Kmeans clustering and cluster visualization in 3D",
        "title_link": "https://www.kaggle.com/code/naren3256/kmeans-clustering-and-cluster-visualization-in-3d/notebook",
        "service_name": "kaggle.com"
      }
    ]
  },
  {
    "client_msg_id": "527d3056-a3f4-46d6-b63a-19fbda2ed133",
    "type": "message",
    "text": "I found this link useful about PCA.\n<https://www.datacamp.com/tutorial/principal-component-analysis-in-python>",
    "user": "U03U9FWPNCE",
    "ts": "1661510611.220499",
    "blocks": [
      {
        "type": "rich_text",
        "block_id": "MgG",
        "elements": [
          {
            "type": "rich_text_section",
            "elements": [
              {
                "type": "text",
                "text": "I found this link useful about PCA.\n"
              },
              {
                "type": "link",
                "url": "https://www.datacamp.com/tutorial/principal-component-analysis-in-python"
              }
            ]
          }
        ]
      }
    ],
    "team": "T03U4J8HMUG",
    "user_team": "T03U4J8HMUG",
    "source_team": "T03U4J8HMUG",
    "user_profile": {
      "avatar_hash": "2d070dcf37d6",
      "image_72": "https://avatars.slack-edge.com/2022-08-20/3991845605680_2d070dcf37d67d809af7_72.jpg",
      "first_name": "Anita",
      "real_name": "Anita Rodriguez",
      "display_name": "Anita Rodriguez",
      "team": "T03U4J8HMUG",
      "name": "Anita",
      "is_restricted": false,
      "is_ultra_restricted": false
    },
    "thread_ts": "1661510611.220499",
    "reply_count": 1,
    "reply_users_count": 1,
    "latest_reply": "1661514216.437589",
    "reply_users": [
      "U03U9FWPNCE"
    ],
    "replies": [
      {
        "user": "U03U9FWPNCE",
        "ts": "1661514216.437589"
      }
    ],
    "is_locked": false,
    "subscribed": false
  },
  {
    "client_msg_id": "28ca426b-149e-4844-98a7-f00e7531e624",
    "type": "message",
    "text": "<https://towardsdatascience.com/pca-using-python-scikit-learn-e653f8989e60>",
    "user": "U03U9FWPNCE",
    "ts": "1661514216.437589",
    "blocks": [
      {
        "type": "rich_text",
        "block_id": "/zKY",
        "elements": [
          {
            "type": "rich_text_section",
            "elements": [
              {
                "type": "link",
                "url": "https://towardsdatascience.com/pca-using-python-scikit-learn-e653f8989e60"
              }
            ]
          }
        ]
      }
    ],
    "team": "T03U4J8HMUG",
    "user_team": "T03U4J8HMUG",
    "source_team": "T03U4J8HMUG",
    "user_profile": {
      "avatar_hash": "2d070dcf37d6",
      "image_72": "https://avatars.slack-edge.com/2022-08-20/3991845605680_2d070dcf37d67d809af7_72.jpg",
      "first_name": "Anita",
      "real_name": "Anita Rodriguez",
      "display_name": "Anita Rodriguez",
      "team": "T03U4J8HMUG",
      "name": "Anita",
      "is_restricted": false,
      "is_ultra_restricted": false
    },
    "attachments": [
      {
        "from_url": "https://towardsdatascience.com/pca-using-python-scikit-learn-e653f8989e60",
        "ts": 1651041462,
        "image_url": "https://miro.medium.com/max/1050/1*Gob8ZbScyM7hHUHjvrMJYg.png",
        "image_width": 671,
        "image_height": 250,
        "image_bytes": 67860,
        "service_icon": "https://miro.medium.com/fit/c/152/152/1*sHhtYhaCe2Uc3IU0IgKwIQ.png",
        "id": 1,
        "original_url": "https://towardsdatascience.com/pca-using-python-scikit-learn-e653f8989e60",
        "fallback": "Medium: PCA using Python (scikit-learn)",
        "text": "My last tutorial went over Logistic Regression using Python. One of the things learned was that you can speed up the fitting of a machine learning algorithm by changing the optimization algorithm. A\u2026",
        "title": "PCA using Python (scikit-learn)",
        "title_link": "https://towardsdatascience.com/pca-using-python-scikit-learn-e653f8989e60",
        "service_name": "Medium",
        "fields": [
          {
            "value": "8 min read",
            "title": "Reading time",
            "short": true
          }
        ]
      }
    ],
    "thread_ts": "1661510611.220499",
    "parent_user_id": "U03U9FWPNCE"
  },
  {
    "client_msg_id": "e214ecb3-6957-4696-9fb7-4289c0143364",
    "type": "message",
    "text": "I have found this resource very helpful I recommend you to go through it\n\n<https://quickstarts.snowflake.com/guide/getting_started_with_snowpark_for_python_streamlit/index.html?index=..%2F..index#0|https://quickstarts.snowflake.com/guide/getting_started_with_snowpark_for_python_streamlit/index.html?index=..%2F..index#0>",
    "user": "U03UG0YHAUT",
    "ts": "1661515945.055089",
    "blocks": [
      {
        "type": "rich_text",
        "block_id": "k2v7",
        "elements": [
          {
            "type": "rich_text_section",
            "elements": [
              {
                "type": "text",
                "text": "I have found this resource very helpful I recommend you to go through it\n\n"
              },
              {
                "type": "link",
                "url": "https://quickstarts.snowflake.com/guide/getting_started_with_snowpark_for_python_streamlit/index.html?index=..%2F..index#0",
                "text": "https://quickstarts.snowflake.com/guide/getting_started_with_snowpark_for_python_streamlit/index.html?index=..%2F..index#0"
              }
            ]
          }
        ]
      }
    ],
    "team": "T03U4J8HMUG",
    "user_team": "T03U4J8HMUG",
    "source_team": "T03U4J8HMUG",
    "user_profile": {
      "avatar_hash": "e7b0c8269999",
      "image_72": "https://avatars.slack-edge.com/2022-09-20/4099393715542_e7b0c82699998d3b3ade_72.jpg",
      "first_name": "Daniel",
      "real_name": "Daniel Brown",
      "display_name": "Daniel Brown",
      "team": "T03U4J8HMUG",
      "name": "Daniel",
      "is_restricted": false,
      "is_ultra_restricted": false
    }
  },
  {
    "client_msg_id": "e9790e34-83a5-4eb5-b500-8118561a284c",
    "type": "message",
    "text": "<https://hands-on.cloud/how-to-build-python-data-science-docker-container-based-on-anaconda/>",
    "user": "U03UVHCV6KB",
    "ts": "1661516511.542689",
    "blocks": [
      {
        "type": "rich_text",
        "block_id": "flE",
        "elements": [
          {
            "type": "rich_text_section",
            "elements": [
              {
                "type": "link",
                "url": "https://hands-on.cloud/how-to-build-python-data-science-docker-container-based-on-anaconda/"
              }
            ]
          }
        ]
      }
    ],
    "team": "T03U4J8HMUG",
    "user_team": "T03U4J8HMUG",
    "source_team": "T03U4J8HMUG",
    "user_profile": {
      "avatar_hash": "gc9619121f99",
      "image_72": "https://secure.gravatar.com/avatar/c9619121f998ee4a7e46177f2a5729de.jpg?s=72&d=https%3A%2F%2Fa.slack-edge.com%2Fdf10d%2Fimg%2Favatars%2Fava_0002-72.png",
      "first_name": "Travis",
      "real_name": "Travis Butler",
      "display_name": "Travis Butler",
      "team": "T03U4J8HMUG",
      "name": "Travis",
      "is_restricted": false,
      "is_ultra_restricted": false
    },
    "attachments": [
      {
        "from_url": "https://hands-on.cloud/how-to-build-python-data-science-docker-container-based-on-anaconda/",
        "ts": 1612651620,
        "image_url": "https://hands-on.cloud/wp-content/uploads/2021/02/How-to-build-Python-Data-Science-Docker-container-based-on-Anaconda.jpg",
        "image_width": 500,
        "image_height": 250,
        "image_bytes": 23988,
        "service_icon": "https://hands-on.cloud/favicon.ico",
        "id": 1,
        "original_url": "https://hands-on.cloud/how-to-build-python-data-science-docker-container-based-on-anaconda/",
        "fallback": "Hands-On-Cloud: How to build Anaconda Python Data Science Docker container",
        "text": "This article covers how to build a Docker container for Machine Learning (ML) development environment for Python and Conda environments.",
        "title": "How to build Anaconda Python Data Science Docker container",
        "title_link": "https://hands-on.cloud/how-to-build-python-data-science-docker-container-based-on-anaconda/",
        "service_name": "Hands-On-Cloud",
        "fields": [
          {
            "value": "Andrei Maksimov",
            "title": "Written by",
            "short": true
          },
          {
            "value": "4 minutes",
            "title": "Est. reading time",
            "short": true
          }
        ]
      }
    ]
  },
  {
    "client_msg_id": "a200dcf9-09b4-4335-a824-2ad564ec6119",
    "type": "message",
    "text": "forwarded from a colleague <@U03UD68RQH3>",
    "user": "U03UVHCV6KB",
    "ts": "1661516531.240399",
    "blocks": [
      {
        "type": "rich_text",
        "block_id": "18o",
        "elements": [
          {
            "type": "rich_text_section",
            "elements": [
              {
                "type": "text",
                "text": "forwarded from a colleague "
              },
              {
                "type": "user",
                "user_id": "U03UD68RQH3"
              }
            ]
          }
        ]
      }
    ],
    "team": "T03U4J8HMUG",
    "user_team": "T03U4J8HMUG",
    "source_team": "T03U4J8HMUG",
    "user_profile": {
      "avatar_hash": "gc9619121f99",
      "image_72": "https://secure.gravatar.com/avatar/c9619121f998ee4a7e46177f2a5729de.jpg?s=72&d=https%3A%2F%2Fa.slack-edge.com%2Fdf10d%2Fimg%2Favatars%2Fava_0002-72.png",
      "first_name": "Travis",
      "real_name": "Travis Butler",
      "display_name": "Travis Butler",
      "team": "T03U4J8HMUG",
      "name": "Travis",
      "is_restricted": false,
      "is_ultra_restricted": false
    }
  },
  {
    "client_msg_id": "0a91d757-cda6-49d1-8330-c7cb7bf10bf7",
    "type": "message",
    "text": "<https://docs.docker.com/desktop/install/windows-install/> for windows users",
    "user": "U03UD68RQH3",
    "ts": "1661519907.646449",
    "blocks": [
      {
        "type": "rich_text",
        "block_id": "DncA",
        "elements": [
          {
            "type": "rich_text_section",
            "elements": [
              {
                "type": "link",
                "url": "https://docs.docker.com/desktop/install/windows-install/"
              },
              {
                "type": "text",
                "text": " for windows users"
              }
            ]
          }
        ]
      }
    ],
    "team": "T03U4J8HMUG",
    "user_team": "T03U4J8HMUG",
    "source_team": "T03U4J8HMUG",
    "user_profile": {
      "avatar_hash": "20cf1bb98890",
      "image_72": "https://avatars.slack-edge.com/2022-09-19/4112933864561_20cf1bb98890146c716f_72.png",
      "first_name": "Brady",
      "real_name": "Brady Rhodes",
      "display_name": "Brady Rhodes",
      "team": "T03U4J8HMUG",
      "name": "Brady",
      "is_restricted": false,
      "is_ultra_restricted": false
    },
    "attachments": [
      {
        "from_url": "https://docs.docker.com/desktop/install/windows-install/",
        "ts": 1661511100,
        "image_url": "https://docs.docker.com/images/docs@2x.png",
        "image_width": 475,
        "image_height": 250,
        "image_bytes": 27740,
        "service_icon": "https://docs.docker.com/favicons/docs@2x.ico",
        "id": 1,
        "original_url": "https://docs.docker.com/desktop/install/windows-install/",
        "fallback": "Docker Documentation: Install Docker Desktop on Windows",
        "text": "How to install Docker Desktop for Windows",
        "title": "Install Docker Desktop on Windows",
        "title_link": "https://docs.docker.com/desktop/install/windows-install/",
        "service_name": "Docker Documentation"
      }
    ]
  },
  {
    "client_msg_id": "a0e59937-4942-4e62-94f8-f6a43693822b",
    "type": "message",
    "text": "This is by far the best docker tutorial :point_down: <https://www.youtube.com/watch?v=fqMOX6JJhGo>",
    "user": "U03UD68RQH3",
    "ts": "1661520757.178509",
    "blocks": [
      {
        "type": "rich_text",
        "block_id": "J4QB",
        "elements": [
          {
            "type": "rich_text_section",
            "elements": [
              {
                "type": "text",
                "text": "This is by far the best docker tutorial "
              },
              {
                "type": "emoji",
                "name": "point_down",
                "unicode": "1f447"
              },
              {
                "type": "text",
                "text": " "
              },
              {
                "type": "link",
                "url": "https://www.youtube.com/watch?v=fqMOX6JJhGo"
              }
            ]
          }
        ]
      }
    ],
    "team": "T03U4J8HMUG",
    "user_team": "T03U4J8HMUG",
    "source_team": "T03U4J8HMUG",
    "user_profile": {
      "avatar_hash": "20cf1bb98890",
      "image_72": "https://avatars.slack-edge.com/2022-09-19/4112933864561_20cf1bb98890146c716f_72.png",
      "first_name": "Brady",
      "real_name": "Brady Rhodes",
      "display_name": "Brady Rhodes",
      "team": "T03U4J8HMUG",
      "name": "Brady",
      "is_restricted": false,
      "is_ultra_restricted": false
    },
    "attachments": [
      {
        "from_url": "https://www.youtube.com/watch?v=fqMOX6JJhGo",
        "thumb_url": "https://i.ytimg.com/vi/fqMOX6JJhGo/hqdefault.jpg",
        "thumb_width": 480,
        "thumb_height": 360,
        "video_html": "<iframe width=\"400\" height=\"225\" src=\"https://www.youtube.com/embed/fqMOX6JJhGo?feature=oembed&autoplay=1&iv_load_policy=3\" frameborder=\"0\" allow=\"accelerometer; autoplay; clipboard-write; encrypted-media; gyroscope; picture-in-picture\" allowfullscreen title=\"Docker Tutorial for Beginners - A Full DevOps Course on How to Run Applications in Containers\"></iframe>",
        "video_html_width": 400,
        "video_html_height": 225,
        "service_icon": "https://a.slack-edge.com/80588/img/unfurl_icons/youtube.png",
        "id": 1,
        "original_url": "https://www.youtube.com/watch?v=fqMOX6JJhGo",
        "fallback": "YouTube Video: Docker Tutorial for Beginners - A Full DevOps Course on How to Run Applications in Containers",
        "title": "Docker Tutorial for Beginners - A Full DevOps Course on How to Run Applications in Containers",
        "title_link": "https://www.youtube.com/watch?v=fqMOX6JJhGo",
        "author_name": "freeCodeCamp.org",
        "author_link": "https://www.youtube.com/c/Freecodecamp",
        "service_name": "YouTube",
        "service_url": "https://www.youtube.com/"
      }
    ],
    "thread_ts": "1661520757.178509",
    "reply_count": 3,
    "reply_users_count": 3,
    "latest_reply": "1661594268.118279",
    "reply_users": [
      "U03U93GNNVB",
      "U03V8LHPDME",
      "U03UD68RQH3"
    ],
    "replies": [
      {
        "user": "U03U93GNNVB",
        "ts": "1661523211.128689"
      },
      {
        "user": "U03V8LHPDME",
        "ts": "1661593473.080579"
      },
      {
        "user": "U03UD68RQH3",
        "ts": "1661594268.118279"
      }
    ],
    "is_locked": false,
    "subscribed": false
  },
  {
    "client_msg_id": "2c5ee5f1-d3a4-4220-a7e8-a7fb46e8d6c8",
    "type": "message",
    "text": "<https://quickref.me/docker>",
    "user": "U03UD68RQH3",
    "ts": "1661521255.759169",
    "blocks": [
      {
        "type": "rich_text",
        "block_id": "Us1F",
        "elements": [
          {
            "type": "rich_text_section",
            "elements": [
              {
                "type": "link",
                "url": "https://quickref.me/docker"
              }
            ]
          }
        ]
      }
    ],
    "team": "T03U4J8HMUG",
    "user_team": "T03U4J8HMUG",
    "source_team": "T03U4J8HMUG",
    "user_profile": {
      "avatar_hash": "20cf1bb98890",
      "image_72": "https://avatars.slack-edge.com/2022-09-19/4112933864561_20cf1bb98890146c716f_72.png",
      "first_name": "Brady",
      "real_name": "Brady Rhodes",
      "display_name": "Brady Rhodes",
      "team": "T03U4J8HMUG",
      "name": "Brady",
      "is_restricted": false,
      "is_ultra_restricted": false
    },
    "attachments": [
      {
        "from_url": "https://quickref.me/docker",
        "image_url": "https://quickref.me/assets/image/docker-preview.png?v=g20ln",
        "image_width": 459,
        "image_height": 250,
        "image_bytes": 219589,
        "service_icon": "https://quickref.me/images/favicon.png?v=1",
        "id": 1,
        "original_url": "https://quickref.me/docker",
        "fallback": "QuickRef.ME: Docker Cheat Sheet &amp; Quick Reference",
        "text": "This is a quick reference cheat sheet for Docker. And you can find the most common Docker commands here.",
        "title": "Docker Cheat Sheet &amp; Quick Reference",
        "title_link": "https://quickref.me/docker",
        "service_name": "QuickRef.ME"
      }
    ]
  },
  {
    "client_msg_id": "0ea11519-216e-4340-8358-d70ba9d3c4e8",
    "type": "message",
    "text": "better than <@U03V8LHPDME>?",
    "user": "U03U93GNNVB",
    "ts": "1661523211.128689",
    "blocks": [
      {
        "type": "rich_text",
        "block_id": "Ce0",
        "elements": [
          {
            "type": "rich_text_section",
            "elements": [
              {
                "type": "text",
                "text": "better than "
              },
              {
                "type": "user",
                "user_id": "U03V8LHPDME"
              },
              {
                "type": "text",
                "text": "?"
              }
            ]
          }
        ]
      }
    ],
    "team": "T03U4J8HMUG",
    "user_team": "T03U4J8HMUG",
    "source_team": "T03U4J8HMUG",
    "user_profile": {
      "avatar_hash": "a49779ad093d",
      "image_72": "https://avatars.slack-edge.com/2022-08-22/3994045204528_a49779ad093d4fc39a87_72.jpg",
      "first_name": "Katherine",
      "real_name": "Katherine Foster",
      "display_name": "Katherine Foster",
      "team": "T03U4J8HMUG",
      "name": "Katherine",
      "is_restricted": false,
      "is_ultra_restricted": false
    },
    "thread_ts": "1661520757.178509",
    "parent_user_id": "U03UD68RQH3",
    "reactions": [
      {
        "name": "grinning",
        "users": [
          "U03UD68RQH3"
        ],
        "count": 1
      }
    ]
  },
  {
    "client_msg_id": "d8407b03-4091-479f-abd6-f427119d8ae8",
    "type": "message",
    "text": "<https://www.forbes.com/sites/cognitiveworld/2021/05/30/the-five-ways-to-build-machine-learning-models/?sh=6beffcf511a8|https://www.forbes.com/sites/cognitiveworld/2021/05/30/the-five-ways-to-build-machine-learning-models/?sh=6beffcf511a8>",
    "user": "U03UFV7TUTV",
    "ts": "1661536009.828359",
    "blocks": [
      {
        "type": "rich_text",
        "block_id": "k7i",
        "elements": [
          {
            "type": "rich_text_section",
            "elements": [
              {
                "type": "link",
                "url": "https://www.forbes.com/sites/cognitiveworld/2021/05/30/the-five-ways-to-build-machine-learning-models/?sh=6beffcf511a8",
                "text": "https://www.forbes.com/sites/cognitiveworld/2021/05/30/the-five-ways-to-build-machine-learning-models/?sh=6beffcf511a8"
              }
            ]
          }
        ]
      }
    ],
    "team": "T03U4J8HMUG",
    "user_team": "T03U4J8HMUG",
    "source_team": "T03U4J8HMUG",
    "user_profile": {
      "avatar_hash": "g2d3549811da",
      "image_72": "https://secure.gravatar.com/avatar/2d3549811dae404f2ab1ffd6d153680c.jpg?s=72&d=https%3A%2F%2Fa.slack-edge.com%2Fdf10d%2Fimg%2Favatars%2Fava_0003-72.png",
      "first_name": "Anthony",
      "real_name": "Anthony Galloway",
      "display_name": "Anthony Galloway",
      "team": "T03U4J8HMUG",
      "name": "Anthony",
      "is_restricted": false,
      "is_ultra_restricted": false
    },
    "attachments": [
      {
        "from_url": "https://www.forbes.com/sites/cognitiveworld/2021/05/30/the-five-ways-to-build-machine-learning-models/?sh=6beffcf511a8",
        "image_url": "https://imageio.forbes.com/specials-images/imageserve/60b3d636634e80d0fc3d3f43/0x0.png?format=png&width=1200",
        "image_width": 500,
        "image_height": 250,
        "image_bytes": 449745,
        "service_icon": "https://i.forbesimg.com/48X48-F.png",
        "id": 1,
        "original_url": "https://www.forbes.com/sites/cognitiveworld/2021/05/30/the-five-ways-to-build-machine-learning-models/?sh=6beffcf511a8",
        "fallback": "Forbes: The Five Ways To Build Machine Learning Models",
        "text": "Machine learning systems are core to enabling each of these seven patterns of AI.",
        "title": "The Five Ways To Build Machine Learning Models",
        "title_link": "https://www.forbes.com/sites/cognitiveworld/2021/05/30/the-five-ways-to-build-machine-learning-models/?sh=6beffcf511a8",
        "service_name": "Forbes"
      }
    ]
  },
  {
    "client_msg_id": "f145d4cc-f1e6-4302-8a8d-7df4d0fbbb0b",
    "type": "message",
    "text": "<https://pbpython.com/notebook-process.html>",
    "user": "U03UD5B7C3X",
    "ts": "1661538001.676049",
    "blocks": [
      {
        "type": "rich_text",
        "block_id": "LV/",
        "elements": [
          {
            "type": "rich_text_section",
            "elements": [
              {
                "type": "link",
                "url": "https://pbpython.com/notebook-process.html"
              }
            ]
          }
        ]
      }
    ],
    "team": "T03U4J8HMUG",
    "user_team": "T03U4J8HMUG",
    "source_team": "T03U4J8HMUG",
    "user_profile": {
      "avatar_hash": "gb4893f68d1b",
      "image_72": "https://secure.gravatar.com/avatar/b4893f68d1b3098aa61b283721cedfbb.jpg?s=72&d=https%3A%2F%2Fa.slack-edge.com%2Fdf10d%2Fimg%2Favatars%2Fava_0005-72.png",
      "first_name": "Elizabeth",
      "real_name": "Elizabeth Hall",
      "display_name": "Elizabeth Hall",
      "team": "T03U4J8HMUG",
      "name": "Elizabeth",
      "is_restricted": false,
      "is_ultra_restricted": false
    },
    "attachments": [
      {
        "from_url": "https://pbpython.com/notebook-process.html",
        "image_url": "https://pbpython.com/images/Notebook-Best-Practices.png",
        "image_width": 420,
        "image_height": 250,
        "image_bytes": 87059,
        "service_icon": "https://pbpython.com/apple-touch-icon.png",
        "id": 1,
        "original_url": "https://pbpython.com/notebook-process.html",
        "fallback": "Building a Repeatable Data Analysis Process with Jupyter\u00a0Notebooks",
        "text": "This article describes how to create a repeatable process for analyzing data with Jupyter Notebooks.",
        "title": "Building a Repeatable Data Analysis Process with Jupyter\u00a0Notebooks",
        "title_link": "https://pbpython.com/notebook-process.html",
        "service_name": "pbpython.com"
      }
    ]
  },
  {
    "client_msg_id": "70cd2148-23dc-469f-b197-b63a60d06a8c",
    "type": "message",
    "text": "<https://betterscientificsoftware.github.io/python-for-hpc/tutorials/python-pypi-packaging/>",
    "user": "U03UUR571A5",
    "ts": "1661543463.950349",
    "blocks": [
      {
        "type": "rich_text",
        "block_id": "o8q",
        "elements": [
          {
            "type": "rich_text_section",
            "elements": [
              {
                "type": "link",
                "url": "https://betterscientificsoftware.github.io/python-for-hpc/tutorials/python-pypi-packaging/"
              }
            ]
          }
        ]
      }
    ],
    "team": "T03U4J8HMUG",
    "user_team": "T03U4J8HMUG",
    "source_team": "T03U4J8HMUG",
    "user_profile": {
      "avatar_hash": "g95c5cde44bc",
      "image_72": "https://secure.gravatar.com/avatar/95c5cde44bc023bd369920b7e1ed0c94.jpg?s=72&d=https%3A%2F%2Fa.slack-edge.com%2Fdf10d%2Fimg%2Favatars%2Fava_0017-72.png",
      "first_name": "Amy",
      "real_name": "Amy Leon",
      "display_name": "Amy Leon",
      "team": "T03U4J8HMUG",
      "name": "Amy",
      "is_restricted": false,
      "is_ultra_restricted": false
    },
    "attachments": [
      {
        "from_url": "https://betterscientificsoftware.github.io/python-for-hpc/tutorials/python-pypi-packaging/",
        "id": 1,
        "original_url": "https://betterscientificsoftware.github.io/python-for-hpc/tutorials/python-pypi-packaging/",
        "fallback": "Python for HPC: Community Materials: Python: Creating a pip installable package",
        "text": "Creating a pip installable package for PyPI",
        "title": "Python: Creating a pip installable package",
        "title_link": "https://betterscientificsoftware.github.io/python-for-hpc/tutorials/python-pypi-packaging/",
        "service_name": "Python for HPC: Community Materials"
      }
    ]
  },
  {
    "client_msg_id": "3cc40c7a-eed3-439d-827e-364fdbeec97d",
    "type": "message",
    "text": "<https://www.geeksforgeeks.org/how-to-rename-columns-in-pandas-dataframe/|https://www.geeksforgeeks.org/how-to-rename-columns-in-pandas-dataframe/>",
    "user": "U03UG0YHAUT",
    "ts": "1661561354.203769",
    "blocks": [
      {
        "type": "rich_text",
        "block_id": "oiTg",
        "elements": [
          {
            "type": "rich_text_section",
            "elements": [
              {
                "type": "link",
                "url": "https://www.geeksforgeeks.org/how-to-rename-columns-in-pandas-dataframe/",
                "text": "https://www.geeksforgeeks.org/how-to-rename-columns-in-pandas-dataframe/"
              }
            ]
          }
        ]
      }
    ],
    "team": "T03U4J8HMUG",
    "user_team": "T03U4J8HMUG",
    "source_team": "T03U4J8HMUG",
    "user_profile": {
      "avatar_hash": "e7b0c8269999",
      "image_72": "https://avatars.slack-edge.com/2022-09-20/4099393715542_e7b0c82699998d3b3ade_72.jpg",
      "first_name": "Daniel",
      "real_name": "Daniel Brown",
      "display_name": "Daniel Brown",
      "team": "T03U4J8HMUG",
      "name": "Daniel",
      "is_restricted": false,
      "is_ultra_restricted": false
    },
    "attachments": [
      {
        "from_url": "https://www.geeksforgeeks.org/how-to-rename-columns-in-pandas-dataframe/",
        "ts": 1544500700,
        "thumb_url": "https://media.geeksforgeeks.org/wp-content/cdn-uploads/gfg_200x200-min.png",
        "thumb_width": 200,
        "thumb_height": 200,
        "service_icon": "https://www.geeksforgeeks.org/wp-content/uploads/gfg_200X200.png",
        "id": 1,
        "original_url": "https://www.geeksforgeeks.org/how-to-rename-columns-in-pandas-dataframe/",
        "fallback": "GeeksforGeeks: How to rename columns in Pandas DataFrame - GeeksforGeeks",
        "text": "A Computer Science portal for geeks. It contains well written, well thought and well explained computer science and programming articles, quizzes and practice/competitive programming/company interview Questions.",
        "title": "How to rename columns in Pandas DataFrame - GeeksforGeeks",
        "title_link": "https://www.geeksforgeeks.org/how-to-rename-columns-in-pandas-dataframe/",
        "service_name": "GeeksforGeeks"
      }
    ]
  }
]