[
  {
    "client_msg_id": "83d288bb-2ba0-4d08-9502-9f765f0808d3",
    "type": "message",
    "text": "<https://github.com/laurencium/causalinference>",
    "user": "U03UG0SFHGT",
    "ts": "1666249658.751999",
    "blocks": [
      {
        "type": "rich_text",
        "block_id": "MDOf2",
        "elements": [
          {
            "type": "rich_text_section",
            "elements": [
              {
                "type": "link",
                "url": "https://github.com/laurencium/causalinference"
              }
            ]
          }
        ]
      }
    ],
    "team": "T03U4J8HMUG",
    "user_team": "T03U4J8HMUG",
    "source_team": "T03U4J8HMUG",
    "user_profile": {
      "avatar_hash": "60e1cb8a7a1b",
      "image_72": "https://avatars.slack-edge.com/2022-08-20/3953568416743_60e1cb8a7a1b6c71c2bb_72.jpg",
      "first_name": "Willie",
      "real_name": "Willie Yang",
      "display_name": "Willie Yang",
      "team": "T03U4J8HMUG",
      "name": "Willie",
      "is_restricted": false,
      "is_ultra_restricted": false
    },
    "attachments": [
      {
        "id": 1,
        "color": "24292f",
        "bot_id": "B03UYH1BWQZ",
        "app_unfurl_url": "https://github.com/laurencium/causalinference",
        "is_app_unfurl": true,
        "app_id": "A01BP7R4KNY",
        "fallback": "laurencium/Causalinference",
        "text": "Causal Inference in Python",
        "title": "laurencium/Causalinference",
        "fields": [
          {
            "value": "435",
            "title": "Stars",
            "short": true
          },
          {
            "value": "Python",
            "title": "Language",
            "short": true
          }
        ]
      }
    ]
  },
  {
    "type": "message",
    "text": "",
    "files": [
      {
        "id": "F04812TQZFA",
        "created": 1666250155,
        "timestamp": 1666250155,
        "name": "Judea Pearl, Dana Mackenzie - The Book of Why_ The New Science of Cause and Effect-Basic Books (2018).pdf",
        "title": "Judea Pearl, Dana Mackenzie - The Book of Why_ The New Science of Cause and Effect-Basic Books (2018).pdf",
        "mimetype": "application/pdf",
        "filetype": "pdf",
        "pretty_type": "PDF",
        "user": "U03UG32J3PC",
        "user_team": "T03U4J8HMUG",
        "editable": false,
        "size": 7620738,
        "mode": "hosted",
        "is_external": false,
        "external_type": "",
        "is_public": true,
        "public_url_shared": false,
        "display_as_bot": false,
        "username": "",
        "url_private": "https://files.slack.com/files-pri/T03U4J8HMUG-F04812TQZFA/judea_pearl__dana_mackenzie_-_the_book_of_why__the_new_science_of_cause_and_effect-basic_books__2018_.pdf?t=xoxe-3956620599968-6240746766294-6247387524178-110fc6768eefd7fcb909c4550875ed49",
        "url_private_download": "https://files.slack.com/files-pri/T03U4J8HMUG-F04812TQZFA/download/judea_pearl__dana_mackenzie_-_the_book_of_why__the_new_science_of_cause_and_effect-basic_books__2018_.pdf?t=xoxe-3956620599968-6240746766294-6247387524178-110fc6768eefd7fcb909c4550875ed49",
        "media_display_type": "unknown",
        "thumb_pdf": "https://files.slack.com/files-tmb/T03U4J8HMUG-F04812TQZFA-141b7a554c/judea_pearl__dana_mackenzie_-_the_book_of_why__the_new_science_of_cause_and_effect-basic_books__2018__thumb_pdf.png?t=xoxe-3956620599968-6240746766294-6247387524178-110fc6768eefd7fcb909c4550875ed49",
        "thumb_pdf_w": 909,
        "thumb_pdf_h": 1286,
        "permalink": "https://10academybatch6.slack.com/files/U03UG32J3PC/F04812TQZFA/judea_pearl__dana_mackenzie_-_the_book_of_why__the_new_science_of_cause_and_effect-basic_books__2018_.pdf",
        "permalink_public": "https://slack-files.com/T03U4J8HMUG-F04812TQZFA-ffd780ecbb",
        "is_starred": false,
        "has_rich_preview": false,
        "file_access": "visible"
      }
    ],
    "upload": false,
    "user": "U03UG32J3PC",
    "display_as_bot": false,
    "ts": "1666250186.105059",
    "client_msg_id": "3cc367f7-f280-45a8-a1b8-0d80a538e218"
  },
  {
    "client_msg_id": "885d1b0f-f530-455a-aedc-8bbef4d1cfa1",
    "type": "message",
    "text": "<https://github.com/ijmbarr/notes-on-causal-inference>",
    "user": "U03UG32J3PC",
    "ts": "1666251431.386339",
    "blocks": [
      {
        "type": "rich_text",
        "block_id": "sIvj",
        "elements": [
          {
            "type": "rich_text_section",
            "elements": [
              {
                "type": "link",
                "url": "https://github.com/ijmbarr/notes-on-causal-inference"
              }
            ]
          }
        ]
      }
    ],
    "team": "T03U4J8HMUG",
    "user_team": "T03U4J8HMUG",
    "source_team": "T03U4J8HMUG",
    "user_profile": {
      "avatar_hash": "g9e7487b036e",
      "image_72": "https://secure.gravatar.com/avatar/9e7487b036ed726d016a0c5d8189773c.jpg?s=72&d=https%3A%2F%2Fa.slack-edge.com%2Fdf10d%2Fimg%2Favatars%2Fava_0005-72.png",
      "first_name": "April",
      "real_name": "April Lucas",
      "display_name": "April Lucas",
      "team": "T03U4J8HMUG",
      "name": "April",
      "is_restricted": false,
      "is_ultra_restricted": false
    },
    "attachments": [
      {
        "id": 1,
        "color": "24292f",
        "bot_id": "B03UYH1BWQZ",
        "app_unfurl_url": "https://github.com/ijmbarr/notes-on-causal-inference",
        "is_app_unfurl": true,
        "app_id": "A01BP7R4KNY",
        "fallback": "ijmbarr/notes-on-causal-inference",
        "text": "Some notes on Causal Inference, with examples in python",
        "title": "ijmbarr/notes-on-causal-inference",
        "fields": [
          {
            "value": "126",
            "title": "Stars",
            "short": true
          },
          {
            "value": "Jupyter Notebook",
            "title": "Language",
            "short": true
          }
        ]
      }
    ]
  },
  {
    "client_msg_id": "b65e6ac4-7fef-41c3-808f-5a64e85e2557",
    "type": "message",
    "text": "<https://datashader.org/>",
    "user": "U03V785NLSU",
    "ts": "1666259205.389379",
    "blocks": [
      {
        "type": "rich_text",
        "block_id": "KaFI",
        "elements": [
          {
            "type": "rich_text_section",
            "elements": [
              {
                "type": "link",
                "url": "https://datashader.org/"
              }
            ]
          }
        ]
      }
    ],
    "team": "T03U4J8HMUG",
    "user_team": "T03U4J8HMUG",
    "source_team": "T03U4J8HMUG",
    "user_profile": {
      "avatar_hash": "48d5c88821e9",
      "image_72": "https://avatars.slack-edge.com/2022-08-21/3993277785968_48d5c88821e922581e17_72.jpg",
      "first_name": "Ashley",
      "real_name": "Ashley Hamilton",
      "display_name": "Ashley Hamilton",
      "team": "T03U4J8HMUG",
      "name": "Ashley",
      "is_restricted": false,
      "is_ultra_restricted": false
    }
  },
  {
    "client_msg_id": "09539dca-8e4b-45bc-87aa-08c42e5f2db2",
    "type": "message",
    "text": "<https://www.projectpro.io/article/python-projects-for-data-science/462|https://www.projectpro.io/article/python-projects-for-data-science/462>",
    "user": "U03UG0YHAUT",
    "ts": "1666259268.598299",
    "blocks": [
      {
        "type": "rich_text",
        "block_id": "Hjr",
        "elements": [
          {
            "type": "rich_text_section",
            "elements": [
              {
                "type": "link",
                "url": "https://www.projectpro.io/article/python-projects-for-data-science/462",
                "text": "https://www.projectpro.io/article/python-projects-for-data-science/462"
              }
            ]
          }
        ]
      }
    ],
    "team": "T03U4J8HMUG",
    "user_team": "T03U4J8HMUG",
    "source_team": "T03U4J8HMUG",
    "user_profile": {
      "avatar_hash": "e7b0c8269999",
      "image_72": "https://avatars.slack-edge.com/2022-09-20/4099393715542_e7b0c82699998d3b3ade_72.jpg",
      "first_name": "Daniel",
      "real_name": "Daniel Brown",
      "display_name": "Daniel Brown",
      "team": "T03U4J8HMUG",
      "name": "Daniel",
      "is_restricted": false,
      "is_ultra_restricted": false
    },
    "attachments": [
      {
        "from_url": "https://www.projectpro.io/article/python-projects-for-data-science/462",
        "image_url": "https://daxg39y63pxwu.cloudfront.net/images/blog/python-projects-for-data-science/Data_Science_P_(1).png",
        "image_width": 417,
        "image_height": 250,
        "image_bytes": 169771,
        "service_icon": "http://daxg39y63pxwu.cloudfront.net/dezyre/images/favicon_io/apple-touch-icon.png",
        "id": 1,
        "original_url": "https://www.projectpro.io/article/python-projects-for-data-science/462",
        "fallback": "ProjectPro: 20 Python Projects for Data Science in 2022",
        "text": "The blog contains 20 python projects for Data Science for beginners",
        "title": "20 Python Projects for Data Science in 2022",
        "title_link": "https://www.projectpro.io/article/python-projects-for-data-science/462",
        "service_name": "ProjectPro"
      }
    ]
  },
  {
    "client_msg_id": "048288b0-8903-4ac2-8705-9083c980ddb8",
    "type": "message",
    "text": "<https://notebook.community/ioam/scipy-2017-holoviews-tutorial/solutions/07-working-with-large-datasets-with-solutions>",
    "user": "U03UG1Z21JP",
    "ts": "1666259353.881139",
    "blocks": [
      {
        "type": "rich_text",
        "block_id": "Nb1Wa",
        "elements": [
          {
            "type": "rich_text_section",
            "elements": [
              {
                "type": "link",
                "url": "https://notebook.community/ioam/scipy-2017-holoviews-tutorial/solutions/07-working-with-large-datasets-with-solutions"
              }
            ]
          }
        ]
      }
    ],
    "team": "T03U4J8HMUG",
    "user_team": "T03U4J8HMUG",
    "source_team": "T03U4J8HMUG",
    "user_profile": {
      "avatar_hash": "a1d3d501dd5d",
      "image_72": "https://avatars.slack-edge.com/2022-08-20/3961568205638_a1d3d501dd5d3f7ebea3_72.jpg",
      "first_name": "Jennifer",
      "real_name": "Jennifer Foley",
      "display_name": "Jennifer Foley",
      "team": "T03U4J8HMUG",
      "name": "Jennifer",
      "is_restricted": false,
      "is_ultra_restricted": false
    },
    "attachments": [
      {
        "from_url": "https://notebook.community/ioam/scipy-2017-holoviews-tutorial/solutions/07-working-with-large-datasets-with-solutions",
        "service_icon": "https://notebook.community/favicon.ico",
        "id": 1,
        "original_url": "https://notebook.community/ioam/scipy-2017-holoviews-tutorial/solutions/07-working-with-large-datasets-with-solutions",
        "fallback": "| notebook.community",
        "text": "A gallery of the most interesting jupyter notebooks online.",
        "title": "| notebook.community",
        "title_link": "https://notebook.community/ioam/scipy-2017-holoviews-tutorial/solutions/07-working-with-large-datasets-with-solutions",
        "service_name": "notebook.community"
      }
    ]
  },
  {
    "client_msg_id": "98e2fe4c-e194-4a5c-9073-747de8cd4e57",
    "type": "message",
    "text": "<https://medium.com/locale-ai/spatial-autocorrelation-how-spatial-objects-affect-other-nearby-spatial-objects-e05fa7d43de8|https://medium.com/locale-ai/spatial-autocorrelation-how-spatial-objects-affect-other-nearby-spatial-objects-e05fa7d43de8>",
    "user": "U03UG0YHAUT",
    "ts": "1666259406.019749",
    "blocks": [
      {
        "type": "rich_text",
        "block_id": "SnM4",
        "elements": [
          {
            "type": "rich_text_section",
            "elements": [
              {
                "type": "link",
                "url": "https://medium.com/locale-ai/spatial-autocorrelation-how-spatial-objects-affect-other-nearby-spatial-objects-e05fa7d43de8",
                "text": "https://medium.com/locale-ai/spatial-autocorrelation-how-spatial-objects-affect-other-nearby-spatial-objects-e05fa7d43de8"
              }
            ]
          }
        ]
      }
    ],
    "team": "T03U4J8HMUG",
    "user_team": "T03U4J8HMUG",
    "source_team": "T03U4J8HMUG",
    "user_profile": {
      "avatar_hash": "e7b0c8269999",
      "image_72": "https://avatars.slack-edge.com/2022-09-20/4099393715542_e7b0c82699998d3b3ade_72.jpg",
      "first_name": "Daniel",
      "real_name": "Daniel Brown",
      "display_name": "Daniel Brown",
      "team": "T03U4J8HMUG",
      "name": "Daniel",
      "is_restricted": false,
      "is_ultra_restricted": false
    },
    "attachments": [
      {
        "from_url": "https://medium.com/locale-ai/spatial-autocorrelation-how-spatial-objects-affect-other-nearby-spatial-objects-e05fa7d43de8",
        "ts": 1586264474,
        "image_url": "https://miro.medium.com/max/1200/1*aU57afr1FKzuhd1y0tjHAg.jpeg",
        "image_width": 444,
        "image_height": 250,
        "image_bytes": 451310,
        "service_icon": "https://miro.medium.com/fit/c/152/152/1*sHhtYhaCe2Uc3IU0IgKwIQ.png",
        "id": 1,
        "original_url": "https://medium.com/locale-ai/spatial-autocorrelation-how-spatial-objects-affect-other-nearby-spatial-objects-e05fa7d43de8",
        "fallback": "Medium: Spatial Autocorrelation: How spatial objects affect other nearby spatial objects",
        "text": "Deep dive into spatial autocorrelation and their industry use cases",
        "title": "Spatial Autocorrelation: How spatial objects affect other nearby spatial objects",
        "title_link": "https://medium.com/locale-ai/spatial-autocorrelation-how-spatial-objects-affect-other-nearby-spatial-objects-e05fa7d43de8",
        "service_name": "Medium",
        "fields": [
          {
            "value": "6 min read",
            "title": "Reading time",
            "short": true
          }
        ]
      }
    ]
  },
  {
    "client_msg_id": "3eaa82b1-a6d1-4d4a-a411-1c88ddc72063",
    "type": "message",
    "text": "<https://medium.com/@zidongyu26/exploring-the-spatial-distribution-of-airbnb-listings-in-hong-kong-part-5-b06f3d4158d3|https://medium.com/@zidongyu26/exploring-the-spatial-distribution-of-airbnb-listings-in-hong-kong-part-5-b06f3d4158d3>",
    "user": "U03UG0YHAUT",
    "ts": "1666259464.143309",
    "blocks": [
      {
        "type": "rich_text",
        "block_id": "ULCXP",
        "elements": [
          {
            "type": "rich_text_section",
            "elements": [
              {
                "type": "link",
                "url": "https://medium.com/@zidongyu26/exploring-the-spatial-distribution-of-airbnb-listings-in-hong-kong-part-5-b06f3d4158d3",
                "text": "https://medium.com/@zidongyu26/exploring-the-spatial-distribution-of-airbnb-listings-in-hong-kong-part-5-b06f3d4158d3"
              }
            ]
          }
        ]
      }
    ],
    "team": "T03U4J8HMUG",
    "user_team": "T03U4J8HMUG",
    "source_team": "T03U4J8HMUG",
    "user_profile": {
      "avatar_hash": "e7b0c8269999",
      "image_72": "https://avatars.slack-edge.com/2022-09-20/4099393715542_e7b0c82699998d3b3ade_72.jpg",
      "first_name": "Daniel",
      "real_name": "Daniel Brown",
      "display_name": "Daniel Brown",
      "team": "T03U4J8HMUG",
      "name": "Daniel",
      "is_restricted": false,
      "is_ultra_restricted": false
    },
    "attachments": [
      {
        "from_url": "https://medium.com/@zidongyu26/exploring-the-spatial-distribution-of-airbnb-listings-in-hong-kong-part-5-b06f3d4158d3",
        "ts": 1582817028,
        "image_url": "https://miro.medium.com/max/1200/1*0V82_xk7tSKx80FywvQPKg.jpeg",
        "image_width": 402,
        "image_height": 250,
        "image_bytes": 153173,
        "service_icon": "https://miro.medium.com/fit/c/152/152/1*sHhtYhaCe2Uc3IU0IgKwIQ.png",
        "id": 1,
        "original_url": "https://medium.com/@zidongyu26/exploring-the-spatial-distribution-of-airbnb-listings-in-hong-kong-part-5-b06f3d4158d3",
        "fallback": "Medium: Exploring the spatial distribution of Airbnb listings in Hong Kong, Part 5",
        "text": "Article 5: Revealing the hidden stories of spatial autocorrelation",
        "title": "Exploring the spatial distribution of Airbnb listings in Hong Kong, Part 5",
        "title_link": "https://medium.com/@zidongyu26/exploring-the-spatial-distribution-of-airbnb-listings-in-hong-kong-part-5-b06f3d4158d3",
        "service_name": "Medium",
        "fields": [
          {
            "value": "7 min read",
            "title": "Reading time",
            "short": true
          }
        ]
      }
    ]
  },
  {
    "client_msg_id": "c9b48b5e-cbb5-40dc-a492-46e74a0916a8",
    "type": "message",
    "text": "<https://datashader.org/getting_started/Introduction.html|https://datashader.org/getting_started/Introduction.html>",
    "user": "U03UG0YHAUT",
    "ts": "1666259621.791289",
    "blocks": [
      {
        "type": "rich_text",
        "block_id": "fzl",
        "elements": [
          {
            "type": "rich_text_section",
            "elements": [
              {
                "type": "link",
                "url": "https://datashader.org/getting_started/Introduction.html",
                "text": "https://datashader.org/getting_started/Introduction.html"
              }
            ]
          }
        ]
      }
    ],
    "team": "T03U4J8HMUG",
    "user_team": "T03U4J8HMUG",
    "source_team": "T03U4J8HMUG",
    "user_profile": {
      "avatar_hash": "e7b0c8269999",
      "image_72": "https://avatars.slack-edge.com/2022-09-20/4099393715542_e7b0c82699998d3b3ade_72.jpg",
      "first_name": "Daniel",
      "real_name": "Daniel Brown",
      "display_name": "Daniel Brown",
      "team": "T03U4J8HMUG",
      "name": "Daniel",
      "is_restricted": false,
      "is_ultra_restricted": false
    }
  },
  {
    "client_msg_id": "78a320ad-7ecb-44fe-8b16-94abb29eca73",
    "type": "message",
    "text": "<https://datashader.org/>",
    "user": "U03UVHCV6KB",
    "ts": "1666259851.789789",
    "blocks": [
      {
        "type": "rich_text",
        "block_id": "ohRox",
        "elements": [
          {
            "type": "rich_text_section",
            "elements": [
              {
                "type": "link",
                "url": "https://datashader.org/"
              }
            ]
          }
        ]
      }
    ],
    "team": "T03U4J8HMUG",
    "user_team": "T03U4J8HMUG",
    "source_team": "T03U4J8HMUG",
    "user_profile": {
      "avatar_hash": "gc9619121f99",
      "image_72": "https://secure.gravatar.com/avatar/c9619121f998ee4a7e46177f2a5729de.jpg?s=72&d=https%3A%2F%2Fa.slack-edge.com%2Fdf10d%2Fimg%2Favatars%2Fava_0002-72.png",
      "first_name": "Travis",
      "real_name": "Travis Butler",
      "display_name": "Travis Butler",
      "team": "T03U4J8HMUG",
      "name": "Travis",
      "is_restricted": false,
      "is_ultra_restricted": false
    }
  },
  {
    "client_msg_id": "0995be2b-cb6a-4ca5-8bfb-6dfde7ed8a53",
    "type": "message",
    "text": "<https://examples.pyviz.org/attractors/attractors.html>",
    "user": "U03UVHCV6KB",
    "ts": "1666259891.778229",
    "blocks": [
      {
        "type": "rich_text",
        "block_id": "g1yIE",
        "elements": [
          {
            "type": "rich_text_section",
            "elements": [
              {
                "type": "link",
                "url": "https://examples.pyviz.org/attractors/attractors.html"
              }
            ]
          }
        ]
      }
    ],
    "team": "T03U4J8HMUG",
    "user_team": "T03U4J8HMUG",
    "source_team": "T03U4J8HMUG",
    "user_profile": {
      "avatar_hash": "gc9619121f99",
      "image_72": "https://secure.gravatar.com/avatar/c9619121f998ee4a7e46177f2a5729de.jpg?s=72&d=https%3A%2F%2Fa.slack-edge.com%2Fdf10d%2Fimg%2Favatars%2Fava_0002-72.png",
      "first_name": "Travis",
      "real_name": "Travis Butler",
      "display_name": "Travis Butler",
      "team": "T03U4J8HMUG",
      "name": "Travis",
      "is_restricted": false,
      "is_ultra_restricted": false
    },
    "attachments": [
      {
        "from_url": "https://examples.pyviz.org/attractors/attractors.html",
        "id": 1,
        "original_url": "https://examples.pyviz.org/attractors/attractors.html",
        "fallback": "Attractors \u2014 Examples 0.1.0 documentation",
        "text": "Domain-specific narrative examples using multiple open-source Python visualization tools.",
        "title": "Attractors \u2014 Examples 0.1.0 documentation",
        "title_link": "https://examples.pyviz.org/attractors/attractors.html",
        "service_name": "examples.pyviz.org"
      }
    ]
  },
  {
    "client_msg_id": "1e4232de-4173-4596-b7d5-7d689897ab42",
    "type": "message",
    "text": "<https://chriswhong.github.io/nyctaxi/>",
    "user": "U03UVHCV6KB",
    "ts": "1666260493.822449",
    "blocks": [
      {
        "type": "rich_text",
        "block_id": "OB2",
        "elements": [
          {
            "type": "rich_text_section",
            "elements": [
              {
                "type": "link",
                "url": "https://chriswhong.github.io/nyctaxi/"
              }
            ]
          }
        ]
      }
    ],
    "team": "T03U4J8HMUG",
    "user_team": "T03U4J8HMUG",
    "source_team": "T03U4J8HMUG",
    "user_profile": {
      "avatar_hash": "gc9619121f99",
      "image_72": "https://secure.gravatar.com/avatar/c9619121f998ee4a7e46177f2a5729de.jpg?s=72&d=https%3A%2F%2Fa.slack-edge.com%2Fdf10d%2Fimg%2Favatars%2Fava_0002-72.png",
      "first_name": "Travis",
      "real_name": "Travis Butler",
      "display_name": "Travis Butler",
      "team": "T03U4J8HMUG",
      "name": "Travis",
      "is_restricted": false,
      "is_ultra_restricted": false
    }
  },
  {
    "client_msg_id": "4b015916-59c2-420d-bf58-8b6832dcd005",
    "type": "message",
    "text": "<https://github.com/chriswhong/nyctaxi>",
    "user": "U03UVHCV6KB",
    "ts": "1666260502.565059",
    "blocks": [
      {
        "type": "rich_text",
        "block_id": "dHyL",
        "elements": [
          {
            "type": "rich_text_section",
            "elements": [
              {
                "type": "link",
                "url": "https://github.com/chriswhong/nyctaxi"
              }
            ]
          }
        ]
      }
    ],
    "team": "T03U4J8HMUG",
    "user_team": "T03U4J8HMUG",
    "source_team": "T03U4J8HMUG",
    "user_profile": {
      "avatar_hash": "gc9619121f99",
      "image_72": "https://secure.gravatar.com/avatar/c9619121f998ee4a7e46177f2a5729de.jpg?s=72&d=https%3A%2F%2Fa.slack-edge.com%2Fdf10d%2Fimg%2Favatars%2Fava_0002-72.png",
      "first_name": "Travis",
      "real_name": "Travis Butler",
      "display_name": "Travis Butler",
      "team": "T03U4J8HMUG",
      "name": "Travis",
      "is_restricted": false,
      "is_ultra_restricted": false
    },
    "attachments": [
      {
        "id": 1,
        "color": "24292f",
        "bot_id": "B03UYH1BWQZ",
        "app_unfurl_url": "https://github.com/chriswhong/nyctaxi",
        "is_app_unfurl": true,
        "app_id": "A01BP7R4KNY",
        "fallback": "chriswhong/nyctaxi",
        "text": "Repo for NYC Taxis: A Day in the Life, a data visualization that shows the movements and earnings of a single NYC taxi over 24 hours.",
        "title": "chriswhong/nyctaxi",
        "fields": [
          {
            "value": "454",
            "title": "Stars",
            "short": true
          },
          {
            "value": "JavaScript",
            "title": "Language",
            "short": true
          }
        ]
      }
    ]
  },
  {
    "client_msg_id": "255b6946-b2a6-4436-954d-64e5919f81fc",
    "type": "message",
    "text": "<https://www.youtube.com/watch?v=U6dyIRolIhI>",
    "user": "U03V785NLSU",
    "ts": "1666261899.558339",
    "blocks": [
      {
        "type": "rich_text",
        "block_id": "aat",
        "elements": [
          {
            "type": "rich_text_section",
            "elements": [
              {
                "type": "link",
                "url": "https://www.youtube.com/watch?v=U6dyIRolIhI"
              }
            ]
          }
        ]
      }
    ],
    "team": "T03U4J8HMUG",
    "user_team": "T03U4J8HMUG",
    "source_team": "T03U4J8HMUG",
    "user_profile": {
      "avatar_hash": "48d5c88821e9",
      "image_72": "https://avatars.slack-edge.com/2022-08-21/3993277785968_48d5c88821e922581e17_72.jpg",
      "first_name": "Ashley",
      "real_name": "Ashley Hamilton",
      "display_name": "Ashley Hamilton",
      "team": "T03U4J8HMUG",
      "name": "Ashley",
      "is_restricted": false,
      "is_ultra_restricted": false
    },
    "attachments": [
      {
        "from_url": "https://www.youtube.com/watch?v=U6dyIRolIhI",
        "thumb_url": "https://i.ytimg.com/vi/U6dyIRolIhI/hqdefault.jpg",
        "thumb_width": 480,
        "thumb_height": 360,
        "video_html": "<iframe width=\"400\" height=\"225\" src=\"https://www.youtube.com/embed/U6dyIRolIhI?feature=oembed&autoplay=1&iv_load_policy=3\" frameborder=\"0\" allow=\"accelerometer; autoplay; clipboard-write; encrypted-media; gyroscope; picture-in-picture\" allowfullscreen title=\"Big Data Visualization Using Datashader in Python | How does Datashader work and why is it so fast?\"></iframe>",
        "video_html_width": 400,
        "video_html_height": 225,
        "service_icon": "https://a.slack-edge.com/80588/img/unfurl_icons/youtube.png",
        "id": 1,
        "original_url": "https://www.youtube.com/watch?v=U6dyIRolIhI",
        "fallback": "YouTube Video: Big Data Visualization Using Datashader in Python | How does Datashader work and why is it so fast?",
        "title": "Big Data Visualization Using Datashader in Python | How does Datashader work and why is it so fast?",
        "title_link": "https://www.youtube.com/watch?v=U6dyIRolIhI",
        "author_name": "Sophia Yang",
        "author_link": "https://www.youtube.com/c/SophiaYangDS",
        "service_name": "YouTube",
        "service_url": "https://www.youtube.com/"
      }
    ]
  },
  {
    "client_msg_id": "dbc4aa46-e979-4c67-9214-a0810989d17c",
    "type": "message",
    "text": "<https://www.youtube.com/watch?v=EJlwtUc0njw>",
    "user": "U03V785NLSU",
    "ts": "1666263327.632569",
    "blocks": [
      {
        "type": "rich_text",
        "block_id": "+cLMH",
        "elements": [
          {
            "type": "rich_text_section",
            "elements": [
              {
                "type": "link",
                "url": "https://www.youtube.com/watch?v=EJlwtUc0njw"
              }
            ]
          }
        ]
      }
    ],
    "team": "T03U4J8HMUG",
    "user_team": "T03U4J8HMUG",
    "source_team": "T03U4J8HMUG",
    "user_profile": {
      "avatar_hash": "48d5c88821e9",
      "image_72": "https://avatars.slack-edge.com/2022-08-21/3993277785968_48d5c88821e922581e17_72.jpg",
      "first_name": "Ashley",
      "real_name": "Ashley Hamilton",
      "display_name": "Ashley Hamilton",
      "team": "T03U4J8HMUG",
      "name": "Ashley",
      "is_restricted": false,
      "is_ultra_restricted": false
    },
    "attachments": [
      {
        "from_url": "https://www.youtube.com/watch?v=EJlwtUc0njw",
        "thumb_url": "https://i.ytimg.com/vi/EJlwtUc0njw/hqdefault.jpg",
        "thumb_width": 480,
        "thumb_height": 360,
        "video_html": "<iframe width=\"400\" height=\"225\" src=\"https://www.youtube.com/embed/EJlwtUc0njw?feature=oembed&autoplay=1&iv_load_policy=3\" frameborder=\"0\" allow=\"accelerometer; autoplay; clipboard-write; encrypted-media; gyroscope; picture-in-picture\" allowfullscreen title=\"Datashader: Plotting all your data\"></iframe>",
        "video_html_width": 400,
        "video_html_height": 225,
        "service_icon": "https://a.slack-edge.com/80588/img/unfurl_icons/youtube.png",
        "id": 1,
        "original_url": "https://www.youtube.com/watch?v=EJlwtUc0njw",
        "fallback": "YouTube Video: Datashader: Plotting all your data",
        "title": "Datashader: Plotting all your data",
        "title_link": "https://www.youtube.com/watch?v=EJlwtUc0njw",
        "author_name": "Coiled",
        "author_link": "https://www.youtube.com/c/Coiled",
        "service_name": "YouTube",
        "service_url": "https://www.youtube.com/"
      }
    ]
  },
  {
    "client_msg_id": "48359acf-2869-4329-9fef-bed663b01729",
    "type": "message",
    "text": "<https://novoresume.com/>",
    "user": "U03UUR571A5",
    "ts": "1666264470.340729",
    "blocks": [
      {
        "type": "rich_text",
        "block_id": "b9b",
        "elements": [
          {
            "type": "rich_text_section",
            "elements": [
              {
                "type": "link",
                "url": "https://novoresume.com/"
              }
            ]
          }
        ]
      }
    ],
    "team": "T03U4J8HMUG",
    "user_team": "T03U4J8HMUG",
    "source_team": "T03U4J8HMUG",
    "user_profile": {
      "avatar_hash": "g95c5cde44bc",
      "image_72": "https://secure.gravatar.com/avatar/95c5cde44bc023bd369920b7e1ed0c94.jpg?s=72&d=https%3A%2F%2Fa.slack-edge.com%2Fdf10d%2Fimg%2Favatars%2Fava_0017-72.png",
      "first_name": "Amy",
      "real_name": "Amy Leon",
      "display_name": "Amy Leon",
      "team": "T03U4J8HMUG",
      "name": "Amy",
      "is_restricted": false,
      "is_ultra_restricted": false
    },
    "attachments": [
      {
        "from_url": "https://novoresume.com/",
        "image_url": "https://d.novoresume.com/images/ts/home.png",
        "image_width": 476,
        "image_height": 250,
        "image_bytes": 415233,
        "service_icon": "https://novoresume.com/nvlib/images/favi/57x57.png",
        "id": 1,
        "original_url": "https://novoresume.com/",
        "fallback": "Novor\u00e9sum\u00e9: Resume Builder for 2022 | Free Resume Builder | Novor\u00e9sum\u00e9",
        "text": "Make a perfect resume in 2022 and get your dream job using the free resume builder. Select a template. Personalize it. Get more interviews.",
        "title": "Resume Builder for 2022 | Free Resume Builder | Novor\u00e9sum\u00e9",
        "title_link": "https://novoresume.com/",
        "service_name": "Novor\u00e9sum\u00e9"
      }
    ],
    "reactions": [
      {
        "name": "raised_hands",
        "users": [
          "U03UG32J3PC"
        ],
        "count": 1
      }
    ]
  },
  {
    "client_msg_id": "7cf4b990-51ff-45f7-ad82-cc47df9e715c",
    "type": "message",
    "text": "For those who are trying to play with the location data\n\n<https://pythonsimplified.com/geocoding-in-python-using-geopy/#:~:text=Reverse%20Geocoding%20is%20the%20process,can%20be%20used%20by%20anyone>.",
    "user": "U03UJGP0C68",
    "ts": "1666264760.305909",
    "blocks": [
      {
        "type": "rich_text",
        "block_id": "zcG",
        "elements": [
          {
            "type": "rich_text_section",
            "elements": [
              {
                "type": "text",
                "text": "For those who are trying to play with the location data\n\n"
              },
              {
                "type": "link",
                "url": "https://pythonsimplified.com/geocoding-in-python-using-geopy/#:~:text=Reverse%20Geocoding%20is%20the%20process,can%20be%20used%20by%20anyone"
              },
              {
                "type": "text",
                "text": "."
              }
            ]
          }
        ]
      }
    ],
    "team": "T03U4J8HMUG",
    "user_team": "T03U4J8HMUG",
    "source_team": "T03U4J8HMUG",
    "user_profile": {
      "avatar_hash": "259faccdce43",
      "image_72": "https://avatars.slack-edge.com/2022-08-20/3965145363573_259faccdce439a8c6345_72.png",
      "first_name": "Judith",
      "real_name": "Judith Bolton",
      "display_name": "Judith Bolton",
      "team": "T03U4J8HMUG",
      "name": "Judith",
      "is_restricted": false,
      "is_ultra_restricted": false
    },
    "attachments": [
      {
        "from_url": "https://pythonsimplified.com/geocoding-in-python-using-geopy/#:~:text=Reverse%20Geocoding%20is%20the%20process,can%20be%20used%20by%20anyone",
        "ts": 1627133599,
        "image_url": "https://pythonsimplified.com/wp-content/uploads/2021/07/Geocoding-in-Python.jpg",
        "image_width": 444,
        "image_height": 250,
        "image_bytes": 79094,
        "service_icon": "https://pythonsimplified.com/wp-content/uploads/2020/10/cropped-PythonLogo-1-180x180.png",
        "id": 1,
        "original_url": "https://pythonsimplified.com/geocoding-in-python-using-geopy/#:~:text=Reverse%20Geocoding%20is%20the%20process,can%20be%20used%20by%20anyone",
        "fallback": "Python Simplified: Geocoding in Python\u00a0Using Geopy - Python Simplified",
        "text": "In this article, you will understand geocoding and reverse geocoding, how to use geopy package for geocoding and reverse geocoding, etc.",
        "title": "Geocoding in Python\u00a0Using Geopy - Python Simplified",
        "title_link": "https://pythonsimplified.com/geocoding-in-python-using-geopy/#:~:text=Reverse%20Geocoding%20is%20the%20process,can%20be%20used%20by%20anyone",
        "service_name": "Python Simplified",
        "fields": [
          {
            "value": "Chetan Ambi",
            "title": "Written by",
            "short": true
          },
          {
            "value": "4 minutes",
            "title": "Time to read",
            "short": true
          }
        ]
      }
    ],
    "reactions": [
      {
        "name": "eyes",
        "users": [
          "U03UUR571A5",
          "U03UG32J3PC",
          "U03V61VGQG0"
        ],
        "count": 3
      }
    ]
  },
  {
    "client_msg_id": "c294b1b9-816e-4c42-9551-d4723a9cee91",
    "type": "message",
    "text": "<https://causalnex.readthedocs.io/en/latest/03_tutorial/01_first_tutorial.html>",
    "user": "U03UUR571A5",
    "ts": "1666273564.957929",
    "blocks": [
      {
        "type": "rich_text",
        "block_id": "pgRmT",
        "elements": [
          {
            "type": "rich_text_section",
            "elements": [
              {
                "type": "link",
                "url": "https://causalnex.readthedocs.io/en/latest/03_tutorial/01_first_tutorial.html"
              }
            ]
          }
        ]
      }
    ],
    "team": "T03U4J8HMUG",
    "user_team": "T03U4J8HMUG",
    "source_team": "T03U4J8HMUG",
    "user_profile": {
      "avatar_hash": "g95c5cde44bc",
      "image_72": "https://secure.gravatar.com/avatar/95c5cde44bc023bd369920b7e1ed0c94.jpg?s=72&d=https%3A%2F%2Fa.slack-edge.com%2Fdf10d%2Fimg%2Favatars%2Fava_0017-72.png",
      "first_name": "Amy",
      "real_name": "Amy Leon",
      "display_name": "Amy Leon",
      "team": "T03U4J8HMUG",
      "name": "Amy",
      "is_restricted": false,
      "is_ultra_restricted": false
    }
  },
  {
    "client_msg_id": "35c97b49-b60d-4344-b5d4-477a6112877a",
    "type": "message",
    "text": "<https://medium.com/mlearning-ai/plotting-geographical-data-24f49551379f>",
    "user": "U03V785NLSU",
    "ts": "1666281205.338649",
    "blocks": [
      {
        "type": "rich_text",
        "block_id": "NgZh4",
        "elements": [
          {
            "type": "rich_text_section",
            "elements": [
              {
                "type": "link",
                "url": "https://medium.com/mlearning-ai/plotting-geographical-data-24f49551379f"
              }
            ]
          }
        ]
      }
    ],
    "team": "T03U4J8HMUG",
    "user_team": "T03U4J8HMUG",
    "source_team": "T03U4J8HMUG",
    "user_profile": {
      "avatar_hash": "48d5c88821e9",
      "image_72": "https://avatars.slack-edge.com/2022-08-21/3993277785968_48d5c88821e922581e17_72.jpg",
      "first_name": "Ashley",
      "real_name": "Ashley Hamilton",
      "display_name": "Ashley Hamilton",
      "team": "T03U4J8HMUG",
      "name": "Ashley",
      "is_restricted": false,
      "is_ultra_restricted": false
    },
    "attachments": [
      {
        "from_url": "https://medium.com/mlearning-ai/plotting-geographical-data-24f49551379f",
        "ts": 1634929137,
        "image_url": "https://miro.medium.com/max/1200/0*_eArZlefP1nWugvY",
        "image_width": 366,
        "image_height": 250,
        "image_bytes": 295835,
        "service_icon": "https://miro.medium.com/fit/c/152/152/1*sHhtYhaCe2Uc3IU0IgKwIQ.png",
        "id": 1,
        "original_url": "https://medium.com/mlearning-ai/plotting-geographical-data-24f49551379f",
        "fallback": "Medium: Plotting Geographical Data",
        "text": "Using DataShader for Plotting Large Datasets",
        "title": "Plotting Geographical Data",
        "title_link": "https://medium.com/mlearning-ai/plotting-geographical-data-24f49551379f",
        "service_name": "Medium",
        "fields": [
          {
            "value": "3 min read",
            "title": "Reading time",
            "short": true
          }
        ]
      }
    ]
  },
  {
    "client_msg_id": "1466af1a-ab17-443a-8305-a5ccb05be794",
    "type": "message",
    "text": "<https://github.com/py-why/dowhy>",
    "user": "U03V61VGQG0",
    "ts": "1666281573.700129",
    "blocks": [
      {
        "type": "rich_text",
        "block_id": "nqT",
        "elements": [
          {
            "type": "rich_text_section",
            "elements": [
              {
                "type": "link",
                "url": "https://github.com/py-why/dowhy"
              }
            ]
          }
        ]
      }
    ],
    "team": "T03U4J8HMUG",
    "user_team": "T03U4J8HMUG",
    "source_team": "T03U4J8HMUG",
    "user_profile": {
      "avatar_hash": "5e18062f5298",
      "image_72": "https://avatars.slack-edge.com/2022-08-29/3997574519670_5e18062f5298c6182ca5_72.jpg",
      "first_name": "Paula",
      "real_name": "Paula Bryant",
      "display_name": "Paula Bryant",
      "team": "T03U4J8HMUG",
      "name": "Paula",
      "is_restricted": false,
      "is_ultra_restricted": false
    },
    "attachments": [
      {
        "id": 1,
        "color": "24292f",
        "bot_id": "B03UYH1BWQZ",
        "app_unfurl_url": "https://github.com/py-why/dowhy",
        "is_app_unfurl": true,
        "app_id": "A01BP7R4KNY",
        "fallback": "py-why/dowhy",
        "text": "DoWhy is a Python library for causal inference that supports explicit modeling and testing of causal assumptions. DoWhy is based on a unified language for causal inference, combining causal graphical models and potential outcomes frameworks.",
        "title": "py-why/dowhy",
        "fields": [
          {
            "value": "<https://py-why.github.io/dowhy/>",
            "title": "Website",
            "short": true
          },
          {
            "value": "5317",
            "title": "Stars",
            "short": true
          }
        ]
      }
    ]
  },
  {
    "client_msg_id": "40743621-4950-4bef-b887-d6a7b177d1a4",
    "type": "message",
    "text": "simple library for identifying weather or not the date is holiday\n\n<https://pypi.org/project/holidays/>",
    "user": "U03UJGP0C68",
    "ts": "1666285582.271029",
    "blocks": [
      {
        "type": "rich_text",
        "block_id": "lSr",
        "elements": [
          {
            "type": "rich_text_section",
            "elements": [
              {
                "type": "text",
                "text": "simple library for identifying weather or not the date is holiday\n\n"
              },
              {
                "type": "link",
                "url": "https://pypi.org/project/holidays/"
              }
            ]
          }
        ]
      }
    ],
    "team": "T03U4J8HMUG",
    "user_team": "T03U4J8HMUG",
    "source_team": "T03U4J8HMUG",
    "user_profile": {
      "avatar_hash": "259faccdce43",
      "image_72": "https://avatars.slack-edge.com/2022-08-20/3965145363573_259faccdce439a8c6345_72.png",
      "first_name": "Judith",
      "real_name": "Judith Bolton",
      "display_name": "Judith Bolton",
      "team": "T03U4J8HMUG",
      "name": "Judith",
      "is_restricted": false,
      "is_ultra_restricted": false
    },
    "attachments": [
      {
        "from_url": "https://pypi.org/project/holidays/",
        "image_url": "https://pypi.org/static/images/twitter.6fecba6f.jpg",
        "image_width": 250,
        "image_height": 250,
        "image_bytes": 6869,
        "service_icon": "https://pypi.org/static/images/favicon.6a76275d.ico",
        "id": 1,
        "original_url": "https://pypi.org/project/holidays/",
        "fallback": "PyPI: holidays",
        "text": "Generate and work with holidays in Python",
        "title": "holidays",
        "title_link": "https://pypi.org/project/holidays/",
        "service_name": "PyPI"
      }
    ],
    "thread_ts": "1666285582.271029",
    "reply_count": 6,
    "reply_users_count": 3,
    "latest_reply": "1666299873.656039",
    "reply_users": [
      "U03UHB8CXDY",
      "U03UJGP0C68",
      "U03UG32J3PC"
    ],
    "replies": [
      {
        "user": "U03UHB8CXDY",
        "ts": "1666287892.601579"
      },
      {
        "user": "U03UJGP0C68",
        "ts": "1666287973.392909"
      },
      {
        "user": "U03UG32J3PC",
        "ts": "1666296513.160189"
      },
      {
        "user": "U03UG32J3PC",
        "ts": "1666296668.824109"
      },
      {
        "user": "U03UG32J3PC",
        "ts": "1666297718.113199"
      },
      {
        "user": "U03UJGP0C68",
        "ts": "1666299873.656039"
      }
    ],
    "is_locked": false,
    "subscribed": false,
    "reactions": [
      {
        "name": "+1",
        "users": [
          "U03UG1Z21JP",
          "U03UHB8CXDY"
        ],
        "count": 2
      },
      {
        "name": "pray",
        "users": [
          "U03UUR571A5"
        ],
        "count": 1
      }
    ]
  },
  {
    "client_msg_id": "855b5982-2773-413e-9da6-747d4c0eab4a",
    "type": "message",
    "text": "<@U03UJGP0C68> is necessary  to install the package?",
    "user": "U03UHB8CXDY",
    "ts": "1666287892.601579",
    "blocks": [
      {
        "type": "rich_text",
        "block_id": "10e",
        "elements": [
          {
            "type": "rich_text_section",
            "elements": [
              {
                "type": "user",
                "user_id": "U03UJGP0C68"
              },
              {
                "type": "text",
                "text": " is necessary  to install the package?"
              }
            ]
          }
        ]
      }
    ],
    "team": "T03U4J8HMUG",
    "user_team": "T03U4J8HMUG",
    "source_team": "T03U4J8HMUG",
    "user_profile": {
      "avatar_hash": "374fee609510",
      "image_72": "https://avatars.slack-edge.com/2022-09-30/4159182498980_374fee609510e6ff1526_72.jpg",
      "first_name": "Yvonne",
      "real_name": "Yvonne Gonzalez",
      "display_name": "Yvonne Gonzalez",
      "team": "T03U4J8HMUG",
      "name": "Yvonne",
      "is_restricted": false,
      "is_ultra_restricted": false
    },
    "thread_ts": "1666285582.271029",
    "parent_user_id": "U03UJGP0C68"
  },
  {
    "client_msg_id": "8650ec15-9f72-4890-aa5f-6399ed2840c0",
    "type": "message",
    "text": "just\n``` pip install --update holidays\n#or\n pip install holidays```\n",
    "user": "U03UJGP0C68",
    "ts": "1666287973.392909",
    "blocks": [
      {
        "type": "rich_text",
        "block_id": "Sy1",
        "elements": [
          {
            "type": "rich_text_section",
            "elements": [
              {
                "type": "text",
                "text": "just\n"
              }
            ]
          },
          {
            "type": "rich_text_preformatted",
            "elements": [
              {
                "type": "text",
                "text": " pip install --update holidays\n#or\n pip install holidays"
              }
            ],
            "border": 0
          },
          {
            "type": "rich_text_section",
            "elements": []
          }
        ]
      }
    ],
    "team": "T03U4J8HMUG",
    "user_team": "T03U4J8HMUG",
    "source_team": "T03U4J8HMUG",
    "user_profile": {
      "avatar_hash": "259faccdce43",
      "image_72": "https://avatars.slack-edge.com/2022-08-20/3965145363573_259faccdce439a8c6345_72.png",
      "first_name": "Judith",
      "real_name": "Judith Bolton",
      "display_name": "Judith Bolton",
      "team": "T03U4J8HMUG",
      "name": "Judith",
      "is_restricted": false,
      "is_ultra_restricted": false
    },
    "thread_ts": "1666285582.271029",
    "parent_user_id": "U03UJGP0C68",
    "reactions": [
      {
        "name": "raised_hands",
        "users": [
          "U03UHB8CXDY"
        ],
        "count": 1
      }
    ]
  },
  {
    "client_msg_id": "d038eb14-4176-4e1d-afc0-786f93e64b75",
    "type": "message",
    "text": "<https://towardsdatascience.com/calculating-distance-between-two-geolocations-in-python-26ad3afe287b>",
    "user": "U03UG32J3PC",
    "ts": "1666296477.971589",
    "blocks": [
      {
        "type": "rich_text",
        "block_id": "llTGI",
        "elements": [
          {
            "type": "rich_text_section",
            "elements": [
              {
                "type": "link",
                "url": "https://towardsdatascience.com/calculating-distance-between-two-geolocations-in-python-26ad3afe287b"
              }
            ]
          }
        ]
      }
    ],
    "team": "T03U4J8HMUG",
    "user_team": "T03U4J8HMUG",
    "source_team": "T03U4J8HMUG",
    "user_profile": {
      "avatar_hash": "g9e7487b036e",
      "image_72": "https://secure.gravatar.com/avatar/9e7487b036ed726d016a0c5d8189773c.jpg?s=72&d=https%3A%2F%2Fa.slack-edge.com%2Fdf10d%2Fimg%2Favatars%2Fava_0005-72.png",
      "first_name": "April",
      "real_name": "April Lucas",
      "display_name": "April Lucas",
      "team": "T03U4J8HMUG",
      "name": "April",
      "is_restricted": false,
      "is_ultra_restricted": false
    },
    "attachments": [
      {
        "from_url": "https://towardsdatascience.com/calculating-distance-between-two-geolocations-in-python-26ad3afe287b",
        "ts": 1592106453,
        "image_url": "https://miro.medium.com/max/1200/0*9SybXmOpOSi8l7v7",
        "image_width": 375,
        "image_height": 250,
        "image_bytes": 109810,
        "service_icon": "https://miro.medium.com/fit/c/152/152/1*sHhtYhaCe2Uc3IU0IgKwIQ.png",
        "id": 1,
        "original_url": "https://towardsdatascience.com/calculating-distance-between-two-geolocations-in-python-26ad3afe287b",
        "fallback": "Medium: Calculating distance between two Geolocations in python",
        "text": "An introduction to \u201cHaversine distance\u201d",
        "title": "Calculating distance between two Geolocations in python",
        "title_link": "https://towardsdatascience.com/calculating-distance-between-two-geolocations-in-python-26ad3afe287b",
        "service_name": "Medium",
        "fields": [
          {
            "value": "3 min read",
            "title": "Reading time",
            "short": true
          }
        ]
      }
    ]
  },
  {
    "client_msg_id": "59cceeae-b78b-4d51-adc3-22e6add09dcb",
    "type": "message",
    "text": "Hey Nati, What about the public holidays in Nigeria",
    "user": "U03UG32J3PC",
    "ts": "1666296513.160189",
    "blocks": [
      {
        "type": "rich_text",
        "block_id": "6T+",
        "elements": [
          {
            "type": "rich_text_section",
            "elements": [
              {
                "type": "text",
                "text": "Hey Nati, What about the public holidays in Nigeria"
              }
            ]
          }
        ]
      }
    ],
    "team": "T03U4J8HMUG",
    "user_team": "T03U4J8HMUG",
    "source_team": "T03U4J8HMUG",
    "user_profile": {
      "avatar_hash": "g9e7487b036e",
      "image_72": "https://secure.gravatar.com/avatar/9e7487b036ed726d016a0c5d8189773c.jpg?s=72&d=https%3A%2F%2Fa.slack-edge.com%2Fdf10d%2Fimg%2Favatars%2Fava_0005-72.png",
      "first_name": "April",
      "real_name": "April Lucas",
      "display_name": "April Lucas",
      "team": "T03U4J8HMUG",
      "name": "April",
      "is_restricted": false,
      "is_ultra_restricted": false
    },
    "thread_ts": "1666285582.271029",
    "parent_user_id": "U03UJGP0C68"
  },
  {
    "client_msg_id": "16d5b145-9c81-465d-83ed-39d461e84f70",
    "type": "message",
    "text": "For example can this api tell me the flag day or Adwa day",
    "user": "U03UG32J3PC",
    "ts": "1666296668.824109",
    "blocks": [
      {
        "type": "rich_text",
        "block_id": "qeSq",
        "elements": [
          {
            "type": "rich_text_section",
            "elements": [
              {
                "type": "text",
                "text": "For example can this api tell me the flag day or Adwa day"
              }
            ]
          }
        ]
      }
    ],
    "team": "T03U4J8HMUG",
    "user_team": "T03U4J8HMUG",
    "source_team": "T03U4J8HMUG",
    "user_profile": {
      "avatar_hash": "g9e7487b036e",
      "image_72": "https://secure.gravatar.com/avatar/9e7487b036ed726d016a0c5d8189773c.jpg?s=72&d=https%3A%2F%2Fa.slack-edge.com%2Fdf10d%2Fimg%2Favatars%2Fava_0005-72.png",
      "first_name": "April",
      "real_name": "April Lucas",
      "display_name": "April Lucas",
      "team": "T03U4J8HMUG",
      "name": "April",
      "is_restricted": false,
      "is_ultra_restricted": false
    },
    "thread_ts": "1666285582.271029",
    "parent_user_id": "U03UJGP0C68"
  },
  {
    "client_msg_id": "e1175434-25f1-41f2-b301-9a67a0a520b8",
    "type": "message",
    "text": "<https://www.officeholidays.com/countries/nigeria/2022>",
    "user": "U03UG32J3PC",
    "ts": "1666296791.709409",
    "blocks": [
      {
        "type": "rich_text",
        "block_id": "PCz",
        "elements": [
          {
            "type": "rich_text_section",
            "elements": [
              {
                "type": "link",
                "url": "https://www.officeholidays.com/countries/nigeria/2022"
              }
            ]
          }
        ]
      }
    ],
    "team": "T03U4J8HMUG",
    "user_team": "T03U4J8HMUG",
    "source_team": "T03U4J8HMUG",
    "user_profile": {
      "avatar_hash": "g9e7487b036e",
      "image_72": "https://secure.gravatar.com/avatar/9e7487b036ed726d016a0c5d8189773c.jpg?s=72&d=https%3A%2F%2Fa.slack-edge.com%2Fdf10d%2Fimg%2Favatars%2Fava_0005-72.png",
      "first_name": "April",
      "real_name": "April Lucas",
      "display_name": "April Lucas",
      "team": "T03U4J8HMUG",
      "name": "April",
      "is_restricted": false,
      "is_ultra_restricted": false
    },
    "attachments": [
      {
        "from_url": "https://www.officeholidays.com/countries/nigeria/2022",
        "service_icon": "https://www.officeholidays.com/favicon.ico",
        "id": 1,
        "original_url": "https://www.officeholidays.com/countries/nigeria/2022",
        "fallback": "Office Holidays: National Holidays in Nigeria in 2022 | Office Holidays",
        "text": "Comprehensive list of National Public Holidays that are celebrated in Nigeria during 2022 with dates and information on the origin and meaning of holidays.",
        "title": "National Holidays in Nigeria in 2022 | Office Holidays",
        "title_link": "https://www.officeholidays.com/countries/nigeria/2022",
        "service_name": "Office Holidays"
      }
    ]
  },
  {
    "type": "message",
    "text": "It returns false for these holidays",
    "files": [
      {
        "id": "F04798E7U30",
        "created": 1666297705,
        "timestamp": 1666297705,
        "name": "image.png",
        "title": "image.png",
        "mimetype": "image/png",
        "filetype": "png",
        "pretty_type": "PNG",
        "user": "U03UG32J3PC",
        "user_team": "T03U4J8HMUG",
        "editable": false,
        "size": 18446,
        "mode": "hosted",
        "is_external": false,
        "external_type": "",
        "is_public": true,
        "public_url_shared": false,
        "display_as_bot": false,
        "username": "",
        "url_private": "https://files.slack.com/files-pri/T03U4J8HMUG-F04798E7U30/image.png?t=xoxe-3956620599968-6240746766294-6247387524178-110fc6768eefd7fcb909c4550875ed49",
        "url_private_download": "https://files.slack.com/files-pri/T03U4J8HMUG-F04798E7U30/download/image.png?t=xoxe-3956620599968-6240746766294-6247387524178-110fc6768eefd7fcb909c4550875ed49",
        "media_display_type": "unknown",
        "thumb_64": "https://files.slack.com/files-tmb/T03U4J8HMUG-F04798E7U30-3fb8938be9/image_64.png?t=xoxe-3956620599968-6240746766294-6247387524178-110fc6768eefd7fcb909c4550875ed49",
        "thumb_80": "https://files.slack.com/files-tmb/T03U4J8HMUG-F04798E7U30-3fb8938be9/image_80.png?t=xoxe-3956620599968-6240746766294-6247387524178-110fc6768eefd7fcb909c4550875ed49",
        "thumb_360": "https://files.slack.com/files-tmb/T03U4J8HMUG-F04798E7U30-3fb8938be9/image_360.png?t=xoxe-3956620599968-6240746766294-6247387524178-110fc6768eefd7fcb909c4550875ed49",
        "thumb_360_w": 360,
        "thumb_360_h": 47,
        "thumb_480": "https://files.slack.com/files-tmb/T03U4J8HMUG-F04798E7U30-3fb8938be9/image_480.png?t=xoxe-3956620599968-6240746766294-6247387524178-110fc6768eefd7fcb909c4550875ed49",
        "thumb_480_w": 480,
        "thumb_480_h": 63,
        "thumb_160": "https://files.slack.com/files-tmb/T03U4J8HMUG-F04798E7U30-3fb8938be9/image_160.png?t=xoxe-3956620599968-6240746766294-6247387524178-110fc6768eefd7fcb909c4550875ed49",
        "thumb_720": "https://files.slack.com/files-tmb/T03U4J8HMUG-F04798E7U30-3fb8938be9/image_720.png?t=xoxe-3956620599968-6240746766294-6247387524178-110fc6768eefd7fcb909c4550875ed49",
        "thumb_720_w": 720,
        "thumb_720_h": 94,
        "original_w": 771,
        "original_h": 101,
        "thumb_tiny": "AwAGADDRx7Cjbz0FOooENx6AUY9hS0tADcH2paWkoA//2Q==",
        "permalink": "https://10academybatch6.slack.com/files/U03UG32J3PC/F04798E7U30/image.png",
        "permalink_public": "https://slack-files.com/T03U4J8HMUG-F04798E7U30-df2229fbef",
        "is_starred": false,
        "has_rich_preview": false,
        "file_access": "visible"
      }
    ],
    "upload": false,
    "user": "U03UG32J3PC",
    "display_as_bot": false,
    "ts": "1666297718.113199",
    "blocks": [
      {
        "type": "rich_text",
        "block_id": "bJlxC",
        "elements": [
          {
            "type": "rich_text_section",
            "elements": [
              {
                "type": "text",
                "text": "It returns false for these holidays"
              }
            ]
          }
        ]
      }
    ],
    "client_msg_id": "efd20563-2b58-4c43-90f7-4034798872dd",
    "thread_ts": "1666285582.271029",
    "parent_user_id": "U03UJGP0C68",
    "reactions": [
      {
        "name": "thinking_face",
        "users": [
          "U03UJGP0C68"
        ],
        "count": 1
      }
    ]
  },
  {
    "client_msg_id": "5a55a58a-b520-4dfb-8aa6-f367e80234c8",
    "type": "message",
    "text": "it's quite confusing huh? i only got 12 holidays for the year 2022",
    "user": "U03UJGP0C68",
    "ts": "1666299873.656039",
    "blocks": [
      {
        "type": "rich_text",
        "block_id": "Y1i",
        "elements": [
          {
            "type": "rich_text_section",
            "elements": [
              {
                "type": "text",
                "text": "it's quite confusing huh? i only got 12 holidays for the year 2022"
              }
            ]
          }
        ]
      }
    ],
    "team": "T03U4J8HMUG",
    "user_team": "T03U4J8HMUG",
    "source_team": "T03U4J8HMUG",
    "user_profile": {
      "avatar_hash": "259faccdce43",
      "image_72": "https://avatars.slack-edge.com/2022-08-20/3965145363573_259faccdce439a8c6345_72.png",
      "first_name": "Judith",
      "real_name": "Judith Bolton",
      "display_name": "Judith Bolton",
      "team": "T03U4J8HMUG",
      "name": "Judith",
      "is_restricted": false,
      "is_ultra_restricted": false
    },
    "thread_ts": "1666285582.271029",
    "parent_user_id": "U03UJGP0C68"
  },
  {
    "client_msg_id": "0fb147f3-a393-454a-b50e-d9c2d4852211",
    "type": "message",
    "text": "<https://www.youtube.com/watch?v=O5-vbOWQhLo>",
    "user": "U03UG0SFHGT",
    "ts": "1666330324.090369",
    "blocks": [
      {
        "type": "rich_text",
        "block_id": "oBx",
        "elements": [
          {
            "type": "rich_text_section",
            "elements": [
              {
                "type": "link",
                "url": "https://www.youtube.com/watch?v=O5-vbOWQhLo"
              }
            ]
          }
        ]
      }
    ],
    "team": "T03U4J8HMUG",
    "user_team": "T03U4J8HMUG",
    "source_team": "T03U4J8HMUG",
    "user_profile": {
      "avatar_hash": "60e1cb8a7a1b",
      "image_72": "https://avatars.slack-edge.com/2022-08-20/3953568416743_60e1cb8a7a1b6c71c2bb_72.jpg",
      "first_name": "Willie",
      "real_name": "Willie Yang",
      "display_name": "Willie Yang",
      "team": "T03U4J8HMUG",
      "name": "Willie",
      "is_restricted": false,
      "is_ultra_restricted": false
    },
    "attachments": [
      {
        "from_url": "https://www.youtube.com/watch?v=O5-vbOWQhLo",
        "thumb_url": "https://i.ytimg.com/vi/O5-vbOWQhLo/hqdefault.jpg",
        "thumb_width": 480,
        "thumb_height": 360,
        "video_html": "<iframe width=\"400\" height=\"225\" src=\"https://www.youtube.com/embed/O5-vbOWQhLo?feature=oembed&autoplay=1&iv_load_policy=3\" frameborder=\"0\" allow=\"accelerometer; autoplay; clipboard-write; encrypted-media; gyroscope; picture-in-picture\" allowfullscreen title=\"Causal Inference: Making the Right Intervention | QuantumBlack\"></iframe>",
        "video_html_width": 400,
        "video_html_height": 225,
        "service_icon": "https://a.slack-edge.com/80588/img/unfurl_icons/youtube.png",
        "id": 1,
        "original_url": "https://www.youtube.com/watch?v=O5-vbOWQhLo",
        "fallback": "YouTube Video: Causal Inference: Making the Right Intervention | QuantumBlack",
        "title": "Causal Inference: Making the Right Intervention | QuantumBlack",
        "title_link": "https://www.youtube.com/watch?v=O5-vbOWQhLo",
        "author_name": "Data Council",
        "author_link": "https://www.youtube.com/c/DataCouncil",
        "service_name": "YouTube",
        "service_url": "https://www.youtube.com/"
      }
    ]
  },
  {
    "client_msg_id": "bcda5fea-5894-4123-8d41-b4e92e47a529",
    "type": "message",
    "text": "<https://medium.com/future-vision/google-maps-in-python-part-2-393f96196eaf>",
    "user": "U03UJGRN5E0",
    "ts": "1666330816.117299",
    "blocks": [
      {
        "type": "rich_text",
        "block_id": "hnCE",
        "elements": [
          {
            "type": "rich_text_section",
            "elements": [
              {
                "type": "link",
                "url": "https://medium.com/future-vision/google-maps-in-python-part-2-393f96196eaf"
              }
            ]
          }
        ]
      }
    ],
    "team": "T03U4J8HMUG",
    "user_team": "T03U4J8HMUG",
    "source_team": "T03U4J8HMUG",
    "user_profile": {
      "avatar_hash": "35b05758f532",
      "image_72": "https://avatars.slack-edge.com/2022-09-30/4156429070997_35b05758f532bdef5b5f_72.jpg",
      "first_name": "Katie",
      "real_name": "Katie Dickerson",
      "display_name": "Katie Dickerson",
      "team": "T03U4J8HMUG",
      "name": "Katie",
      "is_restricted": false,
      "is_ultra_restricted": false
    },
    "attachments": [
      {
        "from_url": "https://medium.com/future-vision/google-maps-in-python-part-2-393f96196eaf",
        "ts": 1564778870,
        "image_url": "https://miro.medium.com/max/468/1*r9brniCAGwVh_AiSkm7qTQ.png",
        "image_width": 369,
        "image_height": 250,
        "image_bytes": 127016,
        "service_icon": "https://miro.medium.com/fit/c/152/152/1*sHhtYhaCe2Uc3IU0IgKwIQ.png",
        "id": 1,
        "original_url": "https://medium.com/future-vision/google-maps-in-python-part-2-393f96196eaf",
        "fallback": "Medium: Getting started with Google Maps in Python",
        "text": "Lets get started with google maps in python! We are going to cover making a basic map, adding different layers to the maps, and then\u2026",
        "title": "Getting started with Google Maps in Python",
        "title_link": "https://medium.com/future-vision/google-maps-in-python-part-2-393f96196eaf",
        "service_name": "Medium",
        "fields": [
          {
            "value": "3 min read",
            "title": "Reading time",
            "short": true
          }
        ]
      }
    ]
  },
  {
    "client_msg_id": "9a4a85cf-1411-4ba9-a17c-44eae1ccfef1",
    "type": "message",
    "text": "<https://towardsdatascience.com/driving-distance-between-two-or-more-places-in-python-89779d691def>",
    "user": "U03UJN29Y4C",
    "ts": "1666333662.148009",
    "blocks": [
      {
        "type": "rich_text",
        "block_id": "DBcR",
        "elements": [
          {
            "type": "rich_text_section",
            "elements": [
              {
                "type": "link",
                "url": "https://towardsdatascience.com/driving-distance-between-two-or-more-places-in-python-89779d691def"
              }
            ]
          }
        ]
      }
    ],
    "team": "T03U4J8HMUG",
    "user_team": "T03U4J8HMUG",
    "source_team": "T03U4J8HMUG",
    "user_profile": {
      "avatar_hash": "9bf024280cf1",
      "image_72": "https://avatars.slack-edge.com/2022-10-08/4190947116101_9bf024280cf14dffb003_72.jpg",
      "first_name": "Michelle",
      "real_name": "Michelle Lewis",
      "display_name": "Michelle Lewis",
      "team": "T03U4J8HMUG",
      "name": "Michelle",
      "is_restricted": false,
      "is_ultra_restricted": false
    },
    "attachments": [
      {
        "from_url": "https://towardsdatascience.com/driving-distance-between-two-or-more-places-in-python-89779d691def",
        "ts": 1608070327,
        "image_url": "https://miro.medium.com/max/1056/1*fx-gN68SKWs_Y392hqhUfQ.png",
        "image_width": 324,
        "image_height": 250,
        "image_bytes": 161071,
        "service_icon": "https://miro.medium.com/fit/c/152/152/1*sHhtYhaCe2Uc3IU0IgKwIQ.png",
        "id": 1,
        "original_url": "https://towardsdatascience.com/driving-distance-between-two-or-more-places-in-python-89779d691def",
        "fallback": "Medium: Driving distance between two or more places in python",
        "text": "Automatic API calls, pandas manipulations, and traveling salesman problem",
        "title": "Driving distance between two or more places in python",
        "title_link": "https://towardsdatascience.com/driving-distance-between-two-or-more-places-in-python-89779d691def",
        "service_name": "Medium",
        "fields": [
          {
            "value": "7 min read",
            "title": "Reading time",
            "short": true
          }
        ]
      }
    ]
  }
]