[
  {
    "client_msg_id": "dc5c66b8-6de5-4c68-aaeb-321d97d788d6",
    "type": "message",
    "text": "<https://www.youtube.com/watch?v=QFaFIcGhPoM&amp;list=PLC3y8-rFHvwgg3vaYJgHGnModB54rxOk3>",
    "user": "U03UD4FEDHB",
    "ts": "1664528038.542239",
    "blocks": [
      {
        "type": "rich_text",
        "block_id": "Vtz",
        "elements": [
          {
            "type": "rich_text_section",
            "elements": [
              {
                "type": "link",
                "url": "https://www.youtube.com/watch?v=QFaFIcGhPoM&list=PLC3y8-rFHvwgg3vaYJgHGnModB54rxOk3"
              }
            ]
          }
        ]
      }
    ],
    "team": "T03U4J8HMUG",
    "user_team": "T03U4J8HMUG",
    "source_team": "T03U4J8HMUG",
    "user_profile": {
      "avatar_hash": "g48fef055f8a",
      "image_72": "https://secure.gravatar.com/avatar/48fef055f8a8b8a4c0bcfefbf5e3eec3.jpg?s=72&d=https%3A%2F%2Fa.slack-edge.com%2Fdf10d%2Fimg%2Favatars%2Fava_0025-72.png",
      "first_name": "Michael",
      "real_name": "Michael Gonzalez",
      "display_name": "Michael Gonzalez",
      "team": "T03U4J8HMUG",
      "name": "Michael",
      "is_restricted": false,
      "is_ultra_restricted": false
    },
    "attachments": [
      {
        "from_url": "https://www.youtube.com/watch?v=QFaFIcGhPoM",
        "thumb_url": "https://i.ytimg.com/vi/QFaFIcGhPoM/hqdefault.jpg",
        "thumb_width": 480,
        "thumb_height": 360,
        "video_html": "<iframe width=\"400\" height=\"225\" src=\"https://www.youtube.com/embed/QFaFIcGhPoM?feature=oembed&autoplay=1&iv_load_policy=3\" frameborder=\"0\" allow=\"accelerometer; autoplay; clipboard-write; encrypted-media; gyroscope; picture-in-picture\" allowfullscreen title=\"ReactJS Tutorial - 1 - Introduction\"></iframe>",
        "video_html_width": 400,
        "video_html_height": 225,
        "service_icon": "https://a.slack-edge.com/80588/img/unfurl_icons/youtube.png",
        "id": 1,
        "original_url": "https://www.youtube.com/watch?v=QFaFIcGhPoM&amp;list=PLC3y8-rFHvwgg3vaYJgHGnModB54rxOk3",
        "fallback": "YouTube Video: ReactJS Tutorial - 1 - Introduction",
        "title": "ReactJS Tutorial - 1 - Introduction",
        "title_link": "https://www.youtube.com/watch?v=QFaFIcGhPoM",
        "author_name": "Codevolution",
        "author_link": "https://www.youtube.com/c/Codevolution",
        "service_name": "YouTube",
        "service_url": "https://www.youtube.com/"
      }
    ]
  },
  {
    "client_msg_id": "ce020744-8143-4c16-87d1-dc506ec7dd4e",
    "type": "message",
    "text": "<http://assets.digitalocean.com/books/how-to-code-in-reactjs.pdf>",
    "user": "U03UD4FEDHB",
    "ts": "1664528196.623969",
    "blocks": [
      {
        "type": "rich_text",
        "block_id": "phvBh",
        "elements": [
          {
            "type": "rich_text_section",
            "elements": [
              {
                "type": "link",
                "url": "http://assets.digitalocean.com/books/how-to-code-in-reactjs.pdf"
              }
            ]
          }
        ]
      }
    ],
    "team": "T03U4J8HMUG",
    "user_team": "T03U4J8HMUG",
    "source_team": "T03U4J8HMUG",
    "user_profile": {
      "avatar_hash": "g48fef055f8a",
      "image_72": "https://secure.gravatar.com/avatar/48fef055f8a8b8a4c0bcfefbf5e3eec3.jpg?s=72&d=https%3A%2F%2Fa.slack-edge.com%2Fdf10d%2Fimg%2Favatars%2Fava_0025-72.png",
      "first_name": "Michael",
      "real_name": "Michael Gonzalez",
      "display_name": "Michael Gonzalez",
      "team": "T03U4J8HMUG",
      "name": "Michael",
      "is_restricted": false,
      "is_ultra_restricted": false
    }
  },
  {
    "client_msg_id": "ffc9ece7-995d-40d6-9c18-c9c2a770b058",
    "type": "message",
    "text": "Interact with Smart Contracts Using React: <https://youtu.be/DSfi3NgKsJc>",
    "user": "U03UJH1EQQL",
    "ts": "1664531631.226799",
    "blocks": [
      {
        "type": "rich_text",
        "block_id": "cCqGC",
        "elements": [
          {
            "type": "rich_text_section",
            "elements": [
              {
                "type": "text",
                "text": "Interact with Smart Contracts Using React: "
              },
              {
                "type": "link",
                "url": "https://youtu.be/DSfi3NgKsJc"
              }
            ]
          }
        ]
      }
    ],
    "team": "T03U4J8HMUG",
    "user_team": "T03U4J8HMUG",
    "source_team": "T03U4J8HMUG",
    "user_profile": {
      "avatar_hash": "81b299d9869c",
      "image_72": "https://avatars.slack-edge.com/2022-08-20/3953555815671_81b299d9869ca44e70c1_72.png",
      "first_name": "Kelly",
      "real_name": "Kelly Soto",
      "display_name": "Kelly Soto",
      "team": "T03U4J8HMUG",
      "name": "Kelly",
      "is_restricted": false,
      "is_ultra_restricted": false
    },
    "attachments": [
      {
        "from_url": "https://youtu.be/DSfi3NgKsJc",
        "thumb_url": "https://i.ytimg.com/vi/DSfi3NgKsJc/hqdefault.jpg",
        "thumb_width": 480,
        "thumb_height": 360,
        "video_html": "<iframe width=\"400\" height=\"225\" src=\"https://www.youtube.com/embed/DSfi3NgKsJc?feature=oembed&autoplay=1&iv_load_policy=3\" frameborder=\"0\" allow=\"accelerometer; autoplay; clipboard-write; encrypted-media; gyroscope; picture-in-picture\" allowfullscreen title=\"Interact with Smart Contracts Using React\"></iframe>",
        "video_html_width": 400,
        "video_html_height": 225,
        "service_icon": "https://a.slack-edge.com/80588/img/unfurl_icons/youtube.png",
        "id": 1,
        "original_url": "https://youtu.be/DSfi3NgKsJc",
        "fallback": "YouTube Video: Interact with Smart Contracts Using React",
        "title": "Interact with Smart Contracts Using React",
        "title_link": "https://youtu.be/DSfi3NgKsJc",
        "author_name": "Facundo Carballo - English",
        "author_link": "https://www.youtube.com/channel/UClFpAhXreRT2Ii9KN28-m2Q",
        "service_name": "YouTube",
        "service_url": "https://www.youtube.com/"
      }
    ]
  },
  {
    "client_msg_id": "ccf78c2e-b78c-4dc6-9f20-f7a1dee43567",
    "type": "message",
    "text": "<https://www.pluralsight.com/guides/uploading-files-with-reactjs>",
    "user": "U03UUR571A5",
    "ts": "1664531731.456249",
    "blocks": [
      {
        "type": "rich_text",
        "block_id": "bmW",
        "elements": [
          {
            "type": "rich_text_section",
            "elements": [
              {
                "type": "link",
                "url": "https://www.pluralsight.com/guides/uploading-files-with-reactjs"
              }
            ]
          }
        ]
      }
    ],
    "team": "T03U4J8HMUG",
    "user_team": "T03U4J8HMUG",
    "source_team": "T03U4J8HMUG",
    "user_profile": {
      "avatar_hash": "g95c5cde44bc",
      "image_72": "https://secure.gravatar.com/avatar/95c5cde44bc023bd369920b7e1ed0c94.jpg?s=72&d=https%3A%2F%2Fa.slack-edge.com%2Fdf10d%2Fimg%2Favatars%2Fava_0017-72.png",
      "first_name": "Amy",
      "real_name": "Amy Leon",
      "display_name": "Amy Leon",
      "team": "T03U4J8HMUG",
      "name": "Amy",
      "is_restricted": false,
      "is_ultra_restricted": false
    },
    "attachments": [
      {
        "from_url": "https://www.pluralsight.com/guides/uploading-files-with-reactjs",
        "service_icon": "https://s2.pluralsight.com/favicon.ico",
        "id": 1,
        "original_url": "https://www.pluralsight.com/guides/uploading-files-with-reactjs",
        "fallback": "Uploading Files with React.js | Pluralsight",
        "text": "This guide covers how to upload a file with React and how to use the Fetch API to upload files.",
        "title": "Uploading Files with React.js | Pluralsight",
        "title_link": "https://www.pluralsight.com/guides/uploading-files-with-reactjs",
        "service_name": "pluralsight.com"
      }
    ]
  },
  {
    "client_msg_id": "5701aceb-8bea-4765-bdab-6d2a13197aaa",
    "type": "message",
    "text": "<https://www.algorand.com/smart-contracts-defi>",
    "user": "U03UHB8CXDY",
    "ts": "1664532775.988209",
    "blocks": [
      {
        "type": "rich_text",
        "block_id": "uWq",
        "elements": [
          {
            "type": "rich_text_section",
            "elements": [
              {
                "type": "link",
                "url": "https://www.algorand.com/smart-contracts-defi"
              }
            ]
          }
        ]
      }
    ],
    "team": "T03U4J8HMUG",
    "user_team": "T03U4J8HMUG",
    "source_team": "T03U4J8HMUG",
    "user_profile": {
      "avatar_hash": "374fee609510",
      "image_72": "https://avatars.slack-edge.com/2022-09-30/4159182498980_374fee609510e6ff1526_72.jpg",
      "first_name": "Yvonne",
      "real_name": "Yvonne Gonzalez",
      "display_name": "Yvonne Gonzalez",
      "team": "T03U4J8HMUG",
      "name": "Yvonne",
      "is_restricted": false,
      "is_ultra_restricted": false
    },
    "attachments": [
      {
        "from_url": "https://www.algorand.com/smart-contracts-defi",
        "thumb_url": "https://www.algorand.com/static/algorand-og-image-98d634bc4a6f00c455b35830674ae96b.png",
        "thumb_width": 1200,
        "thumb_height": 630,
        "service_icon": "https://www.algorand.com/icons/icon-48x48.png?v=a9cef10f69c698c44215a7dfd9b78508",
        "id": 1,
        "original_url": "https://www.algorand.com/smart-contracts-defi",
        "fallback": "Next Generation Smart Contracts for the DeFi World",
        "text": "Blockchain Smart Contracts in Decentralized Finance (DeFi)",
        "title": "Next Generation Smart Contracts for the DeFi World",
        "title_link": "https://www.algorand.com/smart-contracts-defi",
        "service_name": "algorand.com"
      }
    ]
  },
  {
    "client_msg_id": "966aaff3-ce10-4f74-a383-f809e0759e5a",
    "type": "message",
    "text": "<https://developer.algorand.org/docs/get-details/dapps/avm/teal/specification/>",
    "user": "U03U9EJR362",
    "ts": "1664533063.910589",
    "blocks": [
      {
        "type": "rich_text",
        "block_id": "60lY",
        "elements": [
          {
            "type": "rich_text_section",
            "elements": [
              {
                "type": "link",
                "url": "https://developer.algorand.org/docs/get-details/dapps/avm/teal/specification/"
              }
            ]
          }
        ]
      }
    ],
    "team": "T03U4J8HMUG",
    "user_team": "T03U4J8HMUG",
    "source_team": "T03U4J8HMUG",
    "user_profile": {
      "avatar_hash": "gc0133e965fb",
      "image_72": "https://secure.gravatar.com/avatar/c0133e965fb5500f9a83b69df54a7dc6.jpg?s=72&d=https%3A%2F%2Fa.slack-edge.com%2Fdf10d%2Fimg%2Favatars%2Fava_0006-72.png",
      "first_name": "Nicholas",
      "real_name": "Nicholas Friedman",
      "display_name": "Nicholas Friedman",
      "team": "T03U4J8HMUG",
      "name": "Nicholas",
      "is_restricted": false,
      "is_ultra_restricted": false
    },
    "attachments": [
      {
        "from_url": "https://developer.algorand.org/docs/get-details/dapps/avm/teal/specification/",
        "image_url": "https://algorand-devloper-portal-app.s3.amazonaws.com/static/img/algorandShareImage.png",
        "image_width": 476,
        "image_height": 250,
        "image_bytes": 275201,
        "service_icon": "https://developer.algorand.org/docs/assets/images/favicon.png",
        "id": 1,
        "original_url": "https://developer.algorand.org/docs/get-details/dapps/avm/teal/specification/",
        "fallback": "The Algorand Virtual Machine (AVM) and TEAL. - Algorand Developer Portal",
        "text": "Algorand Developer Docs, SDKs, REST APIs, CLI tools, ecosystem projects, metrics dashboard and sample code, how-tos, and news from the Algorand developer community",
        "title": "The Algorand Virtual Machine (AVM) and TEAL. - Algorand Developer Portal",
        "title_link": "https://developer.algorand.org/docs/get-details/dapps/avm/teal/specification/",
        "service_name": "developer.algorand.org"
      }
    ]
  },
  {
    "client_msg_id": "e2be17c0-663b-41d0-8fed-5e9841e3f397",
    "type": "message",
    "text": "<https://developer.algorand.org/docs/get-details/dapps/pyteal/>",
    "user": "U03U9EJR362",
    "ts": "1664533098.844179",
    "blocks": [
      {
        "type": "rich_text",
        "block_id": "POA",
        "elements": [
          {
            "type": "rich_text_section",
            "elements": [
              {
                "type": "link",
                "url": "https://developer.algorand.org/docs/get-details/dapps/pyteal/"
              }
            ]
          }
        ]
      }
    ],
    "team": "T03U4J8HMUG",
    "user_team": "T03U4J8HMUG",
    "source_team": "T03U4J8HMUG",
    "user_profile": {
      "avatar_hash": "gc0133e965fb",
      "image_72": "https://secure.gravatar.com/avatar/c0133e965fb5500f9a83b69df54a7dc6.jpg?s=72&d=https%3A%2F%2Fa.slack-edge.com%2Fdf10d%2Fimg%2Favatars%2Fava_0006-72.png",
      "first_name": "Nicholas",
      "real_name": "Nicholas Friedman",
      "display_name": "Nicholas Friedman",
      "team": "T03U4J8HMUG",
      "name": "Nicholas",
      "is_restricted": false,
      "is_ultra_restricted": false
    },
    "attachments": [
      {
        "from_url": "https://developer.algorand.org/docs/get-details/dapps/pyteal/",
        "image_url": "https://algorand-devloper-portal-app.s3.amazonaws.com/static/img/algorandShareImage.png",
        "image_width": 476,
        "image_height": 250,
        "image_bytes": 275201,
        "service_icon": "https://developer.algorand.org/docs/assets/images/favicon.png",
        "id": 1,
        "original_url": "https://developer.algorand.org/docs/get-details/dapps/pyteal/",
        "fallback": "PyTeal - Algorand Developer Portal",
        "text": "Algorand Developer Docs, SDKs, REST APIs, CLI tools, ecosystem projects, metrics dashboard and sample code, how-tos, and news from the Algorand developer community",
        "title": "PyTeal - Algorand Developer Portal",
        "title_link": "https://developer.algorand.org/docs/get-details/dapps/pyteal/",
        "service_name": "developer.algorand.org"
      }
    ]
  },
  {
    "client_msg_id": "d97be86c-d9ac-454b-a0f9-7ac1846de452",
    "type": "message",
    "text": "<https://developer.mozilla.org/en-US/docs/Web/JavaScript/Language_Overview>",
    "user": "U03U1FNPEUX",
    "ts": "1664533230.063059",
    "blocks": [
      {
        "type": "rich_text",
        "block_id": "lggL3",
        "elements": [
          {
            "type": "rich_text_section",
            "elements": [
              {
                "type": "link",
                "url": "https://developer.mozilla.org/en-US/docs/Web/JavaScript/Language_Overview"
              }
            ]
          }
        ]
      }
    ],
    "team": "T03U4J8HMUG",
    "user_team": "T03U4J8HMUG",
    "source_team": "T03U4J8HMUG",
    "user_profile": {
      "avatar_hash": "37a12a7dbb92",
      "image_72": "https://avatars.slack-edge.com/2022-09-09/4058043481011_37a12a7dbb926b2c9c86_72.png",
      "first_name": "Joshua",
      "real_name": "Joshua Rhodes",
      "display_name": "Joshua Rhodes",
      "team": "T03U4J8HMUG",
      "name": "Joshua",
      "is_restricted": false,
      "is_ultra_restricted": false
    },
    "attachments": [
      {
        "from_url": "https://developer.mozilla.org/en-US/docs/Web/JavaScript/Language_Overview",
        "image_url": "https://developer.mozilla.org/mdn-social-share.cd6c4a5a.png",
        "image_width": 444,
        "image_height": 250,
        "image_bytes": 23824,
        "service_icon": "https://developer.mozilla.org/apple-touch-icon.6803c6f0.png",
        "id": 1,
        "original_url": "https://developer.mozilla.org/en-US/docs/Web/JavaScript/Language_Overview",
        "fallback": "JavaScript language overview - JavaScript | MDN",
        "text": "JavaScript is a multi-paradigm, dynamic language with types and operators, standard built-in objects, and methods. Its syntax is based on the Java and C languages \u2014 many structures from those languages apply to JavaScript as well. JavaScript supports object-oriented programming with object prototypes and classes. It also supports functional programming since functions are first-class that can be easily created via expressions and passed around like any other object.",
        "title": "JavaScript language overview - JavaScript | MDN",
        "title_link": "https://developer.mozilla.org/en-US/docs/Web/JavaScript/Language_Overview",
        "service_name": "developer.mozilla.org"
      }
    ]
  },
  {
    "client_msg_id": "9efbac07-7d6c-4593-b9ab-860d957f4b5c",
    "type": "message",
    "text": "Algorand PyTeal: Setting Up Development Environment\n<https://www.youtube.com/watch?v=V3d3VTlgMo8&amp;list=PLpAdAjL5F75CNnmGbz9Dm_k-z5I6Sv9_x>",
    "user": "U03UD4FEDHB",
    "ts": "1664533293.219319",
    "blocks": [
      {
        "type": "rich_text",
        "block_id": "=DAV",
        "elements": [
          {
            "type": "rich_text_section",
            "elements": [
              {
                "type": "text",
                "text": "Algorand PyTeal: Setting Up Development Environment\n"
              },
              {
                "type": "link",
                "url": "https://www.youtube.com/watch?v=V3d3VTlgMo8&list=PLpAdAjL5F75CNnmGbz9Dm_k-z5I6Sv9_x"
              }
            ]
          }
        ]
      }
    ],
    "team": "T03U4J8HMUG",
    "user_team": "T03U4J8HMUG",
    "source_team": "T03U4J8HMUG",
    "user_profile": {
      "avatar_hash": "g48fef055f8a",
      "image_72": "https://secure.gravatar.com/avatar/48fef055f8a8b8a4c0bcfefbf5e3eec3.jpg?s=72&d=https%3A%2F%2Fa.slack-edge.com%2Fdf10d%2Fimg%2Favatars%2Fava_0025-72.png",
      "first_name": "Michael",
      "real_name": "Michael Gonzalez",
      "display_name": "Michael Gonzalez",
      "team": "T03U4J8HMUG",
      "name": "Michael",
      "is_restricted": false,
      "is_ultra_restricted": false
    },
    "attachments": [
      {
        "from_url": "https://www.youtube.com/watch?v=V3d3VTlgMo8",
        "thumb_url": "https://i.ytimg.com/vi/V3d3VTlgMo8/hqdefault.jpg",
        "thumb_width": 480,
        "thumb_height": 360,
        "video_html": "<iframe width=\"400\" height=\"225\" src=\"https://www.youtube.com/embed/V3d3VTlgMo8?feature=oembed&autoplay=1&iv_load_policy=3\" frameborder=\"0\" allow=\"accelerometer; autoplay; clipboard-write; encrypted-media; gyroscope; picture-in-picture\" allowfullscreen title=\"Algorand PyTeal Course | Setting Up Development Environment\"></iframe>",
        "video_html_width": 400,
        "video_html_height": 225,
        "service_icon": "https://a.slack-edge.com/80588/img/unfurl_icons/youtube.png",
        "id": 1,
        "original_url": "https://www.youtube.com/watch?v=V3d3VTlgMo8&amp;list=PLpAdAjL5F75CNnmGbz9Dm_k-z5I6Sv9_x",
        "fallback": "YouTube Video: Algorand PyTeal Course | Setting Up Development Environment",
        "title": "Algorand PyTeal Course | Setting Up Development Environment",
        "title_link": "https://www.youtube.com/watch?v=V3d3VTlgMo8",
        "author_name": "Algorand",
        "author_link": "https://www.youtube.com/c/Algorand",
        "service_name": "YouTube",
        "service_url": "https://www.youtube.com/"
      }
    ]
  },
  {
    "client_msg_id": "f89b98e0-f8f5-4ac4-9aaf-de8b2e881cd0",
    "type": "message",
    "text": "<https://csrc.nist.gov/glossary/term/smart_contract>",
    "user": "U03UG5VFN03",
    "ts": "1664533360.378789",
    "blocks": [
      {
        "type": "rich_text",
        "block_id": "qCm7b",
        "elements": [
          {
            "type": "rich_text_section",
            "elements": [
              {
                "type": "link",
                "url": "https://csrc.nist.gov/glossary/term/smart_contract"
              }
            ]
          }
        ]
      }
    ],
    "team": "T03U4J8HMUG",
    "user_team": "T03U4J8HMUG",
    "source_team": "T03U4J8HMUG",
    "user_profile": {
      "avatar_hash": "1eec51b41e1b",
      "image_72": "https://avatars.slack-edge.com/2022-08-20/3980936144801_1eec51b41e1b370500be_72.png",
      "first_name": "Nancy",
      "real_name": "Nancy Craig",
      "display_name": "Nancy Craig",
      "team": "T03U4J8HMUG",
      "name": "Nancy",
      "is_restricted": false,
      "is_ultra_restricted": false
    }
  },
  {
    "client_msg_id": "383dccf0-ffbe-4284-ae0d-541a2d39e53d",
    "type": "message",
    "text": "<https://www.youtube.com/watch?v=pdsYCkUWrgQ&amp;t=237s>",
    "user": "U03UG5VFN03",
    "ts": "1664533434.184889",
    "blocks": [
      {
        "type": "rich_text",
        "block_id": "7oa",
        "elements": [
          {
            "type": "rich_text_section",
            "elements": [
              {
                "type": "link",
                "url": "https://www.youtube.com/watch?v=pdsYCkUWrgQ&t=237s"
              }
            ]
          }
        ]
      }
    ],
    "team": "T03U4J8HMUG",
    "user_team": "T03U4J8HMUG",
    "source_team": "T03U4J8HMUG",
    "user_profile": {
      "avatar_hash": "1eec51b41e1b",
      "image_72": "https://avatars.slack-edge.com/2022-08-20/3980936144801_1eec51b41e1b370500be_72.png",
      "first_name": "Nancy",
      "real_name": "Nancy Craig",
      "display_name": "Nancy Craig",
      "team": "T03U4J8HMUG",
      "name": "Nancy",
      "is_restricted": false,
      "is_ultra_restricted": false
    },
    "attachments": [
      {
        "from_url": "https://www.youtube.com/watch?v=pdsYCkUWrgQ&amp;t=237s",
        "thumb_url": "https://i.ytimg.com/vi/pdsYCkUWrgQ/hqdefault.jpg",
        "thumb_width": 480,
        "thumb_height": 360,
        "video_html": "<iframe width=\"400\" height=\"225\" src=\"https://www.youtube.com/embed/pdsYCkUWrgQ?feature=oembed&start=237&autoplay=1&iv_load_policy=3\" frameborder=\"0\" allow=\"accelerometer; autoplay; clipboard-write; encrypted-media; gyroscope; picture-in-picture\" allowfullscreen title=\"How to Connect your Smart Contracts to Metamask | Full Stack Web3\"></iframe>",
        "video_html_width": 400,
        "video_html_height": 225,
        "service_icon": "https://a.slack-edge.com/80588/img/unfurl_icons/youtube.png",
        "id": 1,
        "original_url": "https://www.youtube.com/watch?v=pdsYCkUWrgQ&amp;t=237s",
        "fallback": "YouTube Video: How to Connect your Smart Contracts to Metamask | Full Stack Web3",
        "title": "How to Connect your Smart Contracts to Metamask | Full Stack Web3",
        "title_link": "https://www.youtube.com/watch?v=pdsYCkUWrgQ&amp;t=237s",
        "author_name": "Patrick Collins",
        "author_link": "https://www.youtube.com/c/PatrickCollins",
        "service_name": "YouTube",
        "service_url": "https://www.youtube.com/"
      }
    ]
  },
  {
    "client_msg_id": "44eb471d-df1b-47fc-ad84-18cc0a7ab077",
    "type": "message",
    "text": "<https://www.youtube.com/watch?v=Wn_Kb3MR_cU>",
    "user": "U03UG5VFN03",
    "ts": "1664533492.188139",
    "blocks": [
      {
        "type": "rich_text",
        "block_id": "G8b",
        "elements": [
          {
            "type": "rich_text_section",
            "elements": [
              {
                "type": "link",
                "url": "https://www.youtube.com/watch?v=Wn_Kb3MR_cU"
              }
            ]
          }
        ]
      }
    ],
    "team": "T03U4J8HMUG",
    "user_team": "T03U4J8HMUG",
    "source_team": "T03U4J8HMUG",
    "user_profile": {
      "avatar_hash": "1eec51b41e1b",
      "image_72": "https://avatars.slack-edge.com/2022-08-20/3980936144801_1eec51b41e1b370500be_72.png",
      "first_name": "Nancy",
      "real_name": "Nancy Craig",
      "display_name": "Nancy Craig",
      "team": "T03U4J8HMUG",
      "name": "Nancy",
      "is_restricted": false,
      "is_ultra_restricted": false
    },
    "attachments": [
      {
        "from_url": "https://www.youtube.com/watch?v=Wn_Kb3MR_cU",
        "thumb_url": "https://i.ytimg.com/vi/Wn_Kb3MR_cU/hqdefault.jpg",
        "thumb_width": 480,
        "thumb_height": 360,
        "video_html": "<iframe width=\"400\" height=\"225\" src=\"https://www.youtube.com/embed/Wn_Kb3MR_cU?feature=oembed&autoplay=1&iv_load_policy=3\" frameborder=\"0\" allow=\"accelerometer; autoplay; clipboard-write; encrypted-media; gyroscope; picture-in-picture\" allowfullscreen title=\"Build and Deploy a Modern Web 3.0 Blockchain App | Solidity, Smart Contracts, Crypto\"></iframe>",
        "video_html_width": 400,
        "video_html_height": 225,
        "service_icon": "https://a.slack-edge.com/80588/img/unfurl_icons/youtube.png",
        "id": 1,
        "original_url": "https://www.youtube.com/watch?v=Wn_Kb3MR_cU",
        "fallback": "YouTube Video: Build and Deploy a Modern Web 3.0 Blockchain App | Solidity, Smart Contracts, Crypto",
        "title": "Build and Deploy a Modern Web 3.0 Blockchain App | Solidity, Smart Contracts, Crypto",
        "title_link": "https://www.youtube.com/watch?v=Wn_Kb3MR_cU",
        "author_name": "JavaScript Mastery",
        "author_link": "https://www.youtube.com/c/JavaScriptMastery",
        "service_name": "YouTube",
        "service_url": "https://www.youtube.com/"
      }
    ]
  },
  {
    "client_msg_id": "a9c8b45a-a5ca-4c4b-9fbe-0e7258807d33",
    "type": "message",
    "text": "<https://www.leewayhertz.com/how-to-develop-a-dapp-on-algorand/>",
    "user": "U03UHB8CXDY",
    "ts": "1664533584.064319",
    "blocks": [
      {
        "type": "rich_text",
        "block_id": "d9DM",
        "elements": [
          {
            "type": "rich_text_section",
            "elements": [
              {
                "type": "link",
                "url": "https://www.leewayhertz.com/how-to-develop-a-dapp-on-algorand/"
              }
            ]
          }
        ]
      }
    ],
    "team": "T03U4J8HMUG",
    "user_team": "T03U4J8HMUG",
    "source_team": "T03U4J8HMUG",
    "user_profile": {
      "avatar_hash": "374fee609510",
      "image_72": "https://avatars.slack-edge.com/2022-09-30/4159182498980_374fee609510e6ff1526_72.jpg",
      "first_name": "Yvonne",
      "real_name": "Yvonne Gonzalez",
      "display_name": "Yvonne Gonzalez",
      "team": "T03U4J8HMUG",
      "name": "Yvonne",
      "is_restricted": false,
      "is_ultra_restricted": false
    },
    "attachments": [
      {
        "from_url": "https://www.leewayhertz.com/how-to-develop-a-dapp-on-algorand/",
        "ts": 1653144207,
        "image_url": "https://d3lkc3n5th01x7.cloudfront.net/wp-content/uploads/2022/05/23021654/develop-a-dApp-on-Algorand-1.png",
        "image_width": 365,
        "image_height": 250,
        "image_bytes": 155403,
        "service_icon": "https://d3lkc3n5th01x7.cloudfront.net/wp-content/uploads/2021/05/20012953/LeewayHertz-Icon.png",
        "id": 1,
        "original_url": "https://www.leewayhertz.com/how-to-develop-a-dapp-on-algorand/",
        "fallback": "LeewayHertz - Software Development Company: How to Develop a dApp on Algorand?",
        "text": "With an entirely decentralized, transparent, and cost-effective public platform, Algorand serves as a better ecosystem to build dApps on Algorand.",
        "title": "How to Develop a dApp on Algorand?",
        "title_link": "https://www.leewayhertz.com/how-to-develop-a-dapp-on-algorand/",
        "service_name": "LeewayHertz - Software Development Company",
        "fields": [
          {
            "value": "Akash Takyar",
            "title": "Written by",
            "short": true
          },
          {
            "value": "17 minutes",
            "title": "Est. reading time",
            "short": true
          }
        ]
      }
    ]
  },
  {
    "client_msg_id": "74b4da15-53d4-4cbb-b407-b08c8ab6c088",
    "type": "message",
    "text": "<https://pyteal.readthedocs.io/en/stable/>",
    "user": "U03UG4Q7V42",
    "ts": "1664533584.074099",
    "blocks": [
      {
        "type": "rich_text",
        "block_id": "cjB",
        "elements": [
          {
            "type": "rich_text_section",
            "elements": [
              {
                "type": "link",
                "url": "https://pyteal.readthedocs.io/en/stable/"
              }
            ]
          }
        ]
      }
    ],
    "team": "T03U4J8HMUG",
    "user_team": "T03U4J8HMUG",
    "source_team": "T03U4J8HMUG",
    "user_profile": {
      "avatar_hash": "5bc346a85286",
      "image_72": "https://avatars.slack-edge.com/2022-08-20/3968048875651_5bc346a852866218ec6b_72.png",
      "first_name": "Phillip",
      "real_name": "Phillip Atkins",
      "display_name": "Phillip Atkins",
      "team": "T03U4J8HMUG",
      "name": "Phillip",
      "is_restricted": false,
      "is_ultra_restricted": false
    }
  },
  {
    "client_msg_id": "f8354d37-c5f7-4e04-8d07-29f62f83a75d",
    "type": "message",
    "text": "Pyteal Examples <https://pyteal.readthedocs.io/en/stable/examples.html>",
    "user": "U03UG4Q7V42",
    "ts": "1664533618.465509",
    "blocks": [
      {
        "type": "rich_text",
        "block_id": "Nxd2",
        "elements": [
          {
            "type": "rich_text_section",
            "elements": [
              {
                "type": "text",
                "text": "Pyteal Examples "
              },
              {
                "type": "link",
                "url": "https://pyteal.readthedocs.io/en/stable/examples.html"
              }
            ]
          }
        ]
      }
    ],
    "team": "T03U4J8HMUG",
    "user_team": "T03U4J8HMUG",
    "source_team": "T03U4J8HMUG",
    "user_profile": {
      "avatar_hash": "5bc346a85286",
      "image_72": "https://avatars.slack-edge.com/2022-08-20/3968048875651_5bc346a852866218ec6b_72.png",
      "first_name": "Phillip",
      "real_name": "Phillip Atkins",
      "display_name": "Phillip Atkins",
      "team": "T03U4J8HMUG",
      "name": "Phillip",
      "is_restricted": false,
      "is_ultra_restricted": false
    }
  },
  {
    "client_msg_id": "d913b9e2-9c67-4154-ab03-0f3870d297ab",
    "type": "message",
    "text": "<https://www.youtube.com/watch?v=VACIqRpSyX8>",
    "user": "U03UHB8CXDY",
    "ts": "1664533642.578969",
    "blocks": [
      {
        "type": "rich_text",
        "block_id": "Dcs",
        "elements": [
          {
            "type": "rich_text_section",
            "elements": [
              {
                "type": "link",
                "url": "https://www.youtube.com/watch?v=VACIqRpSyX8"
              }
            ]
          }
        ]
      }
    ],
    "team": "T03U4J8HMUG",
    "user_team": "T03U4J8HMUG",
    "source_team": "T03U4J8HMUG",
    "user_profile": {
      "avatar_hash": "374fee609510",
      "image_72": "https://avatars.slack-edge.com/2022-09-30/4159182498980_374fee609510e6ff1526_72.jpg",
      "first_name": "Yvonne",
      "real_name": "Yvonne Gonzalez",
      "display_name": "Yvonne Gonzalez",
      "team": "T03U4J8HMUG",
      "name": "Yvonne",
      "is_restricted": false,
      "is_ultra_restricted": false
    },
    "attachments": [
      {
        "from_url": "https://www.youtube.com/watch?v=VACIqRpSyX8",
        "thumb_url": "https://i.ytimg.com/vi/VACIqRpSyX8/hqdefault.jpg",
        "thumb_width": 480,
        "thumb_height": 360,
        "video_html": "<iframe width=\"400\" height=\"225\" src=\"https://www.youtube.com/embed/VACIqRpSyX8?feature=oembed&autoplay=1&iv_load_policy=3\" frameborder=\"0\" allow=\"accelerometer; autoplay; clipboard-write; encrypted-media; gyroscope; picture-in-picture\" allowfullscreen title=\"Algorand Hackathon: Algorand Smart Contracts\"></iframe>",
        "video_html_width": 400,
        "video_html_height": 225,
        "service_icon": "https://a.slack-edge.com/80588/img/unfurl_icons/youtube.png",
        "id": 1,
        "original_url": "https://www.youtube.com/watch?v=VACIqRpSyX8",
        "fallback": "YouTube Video: Algorand Hackathon: Algorand Smart Contracts",
        "title": "Algorand Hackathon: Algorand Smart Contracts",
        "title_link": "https://www.youtube.com/watch?v=VACIqRpSyX8",
        "author_name": "Encode Club",
        "author_link": "https://www.youtube.com/channel/UC8MwfizU_2GYh_LugWJom6A",
        "service_name": "YouTube",
        "service_url": "https://www.youtube.com/"
      }
    ]
  },
  {
    "client_msg_id": "8a556af4-c15e-4996-ab8e-3cb2013c2025",
    "type": "message",
    "text": "<https://d.mba/blog/school-certificates-for-the-digital-age>",
    "user": "U03UUP56MDF",
    "ts": "1664533653.375979",
    "blocks": [
      {
        "type": "rich_text",
        "block_id": "=ja1U",
        "elements": [
          {
            "type": "rich_text_section",
            "elements": [
              {
                "type": "link",
                "url": "https://d.mba/blog/school-certificates-for-the-digital-age"
              }
            ]
          }
        ]
      }
    ],
    "team": "T03U4J8HMUG",
    "user_team": "T03U4J8HMUG",
    "source_team": "T03U4J8HMUG",
    "user_profile": {
      "avatar_hash": "g00725318689",
      "image_72": "https://secure.gravatar.com/avatar/007253186898705d4f28c384188b8a63.jpg?s=72&d=https%3A%2F%2Fa.slack-edge.com%2Fdf10d%2Fimg%2Favatars%2Fava_0007-72.png",
      "first_name": "Mark",
      "real_name": "Mark Crawford",
      "display_name": "Mark Crawford",
      "team": "T03U4J8HMUG",
      "name": "Mark",
      "is_restricted": false,
      "is_ultra_restricted": false
    },
    "attachments": [
      {
        "from_url": "https://d.mba/blog/school-certificates-for-the-digital-age",
        "thumb_url": "http://static1.squarespace.com/static/5a5331d3b1ffb6ca7203df4e/t/620a77c6a21fd36a1ee36fb0/1644853190334/d.MBA+Certificates.jpg?format=1500w",
        "thumb_width": 1200,
        "thumb_height": 630,
        "service_icon": "https://images.squarespace-cdn.com/content/v1/5a5331d3b1ffb6ca7203df4e/1594644391253-BIB70NDUJHMH8U4FY2E5/favicon.ico?format=100w",
        "id": 1,
        "original_url": "https://d.mba/blog/school-certificates-for-the-digital-age",
        "fallback": "d.MBA: School certificates for the digital age",
        "text": "School certificates and diplomas used to represent a sense of pride and accomplishment. Something worth a permanent place in our physical space. Our parents framed and hung their diplomas on the walls.&amp;nbsp; And what happens with certificates today?&amp;nbsp; The best-case scenario is taking a",
        "title": "School certificates for the digital age",
        "title_link": "https://d.mba/blog/school-certificates-for-the-digital-age",
        "service_name": "d.MBA"
      }
    ]
  },
  {
    "client_msg_id": "2475f12d-8574-486d-816d-cbb286978ac2",
    "type": "message",
    "text": "<https://developer.algorand.org/tutorials/algorand-blockchain-development-using-reach-part-7-reactjs-front-end-and-algosigner-integration/>",
    "user": "U03UFV7HFNF",
    "ts": "1664533988.075449",
    "blocks": [
      {
        "type": "rich_text",
        "block_id": "l4QH",
        "elements": [
          {
            "type": "rich_text_section",
            "elements": [
              {
                "type": "link",
                "url": "https://developer.algorand.org/tutorials/algorand-blockchain-development-using-reach-part-7-reactjs-front-end-and-algosigner-integration/"
              }
            ]
          }
        ]
      }
    ],
    "team": "T03U4J8HMUG",
    "user_team": "T03U4J8HMUG",
    "source_team": "T03U4J8HMUG",
    "user_profile": {
      "avatar_hash": "3166d51d23f1",
      "image_72": "https://avatars.slack-edge.com/2022-08-20/3991799522480_3166d51d23f1da2374e9_72.jpg",
      "first_name": "Miguel",
      "real_name": "Miguel Herring",
      "display_name": "Miguel Herring",
      "team": "T03U4J8HMUG",
      "name": "Miguel",
      "is_restricted": false,
      "is_ultra_restricted": false
    },
    "attachments": [
      {
        "from_url": "https://developer.algorand.org/tutorials/algorand-blockchain-development-using-reach-part-7-reactjs-front-end-and-algosigner-integration/",
        "image_url": "https://algorand-developer-portal.tryprism.com/static/Posts/2021/03/11 16:17/030321-RPS.jpg?w=1200&cmd=resize_then_crop&height=630&quality=70",
        "image_width": 476,
        "image_height": 250,
        "image_bytes": 49599,
        "service_icon": "https://algorand-devloper-portal-app.s3.amazonaws.com/static/img/favicon.png",
        "id": 1,
        "original_url": "https://developer.algorand.org/tutorials/algorand-blockchain-development-using-reach-part-7-reactjs-front-end-and-algosigner-integration/",
        "fallback": "Algorand Blockchain Development using Reach - Part 7: React.js Front End and AlgoSigner Integration",
        "text": "In this final entry in the series dApp development with Reach. We add a UI to our Rock Paper Scissors game. We will also interact with AlgoSigner as \u2026",
        "title": "Algorand Blockchain Development using Reach - Part 7: React.js Front End and AlgoSigner Integration",
        "title_link": "https://developer.algorand.org/tutorials/algorand-blockchain-development-using-reach-part-7-reactjs-front-end-and-algosigner-integration/",
        "service_name": "developer.algorand.org"
      }
    ]
  },
  {
    "client_msg_id": "78a1be3c-e34d-4b59-8586-a058459e7dd6",
    "type": "message",
    "text": "<https://www.youtube.com/watch?v=RWpB7p0Aas0>",
    "user": "U03UFV7HFNF",
    "ts": "1664534020.215139",
    "blocks": [
      {
        "type": "rich_text",
        "block_id": "1=6",
        "elements": [
          {
            "type": "rich_text_section",
            "elements": [
              {
                "type": "link",
                "url": "https://www.youtube.com/watch?v=RWpB7p0Aas0"
              }
            ]
          }
        ]
      }
    ],
    "team": "T03U4J8HMUG",
    "user_team": "T03U4J8HMUG",
    "source_team": "T03U4J8HMUG",
    "user_profile": {
      "avatar_hash": "3166d51d23f1",
      "image_72": "https://avatars.slack-edge.com/2022-08-20/3991799522480_3166d51d23f1da2374e9_72.jpg",
      "first_name": "Miguel",
      "real_name": "Miguel Herring",
      "display_name": "Miguel Herring",
      "team": "T03U4J8HMUG",
      "name": "Miguel",
      "is_restricted": false,
      "is_ultra_restricted": false
    },
    "attachments": [
      {
        "from_url": "https://www.youtube.com/watch?v=RWpB7p0Aas0",
        "thumb_url": "https://i.ytimg.com/vi/RWpB7p0Aas0/hqdefault.jpg",
        "thumb_width": 480,
        "thumb_height": 360,
        "video_html": "<iframe width=\"400\" height=\"300\" src=\"https://www.youtube.com/embed/RWpB7p0Aas0?feature=oembed&autoplay=1&iv_load_policy=3\" frameborder=\"0\" allow=\"accelerometer; autoplay; clipboard-write; encrypted-media; gyroscope; picture-in-picture\" allowfullscreen title=\"Algorand Voting dApp with PyTeal and React #Algorand #PyTeal #Teal\"></iframe>",
        "video_html_width": 400,
        "video_html_height": 300,
        "service_icon": "https://a.slack-edge.com/80588/img/unfurl_icons/youtube.png",
        "id": 1,
        "original_url": "https://www.youtube.com/watch?v=RWpB7p0Aas0",
        "fallback": "YouTube Video: Algorand Voting dApp with PyTeal and React #Algorand #PyTeal #Teal",
        "title": "Algorand Voting dApp with PyTeal and React #Algorand #PyTeal #Teal",
        "title_link": "https://www.youtube.com/watch?v=RWpB7p0Aas0",
        "author_name": "Blockchain for Dummies",
        "author_link": "https://www.youtube.com/c/AGATEVUREGLORY",
        "service_name": "YouTube",
        "service_url": "https://www.youtube.com/"
      }
    ]
  },
  {
    "client_msg_id": "55005e01-1961-4fe2-8be6-5c9065926a51",
    "type": "message",
    "text": "<https://learn.microsoft.com/en-us/visualstudio/javascript/tutorial-nodejs-with-react-and-jsx?view=vs-2022>",
    "user": "U03U1FNPEUX",
    "ts": "1664534164.536439",
    "blocks": [
      {
        "type": "rich_text",
        "block_id": "Qby",
        "elements": [
          {
            "type": "rich_text_section",
            "elements": [
              {
                "type": "link",
                "url": "https://learn.microsoft.com/en-us/visualstudio/javascript/tutorial-nodejs-with-react-and-jsx?view=vs-2022"
              }
            ]
          }
        ]
      }
    ],
    "team": "T03U4J8HMUG",
    "user_team": "T03U4J8HMUG",
    "source_team": "T03U4J8HMUG",
    "user_profile": {
      "avatar_hash": "37a12a7dbb92",
      "image_72": "https://avatars.slack-edge.com/2022-09-09/4058043481011_37a12a7dbb926b2c9c86_72.png",
      "first_name": "Joshua",
      "real_name": "Joshua Rhodes",
      "display_name": "Joshua Rhodes",
      "team": "T03U4J8HMUG",
      "name": "Joshua",
      "is_restricted": false,
      "is_ultra_restricted": false
    },
    "attachments": [
      {
        "from_url": "https://learn.microsoft.com/en-us/visualstudio/javascript/tutorial-nodejs-with-react-and-jsx?view=vs-2022",
        "thumb_url": "https://learn.microsoft.com/en-us/media/logos/logo-ms-social.png",
        "thumb_width": 400,
        "thumb_height": 400,
        "service_icon": "https://learn.microsoft.com/favicon.ico",
        "id": 1,
        "original_url": "https://learn.microsoft.com/en-us/visualstudio/javascript/tutorial-nodejs-with-react-and-jsx?view=vs-2022",
        "fallback": "Create a Node.js and React app - Visual Studio (Windows)",
        "text": "Learn how to create a Node.js web application project from a Visual Studio template.",
        "title": "Create a Node.js and React app - Visual Studio (Windows)",
        "title_link": "https://learn.microsoft.com/en-us/visualstudio/javascript/tutorial-nodejs-with-react-and-jsx?view=vs-2022",
        "service_name": "learn.microsoft.com"
      }
    ]
  },
  {
    "client_msg_id": "9f9f1481-9e61-4f00-b313-5f0f2483483e",
    "type": "message",
    "text": "<https://www.leewayhertz.com/how-to-develop-a-dapp-on-algorand/>",
    "user": "U03UHB8CXDY",
    "ts": "1664536013.871299",
    "blocks": [
      {
        "type": "rich_text",
        "block_id": "Nk9",
        "elements": [
          {
            "type": "rich_text_section",
            "elements": [
              {
                "type": "link",
                "url": "https://www.leewayhertz.com/how-to-develop-a-dapp-on-algorand/"
              }
            ]
          }
        ]
      }
    ],
    "team": "T03U4J8HMUG",
    "user_team": "T03U4J8HMUG",
    "source_team": "T03U4J8HMUG",
    "user_profile": {
      "avatar_hash": "374fee609510",
      "image_72": "https://avatars.slack-edge.com/2022-09-30/4159182498980_374fee609510e6ff1526_72.jpg",
      "first_name": "Yvonne",
      "real_name": "Yvonne Gonzalez",
      "display_name": "Yvonne Gonzalez",
      "team": "T03U4J8HMUG",
      "name": "Yvonne",
      "is_restricted": false,
      "is_ultra_restricted": false
    }
  },
  {
    "client_msg_id": "ff53afe4-16c5-4074-aa13-25b215f52d97",
    "type": "message",
    "text": "<https://marketplace.visualstudio.com/items?itemName=Blackboxapp.blackbox>",
    "user": "U03U1FNPEUX",
    "ts": "1664541449.636089",
    "blocks": [
      {
        "type": "rich_text",
        "block_id": "oj9BT",
        "elements": [
          {
            "type": "rich_text_section",
            "elements": [
              {
                "type": "link",
                "url": "https://marketplace.visualstudio.com/items?itemName=Blackboxapp.blackbox"
              }
            ]
          }
        ]
      }
    ],
    "team": "T03U4J8HMUG",
    "user_team": "T03U4J8HMUG",
    "source_team": "T03U4J8HMUG",
    "user_profile": {
      "avatar_hash": "37a12a7dbb92",
      "image_72": "https://avatars.slack-edge.com/2022-09-09/4058043481011_37a12a7dbb926b2c9c86_72.png",
      "first_name": "Joshua",
      "real_name": "Joshua Rhodes",
      "display_name": "Joshua Rhodes",
      "team": "T03U4J8HMUG",
      "name": "Joshua",
      "is_restricted": false,
      "is_ultra_restricted": false
    },
    "attachments": [
      {
        "from_url": "https://marketplace.visualstudio.com/items?itemName=Blackboxapp.blackbox",
        "service_icon": "https://marketplace.visualstudio.com/favicon.ico",
        "id": 1,
        "original_url": "https://marketplace.visualstudio.com/items?itemName=Blackboxapp.blackbox",
        "fallback": "Blackbox - Visual Studio Marketplace",
        "text": "Extension for Visual Studio Code - Code as fast as you think",
        "title": "Blackbox - Visual Studio Marketplace",
        "title_link": "https://marketplace.visualstudio.com/items?itemName=Blackboxapp.blackbox",
        "service_name": "marketplace.visualstudio.com"
      }
    ]
  },
  {
    "client_msg_id": "2639f914-73ea-4b38-ad9d-ae13c0ef3566",
    "type": "message",
    "text": "This is very cool",
    "user": "U03U1FNPEUX",
    "ts": "1664541463.989379",
    "blocks": [
      {
        "type": "rich_text",
        "block_id": "W1XE",
        "elements": [
          {
            "type": "rich_text_section",
            "elements": [
              {
                "type": "text",
                "text": "This is very cool"
              }
            ]
          }
        ]
      }
    ],
    "team": "T03U4J8HMUG",
    "user_team": "T03U4J8HMUG",
    "source_team": "T03U4J8HMUG",
    "user_profile": {
      "avatar_hash": "37a12a7dbb92",
      "image_72": "https://avatars.slack-edge.com/2022-09-09/4058043481011_37a12a7dbb926b2c9c86_72.png",
      "first_name": "Joshua",
      "real_name": "Joshua Rhodes",
      "display_name": "Joshua Rhodes",
      "team": "T03U4J8HMUG",
      "name": "Joshua",
      "is_restricted": false,
      "is_ultra_restricted": false
    },
    "thread_ts": "1664541463.989379",
    "reply_count": 3,
    "reply_users_count": 2,
    "latest_reply": "1664564731.048099",
    "reply_users": [
      "U03UVHCV6KB",
      "U03UJH1EQQL"
    ],
    "replies": [
      {
        "user": "U03UVHCV6KB",
        "ts": "1664543043.205199"
      },
      {
        "user": "U03UJH1EQQL",
        "ts": "1664558696.388659"
      },
      {
        "user": "U03UVHCV6KB",
        "ts": "1664564731.048099"
      }
    ],
    "is_locked": false,
    "subscribed": false,
    "reactions": [
      {
        "name": "raised_hands",
        "users": [
          "U03UVHCV6KB"
        ],
        "count": 1
      }
    ]
  },
  {
    "client_msg_id": "09ca81ef-257b-4e65-af7d-8c03b2256d5a",
    "type": "message",
    "text": "Very, can't wait to check it out!!",
    "user": "U03UVHCV6KB",
    "ts": "1664543043.205199",
    "blocks": [
      {
        "type": "rich_text",
        "block_id": "74gYO",
        "elements": [
          {
            "type": "rich_text_section",
            "elements": [
              {
                "type": "text",
                "text": "Very, can't wait to check it out!!"
              }
            ]
          }
        ]
      }
    ],
    "team": "T03U4J8HMUG",
    "user_team": "T03U4J8HMUG",
    "source_team": "T03U4J8HMUG",
    "user_profile": {
      "avatar_hash": "gc9619121f99",
      "image_72": "https://secure.gravatar.com/avatar/c9619121f998ee4a7e46177f2a5729de.jpg?s=72&d=https%3A%2F%2Fa.slack-edge.com%2Fdf10d%2Fimg%2Favatars%2Fava_0002-72.png",
      "first_name": "Travis",
      "real_name": "Travis Butler",
      "display_name": "Travis Butler",
      "team": "T03U4J8HMUG",
      "name": "Travis",
      "is_restricted": false,
      "is_ultra_restricted": false
    },
    "thread_ts": "1664541463.989379",
    "parent_user_id": "U03U1FNPEUX"
  },
  {
    "client_msg_id": "3a35b776-6ec0-42f2-a262-3a21c0cb5a18",
    "type": "message",
    "text": "<https://github.com/algorand-devrel/beaker>",
    "user": "U03UUR571A5",
    "ts": "1664551685.629319",
    "blocks": [
      {
        "type": "rich_text",
        "block_id": "khs",
        "elements": [
          {
            "type": "rich_text_section",
            "elements": [
              {
                "type": "link",
                "url": "https://github.com/algorand-devrel/beaker"
              }
            ]
          }
        ]
      }
    ],
    "team": "T03U4J8HMUG",
    "user_team": "T03U4J8HMUG",
    "source_team": "T03U4J8HMUG",
    "user_profile": {
      "avatar_hash": "g95c5cde44bc",
      "image_72": "https://secure.gravatar.com/avatar/95c5cde44bc023bd369920b7e1ed0c94.jpg?s=72&d=https%3A%2F%2Fa.slack-edge.com%2Fdf10d%2Fimg%2Favatars%2Fava_0017-72.png",
      "first_name": "Amy",
      "real_name": "Amy Leon",
      "display_name": "Amy Leon",
      "team": "T03U4J8HMUG",
      "name": "Amy",
      "is_restricted": false,
      "is_ultra_restricted": false
    },
    "attachments": [
      {
        "id": 1,
        "color": "24292f",
        "bot_id": "B03UYH1BWQZ",
        "app_unfurl_url": "https://github.com/algorand-devrel/beaker",
        "is_app_unfurl": true,
        "app_id": "A01BP7R4KNY",
        "fallback": "algorand-devrel/beaker",
        "text": "A framework for writing Smart Contracts on Algorand",
        "title": "algorand-devrel/beaker",
        "fields": [
          {
            "value": "<https://beaker.algo.xyz>",
            "title": "Website",
            "short": true
          },
          {
            "value": "38",
            "title": "Stars",
            "short": true
          }
        ]
      }
    ]
  },
  {
    "client_msg_id": "be553470-cd92-4f5d-8823-b99cb0cf9308",
    "type": "message",
    "text": "<https://algorand-devrel.github.io/beaker/html/index.html>",
    "user": "U03UUR571A5",
    "ts": "1664551743.499019",
    "blocks": [
      {
        "type": "rich_text",
        "block_id": "U+Hw",
        "elements": [
          {
            "type": "rich_text_section",
            "elements": [
              {
                "type": "link",
                "url": "https://algorand-devrel.github.io/beaker/html/index.html"
              }
            ]
          }
        ]
      }
    ],
    "team": "T03U4J8HMUG",
    "user_team": "T03U4J8HMUG",
    "source_team": "T03U4J8HMUG",
    "user_profile": {
      "avatar_hash": "g95c5cde44bc",
      "image_72": "https://secure.gravatar.com/avatar/95c5cde44bc023bd369920b7e1ed0c94.jpg?s=72&d=https%3A%2F%2Fa.slack-edge.com%2Fdf10d%2Fimg%2Favatars%2Fava_0017-72.png",
      "first_name": "Amy",
      "real_name": "Amy Leon",
      "display_name": "Amy Leon",
      "team": "T03U4J8HMUG",
      "name": "Amy",
      "is_restricted": false,
      "is_ultra_restricted": false
    }
  },
  {
    "client_msg_id": "f08e9582-55d2-4ed5-a5b1-455c1dfdde5c",
    "type": "message",
    "text": "<https://developer.algorand.org/docs/get-details/dapps/smart-contracts/apps/>",
    "user": "U03V5Q9N516",
    "ts": "1664551959.432309",
    "blocks": [
      {
        "type": "rich_text",
        "block_id": "JZB/+",
        "elements": [
          {
            "type": "rich_text_section",
            "elements": [
              {
                "type": "link",
                "url": "https://developer.algorand.org/docs/get-details/dapps/smart-contracts/apps/"
              }
            ]
          }
        ]
      }
    ],
    "team": "T03U4J8HMUG",
    "user_team": "T03U4J8HMUG",
    "source_team": "T03U4J8HMUG",
    "user_profile": {
      "avatar_hash": "g164928c3a69",
      "image_72": "https://secure.gravatar.com/avatar/164928c3a69af29d42a5e90b928e2f71.jpg?s=72&d=https%3A%2F%2Fa.slack-edge.com%2Fdf10d%2Fimg%2Favatars%2Fava_0010-72.png",
      "first_name": "Debra",
      "real_name": "Debra Lawrence",
      "display_name": "Debra Lawrence",
      "team": "T03U4J8HMUG",
      "name": "Debra",
      "is_restricted": false,
      "is_ultra_restricted": false
    },
    "attachments": [
      {
        "from_url": "https://developer.algorand.org/docs/get-details/dapps/smart-contracts/apps/",
        "image_url": "https://algorand-devloper-portal-app.s3.amazonaws.com/static/img/algorandShareImage.png",
        "image_width": 476,
        "image_height": 250,
        "image_bytes": 275201,
        "service_icon": "https://developer.algorand.org/docs/assets/images/favicon.png",
        "id": 1,
        "original_url": "https://developer.algorand.org/docs/get-details/dapps/smart-contracts/apps/",
        "fallback": "Smart contract details - Algorand Developer Portal",
        "text": "Algorand Developer Docs, SDKs, REST APIs, CLI tools, ecosystem projects, metrics dashboard and sample code, how-tos, and news from the Algorand developer community",
        "title": "Smart contract details - Algorand Developer Portal",
        "title_link": "https://developer.algorand.org/docs/get-details/dapps/smart-contracts/apps/",
        "service_name": "developer.algorand.org"
      }
    ]
  },
  {
    "client_msg_id": "ae772e2e-81c4-4437-9a18-3f9cde12346e",
    "type": "message",
    "text": "Smart contract details <https://pyteal.readthedocs.io/en/stable/assets.html>",
    "user": "U03V5Q9N516",
    "ts": "1664552074.075309",
    "blocks": [
      {
        "type": "rich_text",
        "block_id": "/uU",
        "elements": [
          {
            "type": "rich_text_section",
            "elements": [
              {
                "type": "text",
                "text": "Smart contract details "
              },
              {
                "type": "link",
                "url": "https://pyteal.readthedocs.io/en/stable/assets.html"
              }
            ]
          }
        ]
      }
    ],
    "team": "T03U4J8HMUG",
    "user_team": "T03U4J8HMUG",
    "source_team": "T03U4J8HMUG",
    "user_profile": {
      "avatar_hash": "g164928c3a69",
      "image_72": "https://secure.gravatar.com/avatar/164928c3a69af29d42a5e90b928e2f71.jpg?s=72&d=https%3A%2F%2Fa.slack-edge.com%2Fdf10d%2Fimg%2Favatars%2Fava_0010-72.png",
      "first_name": "Debra",
      "real_name": "Debra Lawrence",
      "display_name": "Debra Lawrence",
      "team": "T03U4J8HMUG",
      "name": "Debra",
      "is_restricted": false,
      "is_ultra_restricted": false
    },
    "edited": {
      "user": "U03V5Q9N516",
      "ts": "1664552450.000000"
    }
  },
  {
    "client_msg_id": "d71b95f1-fdef-4a97-bc21-f75f31abd6fa",
    "type": "message",
    "text": "A guide to creating a nonfungible token  <https://www.investopedia.com/how-to-create-an-nft-6362495>",
    "user": "U03V5Q9N516",
    "ts": "1664553316.838199",
    "blocks": [
      {
        "type": "rich_text",
        "block_id": "XhE",
        "elements": [
          {
            "type": "rich_text_section",
            "elements": [
              {
                "type": "text",
                "text": "A guide to creating a nonfungible token  "
              },
              {
                "type": "link",
                "url": "https://www.investopedia.com/how-to-create-an-nft-6362495"
              }
            ]
          }
        ]
      }
    ],
    "team": "T03U4J8HMUG",
    "user_team": "T03U4J8HMUG",
    "source_team": "T03U4J8HMUG",
    "user_profile": {
      "avatar_hash": "g164928c3a69",
      "image_72": "https://secure.gravatar.com/avatar/164928c3a69af29d42a5e90b928e2f71.jpg?s=72&d=https%3A%2F%2Fa.slack-edge.com%2Fdf10d%2Fimg%2Favatars%2Fava_0010-72.png",
      "first_name": "Debra",
      "real_name": "Debra Lawrence",
      "display_name": "Debra Lawrence",
      "team": "T03U4J8HMUG",
      "name": "Debra",
      "is_restricted": false,
      "is_ultra_restricted": false
    },
    "attachments": [
      {
        "from_url": "https://www.investopedia.com/how-to-create-an-nft-6362495",
        "thumb_url": "https://www.investopedia.com/thmb/qo4ZRj2bSmEYzEO8BGgcghQx1bg=/1024x650/filters:fill(auto,1)/GettyImages-1390556331-904e2b6aa26f4fdbba96605904bbea8f.jpg",
        "thumb_width": 1024,
        "thumb_height": 650,
        "service_icon": "https://www.investopedia.com/apple-touch-icon-57x57.png",
        "id": 1,
        "original_url": "https://www.investopedia.com/how-to-create-an-nft-6362495",
        "fallback": "Investopedia: How to Create an NFT",
        "text": "Non-fungible tokens can be created directly on NFT platforms, allowing you to upload your artwork and \u2018mint\u2019 it on the blockchain. Here\u2019s how.",
        "title": "How to Create an NFT",
        "title_link": "https://www.investopedia.com/how-to-create-an-nft-6362495",
        "service_name": "Investopedia"
      }
    ]
  },
  {
    "client_msg_id": "ffb63bb6-b2a4-4ffa-9906-75a5dc94cf5b",
    "type": "message",
    "text": "<https://developer.algorand.org/tutorials/building-and-deploying-voting-smart-contract-with-pyteal-and-react/>",
    "user": "U03UJH1EQQL",
    "ts": "1664556917.018829",
    "blocks": [
      {
        "type": "rich_text",
        "block_id": "g1c",
        "elements": [
          {
            "type": "rich_text_section",
            "elements": [
              {
                "type": "link",
                "url": "https://developer.algorand.org/tutorials/building-and-deploying-voting-smart-contract-with-pyteal-and-react/"
              }
            ]
          }
        ]
      }
    ],
    "team": "T03U4J8HMUG",
    "user_team": "T03U4J8HMUG",
    "source_team": "T03U4J8HMUG",
    "user_profile": {
      "avatar_hash": "81b299d9869c",
      "image_72": "https://avatars.slack-edge.com/2022-08-20/3953555815671_81b299d9869ca44e70c1_72.png",
      "first_name": "Kelly",
      "real_name": "Kelly Soto",
      "display_name": "Kelly Soto",
      "team": "T03U4J8HMUG",
      "name": "Kelly",
      "is_restricted": false,
      "is_ultra_restricted": false
    },
    "attachments": [
      {
        "from_url": "https://developer.algorand.org/tutorials/building-and-deploying-voting-smart-contract-with-pyteal-and-react/",
        "image_url": "https://algorand-developer-portal.tryprism.com/static/Posts/2022/03/10 12:27/Screenshot_2022-03-10_at_13.22.39.png?w=1200&cmd=resize_then_crop&height=630&quality=70",
        "image_width": 476,
        "image_height": 250,
        "image_bytes": 93729,
        "service_icon": "https://algorand-devloper-portal-app.s3.amazonaws.com/static/img/favicon.png",
        "id": 1,
        "original_url": "https://developer.algorand.org/tutorials/building-and-deploying-voting-smart-contract-with-pyteal-and-react/",
        "fallback": "Building and Deploying a Decentralised Voting System with PyTeal and React",
        "text": "A step by step tutorial on how to create a decentralized voting system.",
        "title": "Building and Deploying a Decentralised Voting System with PyTeal and React",
        "title_link": "https://developer.algorand.org/tutorials/building-and-deploying-voting-smart-contract-with-pyteal-and-react/",
        "service_name": "developer.algorand.org"
      }
    ]
  },
  {
    "client_msg_id": "2ed8519a-7dce-4a33-8393-719848b2a21a",
    "type": "message",
    "text": "yeah! chrome has also this feature! you can add it as extension.",
    "user": "U03UJH1EQQL",
    "ts": "1664558696.388659",
    "blocks": [
      {
        "type": "rich_text",
        "block_id": "g=+zF",
        "elements": [
          {
            "type": "rich_text_section",
            "elements": [
              {
                "type": "text",
                "text": "yeah! chrome has also this feature! you can add it as extension."
              }
            ]
          }
        ]
      }
    ],
    "team": "T03U4J8HMUG",
    "user_team": "T03U4J8HMUG",
    "source_team": "T03U4J8HMUG",
    "user_profile": {
      "avatar_hash": "81b299d9869c",
      "image_72": "https://avatars.slack-edge.com/2022-08-20/3953555815671_81b299d9869ca44e70c1_72.png",
      "first_name": "Kelly",
      "real_name": "Kelly Soto",
      "display_name": "Kelly Soto",
      "team": "T03U4J8HMUG",
      "name": "Kelly",
      "is_restricted": false,
      "is_ultra_restricted": false
    },
    "thread_ts": "1664541463.989379",
    "parent_user_id": "U03U1FNPEUX"
  },
  {
    "client_msg_id": "8a669722-5e6f-4450-a4ac-65572f8883f8",
    "type": "message",
    "text": "<https://www.youtube.com/watch?v=fIRu0FvEUwQ>",
    "user": "U03UHB8CXDY",
    "ts": "1664564494.927819",
    "blocks": [
      {
        "type": "rich_text",
        "block_id": "5CN",
        "elements": [
          {
            "type": "rich_text_section",
            "elements": [
              {
                "type": "link",
                "url": "https://www.youtube.com/watch?v=fIRu0FvEUwQ"
              }
            ]
          }
        ]
      }
    ],
    "team": "T03U4J8HMUG",
    "user_team": "T03U4J8HMUG",
    "source_team": "T03U4J8HMUG",
    "user_profile": {
      "avatar_hash": "374fee609510",
      "image_72": "https://avatars.slack-edge.com/2022-09-30/4159182498980_374fee609510e6ff1526_72.jpg",
      "first_name": "Yvonne",
      "real_name": "Yvonne Gonzalez",
      "display_name": "Yvonne Gonzalez",
      "team": "T03U4J8HMUG",
      "name": "Yvonne",
      "is_restricted": false,
      "is_ultra_restricted": false
    },
    "attachments": [
      {
        "from_url": "https://www.youtube.com/watch?v=fIRu0FvEUwQ",
        "thumb_url": "https://i.ytimg.com/vi/fIRu0FvEUwQ/hqdefault.jpg",
        "thumb_width": 480,
        "thumb_height": 360,
        "video_html": "<iframe width=\"400\" height=\"225\" src=\"https://www.youtube.com/embed/fIRu0FvEUwQ?feature=oembed&autoplay=1&iv_load_policy=3\" frameborder=\"0\" allow=\"accelerometer; autoplay; clipboard-write; encrypted-media; gyroscope; picture-in-picture\" allowfullscreen title=\"Speculative Smart Contracts in the Algorand Blockchain - Victor Luchangco\"></iframe>",
        "video_html_width": 400,
        "video_html_height": 225,
        "service_icon": "https://a.slack-edge.com/80588/img/unfurl_icons/youtube.png",
        "id": 1,
        "original_url": "https://www.youtube.com/watch?v=fIRu0FvEUwQ",
        "fallback": "YouTube Video: Speculative Smart Contracts in the Algorand Blockchain - Victor Luchangco",
        "title": "Speculative Smart Contracts in the Algorand Blockchain - Victor Luchangco",
        "title_link": "https://www.youtube.com/watch?v=fIRu0FvEUwQ",
        "author_name": "Protocol Labs",
        "author_link": "https://www.youtube.com/c/ProtocolLabs",
        "service_name": "YouTube",
        "service_url": "https://www.youtube.com/"
      }
    ]
  },
  {
    "client_msg_id": "cdeb4b23-67f9-4fa8-a735-472693c2d9a1",
    "type": "message",
    "text": "<https://www.youtube.com/watch?v=pyaIppMhuic>",
    "user": "U03UHB8CXDY",
    "ts": "1664564569.840729",
    "blocks": [
      {
        "type": "rich_text",
        "block_id": "LYc/c",
        "elements": [
          {
            "type": "rich_text_section",
            "elements": [
              {
                "type": "link",
                "url": "https://www.youtube.com/watch?v=pyaIppMhuic"
              }
            ]
          }
        ]
      }
    ],
    "team": "T03U4J8HMUG",
    "user_team": "T03U4J8HMUG",
    "source_team": "T03U4J8HMUG",
    "user_profile": {
      "avatar_hash": "374fee609510",
      "image_72": "https://avatars.slack-edge.com/2022-09-30/4159182498980_374fee609510e6ff1526_72.jpg",
      "first_name": "Yvonne",
      "real_name": "Yvonne Gonzalez",
      "display_name": "Yvonne Gonzalez",
      "team": "T03U4J8HMUG",
      "name": "Yvonne",
      "is_restricted": false,
      "is_ultra_restricted": false
    },
    "attachments": [
      {
        "from_url": "https://www.youtube.com/watch?v=pyaIppMhuic",
        "thumb_url": "https://i.ytimg.com/vi/pyaIppMhuic/hqdefault.jpg",
        "thumb_width": 480,
        "thumb_height": 360,
        "video_html": "<iframe width=\"400\" height=\"225\" src=\"https://www.youtube.com/embed/pyaIppMhuic?feature=oembed&autoplay=1&iv_load_policy=3\" frameborder=\"0\" allow=\"accelerometer; autoplay; clipboard-write; encrypted-media; gyroscope; picture-in-picture\" allowfullscreen title=\"What are Smart Contracts in Crypto? (4 Examples + Animated)\"></iframe>",
        "video_html_width": 400,
        "video_html_height": 225,
        "service_icon": "https://a.slack-edge.com/80588/img/unfurl_icons/youtube.png",
        "id": 1,
        "original_url": "https://www.youtube.com/watch?v=pyaIppMhuic",
        "fallback": "YouTube Video: What are Smart Contracts in Crypto? (4 Examples + Animated)",
        "title": "What are Smart Contracts in Crypto? (4 Examples + Animated)",
        "title_link": "https://www.youtube.com/watch?v=pyaIppMhuic",
        "author_name": "Whiteboard Crypto",
        "author_link": "https://www.youtube.com/c/WhiteboardCrypto",
        "service_name": "YouTube",
        "service_url": "https://www.youtube.com/"
      }
    ]
  },
  {
    "client_msg_id": "464d7d4b-42e1-442d-8861-40cc901502c4",
    "type": "message",
    "text": "do you code on chrome?",
    "user": "U03UVHCV6KB",
    "ts": "1664564731.048099",
    "blocks": [
      {
        "type": "rich_text",
        "block_id": "yoBzp",
        "elements": [
          {
            "type": "rich_text_section",
            "elements": [
              {
                "type": "text",
                "text": "do you code on chrome?"
              }
            ]
          }
        ]
      }
    ],
    "team": "T03U4J8HMUG",
    "user_team": "T03U4J8HMUG",
    "source_team": "T03U4J8HMUG",
    "user_profile": {
      "avatar_hash": "gc9619121f99",
      "image_72": "https://secure.gravatar.com/avatar/c9619121f998ee4a7e46177f2a5729de.jpg?s=72&d=https%3A%2F%2Fa.slack-edge.com%2Fdf10d%2Fimg%2Favatars%2Fava_0002-72.png",
      "first_name": "Travis",
      "real_name": "Travis Butler",
      "display_name": "Travis Butler",
      "team": "T03U4J8HMUG",
      "name": "Travis",
      "is_restricted": false,
      "is_ultra_restricted": false
    },
    "thread_ts": "1664541463.989379",
    "parent_user_id": "U03U1FNPEUX"
  },
  {
    "client_msg_id": "a2c20955-692f-4de8-9c1d-f9ca06e94296",
    "type": "message",
    "text": "<https://www.emizentech.com/blog/web2-vs-web3.html>",
    "user": "U03UG5VFN03",
    "ts": "1664599774.986059",
    "blocks": [
      {
        "type": "rich_text",
        "block_id": "T8l5v",
        "elements": [
          {
            "type": "rich_text_section",
            "elements": [
              {
                "type": "link",
                "url": "https://www.emizentech.com/blog/web2-vs-web3.html"
              }
            ]
          }
        ]
      }
    ],
    "team": "T03U4J8HMUG",
    "user_team": "T03U4J8HMUG",
    "source_team": "T03U4J8HMUG",
    "user_profile": {
      "avatar_hash": "1eec51b41e1b",
      "image_72": "https://avatars.slack-edge.com/2022-08-20/3980936144801_1eec51b41e1b370500be_72.png",
      "first_name": "Nancy",
      "real_name": "Nancy Craig",
      "display_name": "Nancy Craig",
      "team": "T03U4J8HMUG",
      "name": "Nancy",
      "is_restricted": false,
      "is_ultra_restricted": false
    },
    "attachments": [
      {
        "from_url": "https://www.emizentech.com/blog/web2-vs-web3.html",
        "ts": 1648552781,
        "image_url": "https://www.emizentech.com/blog/wp-content/uploads/sites/2/2022/03/web2-vs-web3-differences.jpg",
        "image_width": 462,
        "image_height": 250,
        "image_bytes": 117232,
        "service_icon": "https://cdn-dpdal.nitrocdn.com/GyhcCIiZNdTIbeWlnyLmouvoGPRcWSwV/assets/static/optimized/rev-e82029a/blog/wp-content/uploads/sites/2/2020/01/cropped-cropped-favicon-180x180.png",
        "id": 1,
        "original_url": "https://www.emizentech.com/blog/web2-vs-web3.html",
        "fallback": "Tech Blog | Mobile App, eCommerce, Salesforce Insights: Web2 vs. Web3: Complete Guide",
        "text": "Explore the difference between Web 2.0 and Web 3.0. Learn what are their uses and applications based on the latest web3.0.",
        "title": "Web2 vs. Web3: Complete Guide",
        "title_link": "https://www.emizentech.com/blog/web2-vs-web3.html",
        "service_name": "Tech Blog | Mobile App, eCommerce, Salesforce Insights",
        "fields": [
          {
            "value": "Amit Samsukha",
            "title": "Written by",
            "short": true
          },
          {
            "value": "13 minutes",
            "title": "Est. reading time",
            "short": true
          }
        ]
      }
    ]
  }
]