[
  {
    "client_msg_id": "337357cb-c656-4ae2-99be-509c6ed54b95",
    "type": "message",
    "text": "<https://www.youtube.com/watch?v=YCzL96nL7j0&amp;ab_channel=StatQuestwithJoshStarmer>",
    "user": "U03UVHCV6KB",
    "ts": "1667814342.919229",
    "blocks": [
      {
        "type": "rich_text",
        "block_id": "rxuM",
        "elements": [
          {
            "type": "rich_text_section",
            "elements": [
              {
                "type": "link",
                "url": "https://www.youtube.com/watch?v=YCzL96nL7j0&ab_channel=StatQuestwithJoshStarmer"
              }
            ]
          }
        ]
      }
    ],
    "team": "T03U4J8HMUG",
    "user_team": "T03U4J8HMUG",
    "source_team": "T03U4J8HMUG",
    "user_profile": {
      "avatar_hash": "gc9619121f99",
      "image_72": "https://secure.gravatar.com/avatar/c9619121f998ee4a7e46177f2a5729de.jpg?s=72&d=https%3A%2F%2Fa.slack-edge.com%2Fdf10d%2Fimg%2Favatars%2Fava_0002-72.png",
      "first_name": "Travis",
      "real_name": "Travis Butler",
      "display_name": "Travis Butler",
      "team": "T03U4J8HMUG",
      "name": "Travis",
      "is_restricted": false,
      "is_ultra_restricted": false
    },
    "attachments": [
      {
        "from_url": "https://www.youtube.com/watch?v=YCzL96nL7j0&amp;ab_channel=StatQuestwithJoshStarmer",
        "thumb_url": "https://i.ytimg.com/vi/YCzL96nL7j0/hqdefault.jpg",
        "thumb_width": 480,
        "thumb_height": 360,
        "video_html": "<iframe width=\"400\" height=\"225\" src=\"https://www.youtube.com/embed/YCzL96nL7j0?feature=oembed&autoplay=1&iv_load_policy=3\" frameborder=\"0\" allow=\"accelerometer; autoplay; clipboard-write; encrypted-media; gyroscope; picture-in-picture\" allowfullscreen title=\"Long Short-Term Memory (LSTM), Clearly Explained\"></iframe>",
        "video_html_width": 400,
        "video_html_height": 225,
        "service_icon": "https://a.slack-edge.com/80588/img/unfurl_icons/youtube.png",
        "id": 1,
        "original_url": "https://www.youtube.com/watch?v=YCzL96nL7j0&amp;ab_channel=StatQuestwithJoshStarmer",
        "fallback": "YouTube Video: Long Short-Term Memory (LSTM), Clearly Explained",
        "title": "Long Short-Term Memory (LSTM), Clearly Explained",
        "title_link": "https://www.youtube.com/watch?v=YCzL96nL7j0&amp;ab_channel=StatQuestwithJoshStarmer",
        "author_name": "StatQuest with Josh Starmer",
        "author_link": "https://www.youtube.com/c/joshstarmer",
        "service_name": "YouTube",
        "service_url": "https://www.youtube.com/"
      }
    ]
  }
]