[
  {
    "type": "message",
    "subtype": "channel_join",
    "ts": "1660833152.679479",
    "user": "U03U9DB7REG",
    "text": "<@U03U9DB7REG> has joined the channel"
  },
  {
    "type": "message",
    "subtype": "channel_join",
    "ts": "1660833720.849069",
    "user": "U03UKL27B0R",
    "text": "<@U03UKL27B0R> has joined the channel"
  },
  {
    "type": "message",
    "subtype": "channel_join",
    "ts": "1660838314.116909",
    "user": "U03UL5LSTG9",
    "text": "<@U03UL5LSTG9> has joined the channel"
  },
  {
    "type": "message",
    "subtype": "channel_join",
    "ts": "1660840086.413569",
    "user": "U03TT5KEYCF",
    "text": "<@U03TT5KEYCF> has joined the channel"
  },
  {
    "type": "message",
    "subtype": "channel_join",
    "ts": "1660854364.686549",
    "user": "U03UYNR4TS4",
    "text": "<@U03UYNR4TS4> has joined the channel"
  },
  {
    "type": "message",
    "subtype": "channel_join",
    "ts": "1660888172.480169",
    "user": "U03UP7V9Q57",
    "text": "<@U03UP7V9Q57> has joined the channel"
  }
]