[
  {
    "client_msg_id": "19c680f9-877f-4d54-ab2a-683b58e2587f",
    "type": "message",
    "text": "<https://danielzelalemheru.medium.com/causal-inference-model-for-breast-cancer-9516db53417b>",
    "user": "U03UG1Z21JP",
    "ts": "1665990062.510169",
    "blocks": [
      {
        "type": "rich_text",
        "block_id": "jEMH",
        "elements": [
          {
            "type": "rich_text_section",
            "elements": [
              {
                "type": "link",
                "url": "https://danielzelalemheru.medium.com/causal-inference-model-for-breast-cancer-9516db53417b"
              }
            ]
          }
        ]
      }
    ],
    "team": "T03U4J8HMUG",
    "user_team": "T03U4J8HMUG",
    "source_team": "T03U4J8HMUG",
    "user_profile": {
      "avatar_hash": "a1d3d501dd5d",
      "image_72": "https://avatars.slack-edge.com/2022-08-20/3961568205638_a1d3d501dd5d3f7ebea3_72.jpg",
      "first_name": "Jennifer",
      "real_name": "Jennifer Foley",
      "display_name": "Jennifer Foley",
      "team": "T03U4J8HMUG",
      "name": "Jennifer",
      "is_restricted": false,
      "is_ultra_restricted": false
    },
    "attachments": [
      {
        "from_url": "https://danielzelalemheru.medium.com/causal-inference-model-for-breast-cancer-9516db53417b",
        "ts": 1630266166,
        "image_url": "https://miro.medium.com/max/1200/1*C9vcNWLoATHFbixgXVsXAQ.png",
        "image_width": 1200,
        "image_height": 233,
        "image_bytes": 79356,
        "service_icon": "https://miro.medium.com/fit/c/152/152/1*sHhtYhaCe2Uc3IU0IgKwIQ.png",
        "id": 1,
        "original_url": "https://danielzelalemheru.medium.com/causal-inference-model-for-breast-cancer-9516db53417b",
        "fallback": "Medium: Causal Inference Model For Breast Cancer",
        "text": "Introduction",
        "title": "Causal Inference Model For Breast Cancer",
        "title_link": "https://danielzelalemheru.medium.com/causal-inference-model-for-breast-cancer-9516db53417b",
        "service_name": "Medium",
        "fields": [
          {
            "value": "9 min read",
            "title": "Reading time",
            "short": true
          }
        ]
      }
    ]
  },
  {
    "type": "message",
    "subtype": "tombstone",
    "text": "This message was deleted.",
    "user": "USLACKBOT",
    "hidden": true,
    "ts": "1665991025.246179",
    "thread_ts": "1665991025.246179",
    "parent_user_id": "USLACKBOT",
    "reply_count": 2,
    "reply_users_count": 2,
    "latest_reply": "1665991130.478349",
    "reply_users": [
      "U03UVHCV6KB",
      "U03U93GNNVB"
    ],
    "replies": [
      {
        "user": "U03UVHCV6KB",
        "ts": "1665991108.410089"
      },
      {
        "user": "U03U93GNNVB",
        "ts": "1665991130.478349"
      }
    ],
    "is_locked": false,
    "subscribed": false
  },
  {
    "client_msg_id": "2fc0875f-8509-4100-9e86-6474c2211e38",
    "type": "message",
    "text": "Goo morning Arun",
    "user": "U03UVHCV6KB",
    "ts": "1665991108.410089",
    "blocks": [
      {
        "type": "rich_text",
        "block_id": "H+w",
        "elements": [
          {
            "type": "rich_text_section",
            "elements": [
              {
                "type": "text",
                "text": "Goo morning Arun"
              }
            ]
          }
        ]
      }
    ],
    "team": "T03U4J8HMUG",
    "user_team": "T03U4J8HMUG",
    "source_team": "T03U4J8HMUG",
    "user_profile": {
      "avatar_hash": "gc9619121f99",
      "image_72": "https://secure.gravatar.com/avatar/c9619121f998ee4a7e46177f2a5729de.jpg?s=72&d=https%3A%2F%2Fa.slack-edge.com%2Fdf10d%2Fimg%2Favatars%2Fava_0002-72.png",
      "first_name": "Travis",
      "real_name": "Travis Butler",
      "display_name": "Travis Butler",
      "team": "T03U4J8HMUG",
      "name": "Travis",
      "is_restricted": false,
      "is_ultra_restricted": false
    },
    "thread_ts": "1665991025.246179",
    "parent_user_id": "USLACKBOT"
  },
  {
    "client_msg_id": "68f766cf-62f2-40b5-8327-10be36884894",
    "type": "message",
    "text": "oops, wrong channel",
    "user": "U03U93GNNVB",
    "ts": "1665991130.478349",
    "blocks": [
      {
        "type": "rich_text",
        "block_id": "SOJ=t",
        "elements": [
          {
            "type": "rich_text_section",
            "elements": [
              {
                "type": "text",
                "text": "oops, wrong channel"
              }
            ]
          }
        ]
      }
    ],
    "team": "T03U4J8HMUG",
    "user_team": "T03U4J8HMUG",
    "source_team": "T03U4J8HMUG",
    "user_profile": {
      "avatar_hash": "a49779ad093d",
      "image_72": "https://avatars.slack-edge.com/2022-08-22/3994045204528_a49779ad093d4fc39a87_72.jpg",
      "first_name": "Katherine",
      "real_name": "Katherine Foster",
      "display_name": "Katherine Foster",
      "team": "T03U4J8HMUG",
      "name": "Katherine",
      "is_restricted": false,
      "is_ultra_restricted": false
    },
    "thread_ts": "1665991025.246179",
    "parent_user_id": "USLACKBOT"
  },
  {
    "client_msg_id": "0bdf8a0c-81a7-4167-826d-66813d7badc9",
    "type": "message",
    "text": "<https://www.youtube.com/watch?v=Od6oAz1Op2k>",
    "user": "U03UJN29Y4C",
    "ts": "1665993326.285299",
    "blocks": [
      {
        "type": "rich_text",
        "block_id": "YITwe",
        "elements": [
          {
            "type": "rich_text_section",
            "elements": [
              {
                "type": "link",
                "url": "https://www.youtube.com/watch?v=Od6oAz1Op2k"
              }
            ]
          }
        ]
      }
    ],
    "team": "T03U4J8HMUG",
    "user_team": "T03U4J8HMUG",
    "source_team": "T03U4J8HMUG",
    "user_profile": {
      "avatar_hash": "9bf024280cf1",
      "image_72": "https://avatars.slack-edge.com/2022-10-08/4190947116101_9bf024280cf14dffb003_72.jpg",
      "first_name": "Michelle",
      "real_name": "Michelle Lewis",
      "display_name": "Michelle Lewis",
      "team": "T03U4J8HMUG",
      "name": "Michelle",
      "is_restricted": false,
      "is_ultra_restricted": false
    },
    "attachments": [
      {
        "from_url": "https://www.youtube.com/watch?v=Od6oAz1Op2k",
        "thumb_url": "https://i.ytimg.com/vi/Od6oAz1Op2k/hqdefault.jpg",
        "thumb_width": 480,
        "thumb_height": 360,
        "video_html": "<iframe width=\"400\" height=\"225\" src=\"https://www.youtube.com/embed/Od6oAz1Op2k?feature=oembed&autoplay=1&iv_load_policy=3\" frameborder=\"0\" allow=\"accelerometer; autoplay; clipboard-write; encrypted-media; gyroscope; picture-in-picture\" allowfullscreen title=\"Causal Inference - EXPLAINED!\"></iframe>",
        "video_html_width": 400,
        "video_html_height": 225,
        "service_icon": "https://a.slack-edge.com/80588/img/unfurl_icons/youtube.png",
        "id": 1,
        "original_url": "https://www.youtube.com/watch?v=Od6oAz1Op2k",
        "fallback": "YouTube Video: Causal Inference - EXPLAINED!",
        "title": "Causal Inference - EXPLAINED!",
        "title_link": "https://www.youtube.com/watch?v=Od6oAz1Op2k",
        "author_name": "CodeEmporium",
        "author_link": "https://www.youtube.com/c/CodeEmporium",
        "service_name": "YouTube",
        "service_url": "https://www.youtube.com/"
      }
    ]
  }
]