[
  {
    "client_msg_id": "70878637-3c57-4156-b4c8-0c18f95f7dcf",
    "type": "message",
    "text": "<https://medium.com/hackernoon/the-crypto-portfolio-rebalancing-backtest-tool-66563cf2f18b>",
    "user": "U03UUP56MDF",
    "ts": "1665828254.237589",
    "blocks": [
      {
        "type": "rich_text",
        "block_id": "tSDg",
        "elements": [
          {
            "type": "rich_text_section",
            "elements": [
              {
                "type": "link",
                "url": "https://medium.com/hackernoon/the-crypto-portfolio-rebalancing-backtest-tool-66563cf2f18b"
              }
            ]
          }
        ]
      }
    ],
    "team": "T03U4J8HMUG",
    "user_team": "T03U4J8HMUG",
    "source_team": "T03U4J8HMUG",
    "user_profile": {
      "avatar_hash": "g00725318689",
      "image_72": "https://secure.gravatar.com/avatar/007253186898705d4f28c384188b8a63.jpg?s=72&d=https%3A%2F%2Fa.slack-edge.com%2Fdf10d%2Fimg%2Favatars%2Fava_0007-72.png",
      "first_name": "Mark",
      "real_name": "Mark Crawford",
      "display_name": "Mark Crawford",
      "team": "T03U4J8HMUG",
      "name": "Mark",
      "is_restricted": false,
      "is_ultra_restricted": false
    },
    "attachments": [
      {
        "from_url": "https://medium.com/hackernoon/the-crypto-portfolio-rebalancing-backtest-tool-66563cf2f18b",
        "ts": 1553726076,
        "image_url": "https://miro.medium.com/max/1000/1*KK5oF9Lbjyb0nmdgR2nv1g.jpeg",
        "image_width": 375,
        "image_height": 250,
        "image_bytes": 96002,
        "service_icon": "https://miro.medium.com/fit/c/152/152/1*sHhtYhaCe2Uc3IU0IgKwIQ.png",
        "id": 1,
        "original_url": "https://medium.com/hackernoon/the-crypto-portfolio-rebalancing-backtest-tool-66563cf2f18b",
        "fallback": "Medium: The Crypto Portfolio Rebalancing Backtest Tool",
        "text": "Several weeks ago, we decided it was time for us to revamp our crypto backtesting feature set.",
        "title": "The Crypto Portfolio Rebalancing Backtest Tool",
        "title_link": "https://medium.com/hackernoon/the-crypto-portfolio-rebalancing-backtest-tool-66563cf2f18b",
        "service_name": "Medium",
        "fields": [
          {
            "value": "3 min read",
            "title": "Reading time",
            "short": true
          }
        ]
      }
    ]
  },
  {
    "client_msg_id": "e5f89101-e279-43ef-b11d-3efd590b98d8",
    "type": "message",
    "text": "<https://docs.snowflake.com/en/user-guide/kafka-connector-overview.html>",
    "user": "U03UUP56MDF",
    "ts": "1665828264.442459",
    "blocks": [
      {
        "type": "rich_text",
        "block_id": "isw4",
        "elements": [
          {
            "type": "rich_text_section",
            "elements": [
              {
                "type": "link",
                "url": "https://docs.snowflake.com/en/user-guide/kafka-connector-overview.html"
              }
            ]
          }
        ]
      }
    ],
    "team": "T03U4J8HMUG",
    "user_team": "T03U4J8HMUG",
    "source_team": "T03U4J8HMUG",
    "user_profile": {
      "avatar_hash": "g00725318689",
      "image_72": "https://secure.gravatar.com/avatar/007253186898705d4f28c384188b8a63.jpg?s=72&d=https%3A%2F%2Fa.slack-edge.com%2Fdf10d%2Fimg%2Favatars%2Fava_0007-72.png",
      "first_name": "Mark",
      "real_name": "Mark Crawford",
      "display_name": "Mark Crawford",
      "team": "T03U4J8HMUG",
      "name": "Mark",
      "is_restricted": false,
      "is_ultra_restricted": false
    }
  },
  {
    "client_msg_id": "2bc91cc1-b1d1-408d-b53f-aca3a2a8daea",
    "type": "message",
    "text": "<https://alpaca.markets/learn/introduction-to-backtesting-with-vectorbt/>",
    "user": "U03UUP56MDF",
    "ts": "1665828279.549269",
    "blocks": [
      {
        "type": "rich_text",
        "block_id": "KRknR",
        "elements": [
          {
            "type": "rich_text_section",
            "elements": [
              {
                "type": "link",
                "url": "https://alpaca.markets/learn/introduction-to-backtesting-with-vectorbt/"
              }
            ]
          }
        ]
      }
    ],
    "team": "T03U4J8HMUG",
    "user_team": "T03U4J8HMUG",
    "source_team": "T03U4J8HMUG",
    "user_profile": {
      "avatar_hash": "g00725318689",
      "image_72": "https://secure.gravatar.com/avatar/007253186898705d4f28c384188b8a63.jpg?s=72&d=https%3A%2F%2Fa.slack-edge.com%2Fdf10d%2Fimg%2Favatars%2Fava_0007-72.png",
      "first_name": "Mark",
      "real_name": "Mark Crawford",
      "display_name": "Mark Crawford",
      "team": "T03U4J8HMUG",
      "name": "Mark",
      "is_restricted": false,
      "is_ultra_restricted": false
    },
    "attachments": [
      {
        "from_url": "https://alpaca.markets/learn/introduction-to-backtesting-with-vectorbt/",
        "ts": 1642079065,
        "image_url": "https://alpaca.markets/learn/content/images/2022/01/Introduction-to-Backtesting-with-VectorBT_blog-1.png",
        "image_width": 418,
        "image_height": 250,
        "image_bytes": 568969,
        "service_icon": "https://alpaca.markets/learn/favicon.png",
        "id": 1,
        "original_url": "https://alpaca.markets/learn/introduction-to-backtesting-with-vectorbt/",
        "fallback": "Alpaca Learn | Developer-First API for Crypto and Stocks: Introduction to Backtesting with VectorBT",
        "text": "Vectorbt is a backtesting library for Python that excels at processing large amounts of data. It allows you to quickly and easily backtest strategies in only a few lines of code.",
        "title": "Introduction to Backtesting with VectorBT",
        "title_link": "https://alpaca.markets/learn/introduction-to-backtesting-with-vectorbt/",
        "service_name": "Alpaca Learn | Developer-First API for Crypto and Stocks",
        "fields": [
          {
            "value": "Rahul Chowdhury",
            "title": "Written by",
            "short": true
          },
          {
            "value": "Backtesting, Market Data API, Python",
            "title": "Filed under",
            "short": true
          }
        ]
      }
    ]
  },
  {
    "client_msg_id": "a0daf77b-e3ec-4e17-b355-dc66d8b1e421",
    "type": "message",
    "text": "<https://www.backtrader.com/docu/quickstart/quickstart/>",
    "user": "U03UUP56MDF",
    "ts": "1665828288.289769",
    "blocks": [
      {
        "type": "rich_text",
        "block_id": "dHX",
        "elements": [
          {
            "type": "rich_text_section",
            "elements": [
              {
                "type": "link",
                "url": "https://www.backtrader.com/docu/quickstart/quickstart/"
              }
            ]
          }
        ]
      }
    ],
    "team": "T03U4J8HMUG",
    "user_team": "T03U4J8HMUG",
    "source_team": "T03U4J8HMUG",
    "user_profile": {
      "avatar_hash": "g00725318689",
      "image_72": "https://secure.gravatar.com/avatar/007253186898705d4f28c384188b8a63.jpg?s=72&d=https%3A%2F%2Fa.slack-edge.com%2Fdf10d%2Fimg%2Favatars%2Fava_0007-72.png",
      "first_name": "Mark",
      "real_name": "Mark Crawford",
      "display_name": "Mark Crawford",
      "team": "T03U4J8HMUG",
      "name": "Mark",
      "is_restricted": false,
      "is_ultra_restricted": false
    },
    "attachments": [
      {
        "from_url": "https://www.backtrader.com/docu/quickstart/quickstart/",
        "service_icon": "https://www.backtrader.com/assets/images/favicon.png",
        "id": 1,
        "original_url": "https://www.backtrader.com/docu/quickstart/quickstart/",
        "fallback": "Quickstart Guide - Backtrader",
        "text": "python backtesting trading algotrading algorithmic quant quantitative analysis",
        "title": "Quickstart Guide - Backtrader",
        "title_link": "https://www.backtrader.com/docu/quickstart/quickstart/",
        "service_name": "backtrader.com"
      }
    ]
  },
  {
    "client_msg_id": "f3280a4b-ed64-4f36-ac8d-d3d0c941c009",
    "type": "message",
    "text": "<https://www.baeldung.com/kafka-connectors-guide>",
    "user": "U03UUP56MDF",
    "ts": "1665828301.035799",
    "blocks": [
      {
        "type": "rich_text",
        "block_id": "urh+",
        "elements": [
          {
            "type": "rich_text_section",
            "elements": [
              {
                "type": "link",
                "url": "https://www.baeldung.com/kafka-connectors-guide"
              }
            ]
          }
        ]
      }
    ],
    "team": "T03U4J8HMUG",
    "user_team": "T03U4J8HMUG",
    "source_team": "T03U4J8HMUG",
    "user_profile": {
      "avatar_hash": "g00725318689",
      "image_72": "https://secure.gravatar.com/avatar/007253186898705d4f28c384188b8a63.jpg?s=72&d=https%3A%2F%2Fa.slack-edge.com%2Fdf10d%2Fimg%2Favatars%2Fava_0007-72.png",
      "first_name": "Mark",
      "real_name": "Mark Crawford",
      "display_name": "Mark Crawford",
      "team": "T03U4J8HMUG",
      "name": "Mark",
      "is_restricted": false,
      "is_ultra_restricted": false
    }
  },
  {
    "client_msg_id": "a1240470-14d9-4797-8bc2-4074565ecbd9",
    "type": "message",
    "text": "<https://docs.confluent.io/cloud/current/connectors/cc-postgresql-sink.html#using-the-confluent-cli>",
    "user": "U03UG32J3PC",
    "ts": "1665828352.370069",
    "blocks": [
      {
        "type": "rich_text",
        "block_id": "tJN",
        "elements": [
          {
            "type": "rich_text_section",
            "elements": [
              {
                "type": "link",
                "url": "https://docs.confluent.io/cloud/current/connectors/cc-postgresql-sink.html#using-the-confluent-cli"
              }
            ]
          }
        ]
      }
    ],
    "team": "T03U4J8HMUG",
    "user_team": "T03U4J8HMUG",
    "source_team": "T03U4J8HMUG",
    "user_profile": {
      "avatar_hash": "g9e7487b036e",
      "image_72": "https://secure.gravatar.com/avatar/9e7487b036ed726d016a0c5d8189773c.jpg?s=72&d=https%3A%2F%2Fa.slack-edge.com%2Fdf10d%2Fimg%2Favatars%2Fava_0005-72.png",
      "first_name": "April",
      "real_name": "April Lucas",
      "display_name": "April Lucas",
      "team": "T03U4J8HMUG",
      "name": "April",
      "is_restricted": false,
      "is_ultra_restricted": false
    },
    "attachments": [
      {
        "from_url": "https://docs.confluent.io/cloud/current/connectors/cc-postgresql-sink.html#using-the-confluent-cli",
        "service_icon": "https://docs.confluent.io/cloud/current/_static/favicon.ico",
        "id": 1,
        "original_url": "https://docs.confluent.io/cloud/current/connectors/cc-postgresql-sink.html#using-the-confluent-cli",
        "fallback": "PostgreSQL Sink Connector for Confluent Cloud Quick Start | Confluent Documentation",
        "text": "Get started with the PostgreSQL Sink connector for Confluent Cloud.",
        "title": "PostgreSQL Sink Connector for Confluent Cloud Quick Start | Confluent Documentation",
        "title_link": "https://docs.confluent.io/cloud/current/connectors/cc-postgresql-sink.html#using-the-confluent-cli",
        "service_name": "docs.confluent.io"
      }
    ]
  },
  {
    "client_msg_id": "ce0aa0d7-afa0-4f8b-9a93-96dad57f5637",
    "type": "message",
    "text": "<https://developer.confluent.io/learn-kafka/kafka-connect/rest-api/>",
    "user": "U03UG0SFHGT",
    "ts": "1665828492.514069",
    "blocks": [
      {
        "type": "rich_text",
        "block_id": "U5Y9W",
        "elements": [
          {
            "type": "rich_text_section",
            "elements": [
              {
                "type": "link",
                "url": "https://developer.confluent.io/learn-kafka/kafka-connect/rest-api/"
              }
            ]
          }
        ]
      }
    ],
    "team": "T03U4J8HMUG",
    "user_team": "T03U4J8HMUG",
    "source_team": "T03U4J8HMUG",
    "user_profile": {
      "avatar_hash": "60e1cb8a7a1b",
      "image_72": "https://avatars.slack-edge.com/2022-08-20/3953568416743_60e1cb8a7a1b6c71c2bb_72.jpg",
      "first_name": "Willie",
      "real_name": "Willie Yang",
      "display_name": "Willie Yang",
      "team": "T03U4J8HMUG",
      "name": "Willie",
      "is_restricted": false,
      "is_ultra_restricted": false
    },
    "attachments": [
      {
        "from_url": "https://developer.confluent.io/learn-kafka/kafka-connect/rest-api/",
        "thumb_url": "https://developer.confluent.io/images/developer-thumbnail.jpg",
        "thumb_width": 500,
        "thumb_height": 500,
        "service_icon": "https://developer.confluent.io/favicon.ico",
        "id": 1,
        "original_url": "https://developer.confluent.io/learn-kafka/kafka-connect/rest-api/",
        "fallback": "Confluent: Kafka Connect REST API Fundamentals",
        "text": "Receive an introduction to the fundamental commands and approaches you'll need to administer a Kafka Connect instance via REST, along with some more advanced strategies.",
        "title": "Kafka Connect REST API Fundamentals",
        "title_link": "https://developer.confluent.io/learn-kafka/kafka-connect/rest-api/",
        "service_name": "Confluent"
      }
    ]
  },
  {
    "client_msg_id": "521fa2c1-78ca-4db4-b31a-71f0e71f669f",
    "type": "message",
    "text": "<https://docs.confluent.io/kafka-connectors/jdbc/current/source-connector/index.html#limitations>",
    "user": "U03V61VGQG0",
    "ts": "1665830494.689369",
    "blocks": [
      {
        "type": "rich_text",
        "block_id": "1D6",
        "elements": [
          {
            "type": "rich_text_section",
            "elements": [
              {
                "type": "link",
                "url": "https://docs.confluent.io/kafka-connectors/jdbc/current/source-connector/index.html#limitations"
              }
            ]
          }
        ]
      }
    ],
    "team": "T03U4J8HMUG",
    "user_team": "T03U4J8HMUG",
    "source_team": "T03U4J8HMUG",
    "user_profile": {
      "avatar_hash": "5e18062f5298",
      "image_72": "https://avatars.slack-edge.com/2022-08-29/3997574519670_5e18062f5298c6182ca5_72.jpg",
      "first_name": "Paula",
      "real_name": "Paula Bryant",
      "display_name": "Paula Bryant",
      "team": "T03U4J8HMUG",
      "name": "Paula",
      "is_restricted": false,
      "is_ultra_restricted": false
    },
    "attachments": [
      {
        "from_url": "https://docs.confluent.io/kafka-connectors/jdbc/current/source-connector/index.html#limitations",
        "service_icon": "https://docs.confluent.io/kafka-connectors/jdbc/current/_static/favicon.ico",
        "id": 1,
        "original_url": "https://docs.confluent.io/kafka-connectors/jdbc/current/source-connector/index.html#limitations",
        "fallback": "JDBC Source Connector for Confluent Platform | Confluent Documentation",
        "text": "Get started with the JDBC Source connector for Confluent Platform.",
        "title": "JDBC Source Connector for Confluent Platform | Confluent Documentation",
        "title_link": "https://docs.confluent.io/kafka-connectors/jdbc/current/source-connector/index.html#limitations",
        "service_name": "docs.confluent.io"
      }
    ]
  },
  {
    "client_msg_id": "434f1fde-3476-4f1c-8df9-52ac49902a32",
    "type": "message",
    "text": "<https://docs.sqlalchemy.org/en/14/core/connections.html>",
    "user": "U03UVHCV6KB",
    "ts": "1665831762.353649",
    "blocks": [
      {
        "type": "rich_text",
        "block_id": "dUFz2",
        "elements": [
          {
            "type": "rich_text_section",
            "elements": [
              {
                "type": "link",
                "url": "https://docs.sqlalchemy.org/en/14/core/connections.html"
              }
            ]
          }
        ]
      }
    ],
    "team": "T03U4J8HMUG",
    "user_team": "T03U4J8HMUG",
    "source_team": "T03U4J8HMUG",
    "user_profile": {
      "avatar_hash": "gc9619121f99",
      "image_72": "https://secure.gravatar.com/avatar/c9619121f998ee4a7e46177f2a5729de.jpg?s=72&d=https%3A%2F%2Fa.slack-edge.com%2Fdf10d%2Fimg%2Favatars%2Fava_0002-72.png",
      "first_name": "Travis",
      "real_name": "Travis Butler",
      "display_name": "Travis Butler",
      "team": "T03U4J8HMUG",
      "name": "Travis",
      "is_restricted": false,
      "is_ultra_restricted": false
    }
  },
  {
    "client_msg_id": "5ba8f7ea-8031-4377-825a-de1803841491",
    "type": "message",
    "text": "<https://www.youtube.com/watch?v=yj1LAoaRB2I>",
    "user": "U03UD4FEDHB",
    "ts": "1665831974.982589",
    "blocks": [
      {
        "type": "rich_text",
        "block_id": "5=z",
        "elements": [
          {
            "type": "rich_text_section",
            "elements": [
              {
                "type": "link",
                "url": "https://www.youtube.com/watch?v=yj1LAoaRB2I"
              }
            ]
          }
        ]
      }
    ],
    "team": "T03U4J8HMUG",
    "user_team": "T03U4J8HMUG",
    "source_team": "T03U4J8HMUG",
    "user_profile": {
      "avatar_hash": "g48fef055f8a",
      "image_72": "https://secure.gravatar.com/avatar/48fef055f8a8b8a4c0bcfefbf5e3eec3.jpg?s=72&d=https%3A%2F%2Fa.slack-edge.com%2Fdf10d%2Fimg%2Favatars%2Fava_0025-72.png",
      "first_name": "Michael",
      "real_name": "Michael Gonzalez",
      "display_name": "Michael Gonzalez",
      "team": "T03U4J8HMUG",
      "name": "Michael",
      "is_restricted": false,
      "is_ultra_restricted": false
    },
    "attachments": [
      {
        "from_url": "https://www.youtube.com/watch?v=yj1LAoaRB2I",
        "thumb_url": "https://i.ytimg.com/vi/yj1LAoaRB2I/hqdefault.jpg",
        "thumb_width": 480,
        "thumb_height": 360,
        "video_html": "<iframe width=\"400\" height=\"225\" src=\"https://www.youtube.com/embed/yj1LAoaRB2I?feature=oembed&autoplay=1&iv_load_policy=3\" frameborder=\"0\" allow=\"accelerometer; autoplay; clipboard-write; encrypted-media; gyroscope; picture-in-picture\" allowfullscreen title=\"How I Backtest My Trading Strategy | The Ultimate Backtesting Guide\"></iframe>",
        "video_html_width": 400,
        "video_html_height": 225,
        "service_icon": "https://a.slack-edge.com/80588/img/unfurl_icons/youtube.png",
        "id": 1,
        "original_url": "https://www.youtube.com/watch?v=yj1LAoaRB2I",
        "fallback": "YouTube Video: How I Backtest My Trading Strategy | The Ultimate Backtesting Guide",
        "title": "How I Backtest My Trading Strategy | The Ultimate Backtesting Guide",
        "title_link": "https://www.youtube.com/watch?v=yj1LAoaRB2I",
        "author_name": "FXN Trading Group",
        "author_link": "https://www.youtube.com/c/FXNTradingGroup",
        "service_name": "YouTube",
        "service_url": "https://www.youtube.com/"
      }
    ]
  },
  {
    "client_msg_id": "889fc424-71a5-45ce-a516-efaa93f3955a",
    "type": "message",
    "text": "<https://sequelize.org/docs/v6/core-concepts/model-basics/>",
    "user": "U03UD68RQH3",
    "ts": "1665832289.171019",
    "blocks": [
      {
        "type": "rich_text",
        "block_id": "UXvg",
        "elements": [
          {
            "type": "rich_text_section",
            "elements": [
              {
                "type": "link",
                "url": "https://sequelize.org/docs/v6/core-concepts/model-basics/"
              }
            ]
          }
        ]
      }
    ],
    "team": "T03U4J8HMUG",
    "user_team": "T03U4J8HMUG",
    "source_team": "T03U4J8HMUG",
    "user_profile": {
      "avatar_hash": "20cf1bb98890",
      "image_72": "https://avatars.slack-edge.com/2022-09-19/4112933864561_20cf1bb98890146c716f_72.png",
      "first_name": "Brady",
      "real_name": "Brady Rhodes",
      "display_name": "Brady Rhodes",
      "team": "T03U4J8HMUG",
      "name": "Brady",
      "is_restricted": false,
      "is_ultra_restricted": false
    },
    "attachments": [
      {
        "from_url": "https://sequelize.org/docs/v6/core-concepts/model-basics/",
        "service_icon": "https://sequelize.org/favicon.ico",
        "id": 1,
        "original_url": "https://sequelize.org/docs/v6/core-concepts/model-basics/",
        "fallback": "Model Basics | Sequelize",
        "text": "In this tutorial you will learn what models are in Sequelize and how to use them.",
        "title": "Model Basics | Sequelize",
        "title_link": "https://sequelize.org/docs/v6/core-concepts/model-basics/",
        "service_name": "sequelize.org"
      }
    ]
  },
  {
    "client_msg_id": "e3c45fcc-8261-4272-abc5-b0c98caa0718",
    "type": "message",
    "text": "<https://www.clairvoyant.ai/blog/installing-and-upgrading-the-confluent-schema-registry>",
    "user": "U03UD68RQH3",
    "ts": "1665841329.173699",
    "blocks": [
      {
        "type": "rich_text",
        "block_id": "s3=",
        "elements": [
          {
            "type": "rich_text_section",
            "elements": [
              {
                "type": "link",
                "url": "https://www.clairvoyant.ai/blog/installing-and-upgrading-the-confluent-schema-registry"
              }
            ]
          }
        ]
      }
    ],
    "team": "T03U4J8HMUG",
    "user_team": "T03U4J8HMUG",
    "source_team": "T03U4J8HMUG",
    "user_profile": {
      "avatar_hash": "20cf1bb98890",
      "image_72": "https://avatars.slack-edge.com/2022-09-19/4112933864561_20cf1bb98890146c716f_72.png",
      "first_name": "Brady",
      "real_name": "Brady Rhodes",
      "display_name": "Brady Rhodes",
      "team": "T03U4J8HMUG",
      "name": "Brady",
      "is_restricted": false,
      "is_ultra_restricted": false
    },
    "attachments": [
      {
        "from_url": "https://www.clairvoyant.ai/blog/installing-and-upgrading-the-confluent-schema-registry",
        "image_url": "https://www.clairvoyant.ai/hubfs/Installing-and-Upgrading-the-Confluent-Schema-Registry.jpg#keepProtocol",
        "image_width": 462,
        "image_height": 250,
        "image_bytes": 31696,
        "service_icon": "https://www.clairvoyant.ai/hubfs/favicon.webp",
        "id": 1,
        "original_url": "https://www.clairvoyant.ai/blog/installing-and-upgrading-the-confluent-schema-registry",
        "fallback": "Installing and Upgrading the Confluent Schema Registry",
        "text": "A guide on installation and upgrade process for Confluent Schema Registry for Apache Kafka that provides a RESTful interface for Apache Avro\u00ae schemas.",
        "title": "Installing and Upgrading the Confluent Schema Registry",
        "title_link": "https://www.clairvoyant.ai/blog/installing-and-upgrading-the-confluent-schema-registry",
        "service_name": "clairvoyant.ai"
      }
    ]
  },
  {
    "client_msg_id": "b86eaeee-1ec6-4830-8ea7-52210861f387",
    "type": "message",
    "text": "<https://youtu.be/zoKn4qk4mac>",
    "user": "U03UG1Z21JP",
    "ts": "1665850630.633279",
    "blocks": [
      {
        "type": "rich_text",
        "block_id": "Ypi",
        "elements": [
          {
            "type": "rich_text_section",
            "elements": [
              {
                "type": "link",
                "url": "https://youtu.be/zoKn4qk4mac"
              }
            ]
          }
        ]
      }
    ],
    "team": "T03U4J8HMUG",
    "user_team": "T03U4J8HMUG",
    "source_team": "T03U4J8HMUG",
    "user_profile": {
      "avatar_hash": "a1d3d501dd5d",
      "image_72": "https://avatars.slack-edge.com/2022-08-20/3961568205638_a1d3d501dd5d3f7ebea3_72.jpg",
      "first_name": "Jennifer",
      "real_name": "Jennifer Foley",
      "display_name": "Jennifer Foley",
      "team": "T03U4J8HMUG",
      "name": "Jennifer",
      "is_restricted": false,
      "is_ultra_restricted": false
    },
    "attachments": [
      {
        "from_url": "https://youtu.be/zoKn4qk4mac",
        "thumb_url": "https://i.ytimg.com/vi/zoKn4qk4mac/hqdefault.jpg",
        "thumb_width": 480,
        "thumb_height": 360,
        "video_html": "<iframe width=\"400\" height=\"225\" src=\"https://www.youtube.com/embed/zoKn4qk4mac?feature=oembed&autoplay=1&iv_load_policy=3\" frameborder=\"0\" allow=\"accelerometer; autoplay; clipboard-write; encrypted-media; gyroscope; picture-in-picture\" allowfullscreen title=\"Creating our own Index Fund with a Python Trading Bot!\"></iframe>",
        "video_html_width": 400,
        "video_html_height": 225,
        "service_icon": "https://a.slack-edge.com/80588/img/unfurl_icons/youtube.png",
        "id": 1,
        "original_url": "https://youtu.be/zoKn4qk4mac",
        "fallback": "YouTube Video: Creating our own Index Fund with a Python Trading Bot!",
        "title": "Creating our own Index Fund with a Python Trading Bot!",
        "title_link": "https://youtu.be/zoKn4qk4mac",
        "author_name": "Ollie Hooper",
        "author_link": "https://www.youtube.com/c/OllieHooper",
        "service_name": "YouTube",
        "service_url": "https://www.youtube.com/"
      }
    ]
  },
  {
    "client_msg_id": "4452ae0c-5ddd-45b5-9c43-c8237beb6bd1",
    "type": "message",
    "text": "<https://engineering.grab.com/automatic-rule-backtesting>",
    "user": "U03UHB8CXDY",
    "ts": "1665868322.519379",
    "blocks": [
      {
        "type": "rich_text",
        "block_id": "2k9x",
        "elements": [
          {
            "type": "rich_text_section",
            "elements": [
              {
                "type": "link",
                "url": "https://engineering.grab.com/automatic-rule-backtesting"
              }
            ]
          }
        ]
      }
    ],
    "team": "T03U4J8HMUG",
    "user_team": "T03U4J8HMUG",
    "source_team": "T03U4J8HMUG",
    "user_profile": {
      "avatar_hash": "374fee609510",
      "image_72": "https://avatars.slack-edge.com/2022-09-30/4159182498980_374fee609510e6ff1526_72.jpg",
      "first_name": "Yvonne",
      "real_name": "Yvonne Gonzalez",
      "display_name": "Yvonne Gonzalez",
      "team": "T03U4J8HMUG",
      "name": "Yvonne",
      "is_restricted": false,
      "is_ultra_restricted": false
    }
  }
]