[
  {
    "client_msg_id": "864c760d-eb1e-4b90-854d-ed6c7bc7ef9d",
    "type": "message",
    "text": "<https://www.astronomer.io/guides/airflow-passing-data-between-tasks/>",
    "user": "U03UVHCV6KB",
    "ts": "1665132356.426299",
    "blocks": [
      {
        "type": "rich_text",
        "block_id": "K1mBK",
        "elements": [
          {
            "type": "rich_text_section",
            "elements": [
              {
                "type": "link",
                "url": "https://www.astronomer.io/guides/airflow-passing-data-between-tasks/"
              }
            ]
          }
        ]
      }
    ],
    "team": "T03U4J8HMUG",
    "user_team": "T03U4J8HMUG",
    "source_team": "T03U4J8HMUG",
    "user_profile": {
      "avatar_hash": "gc9619121f99",
      "image_72": "https://secure.gravatar.com/avatar/c9619121f998ee4a7e46177f2a5729de.jpg?s=72&d=https%3A%2F%2Fa.slack-edge.com%2Fdf10d%2Fimg%2Favatars%2Fava_0002-72.png",
      "first_name": "Travis",
      "real_name": "Travis Butler",
      "display_name": "Travis Butler",
      "team": "T03U4J8HMUG",
      "name": "Travis",
      "is_restricted": false,
      "is_ultra_restricted": false
    },
    "attachments": [
      {
        "from_url": "https://www.astronomer.io/guides/airflow-passing-data-between-tasks/",
        "image_url": "https://www.astronomer.io/assets/images/astronomer-og.png",
        "image_width": 476,
        "image_height": 250,
        "image_bytes": 16784,
        "service_icon": "https://www.astronomer.io/favicon.ico",
        "id": 1,
        "original_url": "https://www.astronomer.io/guides/airflow-passing-data-between-tasks/",
        "fallback": "Passing Data Between Airflow Tasks - Airflow Guides",
        "text": "Methods for sharing metadata and information between tasks in your Apache Airflow DAGs, including XCom.",
        "title": "Passing Data Between Airflow Tasks - Airflow Guides",
        "title_link": "https://www.astronomer.io/guides/airflow-passing-data-between-tasks/",
        "service_name": "astronomer.io"
      }
    ]
  },
  {
    "client_msg_id": "5322d337-0a9e-4b6c-adb3-4424876ea25b",
    "type": "message",
    "text": "<https://docs.aws.amazon.com/cli/latest/reference/s3api/create-bucket.html>",
    "user": "U03U1FNPEUX",
    "ts": "1665142858.809649",
    "blocks": [
      {
        "type": "rich_text",
        "block_id": "tmpBk",
        "elements": [
          {
            "type": "rich_text_section",
            "elements": [
              {
                "type": "link",
                "url": "https://docs.aws.amazon.com/cli/latest/reference/s3api/create-bucket.html"
              }
            ]
          }
        ]
      }
    ],
    "team": "T03U4J8HMUG",
    "user_team": "T03U4J8HMUG",
    "source_team": "T03U4J8HMUG",
    "user_profile": {
      "avatar_hash": "37a12a7dbb92",
      "image_72": "https://avatars.slack-edge.com/2022-09-09/4058043481011_37a12a7dbb926b2c9c86_72.png",
      "first_name": "Joshua",
      "real_name": "Joshua Rhodes",
      "display_name": "Joshua Rhodes",
      "team": "T03U4J8HMUG",
      "name": "Joshua",
      "is_restricted": false,
      "is_ultra_restricted": false
    }
  },
  {
    "client_msg_id": "98ab73db-3351-41fc-a66b-42961208364e",
    "type": "message",
    "text": "<https://www.youtube.com/watch?v=AkRAdpNPwWQ>",
    "user": "U03V6HMRPGQ",
    "ts": "1665149273.209639",
    "blocks": [
      {
        "type": "rich_text",
        "block_id": "XtPt",
        "elements": [
          {
            "type": "rich_text_section",
            "elements": [
              {
                "type": "link",
                "url": "https://www.youtube.com/watch?v=AkRAdpNPwWQ"
              }
            ]
          }
        ]
      }
    ],
    "team": "T03U4J8HMUG",
    "user_team": "T03U4J8HMUG",
    "source_team": "T03U4J8HMUG",
    "user_profile": {
      "avatar_hash": "23fcf5329c03",
      "image_72": "https://avatars.slack-edge.com/2022-08-22/3969139924917_23fcf5329c03131c761f_72.png",
      "first_name": "Cristian",
      "real_name": "Cristian Wilson",
      "display_name": "Cristian Wilson",
      "team": "T03U4J8HMUG",
      "name": "Cristian",
      "is_restricted": false,
      "is_ultra_restricted": false
    },
    "attachments": [
      {
        "from_url": "https://www.youtube.com/watch?v=AkRAdpNPwWQ",
        "thumb_url": "https://i.ytimg.com/vi/AkRAdpNPwWQ/hqdefault.jpg",
        "thumb_width": 480,
        "thumb_height": 360,
        "video_html": "<iframe width=\"400\" height=\"225\" src=\"https://www.youtube.com/embed/AkRAdpNPwWQ?feature=oembed&autoplay=1&iv_load_policy=3\" frameborder=\"0\" allow=\"accelerometer; autoplay; clipboard-write; encrypted-media; gyroscope; picture-in-picture\" allowfullscreen title=\"React.js Project to Build WebRTC Video,Audio &amp; Screen Recorder Using react-media-recorder Library\"></iframe>",
        "video_html_width": 400,
        "video_html_height": 225,
        "service_icon": "https://a.slack-edge.com/80588/img/unfurl_icons/youtube.png",
        "id": 1,
        "original_url": "https://www.youtube.com/watch?v=AkRAdpNPwWQ",
        "fallback": "YouTube Video: React.js Project to Build WebRTC Video,Audio & Screen Recorder Using react-media-recorder Library",
        "title": "React.js Project to Build WebRTC Video,Audio &amp; Screen Recorder Using react-media-recorder Library",
        "title_link": "https://www.youtube.com/watch?v=AkRAdpNPwWQ",
        "author_name": "Coding Shiksha",
        "author_link": "https://www.youtube.com/c/CodingShiksha",
        "service_name": "YouTube",
        "service_url": "https://www.youtube.com/"
      }
    ]
  },
  {
    "client_msg_id": "b56bb3f0-819b-474e-a7db-903a32ee73bc",
    "type": "message",
    "text": "<https://www.npmjs.com/package/react-media-recorder>",
    "user": "U03V6HMRPGQ",
    "ts": "1665149297.762319",
    "blocks": [
      {
        "type": "rich_text",
        "block_id": "Qad1K",
        "elements": [
          {
            "type": "rich_text_section",
            "elements": [
              {
                "type": "link",
                "url": "https://www.npmjs.com/package/react-media-recorder"
              }
            ]
          }
        ]
      }
    ],
    "team": "T03U4J8HMUG",
    "user_team": "T03U4J8HMUG",
    "source_team": "T03U4J8HMUG",
    "user_profile": {
      "avatar_hash": "23fcf5329c03",
      "image_72": "https://avatars.slack-edge.com/2022-08-22/3969139924917_23fcf5329c03131c761f_72.png",
      "first_name": "Cristian",
      "real_name": "Cristian Wilson",
      "display_name": "Cristian Wilson",
      "team": "T03U4J8HMUG",
      "name": "Cristian",
      "is_restricted": false,
      "is_ultra_restricted": false
    },
    "attachments": [
      {
        "from_url": "https://www.npmjs.com/package/react-media-recorder",
        "thumb_url": "https://static.npmjs.com/338e4905a2684ca96e08c7780fc68412.png",
        "thumb_width": 1200,
        "thumb_height": 630,
        "service_icon": "https://static.npmjs.com/58a19602036db1daee0d7863c94673a4.png",
        "id": 1,
        "original_url": "https://www.npmjs.com/package/react-media-recorder",
        "fallback": "npm: react-media-recorder",
        "text": "A React component based on MediaRecorder() API to record audio/video streams. Latest version: 1.6.6, last published: 5 months ago. Start using react-media-recorder in your project by running `npm i react-media-recorder`. There are 10 other projects in the npm registry using react-media-recorder.",
        "title": "react-media-recorder",
        "title_link": "https://www.npmjs.com/package/react-media-recorder",
        "service_name": "npm"
      }
    ]
  },
  {
    "client_msg_id": "d18f67a6-fb03-453b-87ca-7d35eeb9b101",
    "type": "message",
    "text": "<https://www.zibtek.com/blog/react-js-why-developers-prefer-react-for-front-end-development/>",
    "user": "U03UG5VFN03",
    "ts": "1665149712.146719",
    "blocks": [
      {
        "type": "rich_text",
        "block_id": "dJnCA",
        "elements": [
          {
            "type": "rich_text_section",
            "elements": [
              {
                "type": "link",
                "url": "https://www.zibtek.com/blog/react-js-why-developers-prefer-react-for-front-end-development/"
              }
            ]
          }
        ]
      }
    ],
    "team": "T03U4J8HMUG",
    "user_team": "T03U4J8HMUG",
    "source_team": "T03U4J8HMUG",
    "user_profile": {
      "avatar_hash": "1eec51b41e1b",
      "image_72": "https://avatars.slack-edge.com/2022-08-20/3980936144801_1eec51b41e1b370500be_72.png",
      "first_name": "Nancy",
      "real_name": "Nancy Craig",
      "display_name": "Nancy Craig",
      "team": "T03U4J8HMUG",
      "name": "Nancy",
      "is_restricted": false,
      "is_ultra_restricted": false
    },
    "attachments": [
      {
        "from_url": "https://www.zibtek.com/blog/react-js-why-developers-prefer-react-for-front-end-development/",
        "ts": 1641220068,
        "image_url": "https://www.zibtek.com/blog/content/images/2021/12/React-js.jpg",
        "image_width": 313,
        "image_height": 250,
        "image_bytes": 80860,
        "service_icon": "https://www.zibtek.com/blog/favicon.png",
        "id": 1,
        "original_url": "https://www.zibtek.com/blog/react-js-why-developers-prefer-react-for-front-end-development/",
        "fallback": "Custom Software Development Insights | Zibtek Blog: React JS: Why Developers Prefer React for Front-End Development",
        "text": "When used in combination with Node JS, React JS plays a significant role in designing and building scalable server-side and network applications.",
        "title": "React JS: Why Developers Prefer React for Front-End Development",
        "title_link": "https://www.zibtek.com/blog/react-js-why-developers-prefer-react-for-front-end-development/",
        "service_name": "Custom Software Development Insights | Zibtek Blog",
        "fields": [
          {
            "value": "Colton Seitz",
            "title": "Written by",
            "short": true
          }
        ]
      }
    ]
  },
  {
    "client_msg_id": "ce67575b-0bbf-4a5b-92b7-ad45d78ad587",
    "type": "message",
    "text": "<https://www.vantage-ai.com/en/blog/keeping-your-ml-model-in-shape-with-kafka-airflow-and-mlflow>",
    "user": "U03UG5VFN03",
    "ts": "1665149743.775729",
    "blocks": [
      {
        "type": "rich_text",
        "block_id": "b=vb",
        "elements": [
          {
            "type": "rich_text_section",
            "elements": [
              {
                "type": "link",
                "url": "https://www.vantage-ai.com/en/blog/keeping-your-ml-model-in-shape-with-kafka-airflow-and-mlflow"
              }
            ]
          }
        ]
      }
    ],
    "team": "T03U4J8HMUG",
    "user_team": "T03U4J8HMUG",
    "source_team": "T03U4J8HMUG",
    "user_profile": {
      "avatar_hash": "1eec51b41e1b",
      "image_72": "https://avatars.slack-edge.com/2022-08-20/3980936144801_1eec51b41e1b370500be_72.png",
      "first_name": "Nancy",
      "real_name": "Nancy Craig",
      "display_name": "Nancy Craig",
      "team": "T03U4J8HMUG",
      "name": "Nancy",
      "is_restricted": false,
      "is_ultra_restricted": false
    },
    "attachments": [
      {
        "from_url": "https://www.vantage-ai.com/en/blog/keeping-your-ml-model-in-shape-with-kafka-airflow-and-mlflow",
        "image_url": "https://www.vantage-ai.com/hubfs/Blog%20fotos/kafka_shape.jpg#keepProtocol",
        "image_width": 373,
        "image_height": 250,
        "image_bytes": 390973,
        "service_icon": "https://www.vantage-ai.com/hubfs/favicon.png",
        "id": 1,
        "original_url": "https://www.vantage-ai.com/en/blog/keeping-your-ml-model-in-shape-with-kafka-airflow-and-mlflow",
        "fallback": "Keeping your ML model in shape with Kafka, Airflow and MLFlow",
        "text": "Always wanted to learn how to keep your ML model in shape. This article explains how to do this using Kafka, Airflow and MLFlow. Read more to learn more.",
        "title": "Keeping your ML model in shape with Kafka, Airflow and MLFlow",
        "title_link": "https://www.vantage-ai.com/en/blog/keeping-your-ml-model-in-shape-with-kafka-airflow-and-mlflow",
        "service_name": "vantage-ai.com"
      }
    ]
  },
  {
    "client_msg_id": "425cd883-a4f9-4ffb-b67e-01c2fe4d2b4a",
    "type": "message",
    "text": "<https://www.youtube.com/watch?v=IW_LM9Ma4a8>",
    "user": "U03UG5VFN03",
    "ts": "1665149813.687959",
    "blocks": [
      {
        "type": "rich_text",
        "block_id": "gCuv",
        "elements": [
          {
            "type": "rich_text_section",
            "elements": [
              {
                "type": "link",
                "url": "https://www.youtube.com/watch?v=IW_LM9Ma4a8"
              }
            ]
          }
        ]
      }
    ],
    "team": "T03U4J8HMUG",
    "user_team": "T03U4J8HMUG",
    "source_team": "T03U4J8HMUG",
    "user_profile": {
      "avatar_hash": "1eec51b41e1b",
      "image_72": "https://avatars.slack-edge.com/2022-08-20/3980936144801_1eec51b41e1b370500be_72.png",
      "first_name": "Nancy",
      "real_name": "Nancy Craig",
      "display_name": "Nancy Craig",
      "team": "T03U4J8HMUG",
      "name": "Nancy",
      "is_restricted": false,
      "is_ultra_restricted": false
    },
    "attachments": [
      {
        "from_url": "https://www.youtube.com/watch?v=IW_LM9Ma4a8",
        "thumb_url": "https://i.ytimg.com/vi/IW_LM9Ma4a8/hqdefault.jpg",
        "thumb_width": 480,
        "thumb_height": 360,
        "video_html": "<iframe width=\"400\" height=\"225\" src=\"https://www.youtube.com/embed/IW_LM9Ma4a8?feature=oembed&autoplay=1&iv_load_policy=3\" frameborder=\"0\" allow=\"accelerometer; autoplay; clipboard-write; encrypted-media; gyroscope; picture-in-picture\" allowfullscreen title=\"Migrating Airflow-based Apache Spark jobs to Kubernetes \u2013 the Native Way\"></iframe>",
        "video_html_width": 400,
        "video_html_height": 225,
        "service_icon": "https://a.slack-edge.com/80588/img/unfurl_icons/youtube.png",
        "id": 1,
        "original_url": "https://www.youtube.com/watch?v=IW_LM9Ma4a8",
        "fallback": "YouTube Video: Migrating Airflow-based Apache Spark jobs to Kubernetes \u2013 the Native Way",
        "title": "Migrating Airflow-based Apache Spark jobs to Kubernetes \u2013 the Native Way",
        "title_link": "https://www.youtube.com/watch?v=IW_LM9Ma4a8",
        "author_name": "Databricks",
        "author_link": "https://www.youtube.com/c/Databricks",
        "service_name": "YouTube",
        "service_url": "https://www.youtube.com/"
      }
    ]
  },
  {
    "client_msg_id": "6cb27d5f-b1e5-4360-9349-883018381c3b",
    "type": "message",
    "text": "<https://anant.us/blog/airflow-and-spark-running-spark-jobs-in-apache-airflow/>",
    "user": "U03UG5VFN03",
    "ts": "1665149852.615669",
    "blocks": [
      {
        "type": "rich_text",
        "block_id": "cnbM",
        "elements": [
          {
            "type": "rich_text_section",
            "elements": [
              {
                "type": "link",
                "url": "https://anant.us/blog/airflow-and-spark-running-spark-jobs-in-apache-airflow/"
              }
            ]
          }
        ]
      }
    ],
    "team": "T03U4J8HMUG",
    "user_team": "T03U4J8HMUG",
    "source_team": "T03U4J8HMUG",
    "user_profile": {
      "avatar_hash": "1eec51b41e1b",
      "image_72": "https://avatars.slack-edge.com/2022-08-20/3980936144801_1eec51b41e1b370500be_72.png",
      "first_name": "Nancy",
      "real_name": "Nancy Craig",
      "display_name": "Nancy Craig",
      "team": "T03U4J8HMUG",
      "name": "Nancy",
      "is_restricted": false,
      "is_ultra_restricted": false
    },
    "attachments": [
      {
        "from_url": "https://anant.us/blog/airflow-and-spark-running-spark-jobs-in-apache-airflow/",
        "ts": 1654092623,
        "image_url": "https://anant.us/wp-content/uploads/2022/06/Running_Spark_jobs_on_Airflow-2.png",
        "image_width": 444,
        "image_height": 250,
        "image_bytes": 364299,
        "service_icon": "https://anant.us/wp-content/uploads/2021/04/cropped-anant-logo-600x600-1-180x180.png",
        "id": 1,
        "original_url": "https://anant.us/blog/airflow-and-spark-running-spark-jobs-in-apache-airflow/",
        "fallback": "Anant: Airflow and Spark: Running Spark Jobs in Apache Airflow - Anant",
        "text": "We built a simple ETL Spark job that extracts data from an API, transforms the data, and loads the data into an AWS S3 bucket. Airflow is employed to run and schedule the Spark job locally.",
        "title": "Airflow and Spark: Running Spark Jobs in Apache Airflow - Anant",
        "title_link": "https://anant.us/blog/airflow-and-spark-running-spark-jobs-in-apache-airflow/",
        "service_name": "Anant",
        "fields": [
          {
            "value": "Isaac Omolayo",
            "title": "Written by",
            "short": true
          },
          {
            "value": "9 minutes",
            "title": "Est. reading time",
            "short": true
          }
        ]
      }
    ]
  },
  {
    "client_msg_id": "5e33b93b-c1dc-4ffa-8098-c85a3d78e509",
    "type": "message",
    "text": "<https://www.npmjs.com/package/react-voice-recorder>",
    "user": "U03UG32J3PC",
    "ts": "1665164706.394389",
    "blocks": [
      {
        "type": "rich_text",
        "block_id": "wdRr",
        "elements": [
          {
            "type": "rich_text_section",
            "elements": [
              {
                "type": "link",
                "url": "https://www.npmjs.com/package/react-voice-recorder"
              }
            ]
          }
        ]
      }
    ],
    "team": "T03U4J8HMUG",
    "user_team": "T03U4J8HMUG",
    "source_team": "T03U4J8HMUG",
    "user_profile": {
      "avatar_hash": "g9e7487b036e",
      "image_72": "https://secure.gravatar.com/avatar/9e7487b036ed726d016a0c5d8189773c.jpg?s=72&d=https%3A%2F%2Fa.slack-edge.com%2Fdf10d%2Fimg%2Favatars%2Fava_0005-72.png",
      "first_name": "April",
      "real_name": "April Lucas",
      "display_name": "April Lucas",
      "team": "T03U4J8HMUG",
      "name": "April",
      "is_restricted": false,
      "is_ultra_restricted": false
    },
    "attachments": [
      {
        "from_url": "https://www.npmjs.com/package/react-voice-recorder",
        "thumb_url": "https://static.npmjs.com/338e4905a2684ca96e08c7780fc68412.png",
        "thumb_width": 1200,
        "thumb_height": 630,
        "service_icon": "https://static.npmjs.com/58a19602036db1daee0d7863c94673a4.png",
        "id": 1,
        "original_url": "https://www.npmjs.com/package/react-voice-recorder",
        "fallback": "npm: react-voice-recorder",
        "text": "This (react-voice-recorder) is a JavaScript library for React Applicaiton which will be used to record voice as audio and download the same.. Latest version: 2.1.2, last published: a year ago. Start using react-voice-recorder in your project by running `npm i react-voice-recorder`. There are 8 other projects in the npm registry using react-voice-recorder.",
        "title": "react-voice-recorder",
        "title_link": "https://www.npmjs.com/package/react-voice-recorder",
        "service_name": "npm"
      }
    ]
  },
  {
    "client_msg_id": "7ba60c68-3cba-49f6-9bbf-819812b6b6cf",
    "type": "message",
    "text": "<https://towardsdatascience.com/kafka-python-explained-in-10-lines-of-code-800e3e07dad1>",
    "user": "U03UUP56MDF",
    "ts": "1665164762.470759",
    "blocks": [
      {
        "type": "rich_text",
        "block_id": "e584",
        "elements": [
          {
            "type": "rich_text_section",
            "elements": [
              {
                "type": "link",
                "url": "https://towardsdatascience.com/kafka-python-explained-in-10-lines-of-code-800e3e07dad1"
              }
            ]
          }
        ]
      }
    ],
    "team": "T03U4J8HMUG",
    "user_team": "T03U4J8HMUG",
    "source_team": "T03U4J8HMUG",
    "user_profile": {
      "avatar_hash": "g00725318689",
      "image_72": "https://secure.gravatar.com/avatar/007253186898705d4f28c384188b8a63.jpg?s=72&d=https%3A%2F%2Fa.slack-edge.com%2Fdf10d%2Fimg%2Favatars%2Fava_0007-72.png",
      "first_name": "Mark",
      "real_name": "Mark Crawford",
      "display_name": "Mark Crawford",
      "team": "T03U4J8HMUG",
      "name": "Mark",
      "is_restricted": false,
      "is_ultra_restricted": false
    },
    "attachments": [
      {
        "from_url": "https://towardsdatascience.com/kafka-python-explained-in-10-lines-of-code-800e3e07dad1",
        "ts": 1534168571,
        "image_url": "https://miro.medium.com/max/775/1*bIIzkEI5HSaVkYyxxohK2g.png",
        "image_width": 483,
        "image_height": 250,
        "image_bytes": 36078,
        "service_icon": "https://miro.medium.com/fit/c/152/152/1*sHhtYhaCe2Uc3IU0IgKwIQ.png",
        "id": 1,
        "original_url": "https://towardsdatascience.com/kafka-python-explained-in-10-lines-of-code-800e3e07dad1",
        "fallback": "Medium: Kafka-Python explained in 10 lines of code",
        "text": "Although it\u2019s not the newest library Python has to offer, it\u2019s hard to find a comprehensive tutorial on how to use Apache Kafka with\u2026",
        "title": "Kafka-Python explained in 10 lines of code",
        "title_link": "https://towardsdatascience.com/kafka-python-explained-in-10-lines-of-code-800e3e07dad1",
        "service_name": "Medium",
        "fields": [
          {
            "value": "7 min read",
            "title": "Reading time",
            "short": true
          }
        ]
      }
    ]
  },
  {
    "client_msg_id": "dcabbd8b-43cf-4892-8d95-816b674e4669",
    "type": "message",
    "text": "<https://newrelic.com/blog/best-practices/kafka-best-practices>",
    "user": "U03UUP56MDF",
    "ts": "1665164883.146569",
    "blocks": [
      {
        "type": "rich_text",
        "block_id": "XIQ",
        "elements": [
          {
            "type": "rich_text_section",
            "elements": [
              {
                "type": "link",
                "url": "https://newrelic.com/blog/best-practices/kafka-best-practices"
              }
            ]
          }
        ]
      }
    ],
    "team": "T03U4J8HMUG",
    "user_team": "T03U4J8HMUG",
    "source_team": "T03U4J8HMUG",
    "user_profile": {
      "avatar_hash": "g00725318689",
      "image_72": "https://secure.gravatar.com/avatar/007253186898705d4f28c384188b8a63.jpg?s=72&d=https%3A%2F%2Fa.slack-edge.com%2Fdf10d%2Fimg%2Favatars%2Fava_0007-72.png",
      "first_name": "Mark",
      "real_name": "Mark Crawford",
      "display_name": "Mark Crawford",
      "team": "T03U4J8HMUG",
      "name": "Mark",
      "is_restricted": false,
      "is_ultra_restricted": false
    },
    "attachments": [
      {
        "from_url": "https://newrelic.com/blog/best-practices/kafka-best-practices",
        "image_url": "https://newrelic.com/sites/default/files/styles/og_image/public/2021-04/iStock-485920305-2-min_1.jpg?h=77039d24&itok=WtLaXTsb",
        "image_width": 476,
        "image_height": 250,
        "image_bytes": 42540,
        "service_icon": "https://newrelic.com/themes/custom/erno/assets/images/metadata/apple-touch-icon.png",
        "id": 1,
        "original_url": "https://newrelic.com/blog/best-practices/kafka-best-practices",
        "fallback": "New Relic: 20 Best Practices for Working With Apache Kafka at Scale",
        "text": "Apache Kafka simplifies working with data streams, but it might get complex at scale. Learn best practices to help simplify that complexity.",
        "title": "20 Best Practices for Working With Apache Kafka at Scale",
        "title_link": "https://newrelic.com/blog/best-practices/kafka-best-practices",
        "service_name": "New Relic",
        "fields": [
          {
            "value": "Tony Mancill",
            "title": "Written by",
            "short": true
          },
          {
            "value": "10 min read",
            "title": "Est. reading time",
            "short": true
          }
        ]
      }
    ]
  },
  {
    "client_msg_id": "7412b61e-651b-4fa8-8e13-12ece5613c75",
    "type": "message",
    "text": "<https://www.astronomer.io/guides/airflow-branch-operator/>",
    "user": "U03UVHCV6KB",
    "ts": "1665165771.262049",
    "blocks": [
      {
        "type": "rich_text",
        "block_id": "2Ao8",
        "elements": [
          {
            "type": "rich_text_section",
            "elements": [
              {
                "type": "link",
                "url": "https://www.astronomer.io/guides/airflow-branch-operator/"
              }
            ]
          }
        ]
      }
    ],
    "team": "T03U4J8HMUG",
    "user_team": "T03U4J8HMUG",
    "source_team": "T03U4J8HMUG",
    "user_profile": {
      "avatar_hash": "gc9619121f99",
      "image_72": "https://secure.gravatar.com/avatar/c9619121f998ee4a7e46177f2a5729de.jpg?s=72&d=https%3A%2F%2Fa.slack-edge.com%2Fdf10d%2Fimg%2Favatars%2Fava_0002-72.png",
      "first_name": "Travis",
      "real_name": "Travis Butler",
      "display_name": "Travis Butler",
      "team": "T03U4J8HMUG",
      "name": "Travis",
      "is_restricted": false,
      "is_ultra_restricted": false
    },
    "attachments": [
      {
        "from_url": "https://www.astronomer.io/guides/airflow-branch-operator/",
        "image_url": "https://www.astronomer.io/assets/images/astronomer-og.png",
        "image_width": 476,
        "image_height": 250,
        "image_bytes": 16784,
        "service_icon": "https://www.astronomer.io/favicon.ico",
        "id": 1,
        "original_url": "https://www.astronomer.io/guides/airflow-branch-operator/",
        "fallback": "Branching in Airflow - Airflow Guides",
        "text": "Use Apache Airflow's BranchPythonOperator and ShortCircuitOperator to execute conditional branches in your workflow",
        "title": "Branching in Airflow - Airflow Guides",
        "title_link": "https://www.astronomer.io/guides/airflow-branch-operator/",
        "service_name": "astronomer.io"
      }
    ]
  },
  {
    "client_msg_id": "8bc15c10-1f69-4160-bc38-ca2f3e27e940",
    "type": "message",
    "text": "<https://medium.com/seatfrog/aws-data-pipeline-with-airflow-410488af5009>",
    "user": "U03UJH1EQQL",
    "ts": "1665170188.375159",
    "blocks": [
      {
        "type": "rich_text",
        "block_id": "9u=K",
        "elements": [
          {
            "type": "rich_text_section",
            "elements": [
              {
                "type": "link",
                "url": "https://medium.com/seatfrog/aws-data-pipeline-with-airflow-410488af5009"
              }
            ]
          }
        ]
      }
    ],
    "team": "T03U4J8HMUG",
    "user_team": "T03U4J8HMUG",
    "source_team": "T03U4J8HMUG",
    "user_profile": {
      "avatar_hash": "81b299d9869c",
      "image_72": "https://avatars.slack-edge.com/2022-08-20/3953555815671_81b299d9869ca44e70c1_72.png",
      "first_name": "Kelly",
      "real_name": "Kelly Soto",
      "display_name": "Kelly Soto",
      "team": "T03U4J8HMUG",
      "name": "Kelly",
      "is_restricted": false,
      "is_ultra_restricted": false
    },
    "attachments": [
      {
        "from_url": "https://medium.com/seatfrog/aws-data-pipeline-with-airflow-410488af5009",
        "ts": 1602254539,
        "image_url": "https://miro.medium.com/max/1190/1*V5u9H3QLyp9vnaqffnOd4A.png",
        "image_width": 518,
        "image_height": 250,
        "image_bytes": 107602,
        "service_icon": "https://miro.medium.com/fit/c/152/152/1*sHhtYhaCe2Uc3IU0IgKwIQ.png",
        "id": 1,
        "original_url": "https://medium.com/seatfrog/aws-data-pipeline-with-airflow-410488af5009",
        "fallback": "Medium: AWS Data Pipeline with Airflow",
        "text": "At Seatfrog we continuously research new technologies to find the best solutions to tackle our challenges. That means when we add a new\u2026",
        "title": "AWS Data Pipeline with Airflow",
        "title_link": "https://medium.com/seatfrog/aws-data-pipeline-with-airflow-410488af5009",
        "service_name": "Medium",
        "fields": [
          {
            "value": "8 min read",
            "title": "Reading time",
            "short": true
          }
        ]
      }
    ]
  },
  {
    "client_msg_id": "001b7753-8530-447d-82b8-b2bcd581c97a",
    "type": "message",
    "text": "<https://kafka-python.readthedocs.io/en/master/usage.html>",
    "user": "U03UJGRN5E0",
    "ts": "1665177895.271359",
    "blocks": [
      {
        "type": "rich_text",
        "block_id": "d=7",
        "elements": [
          {
            "type": "rich_text_section",
            "elements": [
              {
                "type": "link",
                "url": "https://kafka-python.readthedocs.io/en/master/usage.html"
              }
            ]
          }
        ]
      }
    ],
    "team": "T03U4J8HMUG",
    "user_team": "T03U4J8HMUG",
    "source_team": "T03U4J8HMUG",
    "user_profile": {
      "avatar_hash": "35b05758f532",
      "image_72": "https://avatars.slack-edge.com/2022-09-30/4156429070997_35b05758f532bdef5b5f_72.jpg",
      "first_name": "Katie",
      "real_name": "Katie Dickerson",
      "display_name": "Katie Dickerson",
      "team": "T03U4J8HMUG",
      "name": "Katie",
      "is_restricted": false,
      "is_ultra_restricted": false
    }
  },
  {
    "client_msg_id": "4541bac1-ab5e-4c2c-9882-77ae357f2aad",
    "type": "message",
    "text": "<https://www.confluent.io/blog/apache-kafka-to-amazon-s3-exactly-once/>",
    "user": "U03U9EJR362",
    "ts": "1665178952.728779",
    "blocks": [
      {
        "type": "rich_text",
        "block_id": "qwpU",
        "elements": [
          {
            "type": "rich_text_section",
            "elements": [
              {
                "type": "link",
                "url": "https://www.confluent.io/blog/apache-kafka-to-amazon-s3-exactly-once/"
              }
            ]
          }
        ]
      }
    ],
    "team": "T03U4J8HMUG",
    "user_team": "T03U4J8HMUG",
    "source_team": "T03U4J8HMUG",
    "user_profile": {
      "avatar_hash": "gc0133e965fb",
      "image_72": "https://secure.gravatar.com/avatar/c0133e965fb5500f9a83b69df54a7dc6.jpg?s=72&d=https%3A%2F%2Fa.slack-edge.com%2Fdf10d%2Fimg%2Favatars%2Fava_0006-72.png",
      "first_name": "Nicholas",
      "real_name": "Nicholas Friedman",
      "display_name": "Nicholas Friedman",
      "team": "T03U4J8HMUG",
      "name": "Nicholas",
      "is_restricted": false,
      "is_ultra_restricted": false
    },
    "attachments": [
      {
        "from_url": "https://www.confluent.io/blog/apache-kafka-to-amazon-s3-exactly-once/",
        "thumb_url": "https://cdn.confluent.io/wp-content/uploads/seo-logo-meadow.png",
        "thumb_width": 748,
        "thumb_height": 748,
        "service_icon": "https://www.confluent.io/favicon.ico",
        "id": 1,
        "original_url": "https://www.confluent.io/blog/apache-kafka-to-amazon-s3-exactly-once/",
        "fallback": "Confluent: From Apache Kafka to Amazon S3: Exactly Once | Confluent",
        "text": "Landing data to S3 is ubiquitous and key to almost every AWS architecture. This explains why users have been looking for a reliable way to stream their data from Apache Kafka\u00ae to S3 since Kafka Connect became available. Since its initial release, the Kafka Connect S3 connector has been used to upload more than 75 PB of data from Kafka to S3.",
        "title": "From Apache Kafka to Amazon S3: Exactly Once | Confluent",
        "title_link": "https://www.confluent.io/blog/apache-kafka-to-amazon-s3-exactly-once/",
        "service_name": "Confluent"
      }
    ]
  },
  {
    "client_msg_id": "daa74ed6-f6e4-4508-b081-7c0937d04e5f",
    "type": "message",
    "text": "<https://pypi.org/project/airflow-provider-kafka/0.1.0/>",
    "user": "U03UJGP0C68",
    "ts": "1665179065.635879",
    "blocks": [
      {
        "type": "rich_text",
        "block_id": "eJkvA",
        "elements": [
          {
            "type": "rich_text_section",
            "elements": [
              {
                "type": "link",
                "url": "https://pypi.org/project/airflow-provider-kafka/0.1.0/"
              }
            ]
          }
        ]
      }
    ],
    "team": "T03U4J8HMUG",
    "user_team": "T03U4J8HMUG",
    "source_team": "T03U4J8HMUG",
    "user_profile": {
      "avatar_hash": "259faccdce43",
      "image_72": "https://avatars.slack-edge.com/2022-08-20/3965145363573_259faccdce439a8c6345_72.png",
      "first_name": "Judith",
      "real_name": "Judith Bolton",
      "display_name": "Judith Bolton",
      "team": "T03U4J8HMUG",
      "name": "Judith",
      "is_restricted": false,
      "is_ultra_restricted": false
    },
    "attachments": [
      {
        "from_url": "https://pypi.org/project/airflow-provider-kafka/0.1.0/",
        "image_url": "https://pypi.org/static/images/twitter.6fecba6f.jpg",
        "image_width": 250,
        "image_height": 250,
        "image_bytes": 6869,
        "service_icon": "https://pypi.org/static/images/favicon.6a76275d.ico",
        "id": 1,
        "original_url": "https://pypi.org/project/airflow-provider-kafka/0.1.0/",
        "fallback": "PyPI: airflow-provider-kafka",
        "text": "Apache Airflow Kafka provider containing Deferrable Operators &amp; Sensors.",
        "title": "airflow-provider-kafka",
        "title_link": "https://pypi.org/project/airflow-provider-kafka/0.1.0/",
        "service_name": "PyPI"
      }
    ]
  }
]