[
  {
    "client_msg_id": "06d63b20-19a5-419e-9625-e9e2c1dad2a7",
    "type": "message",
    "text": "<https://www.youtube.com/watch?v=UNUz1-msbOM&amp;ab_channel=ByteByteGo>",
    "user": "U03UVHCV6KB",
    "ts": "1665912177.430469",
    "blocks": [
      {
        "type": "rich_text",
        "block_id": "Sl67",
        "elements": [
          {
            "type": "rich_text_section",
            "elements": [
              {
                "type": "link",
                "url": "https://www.youtube.com/watch?v=UNUz1-msbOM&ab_channel=ByteByteGo"
              }
            ]
          }
        ]
      }
    ],
    "team": "T03U4J8HMUG",
    "user_team": "T03U4J8HMUG",
    "source_team": "T03U4J8HMUG",
    "user_profile": {
      "avatar_hash": "gc9619121f99",
      "image_72": "https://secure.gravatar.com/avatar/c9619121f998ee4a7e46177f2a5729de.jpg?s=72&d=https%3A%2F%2Fa.slack-edge.com%2Fdf10d%2Fimg%2Favatars%2Fava_0002-72.png",
      "first_name": "Travis",
      "real_name": "Travis Butler",
      "display_name": "Travis Butler",
      "team": "T03U4J8HMUG",
      "name": "Travis",
      "is_restricted": false,
      "is_ultra_restricted": false
    },
    "attachments": [
      {
        "from_url": "https://www.youtube.com/watch?v=UNUz1-msbOM&amp;ab_channel=ByteByteGo",
        "thumb_url": "https://i.ytimg.com/vi/UNUz1-msbOM/hqdefault.jpg",
        "thumb_width": 480,
        "thumb_height": 360,
        "video_html": "<iframe width=\"400\" height=\"225\" src=\"https://www.youtube.com/embed/UNUz1-msbOM?feature=oembed&autoplay=1&iv_load_policy=3\" frameborder=\"0\" allow=\"accelerometer; autoplay; clipboard-write; encrypted-media; gyroscope; picture-in-picture\" allowfullscreen title=\"System Design: Why is Kafka fast?\"></iframe>",
        "video_html_width": 400,
        "video_html_height": 225,
        "service_icon": "https://a.slack-edge.com/80588/img/unfurl_icons/youtube.png",
        "id": 1,
        "original_url": "https://www.youtube.com/watch?v=UNUz1-msbOM&amp;ab_channel=ByteByteGo",
        "fallback": "YouTube Video: System Design: Why is Kafka fast?",
        "title": "System Design: Why is Kafka fast?",
        "title_link": "https://www.youtube.com/watch?v=UNUz1-msbOM&amp;ab_channel=ByteByteGo",
        "author_name": "ByteByteGo",
        "author_link": "https://www.youtube.com/c/ByteByteGo",
        "service_name": "YouTube",
        "service_url": "https://www.youtube.com/"
      }
    ]
  }
]