[
  {
    "client_msg_id": "28aaf879-11e2-4e35-bdc7-0c4aff162ecc",
    "type": "message",
    "text": "A list of paid and unpaid open source internships\n\n<https://itsfoss.com/best-open-source-internships/>",
    "user": "U03UJN29Y4C",
    "ts": "1661759566.047639",
    "blocks": [
      {
        "type": "rich_text",
        "block_id": "wFUTb",
        "elements": [
          {
            "type": "rich_text_section",
            "elements": [
              {
                "type": "text",
                "text": "A list of paid and unpaid open source internships\n\n"
              },
              {
                "type": "link",
                "url": "https://itsfoss.com/best-open-source-internships/"
              }
            ]
          }
        ]
      }
    ],
    "team": "T03U4J8HMUG",
    "user_team": "T03U4J8HMUG",
    "source_team": "T03U4J8HMUG",
    "user_profile": {
      "avatar_hash": "9bf024280cf1",
      "image_72": "https://avatars.slack-edge.com/2022-10-08/4190947116101_9bf024280cf14dffb003_72.jpg",
      "first_name": "Michelle",
      "real_name": "Michelle Lewis",
      "display_name": "Michelle Lewis",
      "team": "T03U4J8HMUG",
      "name": "Michelle",
      "is_restricted": false,
      "is_ultra_restricted": false
    },
    "edited": {
      "user": "U03UJN29Y4C",
      "ts": "1661759598.000000"
    },
    "attachments": [
      {
        "from_url": "https://itsfoss.com/best-open-source-internships/",
        "image_url": "https://itsfoss.com/wp-content/uploads/2017/08/open-source-internships-800x450.jpg",
        "image_width": 444,
        "image_height": 250,
        "image_bytes": 35389,
        "service_icon": "https://itsfoss.com/wp-content/uploads/2017/06/cropped-Logo-redsigned-without-name-180x180.png",
        "id": 1,
        "original_url": "https://itsfoss.com/best-open-source-internships/",
        "fallback": "It's FOSS: Best Open Source Internships For College Students - It's FOSS",
        "text": "We list the best open source internships for college students with all the relevant\u00a0information.",
        "title": "Best Open Source Internships For College Students - It's FOSS",
        "title_link": "https://itsfoss.com/best-open-source-internships/",
        "service_name": "It's FOSS"
      }
    ],
    "thread_ts": "1661759566.047639",
    "reply_count": 2,
    "reply_users_count": 2,
    "latest_reply": "1661759960.701819",
    "reply_users": [
      "U03UFV7HFNF",
      "U03UJN29Y4C"
    ],
    "replies": [
      {
        "user": "U03UFV7HFNF",
        "ts": "1661759772.014919"
      },
      {
        "user": "U03UJN29Y4C",
        "ts": "1661759960.701819"
      }
    ],
    "is_locked": false,
    "subscribed": false,
    "reactions": [
      {
        "name": "raised_hands",
        "users": [
          "U03UD68RQH3",
          "U03UJN29Y4C"
        ],
        "count": 2
      }
    ]
  },
  {
    "client_msg_id": "19159954-d62c-436f-800c-5475f92223eb",
    "type": "message",
    "text": "Thank You!",
    "user": "U03UFV7HFNF",
    "ts": "1661759772.014919",
    "blocks": [
      {
        "type": "rich_text",
        "block_id": "cI/X",
        "elements": [
          {
            "type": "rich_text_section",
            "elements": [
              {
                "type": "text",
                "text": "Thank You!"
              }
            ]
          }
        ]
      }
    ],
    "team": "T03U4J8HMUG",
    "user_team": "T03U4J8HMUG",
    "source_team": "T03U4J8HMUG",
    "user_profile": {
      "avatar_hash": "3166d51d23f1",
      "image_72": "https://avatars.slack-edge.com/2022-08-20/3991799522480_3166d51d23f1da2374e9_72.jpg",
      "first_name": "Miguel",
      "real_name": "Miguel Herring",
      "display_name": "Miguel Herring",
      "team": "T03U4J8HMUG",
      "name": "Miguel",
      "is_restricted": false,
      "is_ultra_restricted": false
    },
    "thread_ts": "1661759566.047639",
    "parent_user_id": "U03UJN29Y4C"
  },
  {
    "client_msg_id": "becc6bb5-ad5a-4eac-ba78-cf95dc3a835a",
    "type": "message",
    "text": "You're welcome :blush:",
    "user": "U03UJN29Y4C",
    "ts": "1661759960.701819",
    "blocks": [
      {
        "type": "rich_text",
        "block_id": "JsD9",
        "elements": [
          {
            "type": "rich_text_section",
            "elements": [
              {
                "type": "text",
                "text": "You're welcome "
              },
              {
                "type": "emoji",
                "name": "blush",
                "unicode": "1f60a"
              }
            ]
          }
        ]
      }
    ],
    "team": "T03U4J8HMUG",
    "user_team": "T03U4J8HMUG",
    "source_team": "T03U4J8HMUG",
    "user_profile": {
      "avatar_hash": "9bf024280cf1",
      "image_72": "https://avatars.slack-edge.com/2022-10-08/4190947116101_9bf024280cf14dffb003_72.jpg",
      "first_name": "Michelle",
      "real_name": "Michelle Lewis",
      "display_name": "Michelle Lewis",
      "team": "T03U4J8HMUG",
      "name": "Michelle",
      "is_restricted": false,
      "is_ultra_restricted": false
    },
    "thread_ts": "1661759566.047639",
    "parent_user_id": "U03UJN29Y4C"
  },
  {
    "client_msg_id": "5352832d-c6cb-46d9-81ed-780901e551e9",
    "type": "message",
    "text": "<https://docs.github.com/en/organizations/collaborating-with-groups-in-organizations/creating-a-new-organization-from-scratch>\n\ncreating git hub organizations",
    "user": "U03UVHCV6KB",
    "ts": "1661766419.812809",
    "blocks": [
      {
        "type": "rich_text",
        "block_id": "rkrN",
        "elements": [
          {
            "type": "rich_text_section",
            "elements": [
              {
                "type": "link",
                "url": "https://docs.github.com/en/organizations/collaborating-with-groups-in-organizations/creating-a-new-organization-from-scratch"
              },
              {
                "type": "text",
                "text": "\n\ncreating git hub organizations"
              }
            ]
          }
        ]
      }
    ],
    "team": "T03U4J8HMUG",
    "user_team": "T03U4J8HMUG",
    "source_team": "T03U4J8HMUG",
    "user_profile": {
      "avatar_hash": "gc9619121f99",
      "image_72": "https://secure.gravatar.com/avatar/c9619121f998ee4a7e46177f2a5729de.jpg?s=72&d=https%3A%2F%2Fa.slack-edge.com%2Fdf10d%2Fimg%2Favatars%2Fava_0002-72.png",
      "first_name": "Travis",
      "real_name": "Travis Butler",
      "display_name": "Travis Butler",
      "team": "T03U4J8HMUG",
      "name": "Travis",
      "is_restricted": false,
      "is_ultra_restricted": false
    }
  },
  {
    "client_msg_id": "cd7c3f8a-37e6-4b4c-a470-d4d248ac449e",
    "type": "message",
    "text": "<https://towardsdatascience.com/the-math-behind-a-b-testing-with-example-code-part-1-of-2-7be752e1d06f>",
    "user": "U03UH397319",
    "ts": "1661767368.834199",
    "blocks": [
      {
        "type": "rich_text",
        "block_id": "ZXW1",
        "elements": [
          {
            "type": "rich_text_section",
            "elements": [
              {
                "type": "link",
                "url": "https://towardsdatascience.com/the-math-behind-a-b-testing-with-example-code-part-1-of-2-7be752e1d06f"
              }
            ]
          }
        ]
      }
    ],
    "team": "T03U4J8HMUG",
    "user_team": "T03U4J8HMUG",
    "source_team": "T03U4J8HMUG",
    "user_profile": {
      "avatar_hash": "gc7c2fbea497",
      "image_72": "https://secure.gravatar.com/avatar/c7c2fbea4976d191e3ad19004e067c11.jpg?s=72&d=https%3A%2F%2Fa.slack-edge.com%2Fdf10d%2Fimg%2Favatars%2Fava_0014-72.png",
      "first_name": "Brenda",
      "real_name": "Brenda Hernandez",
      "display_name": "Brenda Hernandez",
      "team": "T03U4J8HMUG",
      "name": "Brenda",
      "is_restricted": false,
      "is_ultra_restricted": false
    },
    "attachments": [
      {
        "from_url": "https://towardsdatascience.com/the-math-behind-a-b-testing-with-example-code-part-1-of-2-7be752e1d06f",
        "ts": 1579301364,
        "image_url": "https://miro.medium.com/freeze/max/800/1*sQDMVPZPBa32shY-JZChRg.gif",
        "image_width": 333,
        "image_height": 250,
        "image_bytes": 17582,
        "service_icon": "https://miro.medium.com/fit/c/152/152/1*sHhtYhaCe2Uc3IU0IgKwIQ.png",
        "id": 1,
        "original_url": "https://towardsdatascience.com/the-math-behind-a-b-testing-with-example-code-part-1-of-2-7be752e1d06f",
        "fallback": "Medium: The Math Behind A/B Testing with Example Python Code",
        "text": "While taking the A/B testing course by Google on Udacity, I had some questions about some of the mathematical steps that were not clearly\u2026",
        "title": "The Math Behind A/B Testing with Example Python Code",
        "title_link": "https://towardsdatascience.com/the-math-behind-a-b-testing-with-example-code-part-1-of-2-7be752e1d06f",
        "service_name": "Medium",
        "fields": [
          {
            "value": "14 min read",
            "title": "Reading time",
            "short": true
          }
        ]
      }
    ]
  },
  {
    "client_msg_id": "be0981cb-ceca-4bde-9673-3e7cc7d11e44",
    "type": "message",
    "text": "Data structures and algorithms, taught by Google\n<https://techdevguide.withgoogle.com/paths/data-structures-and-algorithms/|https://techdevguide.withgoogle.com/paths/data-structures-and-algorithms/>",
    "user": "U03UJN29Y4C",
    "ts": "1661767515.292129",
    "blocks": [
      {
        "type": "rich_text",
        "block_id": "Rp99y",
        "elements": [
          {
            "type": "rich_text_section",
            "elements": [
              {
                "type": "text",
                "text": "Data structures and algorithms, taught by Google\n"
              },
              {
                "type": "link",
                "url": "https://techdevguide.withgoogle.com/paths/data-structures-and-algorithms/",
                "text": "https://techdevguide.withgoogle.com/paths/data-structures-and-algorithms/"
              }
            ]
          }
        ]
      }
    ],
    "team": "T03U4J8HMUG",
    "user_team": "T03U4J8HMUG",
    "source_team": "T03U4J8HMUG",
    "user_profile": {
      "avatar_hash": "9bf024280cf1",
      "image_72": "https://avatars.slack-edge.com/2022-10-08/4190947116101_9bf024280cf14dffb003_72.jpg",
      "first_name": "Michelle",
      "real_name": "Michelle Lewis",
      "display_name": "Michelle Lewis",
      "team": "T03U4J8HMUG",
      "name": "Michelle",
      "is_restricted": false,
      "is_ultra_restricted": false
    },
    "attachments": [
      {
        "from_url": "https://techdevguide.withgoogle.com/paths/data-structures-and-algorithms/",
        "image_url": "https://techdevguide.withgoogle.com/static/images/icons/icon.png",
        "image_width": 308,
        "image_height": 250,
        "image_bytes": 123293,
        "service_icon": "https://techdevguide.withgoogle.com/static/images/icons/apple-touch-icon.png",
        "id": 1,
        "original_url": "https://techdevguide.withgoogle.com/paths/data-structures-and-algorithms/",
        "fallback": "Google Tech Dev Guide: Data Structures &amp; Algorithms \u2013 Google Tech Dev Guide",
        "text": "Need to brush up on data structures &amp; algorithms? Try out these resources hand-picked by Google engineers. Jump into any resource to get started!",
        "title": "Data Structures &amp; Algorithms \u2013 Google Tech Dev Guide",
        "title_link": "https://techdevguide.withgoogle.com/paths/data-structures-and-algorithms/",
        "service_name": "Google Tech Dev Guide"
      }
    ]
  },
  {
    "client_msg_id": "bf9aecc6-ee8c-40e4-9544-1e62504401f1",
    "type": "message",
    "text": "<https://blog.analytics-toolkit.com/2017/statistical-significance-ab-testing-complete-guide/>",
    "user": "U03U1FNPEUX",
    "ts": "1661769171.781989",
    "blocks": [
      {
        "type": "rich_text",
        "block_id": "yOmfz",
        "elements": [
          {
            "type": "rich_text_section",
            "elements": [
              {
                "type": "link",
                "url": "https://blog.analytics-toolkit.com/2017/statistical-significance-ab-testing-complete-guide/"
              }
            ]
          }
        ]
      }
    ],
    "team": "T03U4J8HMUG",
    "user_team": "T03U4J8HMUG",
    "source_team": "T03U4J8HMUG",
    "user_profile": {
      "avatar_hash": "37a12a7dbb92",
      "image_72": "https://avatars.slack-edge.com/2022-09-09/4058043481011_37a12a7dbb926b2c9c86_72.png",
      "first_name": "Joshua",
      "real_name": "Joshua Rhodes",
      "display_name": "Joshua Rhodes",
      "team": "T03U4J8HMUG",
      "name": "Joshua",
      "is_restricted": false,
      "is_ultra_restricted": false
    },
    "reactions": [
      {
        "name": "+1",
        "users": [
          "U03UG4Q7V42",
          "U03V61VGQG0",
          "U03UD5B7C3X",
          "U03UFV7HFNF"
        ],
        "count": 4
      }
    ]
  },
  {
    "client_msg_id": "fde40754-9ff5-4047-b3f0-33a84500283c",
    "type": "message",
    "text": "(One of the must reads)",
    "user": "U03U1FNPEUX",
    "ts": "1661769188.006469",
    "blocks": [
      {
        "type": "rich_text",
        "block_id": "hwv",
        "elements": [
          {
            "type": "rich_text_section",
            "elements": [
              {
                "type": "text",
                "text": "(One of the must reads)"
              }
            ]
          }
        ]
      }
    ],
    "team": "T03U4J8HMUG",
    "user_team": "T03U4J8HMUG",
    "source_team": "T03U4J8HMUG",
    "user_profile": {
      "avatar_hash": "37a12a7dbb92",
      "image_72": "https://avatars.slack-edge.com/2022-09-09/4058043481011_37a12a7dbb926b2c9c86_72.png",
      "first_name": "Joshua",
      "real_name": "Joshua Rhodes",
      "display_name": "Joshua Rhodes",
      "team": "T03U4J8HMUG",
      "name": "Joshua",
      "is_restricted": false,
      "is_ultra_restricted": false
    }
  },
  {
    "client_msg_id": "418e1ac7-bedc-4073-8be3-bf9422ce1bd2",
    "type": "message",
    "text": "I found this resource to be a good starting point for this week challenge. (from week2 challenge document)\n\n <https://hbr.org/2017/06/a-refresher-on-ab-testing>",
    "user": "U03V61VGQG0",
    "ts": "1661771574.735629",
    "blocks": [
      {
        "type": "rich_text",
        "block_id": "JkYk",
        "elements": [
          {
            "type": "rich_text_section",
            "elements": [
              {
                "type": "text",
                "text": "I found this resource to be a good starting point for this week challenge. (from week2 challenge document)\n\n "
              },
              {
                "type": "link",
                "url": "https://hbr.org/2017/06/a-refresher-on-ab-testing"
              }
            ]
          }
        ]
      }
    ],
    "team": "T03U4J8HMUG",
    "user_team": "T03U4J8HMUG",
    "source_team": "T03U4J8HMUG",
    "user_profile": {
      "avatar_hash": "5e18062f5298",
      "image_72": "https://avatars.slack-edge.com/2022-08-29/3997574519670_5e18062f5298c6182ca5_72.jpg",
      "first_name": "Paula",
      "real_name": "Paula Bryant",
      "display_name": "Paula Bryant",
      "team": "T03U4J8HMUG",
      "name": "Paula",
      "is_restricted": false,
      "is_ultra_restricted": false
    },
    "attachments": [
      {
        "from_url": "https://hbr.org/2017/06/a-refresher-on-ab-testing",
        "ts": 1498657258,
        "image_url": "https://hbr.org/resources/images/article_assets/2017/06/jun17-28-667321020.jpg",
        "image_width": 444,
        "image_height": 250,
        "image_bytes": 54327,
        "service_icon": "https://hbr.org/resources/images/apple-touch-icon.png",
        "id": 1,
        "original_url": "https://hbr.org/2017/06/a-refresher-on-ab-testing",
        "fallback": "Harvard Business Review: A Refresher on A/B Testing",
        "text": "A/B testing is a way to compare two versions of something to figure out which performs better. While it\u2019s most often associated with websites and apps, the method is almost 100 years old and it\u2019s one of the simplest forms of a randomized controlled experiment. This testing method has risen in popularity over the last couple of decades as companies have realized that the online environment is well-suited to help managers, especially marketers, answer questions like, \u201cWhat is most likely to make people click? Or buy our product? Or register with our site?\u201d. It\u2019s now used to evaluate everything from website design to online offers to headlines to product descriptions. The test works by showing two sets of users (assigned at random when they visit the site) different versions of a product or site and then determining which influenced your success metric the most. While it\u2019s an often-used method, there are several mistakes that managers make when doing A/B testing: reacting to early data without letting the test run its full course; looking at too many metrics instead of focusing on the ones they most care about; and not doing enough retesting to be sure they didn\u2019t get false positive results.",
        "title": "A Refresher on A/B Testing",
        "title_link": "https://hbr.org/2017/06/a-refresher-on-ab-testing",
        "service_name": "Harvard Business Review"
      }
    ],
    "reactions": [
      {
        "name": "raised_hands",
        "users": [
          "U03UVHCV6KB"
        ],
        "count": 1
      }
    ]
  },
  {
    "client_msg_id": "0b9472ff-af58-4c60-a279-a31858de678c",
    "type": "message",
    "text": "<https://www.optimizely.com/sample-size-calculator/?conversion=6.5&amp;effect=22.1&amp;significance=95>",
    "user": "U03UUR571A5",
    "ts": "1661774069.485579",
    "blocks": [
      {
        "type": "rich_text",
        "block_id": "Q9y",
        "elements": [
          {
            "type": "rich_text_section",
            "elements": [
              {
                "type": "link",
                "url": "https://www.optimizely.com/sample-size-calculator/?conversion=6.5&effect=22.1&significance=95"
              }
            ]
          }
        ]
      }
    ],
    "team": "T03U4J8HMUG",
    "user_team": "T03U4J8HMUG",
    "source_team": "T03U4J8HMUG",
    "user_profile": {
      "avatar_hash": "g95c5cde44bc",
      "image_72": "https://secure.gravatar.com/avatar/95c5cde44bc023bd369920b7e1ed0c94.jpg?s=72&d=https%3A%2F%2Fa.slack-edge.com%2Fdf10d%2Fimg%2Favatars%2Fava_0017-72.png",
      "first_name": "Amy",
      "real_name": "Amy Leon",
      "display_name": "Amy Leon",
      "team": "T03U4J8HMUG",
      "name": "Amy",
      "is_restricted": false,
      "is_ultra_restricted": false
    },
    "reactions": [
      {
        "name": "+1",
        "users": [
          "U03UFV7TUTV"
        ],
        "count": 1
      }
    ]
  },
  {
    "client_msg_id": "a5f0dda6-c277-47d6-aede-9985718997ba",
    "type": "message",
    "text": "<https://medium.com/novo-nordisk-ai-and-analytics-centre-of-excellence/optimizing-marketing-strategies-using-a-b-testing-with-machine-learning-part-2-72bb68b762ad|https://medium.com/novo-nordisk-ai-and-analytics-centre-of-excellence/optimizing-m[\u2026]ies-using-a-b-testing-with-machine-learning-part-2-72bb68b762ad> part 2",
    "user": "U03V785NLSU",
    "ts": "1661774433.506779",
    "blocks": [
      {
        "type": "rich_text",
        "block_id": "aQ+/r",
        "elements": [
          {
            "type": "rich_text_section",
            "elements": [
              {
                "type": "link",
                "url": "https://medium.com/novo-nordisk-ai-and-analytics-centre-of-excellence/optimizing-marketing-strategies-using-a-b-testing-with-machine-learning-part-2-72bb68b762ad",
                "text": "https://medium.com/novo-nordisk-ai-and-analytics-centre-of-excellence/optimizing-m[\u2026]ies-using-a-b-testing-with-machine-learning-part-2-72bb68b762ad"
              },
              {
                "type": "text",
                "text": " part 2"
              }
            ]
          }
        ]
      }
    ],
    "team": "T03U4J8HMUG",
    "user_team": "T03U4J8HMUG",
    "source_team": "T03U4J8HMUG",
    "user_profile": {
      "avatar_hash": "48d5c88821e9",
      "image_72": "https://avatars.slack-edge.com/2022-08-21/3993277785968_48d5c88821e922581e17_72.jpg",
      "first_name": "Ashley",
      "real_name": "Ashley Hamilton",
      "display_name": "Ashley Hamilton",
      "team": "T03U4J8HMUG",
      "name": "Ashley",
      "is_restricted": false,
      "is_ultra_restricted": false
    },
    "edited": {
      "user": "U03V785NLSU",
      "ts": "1661774490.000000"
    },
    "attachments": [
      {
        "from_url": "https://medium.com/novo-nordisk-ai-and-analytics-centre-of-excellence/optimizing-marketing-strategies-using-a-b-testing-with-machine-learning-part-2-72bb68b762ad",
        "ts": 1661339180,
        "image_url": "https://miro.medium.com/max/646/1*CovgsoHrcm5Ag1LSV_oCkQ.png",
        "image_width": 274,
        "image_height": 250,
        "image_bytes": 48135,
        "service_icon": "https://miro.medium.com/fit/c/152/152/1*sHhtYhaCe2Uc3IU0IgKwIQ.png",
        "id": 1,
        "original_url": "https://medium.com/novo-nordisk-ai-and-analytics-centre-of-excellence/optimizing-marketing-strategies-using-a-b-testing-with-machine-learning-part-2-72bb68b762ad",
        "fallback": "Medium: Optimizing Marketing Strategies using A/B Testing with Machine Learning (Part 2)",
        "text": "This is a continuation of article (Optimizing Marketing Strategies using A/B Testing with Machine Learning (Part 1)). It is highly\u2026",
        "title": "Optimizing Marketing Strategies using A/B Testing with Machine Learning (Part 2)",
        "title_link": "https://medium.com/novo-nordisk-ai-and-analytics-centre-of-excellence/optimizing-marketing-strategies-using-a-b-testing-with-machine-learning-part-2-72bb68b762ad",
        "service_name": "Medium",
        "fields": [
          {
            "value": "11 min read",
            "title": "Reading time",
            "short": true
          }
        ]
      }
    ]
  },
  {
    "client_msg_id": "a299d6b6-d0cf-43b8-8de5-f3f76e2c3930",
    "type": "message",
    "text": "part 1 <https://medium.com/novo-nordisk-ai-and-analytics-centre-of-excellence/optimizing-marketing-strategies-using-a-b-testing-with-machine-learning-part-1-5fac73d75511|https://medium.com/novo-nordisk-ai-and-analytics-centre-of-excellence/optimizing-m[\u2026]ies-using-a-b-testing-with-machine-learning-part-1-5fac73d75511>",
    "user": "U03V785NLSU",
    "ts": "1661774502.636449",
    "blocks": [
      {
        "type": "rich_text",
        "block_id": "wLtLu",
        "elements": [
          {
            "type": "rich_text_section",
            "elements": [
              {
                "type": "text",
                "text": "part 1 "
              },
              {
                "type": "link",
                "url": "https://medium.com/novo-nordisk-ai-and-analytics-centre-of-excellence/optimizing-marketing-strategies-using-a-b-testing-with-machine-learning-part-1-5fac73d75511",
                "text": "https://medium.com/novo-nordisk-ai-and-analytics-centre-of-excellence/optimizing-m[\u2026]ies-using-a-b-testing-with-machine-learning-part-1-5fac73d75511"
              }
            ]
          }
        ]
      }
    ],
    "team": "T03U4J8HMUG",
    "user_team": "T03U4J8HMUG",
    "source_team": "T03U4J8HMUG",
    "user_profile": {
      "avatar_hash": "48d5c88821e9",
      "image_72": "https://avatars.slack-edge.com/2022-08-21/3993277785968_48d5c88821e922581e17_72.jpg",
      "first_name": "Ashley",
      "real_name": "Ashley Hamilton",
      "display_name": "Ashley Hamilton",
      "team": "T03U4J8HMUG",
      "name": "Ashley",
      "is_restricted": false,
      "is_ultra_restricted": false
    },
    "attachments": [
      {
        "from_url": "https://medium.com/novo-nordisk-ai-and-analytics-centre-of-excellence/optimizing-marketing-strategies-using-a-b-testing-with-machine-learning-part-1-5fac73d75511",
        "ts": 1661339096,
        "image_url": "https://miro.medium.com/max/1075/1*xGfYYWdnphDIoDcy6xFvWg.png",
        "image_width": 365,
        "image_height": 250,
        "image_bytes": 42187,
        "service_icon": "https://miro.medium.com/fit/c/152/152/1*sHhtYhaCe2Uc3IU0IgKwIQ.png",
        "id": 1,
        "original_url": "https://medium.com/novo-nordisk-ai-and-analytics-centre-of-excellence/optimizing-marketing-strategies-using-a-b-testing-with-machine-learning-part-1-5fac73d75511",
        "fallback": "Medium: Optimizing Marketing Strategies using A/B Testing with Machine Learning (Part 1)",
        "text": "Imagine that you are working for a company and would like to increase your product sales in a specific region of the world. For that\u2026",
        "title": "Optimizing Marketing Strategies using A/B Testing with Machine Learning (Part 1)",
        "title_link": "https://medium.com/novo-nordisk-ai-and-analytics-centre-of-excellence/optimizing-marketing-strategies-using-a-b-testing-with-machine-learning-part-1-5fac73d75511",
        "service_name": "Medium",
        "fields": [
          {
            "value": "8 min read",
            "title": "Reading time",
            "short": true
          }
        ]
      }
    ]
  },
  {
    "type": "message",
    "text": "",
    "user": "U03UJH1EQQL",
    "ts": "1661779298.045849",
    "team": "T03U4J8HMUG",
    "user_team": "T03U4J8HMUG",
    "source_team": "T03U4J8HMUG",
    "user_profile": {
      "avatar_hash": "81b299d9869c",
      "image_72": "https://avatars.slack-edge.com/2022-08-20/3953555815671_81b299d9869ca44e70c1_72.png",
      "first_name": "Kelly",
      "real_name": "Kelly Soto",
      "display_name": "Kelly Soto",
      "team": "T03U4J8HMUG",
      "name": "Kelly",
      "is_restricted": false,
      "is_ultra_restricted": false
    },
    "attachments": [
      {
        "from_url": "https://10academybatch6.slack.com/archives/C03T89PMJKG/p1661774502636449",
        "ts": "1661774502.636449",
        "author_id": "U03V785NLSU",
        "channel_team": "T03U4J8HMUG",
        "channel_id": "C03T89PMJKG",
        "is_msg_unfurl": true,
        "message_blocks": [
          {
            "team": "T03U4J8HMUG",
            "channel": "C03T89PMJKG",
            "ts": "1661774502.636449",
            "message": {
              "blocks": [
                {
                  "type": "rich_text",
                  "block_id": "wLtLu",
                  "elements": [
                    {
                      "type": "rich_text_section",
                      "elements": [
                        {
                          "type": "text",
                          "text": "part 1 "
                        },
                        {
                          "type": "link",
                          "url": "https://medium.com/novo-nordisk-ai-and-analytics-centre-of-excellence/optimizing-marketing-strategies-using-a-b-testing-with-machine-learning-part-1-5fac73d75511",
                          "text": "https://medium.com/novo-nordisk-ai-and-analytics-centre-of-excellence/optimizing-m[\u2026]ies-using-a-b-testing-with-machine-learning-part-1-5fac73d75511"
                        }
                      ]
                    }
                  ]
                }
              ]
            }
          }
        ],
        "color": "D0D0D0",
        "is_share": true,
        "fallback": "[August 29th, 2022 3:01 PM] maggycheppy: part 1 <https://medium.com/novo-nordisk-ai-and-analytics-centre-of-excellence/optimizing-marketing-strategies-using-a-b-testing-with-machine-learning-part-1-5fac73d75511|https://medium.com/novo-nordisk-ai-and-analytics-centre-of-excellence/optimizing-m[\u2026]ies-using-a-b-testing-with-machine-learning-part-1-5fac73d75511>",
        "text": "part 1 <https://medium.com/novo-nordisk-ai-and-analytics-centre-of-excellence/optimizing-marketing-strategies-using-a-b-testing-with-machine-learning-part-1-5fac73d75511|https://medium.com/novo-nordisk-ai-and-analytics-centre-of-excellence/optimizing-m[\u2026]ies-using-a-b-testing-with-machine-learning-part-1-5fac73d75511>",
        "author_name": "Margaret Chepkirui",
        "author_link": "https://10academybatch6.slack.com/team/U03V785NLSU",
        "author_icon": "https://avatars.slack-edge.com/2022-08-21/3993277785968_48d5c88821e922581e17_48.jpg",
        "author_subname": "Margaret Chepkirui",
        "mrkdwn_in": [
          "text"
        ],
        "footer": "Slack Conversation"
      }
    ]
  },
  {
    "client_msg_id": "983ad60c-2eba-4871-9a1f-e13c4fb408c2",
    "type": "message",
    "text": "Guys this is where I got best document about A/B testing...\n<https://www.optimizely.com/optimization-glossary/ab-testing/|https://www.optimizely.com/optimization-glossary/ab-testing/>",
    "user": "U03UG0YHAUT",
    "ts": "1661780757.451339",
    "blocks": [
      {
        "type": "rich_text",
        "block_id": "P27",
        "elements": [
          {
            "type": "rich_text_section",
            "elements": [
              {
                "type": "text",
                "text": "Guys this is where I got best document about A/B testing...\n"
              },
              {
                "type": "link",
                "url": "https://www.optimizely.com/optimization-glossary/ab-testing/",
                "text": "https://www.optimizely.com/optimization-glossary/ab-testing/"
              }
            ]
          }
        ]
      }
    ],
    "team": "T03U4J8HMUG",
    "user_team": "T03U4J8HMUG",
    "source_team": "T03U4J8HMUG",
    "user_profile": {
      "avatar_hash": "e7b0c8269999",
      "image_72": "https://avatars.slack-edge.com/2022-09-20/4099393715542_e7b0c82699998d3b3ade_72.jpg",
      "first_name": "Daniel",
      "real_name": "Daniel Brown",
      "display_name": "Daniel Brown",
      "team": "T03U4J8HMUG",
      "name": "Daniel",
      "is_restricted": false,
      "is_ultra_restricted": false
    },
    "attachments": [
      {
        "from_url": "https://www.optimizely.com/optimization-glossary/ab-testing/",
        "thumb_url": "https://www.optimizely.com/contentassets/90461ceea0184877b2c559273cd1da58/open_graph_website_homepage.jpg?width=1200&height=600&mode=crop",
        "thumb_width": 1200,
        "thumb_height": 600,
        "service_icon": "https://www.optimizely.com/favicon.ico",
        "id": 1,
        "original_url": "https://www.optimizely.com/optimization-glossary/ab-testing/",
        "fallback": "Optimizely: A/B testing",
        "text": "A/B testing is a method of comparing two versions of a webpage or app against each other to determine which one performs better.",
        "title": "A/B testing",
        "title_link": "https://www.optimizely.com/optimization-glossary/ab-testing/",
        "service_name": "Optimizely"
      }
    ]
  },
  {
    "client_msg_id": "e84f51f8-623e-40a4-b9db-bb2aabcfba98",
    "type": "message",
    "text": "<https://towardsdatascience.com/a-b-testing-a-complete-guide-to-statistical-testing-e3f1db140499>",
    "user": "U03UG4Q7V42",
    "ts": "1661781226.708119",
    "blocks": [
      {
        "type": "rich_text",
        "block_id": "fIHU",
        "elements": [
          {
            "type": "rich_text_section",
            "elements": [
              {
                "type": "link",
                "url": "https://towardsdatascience.com/a-b-testing-a-complete-guide-to-statistical-testing-e3f1db140499"
              }
            ]
          }
        ]
      }
    ],
    "team": "T03U4J8HMUG",
    "user_team": "T03U4J8HMUG",
    "source_team": "T03U4J8HMUG",
    "user_profile": {
      "avatar_hash": "5bc346a85286",
      "image_72": "https://avatars.slack-edge.com/2022-08-20/3968048875651_5bc346a852866218ec6b_72.png",
      "first_name": "Phillip",
      "real_name": "Phillip Atkins",
      "display_name": "Phillip Atkins",
      "team": "T03U4J8HMUG",
      "name": "Phillip",
      "is_restricted": false,
      "is_ultra_restricted": false
    },
    "attachments": [
      {
        "from_url": "https://towardsdatascience.com/a-b-testing-a-complete-guide-to-statistical-testing-e3f1db140499",
        "ts": 1614115453,
        "image_url": "https://miro.medium.com/max/1200/1*cQOmpvcO_hKWHoB1sQNXYg.jpeg",
        "image_width": 378,
        "image_height": 250,
        "image_bytes": 90281,
        "service_icon": "https://miro.medium.com/fit/c/152/152/1*sHhtYhaCe2Uc3IU0IgKwIQ.png",
        "id": 1,
        "original_url": "https://towardsdatascience.com/a-b-testing-a-complete-guide-to-statistical-testing-e3f1db140499",
        "fallback": "Medium: A/B Testing\u200a\u2014\u200aA complete guide to statistical testing",
        "text": "Optimizing web marketing strategies through statistical testing",
        "title": "A/B Testing\u200a\u2014\u200aA complete guide to statistical testing",
        "title_link": "https://towardsdatascience.com/a-b-testing-a-complete-guide-to-statistical-testing-e3f1db140499",
        "service_name": "Medium",
        "fields": [
          {
            "value": "9 min read",
            "title": "Reading time",
            "short": true
          }
        ]
      }
    ]
  },
  {
    "client_msg_id": "4822eeb9-ddbf-4399-9ee4-524e3721c1eb",
    "type": "message",
    "text": "<https://www.evanmiller.org/sequential-ab-testing.html>",
    "user": "U03UUR571A5",
    "ts": "1661807164.263979",
    "blocks": [
      {
        "type": "rich_text",
        "block_id": "Yae",
        "elements": [
          {
            "type": "rich_text_section",
            "elements": [
              {
                "type": "link",
                "url": "https://www.evanmiller.org/sequential-ab-testing.html"
              }
            ]
          }
        ]
      }
    ],
    "team": "T03U4J8HMUG",
    "user_team": "T03U4J8HMUG",
    "source_team": "T03U4J8HMUG",
    "user_profile": {
      "avatar_hash": "g95c5cde44bc",
      "image_72": "https://secure.gravatar.com/avatar/95c5cde44bc023bd369920b7e1ed0c94.jpg?s=72&d=https%3A%2F%2Fa.slack-edge.com%2Fdf10d%2Fimg%2Favatars%2Fava_0017-72.png",
      "first_name": "Amy",
      "real_name": "Amy Leon",
      "display_name": "Amy Leon",
      "team": "T03U4J8HMUG",
      "name": "Amy",
      "is_restricted": false,
      "is_ultra_restricted": false
    }
  },
  {
    "client_msg_id": "f6e6eaa3-2ae2-4007-bab6-41d72c3e761c",
    "type": "message",
    "text": "<https://docs.aws.amazon.com/machine-learning/latest/dg/machinelearning-dg.pdf>",
    "user": "U03UD5B7C3X",
    "ts": "1661841795.079819",
    "blocks": [
      {
        "type": "rich_text",
        "block_id": "BwOB",
        "elements": [
          {
            "type": "rich_text_section",
            "elements": [
              {
                "type": "link",
                "url": "https://docs.aws.amazon.com/machine-learning/latest/dg/machinelearning-dg.pdf"
              }
            ]
          }
        ]
      }
    ],
    "team": "T03U4J8HMUG",
    "user_team": "T03U4J8HMUG",
    "source_team": "T03U4J8HMUG",
    "user_profile": {
      "avatar_hash": "gb4893f68d1b",
      "image_72": "https://secure.gravatar.com/avatar/b4893f68d1b3098aa61b283721cedfbb.jpg?s=72&d=https%3A%2F%2Fa.slack-edge.com%2Fdf10d%2Fimg%2Favatars%2Fava_0005-72.png",
      "first_name": "Elizabeth",
      "real_name": "Elizabeth Hall",
      "display_name": "Elizabeth Hall",
      "team": "T03U4J8HMUG",
      "name": "Elizabeth",
      "is_restricted": false,
      "is_ultra_restricted": false
    }
  },
  {
    "type": "message",
    "text": "",
    "user": "U03UJH1EQQL",
    "ts": "1661842641.257289",
    "blocks": [
      {
        "type": "rich_text",
        "block_id": "E5K+",
        "elements": [
          {
            "type": "rich_text_section",
            "elements": []
          }
        ]
      }
    ],
    "team": "T03U4J8HMUG",
    "user_team": "T03U4J8HMUG",
    "source_team": "T03U4J8HMUG",
    "user_profile": {
      "avatar_hash": "81b299d9869c",
      "image_72": "https://avatars.slack-edge.com/2022-08-20/3953555815671_81b299d9869ca44e70c1_72.png",
      "first_name": "Kelly",
      "real_name": "Kelly Soto",
      "display_name": "Kelly Soto",
      "team": "T03U4J8HMUG",
      "name": "Kelly",
      "is_restricted": false,
      "is_ultra_restricted": false
    },
    "attachments": [
      {
        "from_url": "https://10academybatch6.slack.com/archives/C03T89PMJKG/p1661781226708119",
        "ts": 1614115453,
        "image_url": "https://miro.medium.com/max/1200/1*cQOmpvcO_hKWHoB1sQNXYg.jpeg",
        "image_width": 378,
        "image_height": 250,
        "image_bytes": 90281,
        "service_icon": "https://miro.medium.com/fit/c/152/152/1*sHhtYhaCe2Uc3IU0IgKwIQ.png",
        "id": 1,
        "original_url": "https://towardsdatascience.com/a-b-testing-a-complete-guide-to-statistical-testing-e3f1db140499",
        "color": "D0D0D0",
        "is_share": true,
        "fallback": "Medium: A/B Testing\u200a\u2014\u200aA complete guide to statistical testing",
        "text": "Optimizing web marketing strategies through statistical testing",
        "title": "A/B Testing\u200a\u2014\u200aA complete guide to statistical testing",
        "title_link": "https://towardsdatascience.com/a-b-testing-a-complete-guide-to-statistical-testing-e3f1db140499",
        "service_name": "Medium",
        "fields": [
          {
            "value": "9 min read",
            "title": "Reading time",
            "short": true
          }
        ]
      }
    ]
  }
]