[
  {
    "client_msg_id": "bb0512a6-75c6-45a0-a7a7-d42827a4b563",
    "type": "message",
    "text": "<https://stackabuse.com/random-forest-algorithm-with-python-and-scikit-learn/|https://stackabuse.com/random-forest-algorithm-with-python-and-scikit-learn/>",
    "user": "U03UG0YHAUT",
    "ts": "1662624180.026209",
    "blocks": [
      {
        "type": "rich_text",
        "block_id": "H6a",
        "elements": [
          {
            "type": "rich_text_section",
            "elements": [
              {
                "type": "link",
                "url": "https://stackabuse.com/random-forest-algorithm-with-python-and-scikit-learn/",
                "text": "https://stackabuse.com/random-forest-algorithm-with-python-and-scikit-learn/"
              }
            ]
          }
        ]
      }
    ],
    "team": "T03U4J8HMUG",
    "user_team": "T03U4J8HMUG",
    "source_team": "T03U4J8HMUG",
    "user_profile": {
      "avatar_hash": "e7b0c8269999",
      "image_72": "https://avatars.slack-edge.com/2022-09-20/4099393715542_e7b0c82699998d3b3ade_72.jpg",
      "first_name": "Daniel",
      "real_name": "Daniel Brown",
      "display_name": "Daniel Brown",
      "team": "T03U4J8HMUG",
      "name": "Daniel",
      "is_restricted": false,
      "is_ultra_restricted": false
    },
    "attachments": [
      {
        "from_url": "https://stackabuse.com/random-forest-algorithm-with-python-and-scikit-learn/",
        "ts": 1528898467,
        "service_icon": "https://stackabuse.com/assets/images/favicon.ico",
        "id": 1,
        "original_url": "https://stackabuse.com/random-forest-algorithm-with-python-and-scikit-learn/",
        "fallback": "Stack Abuse: Random Forest Algorithm with Python and Scikit-Learn",
        "text": "Random forest is a type of supervised machine learning algorithm based on ensemble learning. Ensemble learning is a type of learning where you join different ty...",
        "title": "Random Forest Algorithm with Python and Scikit-Learn",
        "title_link": "https://stackabuse.com/random-forest-algorithm-with-python-and-scikit-learn/",
        "service_name": "Stack Abuse",
        "fields": [
          {
            "value": "Usman Malik",
            "title": "Written by",
            "short": true
          },
          {
            "value": "python, machine learning, scikit-learn",
            "title": "Filed under",
            "short": true
          }
        ]
      }
    ]
  },
  {
    "client_msg_id": "5c76caa3-94d3-4998-be9b-8c5650ff8261",
    "type": "message",
    "text": "thanks",
    "user": "U03UH397319",
    "ts": "1662625658.058949",
    "blocks": [
      {
        "type": "rich_text",
        "block_id": "stkkl",
        "elements": [
          {
            "type": "rich_text_section",
            "elements": [
              {
                "type": "text",
                "text": "thanks"
              }
            ]
          }
        ]
      }
    ],
    "team": "T03U4J8HMUG",
    "user_team": "T03U4J8HMUG",
    "source_team": "T03U4J8HMUG",
    "user_profile": {
      "avatar_hash": "gc7c2fbea497",
      "image_72": "https://secure.gravatar.com/avatar/c7c2fbea4976d191e3ad19004e067c11.jpg?s=72&d=https%3A%2F%2Fa.slack-edge.com%2Fdf10d%2Fimg%2Favatars%2Fava_0014-72.png",
      "first_name": "Brenda",
      "real_name": "Brenda Hernandez",
      "display_name": "Brenda Hernandez",
      "team": "T03U4J8HMUG",
      "name": "Brenda",
      "is_restricted": false,
      "is_ultra_restricted": false
    },
    "thread_ts": "1662618089.387919",
    "parent_user_id": "U03UJN29Y4C"
  },
  {
    "client_msg_id": "56c8b438-5dd3-4248-8456-0e9a213b88e5",
    "type": "message",
    "text": "<https://builtin.com/data-science/random-forest-algorithm|https://builtin.com/data-science/random-forest-algorithm>",
    "user": "U03UG0YHAUT",
    "ts": "1662626301.423959",
    "blocks": [
      {
        "type": "rich_text",
        "block_id": "Le6Q3",
        "elements": [
          {
            "type": "rich_text_section",
            "elements": [
              {
                "type": "link",
                "url": "https://builtin.com/data-science/random-forest-algorithm",
                "text": "https://builtin.com/data-science/random-forest-algorithm"
              }
            ]
          }
        ]
      }
    ],
    "team": "T03U4J8HMUG",
    "user_team": "T03U4J8HMUG",
    "source_team": "T03U4J8HMUG",
    "user_profile": {
      "avatar_hash": "e7b0c8269999",
      "image_72": "https://avatars.slack-edge.com/2022-09-20/4099393715542_e7b0c82699998d3b3ade_72.jpg",
      "first_name": "Daniel",
      "real_name": "Daniel Brown",
      "display_name": "Daniel Brown",
      "team": "T03U4J8HMUG",
      "name": "Daniel",
      "is_restricted": false,
      "is_ultra_restricted": false
    },
    "attachments": [
      {
        "from_url": "https://builtin.com/data-science/random-forest-algorithm",
        "image_url": "https://builtin.com/sites/www.builtin.com/files/styles/og/public/2022-04/random-forest-algorithm.png",
        "image_width": 476,
        "image_height": 250,
        "image_bytes": 962304,
        "service_icon": "https://cdn.builtin.com/profiles/builtin/themes/bix/BI_Favicon%2032x32.png",
        "id": 1,
        "original_url": "https://builtin.com/data-science/random-forest-algorithm",
        "fallback": "Built In: Random Forest Algorithm: A Complete Guide | Built In",
        "text": "The random forest algorithm builds multiple decision trees and merges them together to get a more accurate and stable prediction. Our guide will give you the information you need to be a true random forest pro.",
        "title": "Random Forest Algorithm: A Complete Guide | Built In",
        "title_link": "https://builtin.com/data-science/random-forest-algorithm",
        "service_name": "Built In"
      }
    ]
  },
  {
    "client_msg_id": "78c9558b-80c5-403c-bb10-35685fda4b0f",
    "type": "message",
    "text": "<https://machinelearningmastery.com/deep-learning-for-time-series-forecasting/>",
    "user": "U03UUR571A5",
    "ts": "1662626697.539219",
    "blocks": [
      {
        "type": "rich_text",
        "block_id": "hB/T",
        "elements": [
          {
            "type": "rich_text_section",
            "elements": [
              {
                "type": "link",
                "url": "https://machinelearningmastery.com/deep-learning-for-time-series-forecasting/"
              }
            ]
          }
        ]
      }
    ],
    "team": "T03U4J8HMUG",
    "user_team": "T03U4J8HMUG",
    "source_team": "T03U4J8HMUG",
    "user_profile": {
      "avatar_hash": "g95c5cde44bc",
      "image_72": "https://secure.gravatar.com/avatar/95c5cde44bc023bd369920b7e1ed0c94.jpg?s=72&d=https%3A%2F%2Fa.slack-edge.com%2Fdf10d%2Fimg%2Favatars%2Fava_0017-72.png",
      "first_name": "Amy",
      "real_name": "Amy Leon",
      "display_name": "Amy Leon",
      "team": "T03U4J8HMUG",
      "name": "Amy",
      "is_restricted": false,
      "is_ultra_restricted": false
    },
    "reactions": [
      {
        "name": "+1",
        "users": [
          "U03UFV7TUTV",
          "U03UG32J3PC"
        ],
        "count": 2
      }
    ]
  },
  {
    "client_msg_id": "3a671681-e36f-40b4-a85b-84d5e614fb9f",
    "type": "message",
    "text": "<https://www.analyticsvidhya.com/blog/2021/07/machine-learning-workflow-using-mlflow-a-beginners-guide/|https://www.analyticsvidhya.com/blog/2021/07/machine-learning-workflow-using-mlflow-a-beginners-guide/>",
    "user": "U03UFV7TUTV",
    "ts": "1662634750.010329",
    "blocks": [
      {
        "type": "rich_text",
        "block_id": "HV+",
        "elements": [
          {
            "type": "rich_text_section",
            "elements": [
              {
                "type": "link",
                "url": "https://www.analyticsvidhya.com/blog/2021/07/machine-learning-workflow-using-mlflow-a-beginners-guide/",
                "text": "https://www.analyticsvidhya.com/blog/2021/07/machine-learning-workflow-using-mlflow-a-beginners-guide/"
              }
            ]
          }
        ]
      }
    ],
    "team": "T03U4J8HMUG",
    "user_team": "T03U4J8HMUG",
    "source_team": "T03U4J8HMUG",
    "user_profile": {
      "avatar_hash": "g2d3549811da",
      "image_72": "https://secure.gravatar.com/avatar/2d3549811dae404f2ab1ffd6d153680c.jpg?s=72&d=https%3A%2F%2Fa.slack-edge.com%2Fdf10d%2Fimg%2Favatars%2Fava_0003-72.png",
      "first_name": "Anthony",
      "real_name": "Anthony Galloway",
      "display_name": "Anthony Galloway",
      "team": "T03U4J8HMUG",
      "name": "Anthony",
      "is_restricted": false,
      "is_ultra_restricted": false
    },
    "attachments": [
      {
        "from_url": "https://www.analyticsvidhya.com/blog/2021/07/machine-learning-workflow-using-mlflow-a-beginners-guide/",
        "ts": 1625924204,
        "thumb_url": "https://cdn.analyticsvidhya.com/wp-content/uploads/2018/06/MLflow2.png",
        "thumb_width": 857,
        "thumb_height": 449,
        "service_icon": "https://www.analyticsvidhya.com/wp-content/uploads/2015/02/logo_square_v2.jpg",
        "id": 1,
        "original_url": "https://www.analyticsvidhya.com/blog/2021/07/machine-learning-workflow-using-mlflow-a-beginners-guide/",
        "fallback": "Analytics Vidhya: Machine Learning Workflow Using MLFLOW -A Beginners Guide - Analytics Vidhya",
        "text": "MLflow is an open-source platform for managing the end-to-end machine learning workflow. let's see how to use mlflow to build ml pipeline.",
        "title": "Machine Learning Workflow Using MLFLOW -A Beginners Guide - Analytics Vidhya",
        "title_link": "https://www.analyticsvidhya.com/blog/2021/07/machine-learning-workflow-using-mlflow-a-beginners-guide/",
        "service_name": "Analytics Vidhya",
        "fields": [
          {
            "value": "Chrisx10 Dmello",
            "title": "Written by",
            "short": true
          },
          {
            "value": "8 minutes",
            "title": "Est. reading time",
            "short": true
          }
        ]
      }
    ]
  },
  {
    "client_msg_id": "b8dcb2df-5002-4983-a01c-b0ef7c6324f4",
    "type": "message",
    "text": "<https://keras.io/examples/timeseries/timeseries_classification_from_scratch/>",
    "user": "U03UUMR26Q1",
    "ts": "1662634751.373649",
    "blocks": [
      {
        "type": "rich_text",
        "block_id": "PzGsk",
        "elements": [
          {
            "type": "rich_text_section",
            "elements": [
              {
                "type": "link",
                "url": "https://keras.io/examples/timeseries/timeseries_classification_from_scratch/"
              }
            ]
          }
        ]
      }
    ],
    "team": "T03U4J8HMUG",
    "user_team": "T03U4J8HMUG",
    "source_team": "T03U4J8HMUG",
    "user_profile": {
      "avatar_hash": "706054da5590",
      "image_72": "https://avatars.slack-edge.com/2022-09-02/4051525321520_706054da55906fd18009_72.jpg",
      "first_name": "Samuel",
      "real_name": "Samuel King",
      "display_name": "Samuel King",
      "team": "T03U4J8HMUG",
      "name": "Samuel",
      "is_restricted": false,
      "is_ultra_restricted": false
    },
    "attachments": [
      {
        "from_url": "https://keras.io/examples/timeseries/timeseries_classification_from_scratch/",
        "thumb_url": "https://keras.io/img/logo-k-keras-wb.png",
        "thumb_width": 774,
        "thumb_height": 269,
        "service_icon": "https://keras.io/img/favicon.ico",
        "id": 1,
        "original_url": "https://keras.io/examples/timeseries/timeseries_classification_from_scratch/",
        "fallback": "Keras documentation: Timeseries classification from scratch",
        "text": "Keras documentation",
        "title": "Keras documentation: Timeseries classification from scratch",
        "title_link": "https://keras.io/examples/timeseries/timeseries_classification_from_scratch/",
        "service_name": "keras.io"
      }
    ]
  },
  {
    "client_msg_id": "4333d42f-4d0d-4f5a-bd5d-290d4ca9aa56",
    "type": "message",
    "text": "<https://towardsdatascience.com/time-series-classification-with-deep-learning-d238f0147d6f>",
    "user": "U03UUMR26Q1",
    "ts": "1662634928.746079",
    "blocks": [
      {
        "type": "rich_text",
        "block_id": "nZN",
        "elements": [
          {
            "type": "rich_text_section",
            "elements": [
              {
                "type": "link",
                "url": "https://towardsdatascience.com/time-series-classification-with-deep-learning-d238f0147d6f"
              }
            ]
          }
        ]
      }
    ],
    "team": "T03U4J8HMUG",
    "user_team": "T03U4J8HMUG",
    "source_team": "T03U4J8HMUG",
    "user_profile": {
      "avatar_hash": "706054da5590",
      "image_72": "https://avatars.slack-edge.com/2022-09-02/4051525321520_706054da55906fd18009_72.jpg",
      "first_name": "Samuel",
      "real_name": "Samuel King",
      "display_name": "Samuel King",
      "team": "T03U4J8HMUG",
      "name": "Samuel",
      "is_restricted": false,
      "is_ultra_restricted": false
    },
    "attachments": [
      {
        "from_url": "https://towardsdatascience.com/time-series-classification-with-deep-learning-d238f0147d6f",
        "ts": 1604307103,
        "image_url": "https://miro.medium.com/max/1200/1*CurTqb4R53vuIp7hqDuV6A.jpeg",
        "image_width": 396,
        "image_height": 250,
        "image_bytes": 97780,
        "service_icon": "https://miro.medium.com/fit/c/152/152/1*sHhtYhaCe2Uc3IU0IgKwIQ.png",
        "id": 1,
        "original_url": "https://towardsdatascience.com/time-series-classification-with-deep-learning-d238f0147d6f",
        "fallback": "Medium: Time Series Classification with Deep Learning",
        "text": "Algorithms, advanteges and applications",
        "title": "Time Series Classification with Deep Learning",
        "title_link": "https://towardsdatascience.com/time-series-classification-with-deep-learning-d238f0147d6f",
        "service_name": "Medium",
        "fields": [
          {
            "value": "21 min read",
            "title": "Reading time",
            "short": true
          }
        ]
      }
    ]
  },
  {
    "client_msg_id": "32d6bc63-edf7-49fa-97c3-b156d818b35f",
    "type": "message",
    "text": "<https://towardsdatascience.com/continuous-machine-learning-e1ffb847b8da>",
    "user": "U03UFV7HFNF",
    "ts": "1662635062.346949",
    "blocks": [
      {
        "type": "rich_text",
        "block_id": "O4yRG",
        "elements": [
          {
            "type": "rich_text_section",
            "elements": [
              {
                "type": "link",
                "url": "https://towardsdatascience.com/continuous-machine-learning-e1ffb847b8da"
              }
            ]
          }
        ]
      }
    ],
    "team": "T03U4J8HMUG",
    "user_team": "T03U4J8HMUG",
    "source_team": "T03U4J8HMUG",
    "user_profile": {
      "avatar_hash": "3166d51d23f1",
      "image_72": "https://avatars.slack-edge.com/2022-08-20/3991799522480_3166d51d23f1da2374e9_72.jpg",
      "first_name": "Miguel",
      "real_name": "Miguel Herring",
      "display_name": "Miguel Herring",
      "team": "T03U4J8HMUG",
      "name": "Miguel",
      "is_restricted": false,
      "is_ultra_restricted": false
    },
    "attachments": [
      {
        "from_url": "https://towardsdatascience.com/continuous-machine-learning-e1ffb847b8da",
        "ts": 1648653820,
        "image_url": "https://miro.medium.com/max/1200/1*7I-Wv4DDUI6w40zBlWQxwA.png",
        "image_width": 581,
        "image_height": 250,
        "image_bytes": 459754,
        "service_icon": "https://miro.medium.com/fit/c/152/152/1*sHhtYhaCe2Uc3IU0IgKwIQ.png",
        "id": 1,
        "original_url": "https://towardsdatascience.com/continuous-machine-learning-e1ffb847b8da",
        "fallback": "Medium: Continuous Machine Learning",
        "text": "An Introduction to CML (<http://Iterative.ai|Iterative.ai>)",
        "title": "Continuous Machine Learning",
        "title_link": "https://towardsdatascience.com/continuous-machine-learning-e1ffb847b8da",
        "service_name": "Medium",
        "fields": [
          {
            "value": "9 min read",
            "title": "Reading time",
            "short": true
          }
        ]
      }
    ]
  },
  {
    "type": "message",
    "text": "",
    "user": "U03UJH1EQQL",
    "ts": "1662635857.466239",
    "blocks": [
      {
        "type": "rich_text",
        "block_id": "ubUR",
        "elements": [
          {
            "type": "rich_text_section",
            "elements": []
          }
        ]
      }
    ],
    "team": "T03U4J8HMUG",
    "user_team": "T03U4J8HMUG",
    "source_team": "T03U4J8HMUG",
    "user_profile": {
      "avatar_hash": "81b299d9869c",
      "image_72": "https://avatars.slack-edge.com/2022-08-20/3953555815671_81b299d9869ca44e70c1_72.png",
      "first_name": "Kelly",
      "real_name": "Kelly Soto",
      "display_name": "Kelly Soto",
      "team": "T03U4J8HMUG",
      "name": "Kelly",
      "is_restricted": false,
      "is_ultra_restricted": false
    },
    "attachments": [
      {
        "from_url": "https://10academybatch6.slack.com/archives/C03T89PMJKG/p1662635062346949",
        "ts": 1648653820,
        "image_url": "https://miro.medium.com/max/1200/1*7I-Wv4DDUI6w40zBlWQxwA.png",
        "image_width": 581,
        "image_height": 250,
        "image_bytes": 459754,
        "service_icon": "https://miro.medium.com/fit/c/152/152/1*sHhtYhaCe2Uc3IU0IgKwIQ.png",
        "id": 1,
        "original_url": "https://towardsdatascience.com/continuous-machine-learning-e1ffb847b8da",
        "color": "D0D0D0",
        "is_share": true,
        "fallback": "Medium: Continuous Machine Learning",
        "text": "An Introduction to CML (<http://Iterative.ai|Iterative.ai>)",
        "title": "Continuous Machine Learning",
        "title_link": "https://towardsdatascience.com/continuous-machine-learning-e1ffb847b8da",
        "service_name": "Medium",
        "fields": [
          {
            "value": "9 min read",
            "title": "Reading time",
            "short": true
          }
        ]
      }
    ]
  },
  {
    "client_msg_id": "d343fade-c273-4abc-8ca7-c2ac53a68668",
    "type": "message",
    "text": "<https://www.dataquest.io/blog/sci-kit-learn-tutorial/>",
    "user": "U03U1J51VFZ",
    "ts": "1662636739.587069",
    "blocks": [
      {
        "type": "rich_text",
        "block_id": "AKtss",
        "elements": [
          {
            "type": "rich_text_section",
            "elements": [
              {
                "type": "link",
                "url": "https://www.dataquest.io/blog/sci-kit-learn-tutorial/"
              }
            ]
          }
        ]
      }
    ],
    "team": "T03U4J8HMUG",
    "user_team": "T03U4J8HMUG",
    "source_team": "T03U4J8HMUG",
    "user_profile": {
      "avatar_hash": "f10afbc7b806",
      "image_72": "https://avatars.slack-edge.com/2022-08-20/3968075210083_f10afbc7b8060c472ad0_72.png",
      "first_name": "Cheryl",
      "real_name": "Cheryl Hudson",
      "display_name": "Cheryl Hudson",
      "team": "T03U4J8HMUG",
      "name": "Cheryl",
      "is_restricted": false,
      "is_ultra_restricted": false
    },
    "attachments": [
      {
        "from_url": "https://www.dataquest.io/blog/sci-kit-learn-tutorial/",
        "ts": 1542294000,
        "service_icon": "https://www.dataquest.io/wp-content/uploads/2022/05/cropped-dq-favicon-1-180x180.png",
        "id": 1,
        "original_url": "https://www.dataquest.io/blog/sci-kit-learn-tutorial/",
        "fallback": "Dataquest: Scikit-learn Tutorial: Machine Learning in Python",
        "text": "Scikit-learn is a free machine learning library for Python. It features various algorithms like support vector machine, random forests, and k-neighbours,",
        "title": "Scikit-learn Tutorial: Machine Learning in Python",
        "title_link": "https://www.dataquest.io/blog/sci-kit-learn-tutorial/",
        "service_name": "Dataquest",
        "fields": [
          {
            "value": "Satyabrata Pal",
            "title": "Written by",
            "short": true
          },
          {
            "value": "34 minutes",
            "title": "Est. reading time",
            "short": true
          }
        ]
      }
    ]
  },
  {
    "client_msg_id": "a572aa61-347d-4d0e-8c78-e631725e9879",
    "type": "message",
    "text": "Guys I am reading this resource now and I found it very interesting and if youhave the question \"Which loss function to choose for a machine learning problem?\" definitely this is the best you can find happy reading : -)\n<https://machinelearningmastery.com/how-to-choose-loss-functions-when-training-deep-learning-neural-networks/|https://machinelearningmastery.com/how-to-choose-loss-functions-when-training-deep-learning-neural-networks/>",
    "user": "U03UG0YHAUT",
    "ts": "1662636999.743509",
    "blocks": [
      {
        "type": "rich_text",
        "block_id": "hK0E",
        "elements": [
          {
            "type": "rich_text_section",
            "elements": [
              {
                "type": "text",
                "text": "Guys I am reading this resource now and I found it very interesting and if youhave the question \"Which loss function to choose for a machine learning problem?\" definitely this is the best you can find happy reading : -)\n"
              },
              {
                "type": "link",
                "url": "https://machinelearningmastery.com/how-to-choose-loss-functions-when-training-deep-learning-neural-networks/",
                "text": "https://machinelearningmastery.com/how-to-choose-loss-functions-when-training-deep-learning-neural-networks/"
              }
            ]
          }
        ]
      }
    ],
    "team": "T03U4J8HMUG",
    "user_team": "T03U4J8HMUG",
    "source_team": "T03U4J8HMUG",
    "user_profile": {
      "avatar_hash": "e7b0c8269999",
      "image_72": "https://avatars.slack-edge.com/2022-09-20/4099393715542_e7b0c82699998d3b3ade_72.jpg",
      "first_name": "Daniel",
      "real_name": "Daniel Brown",
      "display_name": "Daniel Brown",
      "team": "T03U4J8HMUG",
      "name": "Daniel",
      "is_restricted": false,
      "is_ultra_restricted": false
    },
    "reactions": [
      {
        "name": "+1",
        "users": [
          "U03UG4Q7V42"
        ],
        "count": 1
      }
    ]
  },
  {
    "client_msg_id": "ee16715f-d608-4831-bc59-4fe3b0957560",
    "type": "message",
    "text": "<https://www.educative.io/blog/scikit-learn-cheat-sheet-classification-regression-methods>",
    "user": "U03UH397319",
    "ts": "1662639048.372869",
    "blocks": [
      {
        "type": "rich_text",
        "block_id": "Lo7X",
        "elements": [
          {
            "type": "rich_text_section",
            "elements": [
              {
                "type": "link",
                "url": "https://www.educative.io/blog/scikit-learn-cheat-sheet-classification-regression-methods"
              }
            ]
          }
        ]
      }
    ],
    "team": "T03U4J8HMUG",
    "user_team": "T03U4J8HMUG",
    "source_team": "T03U4J8HMUG",
    "user_profile": {
      "avatar_hash": "gc7c2fbea497",
      "image_72": "https://secure.gravatar.com/avatar/c7c2fbea4976d191e3ad19004e067c11.jpg?s=72&d=https%3A%2F%2Fa.slack-edge.com%2Fdf10d%2Fimg%2Favatars%2Fava_0014-72.png",
      "first_name": "Brenda",
      "real_name": "Brenda Hernandez",
      "display_name": "Brenda Hernandez",
      "team": "T03U4J8HMUG",
      "name": "Brenda",
      "is_restricted": false,
      "is_ultra_restricted": false
    },
    "attachments": [
      {
        "from_url": "https://www.educative.io/blog/scikit-learn-cheat-sheet-classification-regression-methods",
        "thumb_url": "https://www.educative.io/v2api/editorpage/5608131475275776/image/6268938567548928",
        "thumb_width": 1024,
        "thumb_height": 512,
        "service_icon": "https://www.educative.io/static/favicons/faviconV2.png",
        "id": 1,
        "original_url": "https://www.educative.io/blog/scikit-learn-cheat-sheet-classification-regression-methods",
        "fallback": "Educative: Interactive Courses for Software Developers: Scikit-learn cheat sheet: methods for classification &amp; regression",
        "text": "Scikit-learn in Python provides a lot of tools for performing Classification and Regression. Learn how to perform logistic regression and classification for ML using our simple methods cheat sheet.",
        "title": "Scikit-learn cheat sheet: methods for classification &amp; regression",
        "title_link": "https://www.educative.io/blog/scikit-learn-cheat-sheet-classification-regression-methods",
        "service_name": "Educative: Interactive Courses for Software Developers"
      }
    ]
  },
  {
    "client_msg_id": "2bea29ab-b484-4fd1-8288-af0505de2a36",
    "type": "message",
    "text": "<https://dvc.org/doc/user-guide/setup-google-drive-remote|https://dvc.org/doc/user-guide/setup-google-drive-remote>",
    "user": "U03UG0YHAUT",
    "ts": "1662641063.390799",
    "blocks": [
      {
        "type": "rich_text",
        "block_id": "wO1h",
        "elements": [
          {
            "type": "rich_text_section",
            "elements": [
              {
                "type": "link",
                "url": "https://dvc.org/doc/user-guide/setup-google-drive-remote",
                "text": "https://dvc.org/doc/user-guide/setup-google-drive-remote"
              }
            ]
          }
        ]
      }
    ],
    "team": "T03U4J8HMUG",
    "user_team": "T03U4J8HMUG",
    "source_team": "T03U4J8HMUG",
    "user_profile": {
      "avatar_hash": "e7b0c8269999",
      "image_72": "https://avatars.slack-edge.com/2022-09-20/4099393715542_e7b0c82699998d3b3ade_72.jpg",
      "first_name": "Daniel",
      "real_name": "Daniel Brown",
      "display_name": "Daniel Brown",
      "team": "T03U4J8HMUG",
      "name": "Daniel",
      "is_restricted": false,
      "is_ultra_restricted": false
    },
    "attachments": [
      {
        "from_url": "https://dvc.org/doc/user-guide/setup-google-drive-remote",
        "thumb_url": "https://dvc.org/social-share.png",
        "thumb_width": 1200,
        "thumb_height": 675,
        "service_icon": "https://dvc.org/apple-touch-icon-48x48.png?v=dfbc4a93a926127fc4495e9d640409f8",
        "id": 1,
        "original_url": "https://dvc.org/doc/user-guide/setup-google-drive-remote",
        "fallback": "Data Version Control \u00b7 DVC: Setup Google Drive Remote",
        "text": "Open-source version control system for Data Science and Machine Learning projects. Git-like experience to organize your data, models, and experiments.",
        "title": "Setup Google Drive Remote",
        "title_link": "https://dvc.org/doc/user-guide/setup-google-drive-remote",
        "service_name": "Data Version Control \u00b7 DVC"
      }
    ],
    "reactions": [
      {
        "name": "raised_hands",
        "users": [
          "U03UG32J3PC"
        ],
        "count": 1
      }
    ]
  },
  {
    "client_msg_id": "803db928-931e-413f-8e4f-65c43d4225fe",
    "type": "message",
    "text": "<https://dvc.org/doc/user-guide/setup-google-drive-remote|https://dvc.org/doc/user-guide/setup-google-drive-remote>",
    "user": "U03UG0YHAUT",
    "ts": "1662643697.386969",
    "blocks": [
      {
        "type": "rich_text",
        "block_id": "/dt1t",
        "elements": [
          {
            "type": "rich_text_section",
            "elements": [
              {
                "type": "link",
                "url": "https://dvc.org/doc/user-guide/setup-google-drive-remote",
                "text": "https://dvc.org/doc/user-guide/setup-google-drive-remote"
              }
            ]
          }
        ]
      }
    ],
    "team": "T03U4J8HMUG",
    "user_team": "T03U4J8HMUG",
    "source_team": "T03U4J8HMUG",
    "user_profile": {
      "avatar_hash": "e7b0c8269999",
      "image_72": "https://avatars.slack-edge.com/2022-09-20/4099393715542_e7b0c82699998d3b3ade_72.jpg",
      "first_name": "Daniel",
      "real_name": "Daniel Brown",
      "display_name": "Daniel Brown",
      "team": "T03U4J8HMUG",
      "name": "Daniel",
      "is_restricted": false,
      "is_ultra_restricted": false
    }
  },
  {
    "client_msg_id": "a7cf65f2-c4ca-411f-91fb-5561a304e871",
    "type": "message",
    "text": "<https://elements.heroku.com/addons/heroku-postgresql>",
    "user": "U03U9FWPNCE",
    "ts": "1662643843.147699",
    "blocks": [
      {
        "type": "rich_text",
        "block_id": "FxP7B",
        "elements": [
          {
            "type": "rich_text_section",
            "elements": [
              {
                "type": "link",
                "url": "https://elements.heroku.com/addons/heroku-postgresql"
              }
            ]
          }
        ]
      }
    ],
    "team": "T03U4J8HMUG",
    "user_team": "T03U4J8HMUG",
    "source_team": "T03U4J8HMUG",
    "user_profile": {
      "avatar_hash": "2d070dcf37d6",
      "image_72": "https://avatars.slack-edge.com/2022-08-20/3991845605680_2d070dcf37d67d809af7_72.jpg",
      "first_name": "Anita",
      "real_name": "Anita Rodriguez",
      "display_name": "Anita Rodriguez",
      "team": "T03U4J8HMUG",
      "name": "Anita",
      "is_restricted": false,
      "is_ultra_restricted": false
    },
    "attachments": [
      {
        "from_url": "https://elements.heroku.com/addons/heroku-postgresql",
        "thumb_url": "https://s3.amazonaws.com/assets.heroku.com/addons.heroku.com/icons/132/original.png?1435249059",
        "thumb_width": 70,
        "thumb_height": 70,
        "service_icon": "https://www.herokucdn.com/favicons/apple-touch-icon.png",
        "id": 1,
        "original_url": "https://elements.heroku.com/addons/heroku-postgresql",
        "fallback": "Elements Marketplace: Heroku Postgres",
        "text": "Reliable and powerful database as a service based on PostgreSQL.",
        "title": "Elements Marketplace: Heroku Postgres",
        "title_link": "https://elements.heroku.com/addons/heroku-postgresql",
        "service_name": "elements.heroku.com"
      }
    ]
  },
  {
    "client_msg_id": "ae41eea4-65ff-4cbc-a96d-11b329cdebee",
    "type": "message",
    "text": "<https://youtu.be/MusIvEKjqsc|https://youtu.be/MusIvEKjqsc>",
    "user": "U03UUR571A5",
    "ts": "1662643880.712059",
    "blocks": [
      {
        "type": "rich_text",
        "block_id": "16h",
        "elements": [
          {
            "type": "rich_text_section",
            "elements": [
              {
                "type": "link",
                "url": "https://youtu.be/MusIvEKjqsc",
                "text": "https://youtu.be/MusIvEKjqsc"
              }
            ]
          }
        ]
      }
    ],
    "team": "T03U4J8HMUG",
    "user_team": "T03U4J8HMUG",
    "source_team": "T03U4J8HMUG",
    "user_profile": {
      "avatar_hash": "g95c5cde44bc",
      "image_72": "https://secure.gravatar.com/avatar/95c5cde44bc023bd369920b7e1ed0c94.jpg?s=72&d=https%3A%2F%2Fa.slack-edge.com%2Fdf10d%2Fimg%2Favatars%2Fava_0017-72.png",
      "first_name": "Amy",
      "real_name": "Amy Leon",
      "display_name": "Amy Leon",
      "team": "T03U4J8HMUG",
      "name": "Amy",
      "is_restricted": false,
      "is_ultra_restricted": false
    },
    "attachments": [
      {
        "from_url": "https://youtu.be/MusIvEKjqsc",
        "thumb_url": "https://i.ytimg.com/vi/MusIvEKjqsc/hqdefault.jpg",
        "thumb_width": 480,
        "thumb_height": 360,
        "video_html": "<iframe width=\"400\" height=\"225\" src=\"https://www.youtube.com/embed/MusIvEKjqsc?feature=oembed&autoplay=1&iv_load_policy=3\" frameborder=\"0\" allow=\"accelerometer; autoplay; clipboard-write; encrypted-media; gyroscope; picture-in-picture\" allowfullscreen title=\"3 Alternatives for Heroku's Free Tier - Full Stack & API Hosting\"></iframe>",
        "video_html_width": 400,
        "video_html_height": 225,
        "service_icon": "https://a.slack-edge.com/80588/img/unfurl_icons/youtube.png",
        "id": 1,
        "original_url": "https://youtu.be/MusIvEKjqsc",
        "fallback": "YouTube Video: 3 Alternatives for Heroku's Free Tier - Full Stack & API Hosting",
        "title": "3 Alternatives for Heroku's Free Tier - Full Stack &amp; API Hosting",
        "title_link": "https://youtu.be/MusIvEKjqsc",
        "author_name": "Traversy Media",
        "author_link": "https://www.youtube.com/c/TraversyMedia",
        "service_name": "YouTube",
        "service_url": "https://www.youtube.com/"
      }
    ]
  },
  {
    "client_msg_id": "3d645e05-c8a0-474a-9b01-d02d8f89a0be",
    "type": "message",
    "text": "<https://devcenter.heroku.com/articles/git>",
    "user": "U03UUMR26Q1",
    "ts": "1662643935.135689",
    "blocks": [
      {
        "type": "rich_text",
        "block_id": "+pS",
        "elements": [
          {
            "type": "rich_text_section",
            "elements": [
              {
                "type": "link",
                "url": "https://devcenter.heroku.com/articles/git"
              }
            ]
          }
        ]
      }
    ],
    "team": "T03U4J8HMUG",
    "user_team": "T03U4J8HMUG",
    "source_team": "T03U4J8HMUG",
    "user_profile": {
      "avatar_hash": "706054da5590",
      "image_72": "https://avatars.slack-edge.com/2022-09-02/4051525321520_706054da55906fd18009_72.jpg",
      "first_name": "Samuel",
      "real_name": "Samuel King",
      "display_name": "Samuel King",
      "team": "T03U4J8HMUG",
      "name": "Samuel",
      "is_restricted": false,
      "is_ultra_restricted": false
    },
    "attachments": [
      {
        "from_url": "https://devcenter.heroku.com/articles/git",
        "thumb_url": "https://www.herokucdn.com/images/og.png",
        "thumb_width": 1200,
        "thumb_height": 630,
        "service_icon": "https://www.herokucdn.com/favicons/apple-touch-icon.png",
        "id": 1,
        "original_url": "https://devcenter.heroku.com/articles/git",
        "fallback": "Deploying with Git | Heroku Dev Center",
        "text": "Git is a powerful decentralized revision control system, and is the means for deploying apps to Heroku.",
        "title": "Deploying with Git | Heroku Dev Center",
        "title_link": "https://devcenter.heroku.com/articles/git",
        "service_name": "devcenter.heroku.com"
      }
    ]
  },
  {
    "client_msg_id": "5C0ADEEE-3F0D-4D50-84D8-AB1A24EB2285",
    "type": "message",
    "text": "<https://machinelearningmastery.com/random-forest-for-time-series-forecasting/|https://machinelearningmastery.com/random-forest-for-time-series-forecasting/>",
    "user": "U03V61VGQG0",
    "ts": "1662648094.537849",
    "blocks": [
      {
        "type": "rich_text",
        "block_id": "=B5",
        "elements": [
          {
            "type": "rich_text_section",
            "elements": [
              {
                "type": "link",
                "url": "https://machinelearningmastery.com/random-forest-for-time-series-forecasting/",
                "text": "https://machinelearningmastery.com/random-forest-for-time-series-forecasting/"
              }
            ]
          }
        ]
      }
    ],
    "team": "T03U4J8HMUG",
    "user_team": "T03U4J8HMUG",
    "source_team": "T03U4J8HMUG",
    "user_profile": {
      "avatar_hash": "5e18062f5298",
      "image_72": "https://avatars.slack-edge.com/2022-08-29/3997574519670_5e18062f5298c6182ca5_72.jpg",
      "first_name": "Paula",
      "real_name": "Paula Bryant",
      "display_name": "Paula Bryant",
      "team": "T03U4J8HMUG",
      "name": "Paula",
      "is_restricted": false,
      "is_ultra_restricted": false
    }
  },
  {
    "client_msg_id": "c36404c1-540f-4fa4-92a5-64d8cb2f8ab8",
    "type": "message",
    "text": "<https://realpython.com/python-data-version-control/|https://realpython.com/python-data-version-control/>",
    "user": "U03UG0YHAUT",
    "ts": "1662648646.409049",
    "blocks": [
      {
        "type": "rich_text",
        "block_id": "a+Ct",
        "elements": [
          {
            "type": "rich_text_section",
            "elements": [
              {
                "type": "link",
                "url": "https://realpython.com/python-data-version-control/",
                "text": "https://realpython.com/python-data-version-control/"
              }
            ]
          }
        ]
      }
    ],
    "team": "T03U4J8HMUG",
    "user_team": "T03U4J8HMUG",
    "source_team": "T03U4J8HMUG",
    "user_profile": {
      "avatar_hash": "e7b0c8269999",
      "image_72": "https://avatars.slack-edge.com/2022-09-20/4099393715542_e7b0c82699998d3b3ade_72.jpg",
      "first_name": "Daniel",
      "real_name": "Daniel Brown",
      "display_name": "Daniel Brown",
      "team": "T03U4J8HMUG",
      "name": "Daniel",
      "is_restricted": false,
      "is_ultra_restricted": false
    },
    "attachments": [
      {
        "from_url": "https://realpython.com/python-data-version-control/",
        "image_url": "https://files.realpython.com/media/Data-Version-Control-with-Python_Watermarked.183a7cd26225.jpg",
        "image_width": 444,
        "image_height": 250,
        "image_bytes": 191827,
        "service_icon": "https://realpython.com/favicon.ico",
        "id": 1,
        "original_url": "https://realpython.com/python-data-version-control/",
        "fallback": "Data Version Control With Python and DVC \u2013 Real Python",
        "text": "In this tutorial, you'll learn to use DVC, a powerful tool that solves many problems encountered in machine learning and data science. You'll find out how data version control helps you to track your data, share development machines with your team, and create easily reproducible experiments!",
        "title": "Data Version Control With Python and DVC \u2013 Real Python",
        "title_link": "https://realpython.com/python-data-version-control/",
        "service_name": "realpython.com"
      }
    ]
  },
  {
    "client_msg_id": "e7e06aaa-c017-43cb-8f27-b7136fed470b",
    "type": "message",
    "text": "How to get the packages that are installed in your current project (what worked for me) <@U03V785NLSU> :\npip3 install pipreqs\nThen in terminal type: pipreqs --force --encoding=utf8 &lt;path to your project folder or venv folder&gt;\n<https://stackoverflow.com/questions/51503913/pipreqs-unicodedecodeerror-charmap-codec-cant-decode-byte-0x98-in-position>",
    "user": "U03U1HAG9TR",
    "ts": "1662649457.267589",
    "blocks": [
      {
        "type": "rich_text",
        "block_id": "Pc6cB",
        "elements": [
          {
            "type": "rich_text_section",
            "elements": [
              {
                "type": "text",
                "text": "How to get the packages that are installed in your current project (what worked for me) "
              },
              {
                "type": "user",
                "user_id": "U03V785NLSU"
              },
              {
                "type": "text",
                "text": " :\npip3 install pipreqs\nThen in terminal type: pipreqs --force --encoding=utf8 <path to your project folder or venv folder>\n"
              },
              {
                "type": "link",
                "url": "https://stackoverflow.com/questions/51503913/pipreqs-unicodedecodeerror-charmap-codec-cant-decode-byte-0x98-in-position"
              }
            ]
          }
        ]
      }
    ],
    "team": "T03U4J8HMUG",
    "user_team": "T03U4J8HMUG",
    "source_team": "T03U4J8HMUG",
    "user_profile": {
      "avatar_hash": "4e4331305ef1",
      "image_72": "https://avatars.slack-edge.com/2022-08-20/3980783297649_4e4331305ef102cc4346_72.jpg",
      "first_name": "Robert",
      "real_name": "Robert Carter",
      "display_name": "Robert Carter",
      "team": "T03U4J8HMUG",
      "name": "Robert",
      "is_restricted": false,
      "is_ultra_restricted": false
    },
    "edited": {
      "user": "U03U1HAG9TR",
      "ts": "1662650063.000000"
    },
    "attachments": [
      {
        "from_url": "https://stackoverflow.com/questions/51503913/pipreqs-unicodedecodeerror-charmap-codec-cant-decode-byte-0x98-in-position",
        "thumb_url": "https://cdn.sstatic.net/Sites/stackoverflow/Img/apple-touch-icon@2.png?v=73d79a89bded",
        "thumb_width": 316,
        "thumb_height": 316,
        "service_icon": "https://cdn.sstatic.net/Sites/stackoverflow/Img/apple-touch-icon.png?v=c78bd457575a",
        "id": 1,
        "original_url": "https://stackoverflow.com/questions/51503913/pipreqs-unicodedecodeerror-charmap-codec-cant-decode-byte-0x98-in-position",
        "fallback": "Stack Overflow: Pipreqs: UnicodeDecodeError: 'charmap' codec can't decode byte 0x98 in position 1206: character maps to",
        "text": "When I use pipreqs, I have this problem. I use anaconda and Russian Windows. root@DESKTOP-ETLLRI1 C:\\Users\\root\\Desktop\\resumes $ pipreqs C:\\Users\\root\\Desktop\\resumes Traceback (most recent call l...",
        "title": "Pipreqs: UnicodeDecodeError: 'charmap' codec can't decode byte 0x98 in position 1206: character maps to",
        "title_link": "https://stackoverflow.com/questions/51503913/pipreqs-unicodedecodeerror-charmap-codec-cant-decode-byte-0x98-in-position",
        "service_name": "Stack Overflow"
      }
    ]
  },
  {
    "client_msg_id": "7994baa0-0220-4348-98d7-7aa18d80e0b6",
    "type": "message",
    "text": "<https://www.datacamp.com/tutorial/logging-in-python>",
    "user": "U03UJN29Y4C",
    "ts": "1662653967.340389",
    "blocks": [
      {
        "type": "rich_text",
        "block_id": "O/iUi",
        "elements": [
          {
            "type": "rich_text_section",
            "elements": [
              {
                "type": "link",
                "url": "https://www.datacamp.com/tutorial/logging-in-python"
              }
            ]
          }
        ]
      }
    ],
    "team": "T03U4J8HMUG",
    "user_team": "T03U4J8HMUG",
    "source_team": "T03U4J8HMUG",
    "user_profile": {
      "avatar_hash": "9bf024280cf1",
      "image_72": "https://avatars.slack-edge.com/2022-10-08/4190947116101_9bf024280cf14dffb003_72.jpg",
      "first_name": "Michelle",
      "real_name": "Michelle Lewis",
      "display_name": "Michelle Lewis",
      "team": "T03U4J8HMUG",
      "name": "Michelle",
      "is_restricted": false,
      "is_ultra_restricted": false
    }
  },
  {
    "type": "message",
    "text": "",
    "user": "U03UJH1EQQL",
    "ts": "1662660540.540989",
    "team": "T03U4J8HMUG",
    "user_team": "T03U4J8HMUG",
    "source_team": "T03U4J8HMUG",
    "user_profile": {
      "avatar_hash": "81b299d9869c",
      "image_72": "https://avatars.slack-edge.com/2022-08-20/3953555815671_81b299d9869ca44e70c1_72.png",
      "first_name": "Kelly",
      "real_name": "Kelly Soto",
      "display_name": "Kelly Soto",
      "team": "T03U4J8HMUG",
      "name": "Kelly",
      "is_restricted": false,
      "is_ultra_restricted": false
    },
    "attachments": [
      {
        "from_url": "https://10academybatch6.slack.com/archives/C03T89PMJKG/p1662643843147699",
        "thumb_url": "https://s3.amazonaws.com/assets.heroku.com/addons.heroku.com/icons/132/original.png?1435249059",
        "thumb_width": 70,
        "thumb_height": 70,
        "service_icon": "https://www.herokucdn.com/favicons/apple-touch-icon.png",
        "id": 1,
        "original_url": "https://elements.heroku.com/addons/heroku-postgresql",
        "color": "D0D0D0",
        "is_share": true,
        "fallback": "Elements Marketplace: Heroku Postgres",
        "text": "Reliable and powerful database as a service based on PostgreSQL.",
        "title": "Elements Marketplace: Heroku Postgres",
        "title_link": "https://elements.heroku.com/addons/heroku-postgresql",
        "service_name": "elements.heroku.com"
      }
    ]
  },
  {
    "client_msg_id": "e11f79b5-4e8f-4dfc-8963-5a471fb16327",
    "type": "message",
    "text": "<https://www.youtube.com/watch?v=x3cxvsUFVZA>",
    "user": "U03UG5VFN03",
    "ts": "1662692718.631679",
    "blocks": [
      {
        "type": "rich_text",
        "block_id": "XgjtF",
        "elements": [
          {
            "type": "rich_text_section",
            "elements": [
              {
                "type": "link",
                "url": "https://www.youtube.com/watch?v=x3cxvsUFVZA"
              }
            ]
          }
        ]
      }
    ],
    "team": "T03U4J8HMUG",
    "user_team": "T03U4J8HMUG",
    "source_team": "T03U4J8HMUG",
    "user_profile": {
      "avatar_hash": "1eec51b41e1b",
      "image_72": "https://avatars.slack-edge.com/2022-08-20/3980936144801_1eec51b41e1b370500be_72.png",
      "first_name": "Nancy",
      "real_name": "Nancy Craig",
      "display_name": "Nancy Craig",
      "team": "T03U4J8HMUG",
      "name": "Nancy",
      "is_restricted": false,
      "is_ultra_restricted": false
    },
    "attachments": [
      {
        "from_url": "https://www.youtube.com/watch?v=x3cxvsUFVZA",
        "thumb_url": "https://i.ytimg.com/vi/x3cxvsUFVZA/hqdefault.jpg",
        "thumb_width": 480,
        "thumb_height": 360,
        "video_html": "<iframe width=\"400\" height=\"225\" src=\"https://www.youtube.com/embed/x3cxvsUFVZA?feature=oembed&autoplay=1&iv_load_policy=3\" frameborder=\"0\" allow=\"accelerometer; autoplay; clipboard-write; encrypted-media; gyroscope; picture-in-picture\" allowfullscreen title=\"Workshop | Managing the Complete Machine Learning Lifecycle with MLflow: 1 of 3\"></iframe>",
        "video_html_width": 400,
        "video_html_height": 225,
        "service_icon": "https://a.slack-edge.com/80588/img/unfurl_icons/youtube.png",
        "id": 1,
        "original_url": "https://www.youtube.com/watch?v=x3cxvsUFVZA",
        "fallback": "YouTube Video: Workshop | Managing the Complete Machine Learning Lifecycle with MLflow: 1 of 3",
        "title": "Workshop | Managing the Complete Machine Learning Lifecycle with MLflow: 1 of 3",
        "title_link": "https://www.youtube.com/watch?v=x3cxvsUFVZA",
        "author_name": "Databricks",
        "author_link": "https://www.youtube.com/c/Databricks",
        "service_name": "YouTube",
        "service_url": "https://www.youtube.com/"
      }
    ]
  },
  {
    "client_msg_id": "a7840cb2-bd0c-46a9-b775-4655baa5b5d1",
    "type": "message",
    "text": "<https://www.youtube.com/watch?v=g5ibwiSH1uA>",
    "user": "U03UG5VFN03",
    "ts": "1662693750.338629",
    "blocks": [
      {
        "type": "rich_text",
        "block_id": "JH3Q",
        "elements": [
          {
            "type": "rich_text_section",
            "elements": [
              {
                "type": "link",
                "url": "https://www.youtube.com/watch?v=g5ibwiSH1uA"
              }
            ]
          }
        ]
      }
    ],
    "team": "T03U4J8HMUG",
    "user_team": "T03U4J8HMUG",
    "source_team": "T03U4J8HMUG",
    "user_profile": {
      "avatar_hash": "1eec51b41e1b",
      "image_72": "https://avatars.slack-edge.com/2022-08-20/3980936144801_1eec51b41e1b370500be_72.png",
      "first_name": "Nancy",
      "real_name": "Nancy Craig",
      "display_name": "Nancy Craig",
      "team": "T03U4J8HMUG",
      "name": "Nancy",
      "is_restricted": false,
      "is_ultra_restricted": false
    },
    "attachments": [
      {
        "from_url": "https://www.youtube.com/watch?v=g5ibwiSH1uA",
        "thumb_url": "https://i.ytimg.com/vi/g5ibwiSH1uA/hqdefault.jpg",
        "thumb_width": 480,
        "thumb_height": 360,
        "video_html": "<iframe width=\"400\" height=\"225\" src=\"https://www.youtube.com/embed/g5ibwiSH1uA?feature=oembed&autoplay=1&iv_load_policy=3\" frameborder=\"0\" allow=\"accelerometer; autoplay; clipboard-write; encrypted-media; gyroscope; picture-in-picture\" allowfullscreen title=\"Workshop | Managing the Complete Machine Learning Lifecycle with MLflow: 2 of 3\"></iframe>",
        "video_html_width": 400,
        "video_html_height": 225,
        "service_icon": "https://a.slack-edge.com/80588/img/unfurl_icons/youtube.png",
        "id": 1,
        "original_url": "https://www.youtube.com/watch?v=g5ibwiSH1uA",
        "fallback": "YouTube Video: Workshop | Managing the Complete Machine Learning Lifecycle with MLflow: 2 of 3",
        "title": "Workshop | Managing the Complete Machine Learning Lifecycle with MLflow: 2 of 3",
        "title_link": "https://www.youtube.com/watch?v=g5ibwiSH1uA",
        "author_name": "Databricks",
        "author_link": "https://www.youtube.com/c/Databricks",
        "service_name": "YouTube",
        "service_url": "https://www.youtube.com/"
      }
    ]
  }
]