[
  {
    "client_msg_id": "4ead8e7a-6113-4060-a31d-18b1021069a9",
    "type": "message",
    "text": "in case you need 3d interactive plot\n<https://plotly.com/python/3d-scatter-plots/>",
    "user": "U03UJGRN5E0",
    "ts": "1661410817.043299",
    "blocks": [
      {
        "type": "rich_text",
        "block_id": "5nDo",
        "elements": [
          {
            "type": "rich_text_section",
            "elements": [
              {
                "type": "text",
                "text": "in case you need 3d interactive plot\n"
              },
              {
                "type": "link",
                "url": "https://plotly.com/python/3d-scatter-plots/"
              }
            ]
          }
        ]
      }
    ],
    "team": "T03U4J8HMUG",
    "user_team": "T03U4J8HMUG",
    "source_team": "T03U4J8HMUG",
    "user_profile": {
      "avatar_hash": "35b05758f532",
      "image_72": "https://avatars.slack-edge.com/2022-09-30/4156429070997_35b05758f532bdef5b5f_72.jpg",
      "first_name": "Katie",
      "real_name": "Katie Dickerson",
      "display_name": "Katie Dickerson",
      "team": "T03U4J8HMUG",
      "name": "Katie",
      "is_restricted": false,
      "is_ultra_restricted": false
    },
    "attachments": [
      {
        "from_url": "https://plotly.com/python/3d-scatter-plots/",
        "thumb_url": "https://images.plot.ly/plotly-documentation/thumbnail/3d-scatter.jpg",
        "thumb_width": 160,
        "thumb_height": 160,
        "id": 1,
        "original_url": "https://plotly.com/python/3d-scatter-plots/",
        "fallback": "3d",
        "text": "Detailed examples of 3D Scatter Plots including changing color, size, log axes, and more in Python.",
        "title": "3d",
        "title_link": "https://plotly.com/python/3d-scatter-plots/",
        "service_name": "plotly.com"
      }
    ],
    "reactions": [
      {
        "name": "heavy_check_mark",
        "users": [
          "U03U9DB7REG"
        ],
        "count": 1
      }
    ]
  },
  {
    "client_msg_id": "b563e97d-5743-4e90-bb08-2d33be4e3d33",
    "type": "message",
    "text": "Concise text on scaling and normalization\n<https://www.geeksforgeeks.org/normalization-vs-standardization/>\n<https://www.kdnuggets.com/2020/04/data-transformation-standardization-normalization.html>",
    "user": "U03UVHCV6KB",
    "ts": "1661416421.371509",
    "blocks": [
      {
        "type": "rich_text",
        "block_id": "RTeI",
        "elements": [
          {
            "type": "rich_text_section",
            "elements": [
              {
                "type": "text",
                "text": "Concise text on scaling and normalization\n"
              },
              {
                "type": "link",
                "url": "https://www.geeksforgeeks.org/normalization-vs-standardization/"
              },
              {
                "type": "text",
                "text": "\n"
              },
              {
                "type": "link",
                "url": "https://www.kdnuggets.com/2020/04/data-transformation-standardization-normalization.html"
              }
            ]
          }
        ]
      }
    ],
    "team": "T03U4J8HMUG",
    "user_team": "T03U4J8HMUG",
    "source_team": "T03U4J8HMUG",
    "user_profile": {
      "avatar_hash": "gc9619121f99",
      "image_72": "https://secure.gravatar.com/avatar/c9619121f998ee4a7e46177f2a5729de.jpg?s=72&d=https%3A%2F%2Fa.slack-edge.com%2Fdf10d%2Fimg%2Favatars%2Fava_0002-72.png",
      "first_name": "Travis",
      "real_name": "Travis Butler",
      "display_name": "Travis Butler",
      "team": "T03U4J8HMUG",
      "name": "Travis",
      "is_restricted": false,
      "is_ultra_restricted": false
    },
    "attachments": [
      {
        "from_url": "https://www.geeksforgeeks.org/normalization-vs-standardization/",
        "ts": 1591648467,
        "thumb_url": "https://media.geeksforgeeks.org/wp-content/cdn-uploads/gfg_200x200-min.png",
        "thumb_width": 200,
        "thumb_height": 200,
        "service_icon": "https://www.geeksforgeeks.org/wp-content/uploads/gfg_200X200.png",
        "id": 1,
        "original_url": "https://www.geeksforgeeks.org/normalization-vs-standardization/",
        "fallback": "GeeksforGeeks: Normalization vs Standardization - GeeksforGeeks",
        "text": "A Computer Science portal for geeks. It contains well written, well thought and well explained computer science and programming articles, quizzes and practice/competitive programming/company interview Questions.",
        "title": "Normalization vs Standardization - GeeksforGeeks",
        "title_link": "https://www.geeksforgeeks.org/normalization-vs-standardization/",
        "service_name": "GeeksforGeeks"
      },
      {
        "from_url": "https://www.kdnuggets.com/2020/04/data-transformation-standardization-normalization.html",
        "thumb_url": "https://www.kdnuggets.com/wp-content/uploads/std-vs-norm-small-preview.jpg",
        "thumb_width": 338,
        "thumb_height": 279,
        "service_icon": "https://www.kdnuggets.com/wp-content/themes/kdn17/images/favicon.ico",
        "id": 2,
        "original_url": "https://www.kdnuggets.com/2020/04/data-transformation-standardization-normalization.html",
        "fallback": "KDnuggets: Data Transformation: Standardization vs Normalization - KDnuggets",
        "text": "Increasing accuracy in your models is often obtained through the first steps of data transformations. This guide explains the difference between the key feature scaling methods of standardization and normalization, and demonstrates when and how to apply each approach.",
        "title": "Data Transformation: Standardization vs Normalization - KDnuggets",
        "title_link": "https://www.kdnuggets.com/2020/04/data-transformation-standardization-normalization.html",
        "service_name": "KDnuggets"
      }
    ]
  },
  {
    "client_msg_id": "c56925c0-0b4b-4861-ad8c-e3889e58c374",
    "type": "message",
    "text": "Little bit of detailed text on scaling and normalization\n<https://www.analyticsvidhya.com/blog/2020/04/feature-scaling-machine-learning-normalization-standardization/>",
    "user": "U03UVHCV6KB",
    "ts": "1661416466.998289",
    "blocks": [
      {
        "type": "rich_text",
        "block_id": "p7bWD",
        "elements": [
          {
            "type": "rich_text_section",
            "elements": [
              {
                "type": "text",
                "text": "Little bit of detailed text on scaling and normalization\n"
              },
              {
                "type": "link",
                "url": "https://www.analyticsvidhya.com/blog/2020/04/feature-scaling-machine-learning-normalization-standardization/"
              }
            ]
          }
        ]
      }
    ],
    "team": "T03U4J8HMUG",
    "user_team": "T03U4J8HMUG",
    "source_team": "T03U4J8HMUG",
    "user_profile": {
      "avatar_hash": "gc9619121f99",
      "image_72": "https://secure.gravatar.com/avatar/c9619121f998ee4a7e46177f2a5729de.jpg?s=72&d=https%3A%2F%2Fa.slack-edge.com%2Fdf10d%2Fimg%2Favatars%2Fava_0002-72.png",
      "first_name": "Travis",
      "real_name": "Travis Butler",
      "display_name": "Travis Butler",
      "team": "T03U4J8HMUG",
      "name": "Travis",
      "is_restricted": false,
      "is_ultra_restricted": false
    },
    "attachments": [
      {
        "from_url": "https://www.analyticsvidhya.com/blog/2020/04/feature-scaling-machine-learning-normalization-standardization/",
        "ts": 1585879742,
        "thumb_url": "https://cdn.analyticsvidhya.com/wp-content/uploads/2020/04/Feature-image-Normalization-vs.-Standardization.png",
        "thumb_width": 1050,
        "thumb_height": 520,
        "service_icon": "https://www.analyticsvidhya.com/wp-content/uploads/2015/02/logo_square_v2.jpg",
        "id": 1,
        "original_url": "https://www.analyticsvidhya.com/blog/2020/04/feature-scaling-machine-learning-normalization-standardization/",
        "fallback": "Analytics Vidhya: Feature Scaling | Standardization Vs Normalization",
        "text": "Learn why to perform feature scaling on data in machine learning. Know when to use normalization over standardization and vice-versa with a Sklearn example.",
        "title": "Feature Scaling | Standardization Vs Normalization",
        "title_link": "https://www.analyticsvidhya.com/blog/2020/04/feature-scaling-machine-learning-normalization-standardization/",
        "service_name": "Analytics Vidhya",
        "fields": [
          {
            "value": "Aniruddha Bhandari",
            "title": "Written by",
            "short": true
          },
          {
            "value": "13 minutes",
            "title": "Est. reading time",
            "short": true
          }
        ]
      }
    ]
  },
  {
    "client_msg_id": "ff89854a-0004-466c-a1fa-2a325927fadf",
    "type": "message",
    "text": "understand the math here.",
    "user": "U03U1FNPEUX",
    "ts": "1661417170.182859",
    "blocks": [
      {
        "type": "rich_text",
        "block_id": "+LRkd",
        "elements": [
          {
            "type": "rich_text_section",
            "elements": [
              {
                "type": "text",
                "text": "understand the math here."
              }
            ]
          }
        ]
      }
    ],
    "team": "T03U4J8HMUG",
    "user_team": "T03U4J8HMUG",
    "source_team": "T03U4J8HMUG",
    "user_profile": {
      "avatar_hash": "37a12a7dbb92",
      "image_72": "https://avatars.slack-edge.com/2022-09-09/4058043481011_37a12a7dbb926b2c9c86_72.png",
      "first_name": "Joshua",
      "real_name": "Joshua Rhodes",
      "display_name": "Joshua Rhodes",
      "team": "T03U4J8HMUG",
      "name": "Joshua",
      "is_restricted": false,
      "is_ultra_restricted": false
    }
  },
  {
    "client_msg_id": "8fca6410-6042-45e3-9b0c-b9f72187cd1a",
    "type": "message",
    "text": "<https://builtin.com/data-science/step-step-explanation-principal-component-analysis>",
    "user": "U03U1FNPEUX",
    "ts": "1661417185.883919",
    "blocks": [
      {
        "type": "rich_text",
        "block_id": "ws=uh",
        "elements": [
          {
            "type": "rich_text_section",
            "elements": [
              {
                "type": "link",
                "url": "https://builtin.com/data-science/step-step-explanation-principal-component-analysis"
              }
            ]
          }
        ]
      }
    ],
    "team": "T03U4J8HMUG",
    "user_team": "T03U4J8HMUG",
    "source_team": "T03U4J8HMUG",
    "user_profile": {
      "avatar_hash": "37a12a7dbb92",
      "image_72": "https://avatars.slack-edge.com/2022-09-09/4058043481011_37a12a7dbb926b2c9c86_72.png",
      "first_name": "Joshua",
      "real_name": "Joshua Rhodes",
      "display_name": "Joshua Rhodes",
      "team": "T03U4J8HMUG",
      "name": "Joshua",
      "is_restricted": false,
      "is_ultra_restricted": false
    },
    "attachments": [
      {
        "from_url": "https://builtin.com/data-science/step-step-explanation-principal-component-analysis",
        "image_url": "https://builtin.com/sites/www.builtin.com/files/styles/og/public/Principal-Component-Analysis-hero.jpg",
        "image_width": 476,
        "image_height": 250,
        "image_bytes": 102204,
        "service_icon": "https://cdn.builtin.com/profiles/builtin/themes/bix/BI_Favicon%2032x32.png",
        "id": 1,
        "original_url": "https://builtin.com/data-science/step-step-explanation-principal-component-analysis",
        "fallback": "Built In: A Step-by-Step Explanation of Principal Component Analysis (PCA) | Built In",
        "text": "Principal Component Analysis, or PCA, is a dimensionality-reduction method that is often used to reduce the dimensionality of large data sets by transforming a large set of variables into a smaller one that still contains most of the information in the large set.",
        "title": "A Step-by-Step Explanation of Principal Component Analysis (PCA) | Built In",
        "title_link": "https://builtin.com/data-science/step-step-explanation-principal-component-analysis",
        "service_name": "Built In"
      }
    ]
  },
  {
    "client_msg_id": "88c2f2ed-96e8-484d-ba8b-8a614e2609e3",
    "type": "message",
    "text": "this contains python implementation of PCA and code in git hub and colab",
    "user": "U03U1FNPEUX",
    "ts": "1661417248.027479",
    "blocks": [
      {
        "type": "rich_text",
        "block_id": "PAz8",
        "elements": [
          {
            "type": "rich_text_section",
            "elements": [
              {
                "type": "text",
                "text": "this contains python implementation of PCA and code in git hub and colab"
              }
            ]
          }
        ]
      }
    ],
    "team": "T03U4J8HMUG",
    "user_team": "T03U4J8HMUG",
    "source_team": "T03U4J8HMUG",
    "user_profile": {
      "avatar_hash": "37a12a7dbb92",
      "image_72": "https://avatars.slack-edge.com/2022-09-09/4058043481011_37a12a7dbb926b2c9c86_72.png",
      "first_name": "Joshua",
      "real_name": "Joshua Rhodes",
      "display_name": "Joshua Rhodes",
      "team": "T03U4J8HMUG",
      "name": "Joshua",
      "is_restricted": false,
      "is_ultra_restricted": false
    }
  },
  {
    "client_msg_id": "b4eeae71-7e82-42de-8064-77505c125009",
    "type": "message",
    "text": "<https://morioh.com/p/c97c5f518bce>",
    "user": "U03U1FNPEUX",
    "ts": "1661417262.987379",
    "blocks": [
      {
        "type": "rich_text",
        "block_id": "q8hRy",
        "elements": [
          {
            "type": "rich_text_section",
            "elements": [
              {
                "type": "link",
                "url": "https://morioh.com/p/c97c5f518bce"
              }
            ]
          }
        ]
      }
    ],
    "team": "T03U4J8HMUG",
    "user_team": "T03U4J8HMUG",
    "source_team": "T03U4J8HMUG",
    "user_profile": {
      "avatar_hash": "37a12a7dbb92",
      "image_72": "https://avatars.slack-edge.com/2022-09-09/4058043481011_37a12a7dbb926b2c9c86_72.png",
      "first_name": "Joshua",
      "real_name": "Joshua Rhodes",
      "display_name": "Joshua Rhodes",
      "team": "T03U4J8HMUG",
      "name": "Joshua",
      "is_restricted": false,
      "is_ultra_restricted": false
    },
    "attachments": [
      {
        "from_url": "https://morioh.com/p/c97c5f518bce",
        "image_url": "https://i.morioh.com/201105/c5064e03.webp",
        "image_width": 451,
        "image_height": 250,
        "image_bytes": 33904,
        "service_icon": "https://i.morioh.com/assets/favicon/apple-touch-icon.png",
        "id": 1,
        "original_url": "https://morioh.com/p/c97c5f518bce",
        "fallback": "Principal Component Analysis (PCA) in Python",
        "text": "An in-depth tutorial on principal component analysis (PCA) with mathematics and Python coding examples. Principal component analysis (PCA) is essential for data science, machine learning, data visualization, statistics, and other quantitative fields.",
        "title": "Principal Component Analysis (PCA) in Python",
        "title_link": "https://morioh.com/p/c97c5f518bce",
        "service_name": "morioh.com"
      }
    ]
  },
  {
    "client_msg_id": "a9d1c524-cfc4-4be1-b1d1-b59e7d351363",
    "type": "message",
    "text": "<https://www.analyticsvidhya.com/blog/2021/01/in-depth-intuition-of-k-means-clustering-algorithm-in-machine-learning/>",
    "user": "U03UJGRN5E0",
    "ts": "1661433809.209069",
    "blocks": [
      {
        "type": "rich_text",
        "block_id": "4Jac",
        "elements": [
          {
            "type": "rich_text_section",
            "elements": [
              {
                "type": "link",
                "url": "https://www.analyticsvidhya.com/blog/2021/01/in-depth-intuition-of-k-means-clustering-algorithm-in-machine-learning/"
              }
            ]
          }
        ]
      }
    ],
    "team": "T03U4J8HMUG",
    "user_team": "T03U4J8HMUG",
    "source_team": "T03U4J8HMUG",
    "user_profile": {
      "avatar_hash": "35b05758f532",
      "image_72": "https://avatars.slack-edge.com/2022-09-30/4156429070997_35b05758f532bdef5b5f_72.jpg",
      "first_name": "Katie",
      "real_name": "Katie Dickerson",
      "display_name": "Katie Dickerson",
      "team": "T03U4J8HMUG",
      "name": "Katie",
      "is_restricted": false,
      "is_ultra_restricted": false
    },
    "attachments": [
      {
        "from_url": "https://www.analyticsvidhya.com/blog/2021/01/in-depth-intuition-of-k-means-clustering-algorithm-in-machine-learning/",
        "ts": 1611134709,
        "thumb_url": "https://cdn.analyticsvidhya.com/wp-content/uploads/2019/08/k_means_clustering.jpg",
        "thumb_width": 1020,
        "thumb_height": 520,
        "service_icon": "https://www.analyticsvidhya.com/wp-content/uploads/2015/02/logo_square_v2.jpg",
        "id": 1,
        "original_url": "https://www.analyticsvidhya.com/blog/2021/01/in-depth-intuition-of-k-means-clustering-algorithm-in-machine-learning/",
        "fallback": "Analytics Vidhya: K Means Clustering | K Means Clustering Algorithm in Machine Learning",
        "text": "K-Means Clustering is the simplest, commonly used iterative type unsupervised learning algorithm. Learn about k means clustering here",
        "title": "K Means Clustering | K Means Clustering Algorithm in Machine Learning",
        "title_link": "https://www.analyticsvidhya.com/blog/2021/01/in-depth-intuition-of-k-means-clustering-algorithm-in-machine-learning/",
        "service_name": "Analytics Vidhya",
        "fields": [
          {
            "value": "Basil Saji",
            "title": "Written by",
            "short": true
          },
          {
            "value": "5 minutes",
            "title": "Est. reading time",
            "short": true
          }
        ]
      }
    ]
  },
  {
    "client_msg_id": "19e0fc56-09a9-4c4b-814d-d211d0b05fd9",
    "type": "message",
    "text": "One of my favourite analogies is the one used to describe Zero Knowledge Proofs.\nNormally, if you want to send a crypto asset, say Bitcoin, the network would first verify if you have the said amount of Bitcoin in the first place. But for privacy conscious users of blockchain, Zero Knowledge Proof provide a cryptographic proof of ownership without revealing too much information to the network.\nThough a zero-knowledge proof is a sophisticated method of authenticating a transaction without revealing much details about it, the analogy below breaks down its most basic function.\n\nLet's say <@U03UUMM7Y8H> is colourblind but doesn't know it. Now <@U03UKGSDGSG> needs to proof to Yasabneh that there's a difference between green and red. She gives Yasabneh two snooker balls, one green and one red but they are otherwise identical.\n\nYasabneh couldn't see the difference and he's pretty skeptical. To verify Hermela's claim that they are indeed different in colour, he device a proof system.\n\nYasabneh holds one snooker ball in each hand and put them behind his back. He either switches the balls or just leaves them be.\n\nThere's an equal chance of switching and not switching. He then brings them out from his back. Hermela now has to guess whether Yasabneh switched the balls or not. She can know with certainty whether Yasabneh switched the balls just by looking at the colours because she's not colourblind.\n\nIf she had lied, and the balls were of the same colour, then she only has 50% probability of guessing the switches correctly. So, one try wouldn't be enough to get Yasabneh convinced. Yasabneh and Hermela then go ahead to repeat this proof multiple times.\n\nWith each time Hermela gets it right, the chance it was just plan luck goes away. Yasabneh eventually is convinced that the balls are of different colours.\n\nThe proof is zero-knowledge because Yasabneh never learns which ball is green and which one is red. He just knows they're different colours.",
    "user": "U03UJN29Y4C",
    "ts": "1661434221.694369",
    "blocks": [
      {
        "type": "rich_text",
        "block_id": "p1g9l",
        "elements": [
          {
            "type": "rich_text_section",
            "elements": [
              {
                "type": "text",
                "text": "One of my favourite analogies is the one used to describe Zero Knowledge Proofs.\nNormally, if you want to send a crypto asset, say Bitcoin, the network would first verify if you have the said amount of Bitcoin in the first place. But for privacy conscious users of blockchain, Zero Knowledge Proof provide a cryptographic proof of ownership without revealing too much information to the network.\nThough a zero-knowledge proof is a sophisticated method of authenticating a transaction without revealing much details about it, the analogy below breaks down its most basic function.\n\nLet's say "
              },
              {
                "type": "user",
                "user_id": "U03UUMM7Y8H"
              },
              {
                "type": "text",
                "text": " is colourblind but doesn't know it. Now "
              },
              {
                "type": "user",
                "user_id": "U03UKGSDGSG"
              },
              {
                "type": "text",
                "text": " needs to proof to Yasabneh that there's a difference between green and red. She gives Yasabneh two snooker balls, one green and one red but they are otherwise identical.\n\nYasabneh couldn't see the difference and he's pretty skeptical. To verify Hermela's claim that they are indeed different in colour, he device a proof system.\n\nYasabneh holds one snooker ball in each hand and put them behind his back. He either switches the balls or just leaves them be.\n\nThere's an equal chance of switching and not switching. He then brings them out from his back. Hermela now has to guess whether Yasabneh switched the balls or not. She can know with certainty whether Yasabneh switched the balls just by looking at the colours because she's not colourblind.\n\nIf she had lied, and the balls were of the same colour, then she only has 50% probability of guessing the switches correctly. So, one try wouldn't be enough to get Yasabneh convinced. Yasabneh and Hermela then go ahead to repeat this proof multiple times.\n\nWith each time Hermela gets it right, the chance it was just plan luck goes away. Yasabneh eventually is convinced that the balls are of different colours.\n\nThe proof is zero-knowledge because Yasabneh never learns which ball is green and which one is red. He just knows they're different colours."
              }
            ]
          }
        ]
      }
    ],
    "team": "T03U4J8HMUG",
    "user_team": "T03U4J8HMUG",
    "source_team": "T03U4J8HMUG",
    "user_profile": {
      "avatar_hash": "9bf024280cf1",
      "image_72": "https://avatars.slack-edge.com/2022-10-08/4190947116101_9bf024280cf14dffb003_72.jpg",
      "first_name": "Michelle",
      "real_name": "Michelle Lewis",
      "display_name": "Michelle Lewis",
      "team": "T03U4J8HMUG",
      "name": "Michelle",
      "is_restricted": false,
      "is_ultra_restricted": false
    },
    "edited": {
      "user": "U03UJN29Y4C",
      "ts": "1661434349.000000"
    },
    "reactions": [
      {
        "name": "slightly_smiling_face",
        "users": [
          "U03UJGRN5E0",
          "U03UJN29Y4C"
        ],
        "count": 2
      }
    ]
  },
  {
    "client_msg_id": "5d6debca-3a36-433b-ae68-2cd0cf8df479",
    "type": "message",
    "text": "Very helpful when you try to scale features, the thing is you can only scale numerical features. Therefore you need to transform your categorical (object, string) features into numbers. And that is where this link would become very useful. I hope you will use it.\n\n<https://www.analyticsvidhya.com/blog/2020/08/types-of-categorical-data-encoding/#:~:text=In%20this%20encoding%20scheme%2C%20the,a%20high%20number%20of%20categories>.",
    "user": "U03UVHCV6KB",
    "ts": "1661434474.060109",
    "blocks": [
      {
        "type": "rich_text",
        "block_id": "M7l",
        "elements": [
          {
            "type": "rich_text_section",
            "elements": [
              {
                "type": "text",
                "text": "Very helpful when you try to scale features, the thing is you can only scale numerical features. Therefore you need to transform your categorical (object, string) features into numbers. And that is where this link would become very useful. I hope you will use it.\n\n"
              },
              {
                "type": "link",
                "url": "https://www.analyticsvidhya.com/blog/2020/08/types-of-categorical-data-encoding/#:~:text=In%20this%20encoding%20scheme%2C%20the,a%20high%20number%20of%20categories"
              },
              {
                "type": "text",
                "text": "."
              }
            ]
          }
        ]
      }
    ],
    "team": "T03U4J8HMUG",
    "user_team": "T03U4J8HMUG",
    "source_team": "T03U4J8HMUG",
    "user_profile": {
      "avatar_hash": "gc9619121f99",
      "image_72": "https://secure.gravatar.com/avatar/c9619121f998ee4a7e46177f2a5729de.jpg?s=72&d=https%3A%2F%2Fa.slack-edge.com%2Fdf10d%2Fimg%2Favatars%2Fava_0002-72.png",
      "first_name": "Travis",
      "real_name": "Travis Butler",
      "display_name": "Travis Butler",
      "team": "T03U4J8HMUG",
      "name": "Travis",
      "is_restricted": false,
      "is_ultra_restricted": false
    },
    "attachments": [
      {
        "from_url": "https://www.analyticsvidhya.com/blog/2020/08/types-of-categorical-data-encoding/#:~:text=In%20this%20encoding%20scheme%2C%20the,a%20high%20number%20of%20categories",
        "ts": 1597338132,
        "service_icon": "https://www.analyticsvidhya.com/wp-content/uploads/2015/02/logo_square_v2.jpg",
        "id": 1,
        "original_url": "https://www.analyticsvidhya.com/blog/2020/08/types-of-categorical-data-encoding/#:~:text=In%20this%20encoding%20scheme%2C%20the,a%20high%20number%20of%20categories",
        "fallback": "Analytics Vidhya: What is Categorical Data | Categorical Data Encoding Methods",
        "text": "Dealing with categorical data is key to creating a successful model. Learn what is categorical data and various categorical data encoding methods.",
        "title": "What is Categorical Data | Categorical Data Encoding Methods",
        "title_link": "https://www.analyticsvidhya.com/blog/2020/08/types-of-categorical-data-encoding/#:~:text=In%20this%20encoding%20scheme%2C%20the,a%20high%20number%20of%20categories",
        "service_name": "Analytics Vidhya",
        "fields": [
          {
            "value": "Shipra Saxena",
            "title": "Written by",
            "short": true
          },
          {
            "value": "12 minutes",
            "title": "Est. reading time",
            "short": true
          }
        ]
      }
    ]
  },
  {
    "client_msg_id": "af4508b0-7f06-43db-b3f1-c545e1737d3f",
    "type": "message",
    "text": "hey guys, i'm finding these functions really useful in slicing the original dataframe to make new columns (label encoding). especially iloc()\n\n<https://www.geeksforgeeks.org/difference-between-loc-and-iloc-in-pandas-dataframe/|https://www.geeksforgeeks.org/difference-between-loc-and-iloc-in-pandas-dataframe/>",
    "user": "U03UD5B7C3X",
    "ts": "1661446250.422139",
    "blocks": [
      {
        "type": "rich_text",
        "block_id": "yGc2=",
        "elements": [
          {
            "type": "rich_text_section",
            "elements": [
              {
                "type": "text",
                "text": "hey guys, i'm finding these functions really useful in slicing the original dataframe to make new columns (label encoding). especially iloc()\n\n"
              },
              {
                "type": "link",
                "url": "https://www.geeksforgeeks.org/difference-between-loc-and-iloc-in-pandas-dataframe/",
                "text": "https://www.geeksforgeeks.org/difference-between-loc-and-iloc-in-pandas-dataframe/"
              }
            ]
          }
        ]
      }
    ],
    "team": "T03U4J8HMUG",
    "user_team": "T03U4J8HMUG",
    "source_team": "T03U4J8HMUG",
    "user_profile": {
      "avatar_hash": "gb4893f68d1b",
      "image_72": "https://secure.gravatar.com/avatar/b4893f68d1b3098aa61b283721cedfbb.jpg?s=72&d=https%3A%2F%2Fa.slack-edge.com%2Fdf10d%2Fimg%2Favatars%2Fava_0005-72.png",
      "first_name": "Elizabeth",
      "real_name": "Elizabeth Hall",
      "display_name": "Elizabeth Hall",
      "team": "T03U4J8HMUG",
      "name": "Elizabeth",
      "is_restricted": false,
      "is_ultra_restricted": false
    },
    "attachments": [
      {
        "from_url": "https://www.geeksforgeeks.org/difference-between-loc-and-iloc-in-pandas-dataframe/",
        "ts": 1597708852,
        "thumb_url": "https://media.geeksforgeeks.org/wp-content/cdn-uploads/gfg_200x200-min.png",
        "thumb_width": 200,
        "thumb_height": 200,
        "service_icon": "https://www.geeksforgeeks.org/wp-content/uploads/gfg_200X200.png",
        "id": 1,
        "original_url": "https://www.geeksforgeeks.org/difference-between-loc-and-iloc-in-pandas-dataframe/",
        "fallback": "GeeksforGeeks: Difference between loc() and iloc() in Pandas DataFrame - GeeksforGeeks",
        "text": "A Computer Science portal for geeks. It contains well written, well thought and well explained computer science and programming articles, quizzes and practice/competitive programming/company interview Questions.",
        "title": "Difference between loc() and iloc() in Pandas DataFrame - GeeksforGeeks",
        "title_link": "https://www.geeksforgeeks.org/difference-between-loc-and-iloc-in-pandas-dataframe/",
        "service_name": "GeeksforGeeks"
      }
    ],
    "reactions": [
      {
        "name": "raised_hands",
        "users": [
          "U03U9EJR362"
        ],
        "count": 1
      }
    ]
  }
]