[
  {
    "client_msg_id": "b12b99fb-2e5b-41d2-804a-49f293025295",
    "type": "message",
    "text": "<@U03TEPYRM2P> so, do we unsubmit  the assignment and submit again? How are we supposed to submit a new assignment on week 8 or 4 or 5??",
    "user": "U03UJGP0C68",
    "ts": "1668238555.900829",
    "blocks": [
      {
        "type": "rich_text",
        "block_id": "Sg1Sp",
        "elements": [
          {
            "type": "rich_text_section",
            "elements": [
              {
                "type": "user",
                "user_id": "U03TEPYRM2P"
              },
              {
                "type": "text",
                "text": " so, do we unsubmit  the assignment and submit again? How are we supposed to submit a new assignment on week 8 or 4 or 5??"
              }
            ]
          }
        ]
      }
    ],
    "team": "T03U4J8HMUG",
    "user_team": "T03U4J8HMUG",
    "source_team": "T03U4J8HMUG",
    "user_profile": {
      "avatar_hash": "259faccdce43",
      "image_72": "https://avatars.slack-edge.com/2022-08-20/3965145363573_259faccdce439a8c6345_72.png",
      "first_name": "Judith",
      "real_name": "Judith Bolton",
      "display_name": "Judith Bolton",
      "team": "T03U4J8HMUG",
      "name": "Judith",
      "is_restricted": false,
      "is_ultra_restricted": false
    },
    "thread_ts": "1668238555.900829",
    "reply_count": 2,
    "reply_users_count": 2,
    "latest_reply": "1668238742.488269",
    "reply_users": [
      "U03TEPYRM2P",
      "U03UJGP0C68"
    ],
    "replies": [
      {
        "user": "U03TEPYRM2P",
        "ts": "1668238698.401879"
      },
      {
        "user": "U03UJGP0C68",
        "ts": "1668238742.488269"
      }
    ],
    "is_locked": false,
    "subscribed": true,
    "last_read": "1668238742.488269"
  },
  {
    "client_msg_id": "14e2acfb-ff32-4806-8ba8-9c820e37270d",
    "type": "message",
    "text": "Please use the submission link for week 12 to submit.",
    "user": "U03TEPYRM2P",
    "ts": "1668238698.401879",
    "blocks": [
      {
        "type": "rich_text",
        "block_id": "dfB",
        "elements": [
          {
            "type": "rich_text_section",
            "elements": [
              {
                "type": "text",
                "text": "Please use the submission link for week 12 to submit."
              }
            ]
          }
        ]
      }
    ],
    "team": "T03U4J8HMUG",
    "user_team": "T03U4J8HMUG",
    "source_team": "T03U4J8HMUG",
    "user_profile": {
      "avatar_hash": "f113df20f89c",
      "image_72": "https://avatars.slack-edge.com/2022-08-23/3977820714178_f113df20f89c894062b4_72.jpg",
      "first_name": "Garrett",
      "real_name": "Garrett Bell",
      "display_name": "Garrett Bell",
      "team": "T03U4J8HMUG",
      "name": "Garrett",
      "is_restricted": false,
      "is_ultra_restricted": false
    },
    "thread_ts": "1668238555.900829",
    "parent_user_id": "U03UJGP0C68",
    "reactions": [
      {
        "name": "white_check_mark",
        "users": [
          "U03UJGP0C68"
        ],
        "count": 1
      }
    ]
  },
  {
    "client_msg_id": "284a058c-50ee-4e3f-809a-a5f40203e93e",
    "type": "message",
    "text": "oh, ok thanks!",
    "user": "U03UJGP0C68",
    "ts": "1668238742.488269",
    "blocks": [
      {
        "type": "rich_text",
        "block_id": "vtpo4",
        "elements": [
          {
            "type": "rich_text_section",
            "elements": [
              {
                "type": "text",
                "text": "oh, ok thanks!"
              }
            ]
          }
        ]
      }
    ],
    "team": "T03U4J8HMUG",
    "user_team": "T03U4J8HMUG",
    "source_team": "T03U4J8HMUG",
    "user_profile": {
      "avatar_hash": "259faccdce43",
      "image_72": "https://avatars.slack-edge.com/2022-08-20/3965145363573_259faccdce439a8c6345_72.png",
      "first_name": "Judith",
      "real_name": "Judith Bolton",
      "display_name": "Judith Bolton",
      "team": "T03U4J8HMUG",
      "name": "Judith",
      "is_restricted": false,
      "is_ultra_restricted": false
    },
    "thread_ts": "1668238555.900829",
    "parent_user_id": "U03UJGP0C68"
  }
]