[
  {
    "type": "message",
    "text": "any ideas?",
    "files": [
      {
        "id": "F04AD0L2S03",
        "created": 1668090978,
        "timestamp": 1668090978,
        "name": "Screenshot from 2022-11-10 16-35-33.png",
        "title": "Screenshot from 2022-11-10 16-35-33.png",
        "mimetype": "image/png",
        "filetype": "png",
        "pretty_type": "PNG",
        "user": "U03V6HMRPGQ",
        "user_team": "T03U4J8HMUG",
        "editable": false,
        "size": 99785,
        "mode": "hosted",
        "is_external": false,
        "external_type": "",
        "is_public": true,
        "public_url_shared": false,
        "display_as_bot": false,
        "username": "",
        "url_private": "https://files.slack.com/files-pri/T03U4J8HMUG-F04AD0L2S03/screenshot_from_2022-11-10_16-35-33.png?t=xoxe-3956620599968-6240746766294-6247387524178-110fc6768eefd7fcb909c4550875ed49",
        "url_private_download": "https://files.slack.com/files-pri/T03U4J8HMUG-F04AD0L2S03/download/screenshot_from_2022-11-10_16-35-33.png?t=xoxe-3956620599968-6240746766294-6247387524178-110fc6768eefd7fcb909c4550875ed49",
        "media_display_type": "unknown",
        "thumb_64": "https://files.slack.com/files-tmb/T03U4J8HMUG-F04AD0L2S03-434122dcbb/screenshot_from_2022-11-10_16-35-33_64.png?t=xoxe-3956620599968-6240746766294-6247387524178-110fc6768eefd7fcb909c4550875ed49",
        "thumb_80": "https://files.slack.com/files-tmb/T03U4J8HMUG-F04AD0L2S03-434122dcbb/screenshot_from_2022-11-10_16-35-33_80.png?t=xoxe-3956620599968-6240746766294-6247387524178-110fc6768eefd7fcb909c4550875ed49",
        "thumb_360": "https://files.slack.com/files-tmb/T03U4J8HMUG-F04AD0L2S03-434122dcbb/screenshot_from_2022-11-10_16-35-33_360.png?t=xoxe-3956620599968-6240746766294-6247387524178-110fc6768eefd7fcb909c4550875ed49",
        "thumb_360_w": 360,
        "thumb_360_h": 177,
        "thumb_480": "https://files.slack.com/files-tmb/T03U4J8HMUG-F04AD0L2S03-434122dcbb/screenshot_from_2022-11-10_16-35-33_480.png?t=xoxe-3956620599968-6240746766294-6247387524178-110fc6768eefd7fcb909c4550875ed49",
        "thumb_480_w": 480,
        "thumb_480_h": 236,
        "thumb_160": "https://files.slack.com/files-tmb/T03U4J8HMUG-F04AD0L2S03-434122dcbb/screenshot_from_2022-11-10_16-35-33_160.png?t=xoxe-3956620599968-6240746766294-6247387524178-110fc6768eefd7fcb909c4550875ed49",
        "thumb_720": "https://files.slack.com/files-tmb/T03U4J8HMUG-F04AD0L2S03-434122dcbb/screenshot_from_2022-11-10_16-35-33_720.png?t=xoxe-3956620599968-6240746766294-6247387524178-110fc6768eefd7fcb909c4550875ed49",
        "thumb_720_w": 720,
        "thumb_720_h": 354,
        "thumb_800": "https://files.slack.com/files-tmb/T03U4J8HMUG-F04AD0L2S03-434122dcbb/screenshot_from_2022-11-10_16-35-33_800.png?t=xoxe-3956620599968-6240746766294-6247387524178-110fc6768eefd7fcb909c4550875ed49",
        "thumb_800_w": 800,
        "thumb_800_h": 394,
        "original_w": 864,
        "original_h": 425,
        "thumb_tiny": "AwAXADCr2pD+FL2FJ/npUgJx7UvH+zR+P6Ufj+lACce1IcY7U71/wpD0/wDrUAGaMn3ooq7IVwyfU0ZPvRRRZBcMn3pOvrS0DrRYLn//2Q==",
        "permalink": "https://10academybatch6.slack.com/files/U03V6HMRPGQ/F04AD0L2S03/screenshot_from_2022-11-10_16-35-33.png",
        "permalink_public": "https://slack-files.com/T03U4J8HMUG-F04AD0L2S03-874dc3575b",
        "is_starred": false,
        "has_rich_preview": false,
        "file_access": "visible"
      }
    ],
    "upload": false,
    "user": "U03V6HMRPGQ",
    "display_as_bot": false,
    "ts": "1668090991.470289",
    "blocks": [
      {
        "type": "rich_text",
        "block_id": "8=c",
        "elements": [
          {
            "type": "rich_text_section",
            "elements": [
              {
                "type": "text",
                "text": "any ideas?"
              }
            ]
          }
        ]
      }
    ],
    "client_msg_id": "d183e2de-5419-442c-8064-0aeb6942f6a5",
    "thread_ts": "1668090991.470289",
    "reply_count": 2,
    "reply_users_count": 2,
    "latest_reply": "1668100415.828559",
    "reply_users": [
      "U03UJGP0C68",
      "U03V6HMRPGQ"
    ],
    "replies": [
      {
        "user": "U03UJGP0C68",
        "ts": "1668092676.858439"
      },
      {
        "user": "U03V6HMRPGQ",
        "ts": "1668100415.828559"
      }
    ],
    "is_locked": false,
    "subscribed": false
  },
  {
    "client_msg_id": "cf546c0b-c7fd-4e6a-9181-0b07cc66c1ae",
    "type": "message",
    "text": "<https://www.linkedin.com/feed/update/urn:li:activity:6996464008971100160?utm_source=share&amp;utm_medium=member_android|https://www.linkedin.com/feed/update/urn:li:activity:6996464008971100160?utm_source=share&amp;utm_medium=member_android>",
    "user": "U03UG0YHAUT",
    "ts": "1668091209.246809",
    "blocks": [
      {
        "type": "rich_text",
        "block_id": "/csl",
        "elements": [
          {
            "type": "rich_text_section",
            "elements": [
              {
                "type": "link",
                "url": "https://www.linkedin.com/feed/update/urn:li:activity:6996464008971100160?utm_source=share&utm_medium=member_android",
                "text": "https://www.linkedin.com/feed/update/urn:li:activity:6996464008971100160?utm_source=share&utm_medium=member_android"
              }
            ]
          }
        ]
      }
    ],
    "team": "T03U4J8HMUG",
    "user_team": "T03U4J8HMUG",
    "source_team": "T03U4J8HMUG",
    "user_profile": {
      "avatar_hash": "e7b0c8269999",
      "image_72": "https://avatars.slack-edge.com/2022-09-20/4099393715542_e7b0c82699998d3b3ade_72.jpg",
      "first_name": "Daniel",
      "real_name": "Daniel Brown",
      "display_name": "Daniel Brown",
      "team": "T03U4J8HMUG",
      "name": "Daniel",
      "is_restricted": false,
      "is_ultra_restricted": false
    },
    "attachments": [
      {
        "from_url": "https://www.linkedin.com/feed/update/urn:li:activity:6996464008971100160?utm_source=share&utm_medium=member_android",
        "image_url": "https://media-exp1.licdn.com/dms/image/C4E22AQHt84h9EC0gXA/feedshare-shrink_2048_1536/0/1668087006477?e=1671062400&v=beta&t=cJo9U59Px7JtibvN5FuFTLNI6Ayx-g5NO5VFAYWA6zM",
        "image_width": 250,
        "image_height": 250,
        "image_bytes": 90800,
        "service_icon": "https://static-exp1.licdn.com/sc/h/al2o9zrvru7aqj8e1x2rzsrca",
        "id": 1,
        "original_url": "https://www.linkedin.com/feed/update/urn:li:activity:6996464008971100160?utm_source=share&amp;utm_medium=member_android",
        "fallback": "Marc Lamberti on LinkedIn: #dataengineering #data #etl #elt #dataengineer",
        "text": "ETL, ELT, Reverse ETL, aaaaaaah :exploding_head:\n\nWhat the hell do they mean?! :triumph:\n\nLet's find out in simple terms please, :point_down:\n\nETL\n\n:one: There are ingredients (chocolate\u2026",
        "title": "Marc Lamberti on LinkedIn: #dataengineering #data #etl #elt #dataengineer",
        "title_link": "https://www.linkedin.com/feed/update/urn:li:activity:6996464008971100160?utm_source=share&utm_medium=member_android",
        "service_name": "linkedin.com"
      }
    ],
    "reactions": [
      {
        "name": "heavy_check_mark",
        "users": [
          "U03U1FNPEUX",
          "U03U9EJR362"
        ],
        "count": 2
      }
    ]
  },
  {
    "client_msg_id": "f68b8118-a2ea-4d30-94c7-9c0c4bcd8907",
    "type": "message",
    "text": "isn't that a connection problem?",
    "user": "U03UJGP0C68",
    "ts": "1668092676.858439",
    "blocks": [
      {
        "type": "rich_text",
        "block_id": "99G",
        "elements": [
          {
            "type": "rich_text_section",
            "elements": [
              {
                "type": "text",
                "text": "isn't that a connection problem?"
              }
            ]
          }
        ]
      }
    ],
    "team": "T03U4J8HMUG",
    "user_team": "T03U4J8HMUG",
    "source_team": "T03U4J8HMUG",
    "user_profile": {
      "avatar_hash": "259faccdce43",
      "image_72": "https://avatars.slack-edge.com/2022-08-20/3965145363573_259faccdce439a8c6345_72.png",
      "first_name": "Judith",
      "real_name": "Judith Bolton",
      "display_name": "Judith Bolton",
      "team": "T03U4J8HMUG",
      "name": "Judith",
      "is_restricted": false,
      "is_ultra_restricted": false
    },
    "thread_ts": "1668090991.470289",
    "parent_user_id": "U03V6HMRPGQ"
  },
  {
    "client_msg_id": "6c486f81-79a3-462a-b1a3-1eb97ea72429",
    "type": "message",
    "text": "my connection work properly <@U03UJGP0C68>",
    "user": "U03V6HMRPGQ",
    "ts": "1668100415.828559",
    "blocks": [
      {
        "type": "rich_text",
        "block_id": "E2t",
        "elements": [
          {
            "type": "rich_text_section",
            "elements": [
              {
                "type": "text",
                "text": "my connection work properly "
              },
              {
                "type": "user",
                "user_id": "U03UJGP0C68"
              }
            ]
          }
        ]
      }
    ],
    "team": "T03U4J8HMUG",
    "user_team": "T03U4J8HMUG",
    "source_team": "T03U4J8HMUG",
    "user_profile": {
      "avatar_hash": "23fcf5329c03",
      "image_72": "https://avatars.slack-edge.com/2022-08-22/3969139924917_23fcf5329c03131c761f_72.png",
      "first_name": "Cristian",
      "real_name": "Cristian Wilson",
      "display_name": "Cristian Wilson",
      "team": "T03U4J8HMUG",
      "name": "Cristian",
      "is_restricted": false,
      "is_ultra_restricted": false
    },
    "thread_ts": "1668090991.470289",
    "parent_user_id": "U03V6HMRPGQ"
  },
  {
    "type": "message",
    "text": "ETL and ELT",
    "files": [
      {
        "id": "F04AE7WRZA9",
        "created": 1668143007,
        "timestamp": 1668143007,
        "name": "BF4E7BC4-9F8C-45E4-8044-A142A02EA695.gif",
        "title": "BF4E7BC4-9F8C-45E4-8044-A142A02EA695",
        "mimetype": "image/gif",
        "filetype": "gif",
        "pretty_type": "GIF",
        "user": "U03UHB8CXDY",
        "user_team": "T03U4J8HMUG",
        "editable": false,
        "size": 363072,
        "mode": "hosted",
        "is_external": false,
        "external_type": "",
        "is_public": true,
        "public_url_shared": false,
        "display_as_bot": false,
        "username": "",
        "url_private": "https://files.slack.com/files-pri/T03U4J8HMUG-F04AE7WRZA9/bf4e7bc4-9f8c-45e4-8044-a142a02ea695.gif?t=xoxe-3956620599968-6240746766294-6247387524178-110fc6768eefd7fcb909c4550875ed49",
        "url_private_download": "https://files.slack.com/files-pri/T03U4J8HMUG-F04AE7WRZA9/download/bf4e7bc4-9f8c-45e4-8044-a142a02ea695.gif?t=xoxe-3956620599968-6240746766294-6247387524178-110fc6768eefd7fcb909c4550875ed49",
        "media_display_type": "unknown",
        "thumb_64": "https://files.slack.com/files-tmb/T03U4J8HMUG-F04AE7WRZA9-e9b8dbc1e0/bf4e7bc4-9f8c-45e4-8044-a142a02ea695_64.png?t=xoxe-3956620599968-6240746766294-6247387524178-110fc6768eefd7fcb909c4550875ed49",
        "thumb_80": "https://files.slack.com/files-tmb/T03U4J8HMUG-F04AE7WRZA9-e9b8dbc1e0/bf4e7bc4-9f8c-45e4-8044-a142a02ea695_80.png?t=xoxe-3956620599968-6240746766294-6247387524178-110fc6768eefd7fcb909c4550875ed49",
        "thumb_360": "https://files.slack.com/files-tmb/T03U4J8HMUG-F04AE7WRZA9-e9b8dbc1e0/bf4e7bc4-9f8c-45e4-8044-a142a02ea695_360.png?t=xoxe-3956620599968-6240746766294-6247387524178-110fc6768eefd7fcb909c4550875ed49",
        "thumb_360_w": 360,
        "thumb_360_h": 203,
        "thumb_480": "https://files.slack.com/files-tmb/T03U4J8HMUG-F04AE7WRZA9-e9b8dbc1e0/bf4e7bc4-9f8c-45e4-8044-a142a02ea695_480.png?t=xoxe-3956620599968-6240746766294-6247387524178-110fc6768eefd7fcb909c4550875ed49",
        "thumb_480_w": 480,
        "thumb_480_h": 270,
        "thumb_160": "https://files.slack.com/files-tmb/T03U4J8HMUG-F04AE7WRZA9-e9b8dbc1e0/bf4e7bc4-9f8c-45e4-8044-a142a02ea695_160.png?t=xoxe-3956620599968-6240746766294-6247387524178-110fc6768eefd7fcb909c4550875ed49",
        "thumb_720": "https://files.slack.com/files-tmb/T03U4J8HMUG-F04AE7WRZA9-e9b8dbc1e0/bf4e7bc4-9f8c-45e4-8044-a142a02ea695_720.png?t=xoxe-3956620599968-6240746766294-6247387524178-110fc6768eefd7fcb909c4550875ed49",
        "thumb_720_w": 720,
        "thumb_720_h": 405,
        "thumb_800": "https://files.slack.com/files-tmb/T03U4J8HMUG-F04AE7WRZA9-e9b8dbc1e0/bf4e7bc4-9f8c-45e4-8044-a142a02ea695_800.png?t=xoxe-3956620599968-6240746766294-6247387524178-110fc6768eefd7fcb909c4550875ed49",
        "thumb_800_w": 800,
        "thumb_800_h": 450,
        "thumb_960": "https://files.slack.com/files-tmb/T03U4J8HMUG-F04AE7WRZA9-e9b8dbc1e0/bf4e7bc4-9f8c-45e4-8044-a142a02ea695_960.png?t=xoxe-3956620599968-6240746766294-6247387524178-110fc6768eefd7fcb909c4550875ed49",
        "thumb_960_w": 960,
        "thumb_960_h": 540,
        "thumb_360_gif": "https://files.slack.com/files-tmb/T03U4J8HMUG-F04AE7WRZA9-e9b8dbc1e0/bf4e7bc4-9f8c-45e4-8044-a142a02ea695_360.gif?t=xoxe-3956620599968-6240746766294-6247387524178-110fc6768eefd7fcb909c4550875ed49",
        "thumb_480_gif": "https://files.slack.com/files-tmb/T03U4J8HMUG-F04AE7WRZA9-e9b8dbc1e0/bf4e7bc4-9f8c-45e4-8044-a142a02ea695_480.gif?t=xoxe-3956620599968-6240746766294-6247387524178-110fc6768eefd7fcb909c4550875ed49",
        "original_w": 960,
        "original_h": 540,
        "deanimate": "https://files.slack.com/files-tmb/T03U4J8HMUG-F04AE7WRZA9-e9b8dbc1e0/bf4e7bc4-9f8c-45e4-8044-a142a02ea695_deanimate.png?t=xoxe-3956620599968-6240746766294-6247387524178-110fc6768eefd7fcb909c4550875ed49",
        "deanimate_gif": "https://files.slack.com/files-tmb/T03U4J8HMUG-F04AE7WRZA9-e9b8dbc1e0/bf4e7bc4-9f8c-45e4-8044-a142a02ea695_deanimate_gif.png?t=xoxe-3956620599968-6240746766294-6247387524178-110fc6768eefd7fcb909c4550875ed49",
        "thumb_tiny": "AwAbADDTooprhzjawH1GaAFZSwwGK+4pQMd800hj0I/KlIbIwRjvxQCFo70znf7U/vQAd6KKKACijFFABR3oooA//9k=",
        "permalink": "https://10academybatch6.slack.com/files/U03UHB8CXDY/F04AE7WRZA9/bf4e7bc4-9f8c-45e4-8044-a142a02ea695.gif",
        "permalink_public": "https://slack-files.com/T03U4J8HMUG-F04AE7WRZA9-177c70f0bc",
        "is_starred": false,
        "has_rich_preview": false,
        "file_access": "visible"
      }
    ],
    "upload": false,
    "user": "U03UHB8CXDY",
    "display_as_bot": false,
    "ts": "1668143029.689209",
    "blocks": [
      {
        "type": "rich_text",
        "block_id": "QX2K",
        "elements": [
          {
            "type": "rich_text_section",
            "elements": [
              {
                "type": "text",
                "text": "ETL and ELT"
              }
            ]
          }
        ]
      }
    ],
    "client_msg_id": "B86C0C0C-0A3E-4A64-B401-FA160CED9A76",
    "reactions": [
      {
        "name": "raised_hands",
        "users": [
          "U03UG5VFN03"
        ],
        "count": 1
      }
    ]
  }
]