[
  {
    "client_msg_id": "5e44223a-68ef-4ea5-8d00-973747ff656f",
    "type": "message",
    "text": "<@U03V1AM5TFA> <@U03T89ACUUW> <@U03TEPYRM2P> <@U03UKL27B0R> <@U03V8LHPDME> I am sorry guys, My PC is running out of Battery. I should search for battery sources out somewhere.",
    "user": "U03UUMM7Y8H",
    "ts": "1661503838.987009",
    "blocks": [
      {
        "type": "rich_text",
        "block_id": "=IF",
        "elements": [
          {
            "type": "rich_text_section",
            "elements": [
              {
                "type": "user",
                "user_id": "U03V1AM5TFA"
              },
              {
                "type": "text",
                "text": " "
              },
              {
                "type": "user",
                "user_id": "U03T89ACUUW"
              },
              {
                "type": "text",
                "text": " "
              },
              {
                "type": "user",
                "user_id": "U03TEPYRM2P"
              },
              {
                "type": "text",
                "text": " "
              },
              {
                "type": "user",
                "user_id": "U03UKL27B0R"
              },
              {
                "type": "text",
                "text": " "
              },
              {
                "type": "user",
                "user_id": "U03V8LHPDME"
              },
              {
                "type": "text",
                "text": " I am sorry guys, My PC is running out of Battery. I should search for battery sources out somewhere."
              }
            ]
          }
        ]
      }
    ],
    "team": "T03U4J8HMUG",
    "user_team": "T03U4J8HMUG",
    "source_team": "T03U4J8HMUG",
    "user_profile": {
      "avatar_hash": "e2bebb7a634d",
      "image_72": "https://avatars.slack-edge.com/2022-08-20/3953540555975_e2bebb7a634dbafeadb5_72.png",
      "first_name": "Veronica",
      "real_name": "Veronica Padilla",
      "display_name": "Veronica Padilla",
      "team": "T03U4J8HMUG",
      "name": "Veronica",
      "is_restricted": false,
      "is_ultra_restricted": false
    },
    "thread_ts": "1661503838.987009",
    "reply_count": 2,
    "reply_users_count": 2,
    "latest_reply": "1661503989.751589",
    "reply_users": [
      "U03TEPYRM2P",
      "U03UUMM7Y8H"
    ],
    "replies": [
      {
        "user": "U03TEPYRM2P",
        "ts": "1661503956.615959"
      },
      {
        "user": "U03UUMM7Y8H",
        "ts": "1661503989.751589"
      }
    ],
    "is_locked": false,
    "subscribed": true,
    "last_read": "1661503989.751589"
  },
  {
    "client_msg_id": "9208f407-2ad9-468e-944d-74879ecb4947",
    "type": "message",
    "text": "noted. We hope you will find an alternative very soon",
    "user": "U03TEPYRM2P",
    "ts": "1661503956.615959",
    "blocks": [
      {
        "type": "rich_text",
        "block_id": "fbdi",
        "elements": [
          {
            "type": "rich_text_section",
            "elements": [
              {
                "type": "text",
                "text": "noted. We hope you will find an alternative very soon"
              }
            ]
          }
        ]
      }
    ],
    "team": "T03U4J8HMUG",
    "user_team": "T03U4J8HMUG",
    "source_team": "T03U4J8HMUG",
    "user_profile": {
      "avatar_hash": "f113df20f89c",
      "image_72": "https://avatars.slack-edge.com/2022-08-23/3977820714178_f113df20f89c894062b4_72.jpg",
      "first_name": "Garrett",
      "real_name": "Garrett Bell",
      "display_name": "Garrett Bell",
      "team": "T03U4J8HMUG",
      "name": "Garrett",
      "is_restricted": false,
      "is_ultra_restricted": false
    },
    "thread_ts": "1661503838.987009",
    "parent_user_id": "U03UUMM7Y8H"
  },
  {
    "client_msg_id": "5cb6e892-2784-471c-b1b8-15a4c46894fd",
    "type": "message",
    "text": "I will try my best.",
    "user": "U03UUMM7Y8H",
    "ts": "1661503989.751589",
    "blocks": [
      {
        "type": "rich_text",
        "block_id": "+NtAc",
        "elements": [
          {
            "type": "rich_text_section",
            "elements": [
              {
                "type": "text",
                "text": "I will try my best."
              }
            ]
          }
        ]
      }
    ],
    "team": "T03U4J8HMUG",
    "user_team": "T03U4J8HMUG",
    "source_team": "T03U4J8HMUG",
    "user_profile": {
      "avatar_hash": "e2bebb7a634d",
      "image_72": "https://avatars.slack-edge.com/2022-08-20/3953540555975_e2bebb7a634dbafeadb5_72.png",
      "first_name": "Veronica",
      "real_name": "Veronica Padilla",
      "display_name": "Veronica Padilla",
      "team": "T03U4J8HMUG",
      "name": "Veronica",
      "is_restricted": false,
      "is_ultra_restricted": false
    },
    "thread_ts": "1661503838.987009",
    "parent_user_id": "U03UUMM7Y8H"
  },
  {
    "client_msg_id": "a8e4901d-98f3-4db2-a013-1037ba9bb409",
    "type": "message",
    "text": "some help on Model deployment tracking- deploy the model and monitor your model <@U03UKL27B0R>",
    "user": "U03UJH1EQQL",
    "ts": "1661505027.543439",
    "blocks": [
      {
        "type": "rich_text",
        "block_id": "xBn",
        "elements": [
          {
            "type": "rich_text_section",
            "elements": [
              {
                "type": "text",
                "text": "some help on Model deployment tracking- deploy the model and monitor your model "
              },
              {
                "type": "user",
                "user_id": "U03UKL27B0R"
              }
            ]
          }
        ]
      }
    ],
    "team": "T03U4J8HMUG",
    "user_team": "T03U4J8HMUG",
    "source_team": "T03U4J8HMUG",
    "user_profile": {
      "avatar_hash": "81b299d9869c",
      "image_72": "https://avatars.slack-edge.com/2022-08-20/3953555815671_81b299d9869ca44e70c1_72.png",
      "first_name": "Kelly",
      "real_name": "Kelly Soto",
      "display_name": "Kelly Soto",
      "team": "T03U4J8HMUG",
      "name": "Kelly",
      "is_restricted": false,
      "is_ultra_restricted": false
    },
    "thread_ts": "1661505027.543439",
    "reply_count": 2,
    "reply_users_count": 2,
    "latest_reply": "1661510013.384439",
    "reply_users": [
      "U03TEPYRM2P",
      "U03UJH1EQQL"
    ],
    "replies": [
      {
        "user": "U03TEPYRM2P",
        "ts": "1661505078.521549"
      },
      {
        "user": "U03UJH1EQQL",
        "ts": "1661510013.384439"
      }
    ],
    "is_locked": false,
    "subscribed": true,
    "last_read": "1661510013.384439"
  },
  {
    "client_msg_id": "97f3f5b1-c4d9-44a5-8507-be46faf2ee11",
    "type": "message",
    "text": "you can ask this question in <#C03TEQQS9NF|all-week1> channel",
    "user": "U03TEPYRM2P",
    "ts": "1661505078.521549",
    "blocks": [
      {
        "type": "rich_text",
        "block_id": "ArvCt",
        "elements": [
          {
            "type": "rich_text_section",
            "elements": [
              {
                "type": "text",
                "text": "you can ask this question in "
              },
              {
                "type": "channel",
                "channel_id": "C03TEQQS9NF"
              },
              {
                "type": "text",
                "text": " channel"
              }
            ]
          }
        ]
      }
    ],
    "team": "T03U4J8HMUG",
    "user_team": "T03U4J8HMUG",
    "source_team": "T03U4J8HMUG",
    "user_profile": {
      "avatar_hash": "f113df20f89c",
      "image_72": "https://avatars.slack-edge.com/2022-08-23/3977820714178_f113df20f89c894062b4_72.jpg",
      "first_name": "Garrett",
      "real_name": "Garrett Bell",
      "display_name": "Garrett Bell",
      "team": "T03U4J8HMUG",
      "name": "Garrett",
      "is_restricted": false,
      "is_ultra_restricted": false
    },
    "thread_ts": "1661505027.543439",
    "parent_user_id": "U03UJH1EQQL"
  },
  {
    "client_msg_id": "20b0533b-2cd8-4525-a202-99716f09f3d2",
    "type": "message",
    "text": "okay!!",
    "user": "U03UJH1EQQL",
    "ts": "1661510013.384439",
    "blocks": [
      {
        "type": "rich_text",
        "block_id": "qqXm",
        "elements": [
          {
            "type": "rich_text_section",
            "elements": [
              {
                "type": "text",
                "text": "okay!!"
              }
            ]
          }
        ]
      }
    ],
    "team": "T03U4J8HMUG",
    "user_team": "T03U4J8HMUG",
    "source_team": "T03U4J8HMUG",
    "user_profile": {
      "avatar_hash": "81b299d9869c",
      "image_72": "https://avatars.slack-edge.com/2022-08-20/3953555815671_81b299d9869ca44e70c1_72.png",
      "first_name": "Kelly",
      "real_name": "Kelly Soto",
      "display_name": "Kelly Soto",
      "team": "T03U4J8HMUG",
      "name": "Kelly",
      "is_restricted": false,
      "is_ultra_restricted": false
    },
    "thread_ts": "1661505027.543439",
    "parent_user_id": "U03UJH1EQQL"
  },
  {
    "type": "message",
    "text": "who can help me on git issue, after adding and commuting am trying to push what i added and commuted. but i cannot it interrupted as follow .  really need help still i cannot push what i did so i am worrying about tomorrow's submission. <@U03U9DB7REG> <@U03TEPYRM2P> - Success Manage",
    "files": [
      {
        "id": "F03V7NRN6G5",
        "created": 1661517556,
        "timestamp": 1661517556,
        "name": "image.png",
        "title": "image.png",
        "mimetype": "image/png",
        "filetype": "png",
        "pretty_type": "PNG",
        "user": "U03V5Q9N516",
        "user_team": "T03U4J8HMUG",
        "editable": false,
        "size": 18426,
        "mode": "hosted",
        "is_external": false,
        "external_type": "",
        "is_public": true,
        "public_url_shared": false,
        "display_as_bot": false,
        "username": "",
        "url_private": "https://files.slack.com/files-pri/T03U4J8HMUG-F03V7NRN6G5/image.png?t=xoxe-3956620599968-6240746766294-6247387524178-110fc6768eefd7fcb909c4550875ed49",
        "url_private_download": "https://files.slack.com/files-pri/T03U4J8HMUG-F03V7NRN6G5/download/image.png?t=xoxe-3956620599968-6240746766294-6247387524178-110fc6768eefd7fcb909c4550875ed49",
        "media_display_type": "unknown",
        "thumb_64": "https://files.slack.com/files-tmb/T03U4J8HMUG-F03V7NRN6G5-7c9d73bd02/image_64.png?t=xoxe-3956620599968-6240746766294-6247387524178-110fc6768eefd7fcb909c4550875ed49",
        "thumb_80": "https://files.slack.com/files-tmb/T03U4J8HMUG-F03V7NRN6G5-7c9d73bd02/image_80.png?t=xoxe-3956620599968-6240746766294-6247387524178-110fc6768eefd7fcb909c4550875ed49",
        "thumb_360": "https://files.slack.com/files-tmb/T03U4J8HMUG-F03V7NRN6G5-7c9d73bd02/image_360.png?t=xoxe-3956620599968-6240746766294-6247387524178-110fc6768eefd7fcb909c4550875ed49",
        "thumb_360_w": 360,
        "thumb_360_h": 110,
        "thumb_480": "https://files.slack.com/files-tmb/T03U4J8HMUG-F03V7NRN6G5-7c9d73bd02/image_480.png?t=xoxe-3956620599968-6240746766294-6247387524178-110fc6768eefd7fcb909c4550875ed49",
        "thumb_480_w": 480,
        "thumb_480_h": 146,
        "thumb_160": "https://files.slack.com/files-tmb/T03U4J8HMUG-F03V7NRN6G5-7c9d73bd02/image_160.png?t=xoxe-3956620599968-6240746766294-6247387524178-110fc6768eefd7fcb909c4550875ed49",
        "original_w": 607,
        "original_h": 185,
        "thumb_tiny": "AwAOADDPyKOKTeKN9AAQMcdabinbvak3GgBMe4ooJz1ooA//2Q==",
        "permalink": "https://10academybatch6.slack.com/files/U03V5Q9N516/F03V7NRN6G5/image.png",
        "permalink_public": "https://slack-files.com/T03U4J8HMUG-F03V7NRN6G5-a64fa3e572",
        "is_starred": false,
        "has_rich_preview": false,
        "file_access": "visible"
      }
    ],
    "upload": false,
    "user": "U03V5Q9N516",
    "display_as_bot": false,
    "ts": "1661517817.313939",
    "blocks": [
      {
        "type": "rich_text",
        "block_id": "+To",
        "elements": [
          {
            "type": "rich_text_section",
            "elements": [
              {
                "type": "text",
                "text": "who can help me on git issue, after adding and commuting am trying to push what i added and commuted. but i cannot it interrupted as follow .  really need help still i cannot push what i did so i am worrying about tomorrow's submission. "
              },
              {
                "type": "user",
                "user_id": "U03U9DB7REG"
              },
              {
                "type": "text",
                "text": " "
              },
              {
                "type": "user",
                "user_id": "U03TEPYRM2P"
              },
              {
                "type": "text",
                "text": " - Success Manage"
              }
            ]
          }
        ]
      }
    ],
    "client_msg_id": "0b511ada-46d1-479f-a7c9-67668737723a",
    "thread_ts": "1661517817.313939",
    "reply_count": 10,
    "reply_users_count": 4,
    "latest_reply": "1661521007.174679",
    "reply_users": [
      "U03UG32J3PC",
      "U03V5Q9N516",
      "U03U1FNPEUX",
      "U03UVHCV6KB"
    ],
    "replies": [
      {
        "user": "U03UG32J3PC",
        "ts": "1661517999.753679"
      },
      {
        "user": "U03V5Q9N516",
        "ts": "1661518079.766529"
      },
      {
        "user": "U03UG32J3PC",
        "ts": "1661518200.347869"
      },
      {
        "user": "U03V5Q9N516",
        "ts": "1661518340.491929"
      },
      {
        "user": "U03U1FNPEUX",
        "ts": "1661519014.241909"
      },
      {
        "user": "U03UVHCV6KB",
        "ts": "1661520750.427589"
      },
      {
        "user": "U03UVHCV6KB",
        "ts": "1661520882.700569"
      },
      {
        "user": "U03UVHCV6KB",
        "ts": "1661520895.313729"
      },
      {
        "user": "U03UVHCV6KB",
        "ts": "1661520920.306809"
      },
      {
        "user": "U03UVHCV6KB",
        "ts": "1661521007.174679"
      }
    ],
    "is_locked": false,
    "subscribed": true,
    "last_read": "1661521007.174679"
  },
  {
    "client_msg_id": "a2e6bfb3-5097-4fed-8915-b532ab3dc254",
    "type": "message",
    "text": "I think the default file post size exceeded the limit. Have you pushed the dataset to github?",
    "user": "U03UG32J3PC",
    "ts": "1661517999.753679",
    "blocks": [
      {
        "type": "rich_text",
        "block_id": "6wtJv",
        "elements": [
          {
            "type": "rich_text_section",
            "elements": [
              {
                "type": "text",
                "text": "I think the default file post size exceeded the limit. Have you pushed the dataset to github?"
              }
            ]
          }
        ]
      }
    ],
    "team": "T03U4J8HMUG",
    "user_team": "T03U4J8HMUG",
    "source_team": "T03U4J8HMUG",
    "user_profile": {
      "avatar_hash": "g9e7487b036e",
      "image_72": "https://secure.gravatar.com/avatar/9e7487b036ed726d016a0c5d8189773c.jpg?s=72&d=https%3A%2F%2Fa.slack-edge.com%2Fdf10d%2Fimg%2Favatars%2Fava_0005-72.png",
      "first_name": "April",
      "real_name": "April Lucas",
      "display_name": "April Lucas",
      "team": "T03U4J8HMUG",
      "name": "April",
      "is_restricted": false,
      "is_ultra_restricted": false
    },
    "thread_ts": "1661517817.313939",
    "parent_user_id": "U03V5Q9N516"
  },
  {
    "client_msg_id": "12f3efd1-826a-44a4-9280-352307ae4117",
    "type": "message",
    "text": "no even for single minimum size file same issue",
    "user": "U03V5Q9N516",
    "ts": "1661518079.766529",
    "blocks": [
      {
        "type": "rich_text",
        "block_id": "EaO",
        "elements": [
          {
            "type": "rich_text_section",
            "elements": [
              {
                "type": "text",
                "text": "no even for single minimum size file same issue"
              }
            ]
          }
        ]
      }
    ],
    "team": "T03U4J8HMUG",
    "user_team": "T03U4J8HMUG",
    "source_team": "T03U4J8HMUG",
    "user_profile": {
      "avatar_hash": "g164928c3a69",
      "image_72": "https://secure.gravatar.com/avatar/164928c3a69af29d42a5e90b928e2f71.jpg?s=72&d=https%3A%2F%2Fa.slack-edge.com%2Fdf10d%2Fimg%2Favatars%2Fava_0010-72.png",
      "first_name": "Debra",
      "real_name": "Debra Lawrence",
      "display_name": "Debra Lawrence",
      "team": "T03U4J8HMUG",
      "name": "Debra",
      "is_restricted": false,
      "is_ultra_restricted": false
    },
    "thread_ts": "1661517817.313939",
    "parent_user_id": "U03V5Q9N516"
  },
  {
    "client_msg_id": "a2fa82b7-7822-4bc3-b28d-acebb82e81c3",
    "type": "message",
    "text": "When was the first time you get this error?",
    "user": "U03UG32J3PC",
    "ts": "1661518200.347869",
    "blocks": [
      {
        "type": "rich_text",
        "block_id": "Tis",
        "elements": [
          {
            "type": "rich_text_section",
            "elements": [
              {
                "type": "text",
                "text": "When was the first time you get this error?"
              }
            ]
          }
        ]
      }
    ],
    "team": "T03U4J8HMUG",
    "user_team": "T03U4J8HMUG",
    "source_team": "T03U4J8HMUG",
    "user_profile": {
      "avatar_hash": "g9e7487b036e",
      "image_72": "https://secure.gravatar.com/avatar/9e7487b036ed726d016a0c5d8189773c.jpg?s=72&d=https%3A%2F%2Fa.slack-edge.com%2Fdf10d%2Fimg%2Favatars%2Fava_0005-72.png",
      "first_name": "April",
      "real_name": "April Lucas",
      "display_name": "April Lucas",
      "team": "T03U4J8HMUG",
      "name": "April",
      "is_restricted": false,
      "is_ultra_restricted": false
    },
    "thread_ts": "1661517817.313939",
    "parent_user_id": "U03V5Q9N516"
  },
  {
    "client_msg_id": "b2a0d4de-3fce-4cca-a14d-907de09edbe4",
    "type": "message",
    "text": "after pushing my first notebook file",
    "user": "U03V5Q9N516",
    "ts": "1661518340.491929",
    "blocks": [
      {
        "type": "rich_text",
        "block_id": "Ea/bI",
        "elements": [
          {
            "type": "rich_text_section",
            "elements": [
              {
                "type": "text",
                "text": "after pushing my first notebook file"
              }
            ]
          }
        ]
      }
    ],
    "team": "T03U4J8HMUG",
    "user_team": "T03U4J8HMUG",
    "source_team": "T03U4J8HMUG",
    "user_profile": {
      "avatar_hash": "g164928c3a69",
      "image_72": "https://secure.gravatar.com/avatar/164928c3a69af29d42a5e90b928e2f71.jpg?s=72&d=https%3A%2F%2Fa.slack-edge.com%2Fdf10d%2Fimg%2Favatars%2Fava_0010-72.png",
      "first_name": "Debra",
      "real_name": "Debra Lawrence",
      "display_name": "Debra Lawrence",
      "team": "T03U4J8HMUG",
      "name": "Debra",
      "is_restricted": false,
      "is_ultra_restricted": false
    },
    "thread_ts": "1661517817.313939",
    "parent_user_id": "U03V5Q9N516"
  },
  {
    "client_msg_id": "e9c84361-7079-4609-8f83-2ec5459cc70f",
    "type": "message",
    "text": "try git push origin +main",
    "user": "U03U1FNPEUX",
    "ts": "1661519014.241909",
    "blocks": [
      {
        "type": "rich_text",
        "block_id": "wVS94",
        "elements": [
          {
            "type": "rich_text_section",
            "elements": [
              {
                "type": "text",
                "text": "try git push origin +main"
              }
            ]
          }
        ]
      }
    ],
    "team": "T03U4J8HMUG",
    "user_team": "T03U4J8HMUG",
    "source_team": "T03U4J8HMUG",
    "user_profile": {
      "avatar_hash": "37a12a7dbb92",
      "image_72": "https://avatars.slack-edge.com/2022-09-09/4058043481011_37a12a7dbb926b2c9c86_72.png",
      "first_name": "Joshua",
      "real_name": "Joshua Rhodes",
      "display_name": "Joshua Rhodes",
      "team": "T03U4J8HMUG",
      "name": "Joshua",
      "is_restricted": false,
      "is_ultra_restricted": false
    },
    "thread_ts": "1661517817.313939",
    "parent_user_id": "U03V5Q9N516"
  },
  {
    "client_msg_id": "bcd35593-13ea-4116-b79a-6b95591fef81",
    "type": "message",
    "text": "I think it is a network error",
    "user": "U03UVHCV6KB",
    "ts": "1661520750.427589",
    "blocks": [
      {
        "type": "rich_text",
        "block_id": "BnHc",
        "elements": [
          {
            "type": "rich_text_section",
            "elements": [
              {
                "type": "text",
                "text": "I think it is a network error"
              }
            ]
          }
        ]
      }
    ],
    "team": "T03U4J8HMUG",
    "user_team": "T03U4J8HMUG",
    "source_team": "T03U4J8HMUG",
    "user_profile": {
      "avatar_hash": "gc9619121f99",
      "image_72": "https://secure.gravatar.com/avatar/c9619121f998ee4a7e46177f2a5729de.jpg?s=72&d=https%3A%2F%2Fa.slack-edge.com%2Fdf10d%2Fimg%2Favatars%2Fava_0002-72.png",
      "first_name": "Travis",
      "real_name": "Travis Butler",
      "display_name": "Travis Butler",
      "team": "T03U4J8HMUG",
      "name": "Travis",
      "is_restricted": false,
      "is_ultra_restricted": false
    },
    "thread_ts": "1661517817.313939",
    "parent_user_id": "U03V5Q9N516"
  },
  {
    "client_msg_id": "9a4e438d-2390-49f5-8091-a5af12cf7dc5",
    "type": "message",
    "text": "and or buffer size related problem",
    "user": "U03UVHCV6KB",
    "ts": "1661520882.700569",
    "blocks": [
      {
        "type": "rich_text",
        "block_id": "Rmu",
        "elements": [
          {
            "type": "rich_text_section",
            "elements": [
              {
                "type": "text",
                "text": "and or buffer size related problem"
              }
            ]
          }
        ]
      }
    ],
    "team": "T03U4J8HMUG",
    "user_team": "T03U4J8HMUG",
    "source_team": "T03U4J8HMUG",
    "user_profile": {
      "avatar_hash": "gc9619121f99",
      "image_72": "https://secure.gravatar.com/avatar/c9619121f998ee4a7e46177f2a5729de.jpg?s=72&d=https%3A%2F%2Fa.slack-edge.com%2Fdf10d%2Fimg%2Favatars%2Fava_0002-72.png",
      "first_name": "Travis",
      "real_name": "Travis Butler",
      "display_name": "Travis Butler",
      "team": "T03U4J8HMUG",
      "name": "Travis",
      "is_restricted": false,
      "is_ultra_restricted": false
    },
    "thread_ts": "1661517817.313939",
    "parent_user_id": "U03V5Q9N516"
  },
  {
    "client_msg_id": "48d4a6b6-fd4c-480e-be36-784f49c3220f",
    "type": "message",
    "text": "what is your current buffersie?",
    "user": "U03UVHCV6KB",
    "ts": "1661520895.313729",
    "blocks": [
      {
        "type": "rich_text",
        "block_id": "bXTxk",
        "elements": [
          {
            "type": "rich_text_section",
            "elements": [
              {
                "type": "text",
                "text": "what is your current buffersie?"
              }
            ]
          }
        ]
      }
    ],
    "team": "T03U4J8HMUG",
    "user_team": "T03U4J8HMUG",
    "source_team": "T03U4J8HMUG",
    "user_profile": {
      "avatar_hash": "gc9619121f99",
      "image_72": "https://secure.gravatar.com/avatar/c9619121f998ee4a7e46177f2a5729de.jpg?s=72&d=https%3A%2F%2Fa.slack-edge.com%2Fdf10d%2Fimg%2Favatars%2Fava_0002-72.png",
      "first_name": "Travis",
      "real_name": "Travis Butler",
      "display_name": "Travis Butler",
      "team": "T03U4J8HMUG",
      "name": "Travis",
      "is_restricted": false,
      "is_ultra_restricted": false
    },
    "thread_ts": "1661517817.313939",
    "parent_user_id": "U03V5Q9N516"
  },
  {
    "client_msg_id": "4f300fee-2fd2-4065-826b-a99ec6a91510",
    "type": "message",
    "text": "have you seen this link?\n<https://stackoverflow.com/questions/59282476/error-rpc-failed-curl-92-http-2-stream-0-was-not-closed-cleanly-protocol-erro>",
    "user": "U03UVHCV6KB",
    "ts": "1661520920.306809",
    "blocks": [
      {
        "type": "rich_text",
        "block_id": "E3VW",
        "elements": [
          {
            "type": "rich_text_section",
            "elements": [
              {
                "type": "text",
                "text": "have you seen this link?\n"
              },
              {
                "type": "link",
                "url": "https://stackoverflow.com/questions/59282476/error-rpc-failed-curl-92-http-2-stream-0-was-not-closed-cleanly-protocol-erro"
              }
            ]
          }
        ]
      }
    ],
    "team": "T03U4J8HMUG",
    "user_team": "T03U4J8HMUG",
    "source_team": "T03U4J8HMUG",
    "user_profile": {
      "avatar_hash": "gc9619121f99",
      "image_72": "https://secure.gravatar.com/avatar/c9619121f998ee4a7e46177f2a5729de.jpg?s=72&d=https%3A%2F%2Fa.slack-edge.com%2Fdf10d%2Fimg%2Favatars%2Fava_0002-72.png",
      "first_name": "Travis",
      "real_name": "Travis Butler",
      "display_name": "Travis Butler",
      "team": "T03U4J8HMUG",
      "name": "Travis",
      "is_restricted": false,
      "is_ultra_restricted": false
    },
    "attachments": [
      {
        "from_url": "https://stackoverflow.com/questions/59282476/error-rpc-failed-curl-92-http-2-stream-0-was-not-closed-cleanly-protocol-erro",
        "thumb_url": "https://cdn.sstatic.net/Sites/stackoverflow/Img/apple-touch-icon@2.png?v=73d79a89bded",
        "thumb_width": 316,
        "thumb_height": 316,
        "service_icon": "https://cdn.sstatic.net/Sites/stackoverflow/Img/apple-touch-icon.png?v=c78bd457575a",
        "id": 1,
        "original_url": "https://stackoverflow.com/questions/59282476/error-rpc-failed-curl-92-http-2-stream-0-was-not-closed-cleanly-protocol-erro",
        "fallback": "Stack Overflow: error: RPC failed; curl 92 HTTP/2 stream 0 was not closed cleanly: PROTOCOL_ERROR (err 1)",
        "text": "error: RPC failed; curl 92 HTTP/2 stream 0 was not closed cleanly: PROTOCOL_ERROR (err 1) I tried 'push' while writing 'git'. However, the following message does not solve the problem.",
        "title": "error: RPC failed; curl 92 HTTP/2 stream 0 was not closed cleanly: PROTOCOL_ERROR (err 1)",
        "title_link": "https://stackoverflow.com/questions/59282476/error-rpc-failed-curl-92-http-2-stream-0-was-not-closed-cleanly-protocol-erro",
        "service_name": "Stack Overflow"
      }
    ],
    "thread_ts": "1661517817.313939",
    "parent_user_id": "U03V5Q9N516"
  },
  {
    "client_msg_id": "030ccd54-3101-408e-becd-47aa2d3f9a22",
    "type": "message",
    "text": "<https://www.codegrepper.com/code-examples/whatever/error%3A+RPC+failed%3B+curl+92+HTTP%2F2+stream+0+was+not+closed+cleanly%3A+CANCEL+%28err+8%29>",
    "user": "U03UVHCV6KB",
    "ts": "1661521007.174679",
    "blocks": [
      {
        "type": "rich_text",
        "block_id": "smV4/",
        "elements": [
          {
            "type": "rich_text_section",
            "elements": [
              {
                "type": "link",
                "url": "https://www.codegrepper.com/code-examples/whatever/error%3A+RPC+failed%3B+curl+92+HTTP%2F2+stream+0+was+not+closed+cleanly%3A+CANCEL+%28err+8%29"
              }
            ]
          }
        ]
      }
    ],
    "team": "T03U4J8HMUG",
    "user_team": "T03U4J8HMUG",
    "source_team": "T03U4J8HMUG",
    "user_profile": {
      "avatar_hash": "gc9619121f99",
      "image_72": "https://secure.gravatar.com/avatar/c9619121f998ee4a7e46177f2a5729de.jpg?s=72&d=https%3A%2F%2Fa.slack-edge.com%2Fdf10d%2Fimg%2Favatars%2Fava_0002-72.png",
      "first_name": "Travis",
      "real_name": "Travis Butler",
      "display_name": "Travis Butler",
      "team": "T03U4J8HMUG",
      "name": "Travis",
      "is_restricted": false,
      "is_ultra_restricted": false
    },
    "thread_ts": "1661517817.313939",
    "parent_user_id": "U03V5Q9N516"
  },
  {
    "client_msg_id": "6f634c10-56b3-4da1-beb1-07362472ae32",
    "type": "message",
    "text": "can someone <!here> explain to me what the \"Data analysis and coding\" submission is about?",
    "user": "U03U1FNPEUX",
    "ts": "1661523625.707279",
    "blocks": [
      {
        "type": "rich_text",
        "block_id": "EnJx",
        "elements": [
          {
            "type": "rich_text_section",
            "elements": [
              {
                "type": "text",
                "text": "can someone "
              },
              {
                "type": "broadcast",
                "range": "here"
              },
              {
                "type": "text",
                "text": " explain to me what the \"Data analysis and coding\" submission is about?"
              }
            ]
          }
        ]
      }
    ],
    "team": "T03U4J8HMUG",
    "user_team": "T03U4J8HMUG",
    "source_team": "T03U4J8HMUG",
    "user_profile": {
      "avatar_hash": "37a12a7dbb92",
      "image_72": "https://avatars.slack-edge.com/2022-09-09/4058043481011_37a12a7dbb926b2c9c86_72.png",
      "first_name": "Joshua",
      "real_name": "Joshua Rhodes",
      "display_name": "Joshua Rhodes",
      "team": "T03U4J8HMUG",
      "name": "Joshua",
      "is_restricted": false,
      "is_ultra_restricted": false
    },
    "thread_ts": "1661523625.707279",
    "reply_count": 6,
    "reply_users_count": 2,
    "latest_reply": "1661525673.863619",
    "reply_users": [
      "U03UVHCV6KB",
      "U03U1FNPEUX"
    ],
    "replies": [
      {
        "user": "U03UVHCV6KB",
        "ts": "1661525474.055749"
      },
      {
        "user": "U03U1FNPEUX",
        "ts": "1661525536.538729"
      },
      {
        "user": "U03UVHCV6KB",
        "ts": "1661525619.512679"
      },
      {
        "user": "U03UVHCV6KB",
        "ts": "1661525641.983699"
      },
      {
        "user": "U03UVHCV6KB",
        "ts": "1661525644.168239"
      },
      {
        "user": "U03U1FNPEUX",
        "ts": "1661525673.863619"
      }
    ],
    "is_locked": false,
    "subscribed": false
  },
  {
    "client_msg_id": "ec08d3f3-8665-458a-b9cb-92551de5cd13",
    "type": "message",
    "text": "<@U03U1FNPEUX> please ask in <#C03TEQQS9NF|all-week1>",
    "user": "U03U93GNNVB",
    "ts": "1661523747.193249",
    "blocks": [
      {
        "type": "rich_text",
        "block_id": "uk2",
        "elements": [
          {
            "type": "rich_text_section",
            "elements": [
              {
                "type": "user",
                "user_id": "U03U1FNPEUX"
              },
              {
                "type": "text",
                "text": " please ask in "
              },
              {
                "type": "channel",
                "channel_id": "C03TEQQS9NF"
              }
            ]
          }
        ]
      }
    ],
    "team": "T03U4J8HMUG",
    "user_team": "T03U4J8HMUG",
    "source_team": "T03U4J8HMUG",
    "user_profile": {
      "avatar_hash": "a49779ad093d",
      "image_72": "https://avatars.slack-edge.com/2022-08-22/3994045204528_a49779ad093d4fc39a87_72.jpg",
      "first_name": "Katherine",
      "real_name": "Katherine Foster",
      "display_name": "Katherine Foster",
      "team": "T03U4J8HMUG",
      "name": "Katherine",
      "is_restricted": false,
      "is_ultra_restricted": false
    },
    "thread_ts": "1661523747.193249",
    "reply_count": 1,
    "reply_users_count": 1,
    "latest_reply": "1661524727.649399",
    "reply_users": [
      "U03U1FNPEUX"
    ],
    "replies": [
      {
        "user": "U03U1FNPEUX",
        "ts": "1661524727.649399"
      }
    ],
    "is_locked": false,
    "subscribed": false
  },
  {
    "client_msg_id": "8e3979c6-d03b-4729-a0a3-011c7ae209b7",
    "type": "message",
    "text": "oh okay",
    "user": "U03U1FNPEUX",
    "ts": "1661524727.649399",
    "blocks": [
      {
        "type": "rich_text",
        "block_id": "cZQ",
        "elements": [
          {
            "type": "rich_text_section",
            "elements": [
              {
                "type": "text",
                "text": "oh okay"
              }
            ]
          }
        ]
      }
    ],
    "team": "T03U4J8HMUG",
    "user_team": "T03U4J8HMUG",
    "source_team": "T03U4J8HMUG",
    "user_profile": {
      "avatar_hash": "37a12a7dbb92",
      "image_72": "https://avatars.slack-edge.com/2022-09-09/4058043481011_37a12a7dbb926b2c9c86_72.png",
      "first_name": "Joshua",
      "real_name": "Joshua Rhodes",
      "display_name": "Joshua Rhodes",
      "team": "T03U4J8HMUG",
      "name": "Joshua",
      "is_restricted": false,
      "is_ultra_restricted": false
    },
    "thread_ts": "1661523747.193249",
    "parent_user_id": "U03U93GNNVB"
  },
  {
    "client_msg_id": "d6b41b6c-3227-4263-9e6e-d8adb574da91",
    "type": "message",
    "text": "basically its the GitHub repo link, as I understand",
    "user": "U03UVHCV6KB",
    "ts": "1661525474.055749",
    "blocks": [
      {
        "type": "rich_text",
        "block_id": "Iu9",
        "elements": [
          {
            "type": "rich_text_section",
            "elements": [
              {
                "type": "text",
                "text": "basically its the GitHub repo link, as I understand"
              }
            ]
          }
        ]
      }
    ],
    "team": "T03U4J8HMUG",
    "user_team": "T03U4J8HMUG",
    "source_team": "T03U4J8HMUG",
    "user_profile": {
      "avatar_hash": "gc9619121f99",
      "image_72": "https://secure.gravatar.com/avatar/c9619121f998ee4a7e46177f2a5729de.jpg?s=72&d=https%3A%2F%2Fa.slack-edge.com%2Fdf10d%2Fimg%2Favatars%2Fava_0002-72.png",
      "first_name": "Travis",
      "real_name": "Travis Butler",
      "display_name": "Travis Butler",
      "team": "T03U4J8HMUG",
      "name": "Travis",
      "is_restricted": false,
      "is_ultra_restricted": false
    },
    "thread_ts": "1661523625.707279",
    "parent_user_id": "U03U1FNPEUX"
  },
  {
    "client_msg_id": "b8fac1ee-f3f2-4d6d-af9a-1d4a1058f6a2",
    "type": "message",
    "text": "but maybe we should \"cd notebooks\" then attach link?",
    "user": "U03U1FNPEUX",
    "ts": "1661525536.538729",
    "blocks": [
      {
        "type": "rich_text",
        "block_id": "GHaf",
        "elements": [
          {
            "type": "rich_text_section",
            "elements": [
              {
                "type": "text",
                "text": "but maybe we should \"cd notebooks\" then attach link?"
              }
            ]
          }
        ]
      }
    ],
    "team": "T03U4J8HMUG",
    "user_team": "T03U4J8HMUG",
    "source_team": "T03U4J8HMUG",
    "user_profile": {
      "avatar_hash": "37a12a7dbb92",
      "image_72": "https://avatars.slack-edge.com/2022-09-09/4058043481011_37a12a7dbb926b2c9c86_72.png",
      "first_name": "Joshua",
      "real_name": "Joshua Rhodes",
      "display_name": "Joshua Rhodes",
      "team": "T03U4J8HMUG",
      "name": "Joshua",
      "is_restricted": false,
      "is_ultra_restricted": false
    },
    "edited": {
      "user": "U03U1FNPEUX",
      "ts": "1661525554.000000"
    },
    "thread_ts": "1661523625.707279",
    "parent_user_id": "U03U1FNPEUX"
  },
  {
    "client_msg_id": "2c461674-e1b3-44fb-ae09-3beaaa2f358b",
    "type": "message",
    "text": "the data analysis and coding one is the main GitHub link",
    "user": "U03UVHCV6KB",
    "ts": "1661525619.512679",
    "blocks": [
      {
        "type": "rich_text",
        "block_id": "KqQd",
        "elements": [
          {
            "type": "rich_text_section",
            "elements": [
              {
                "type": "text",
                "text": "the data analysis and coding one is the main GitHub link"
              }
            ]
          }
        ]
      }
    ],
    "team": "T03U4J8HMUG",
    "user_team": "T03U4J8HMUG",
    "source_team": "T03U4J8HMUG",
    "user_profile": {
      "avatar_hash": "gc9619121f99",
      "image_72": "https://secure.gravatar.com/avatar/c9619121f998ee4a7e46177f2a5729de.jpg?s=72&d=https%3A%2F%2Fa.slack-edge.com%2Fdf10d%2Fimg%2Favatars%2Fava_0002-72.png",
      "first_name": "Travis",
      "real_name": "Travis Butler",
      "display_name": "Travis Butler",
      "team": "T03U4J8HMUG",
      "name": "Travis",
      "is_restricted": false,
      "is_ultra_restricted": false
    },
    "thread_ts": "1661523625.707279",
    "parent_user_id": "U03U1FNPEUX"
  },
  {
    "client_msg_id": "93878020-e6be-4fad-b032-a7dcf97ba231",
    "type": "message",
    "text": "the other one about dashboard is for the dashboard we are going to develop",
    "user": "U03UVHCV6KB",
    "ts": "1661525641.983699",
    "blocks": [
      {
        "type": "rich_text",
        "block_id": "fcyPd",
        "elements": [
          {
            "type": "rich_text_section",
            "elements": [
              {
                "type": "text",
                "text": "the other one about dashboard is for the dashboard we are going to develop"
              }
            ]
          }
        ]
      }
    ],
    "team": "T03U4J8HMUG",
    "user_team": "T03U4J8HMUG",
    "source_team": "T03U4J8HMUG",
    "user_profile": {
      "avatar_hash": "gc9619121f99",
      "image_72": "https://secure.gravatar.com/avatar/c9619121f998ee4a7e46177f2a5729de.jpg?s=72&d=https%3A%2F%2Fa.slack-edge.com%2Fdf10d%2Fimg%2Favatars%2Fava_0002-72.png",
      "first_name": "Travis",
      "real_name": "Travis Butler",
      "display_name": "Travis Butler",
      "team": "T03U4J8HMUG",
      "name": "Travis",
      "is_restricted": false,
      "is_ultra_restricted": false
    },
    "thread_ts": "1661523625.707279",
    "parent_user_id": "U03U1FNPEUX"
  },
  {
    "client_msg_id": "93f3d791-7aef-414f-9250-abf6d460b75b",
    "type": "message",
    "text": "I think",
    "user": "U03UVHCV6KB",
    "ts": "1661525644.168239",
    "blocks": [
      {
        "type": "rich_text",
        "block_id": "ezP7",
        "elements": [
          {
            "type": "rich_text_section",
            "elements": [
              {
                "type": "text",
                "text": "I think"
              }
            ]
          }
        ]
      }
    ],
    "team": "T03U4J8HMUG",
    "user_team": "T03U4J8HMUG",
    "source_team": "T03U4J8HMUG",
    "user_profile": {
      "avatar_hash": "gc9619121f99",
      "image_72": "https://secure.gravatar.com/avatar/c9619121f998ee4a7e46177f2a5729de.jpg?s=72&d=https%3A%2F%2Fa.slack-edge.com%2Fdf10d%2Fimg%2Favatars%2Fava_0002-72.png",
      "first_name": "Travis",
      "real_name": "Travis Butler",
      "display_name": "Travis Butler",
      "team": "T03U4J8HMUG",
      "name": "Travis",
      "is_restricted": false,
      "is_ultra_restricted": false
    },
    "thread_ts": "1661523625.707279",
    "parent_user_id": "U03U1FNPEUX"
  },
  {
    "client_msg_id": "22ee4cc7-e2f4-481e-b9ed-8aad70e52826",
    "type": "message",
    "text": "nice. thanks",
    "user": "U03U1FNPEUX",
    "ts": "1661525673.863619",
    "blocks": [
      {
        "type": "rich_text",
        "block_id": "TCc",
        "elements": [
          {
            "type": "rich_text_section",
            "elements": [
              {
                "type": "text",
                "text": "nice. thanks"
              }
            ]
          }
        ]
      }
    ],
    "team": "T03U4J8HMUG",
    "user_team": "T03U4J8HMUG",
    "source_team": "T03U4J8HMUG",
    "user_profile": {
      "avatar_hash": "37a12a7dbb92",
      "image_72": "https://avatars.slack-edge.com/2022-09-09/4058043481011_37a12a7dbb926b2c9c86_72.png",
      "first_name": "Joshua",
      "real_name": "Joshua Rhodes",
      "display_name": "Joshua Rhodes",
      "team": "T03U4J8HMUG",
      "name": "Joshua",
      "is_restricted": false,
      "is_ultra_restricted": false
    },
    "thread_ts": "1661523625.707279",
    "parent_user_id": "U03U1FNPEUX"
  }
]