[
  {
    "client_msg_id": "240ebe1a-1a4f-49de-bc11-f7b4596ca4f4",
    "type": "message",
    "text": "I think week 1 score isn't uploaded",
    "user": "U03UG0YHAUT",
    "ts": "1661752632.912279",
    "blocks": [
      {
        "type": "rich_text",
        "block_id": "78V",
        "elements": [
          {
            "type": "rich_text_section",
            "elements": [
              {
                "type": "text",
                "text": "I think week 1 score isn't uploaded"
              }
            ]
          }
        ]
      }
    ],
    "team": "T03U4J8HMUG",
    "user_team": "T03U4J8HMUG",
    "source_team": "T03U4J8HMUG",
    "user_profile": {
      "avatar_hash": "e7b0c8269999",
      "image_72": "https://avatars.slack-edge.com/2022-09-20/4099393715542_e7b0c82699998d3b3ade_72.jpg",
      "first_name": "Daniel",
      "real_name": "Daniel Brown",
      "display_name": "Daniel Brown",
      "team": "T03U4J8HMUG",
      "name": "Daniel",
      "is_restricted": false,
      "is_ultra_restricted": false
    },
    "thread_ts": "1661628729.184579",
    "parent_user_id": "U03UJGRN5E0"
  }
]