[
  {
    "client_msg_id": "3d6264e7-f87e-43b8-8e17-889236d37f76",
    "type": "message",
    "text": "Hello, I am struggling to upload my presentation and report but can't yet. What  could be the problem? <@U03TEPYRM2P>",
    "user": "U03V5Q9N516",
    "ts": "1665860156.152649",
    "blocks": [
      {
        "type": "rich_text",
        "block_id": "QcZ",
        "elements": [
          {
            "type": "rich_text_section",
            "elements": [
              {
                "type": "text",
                "text": "Hello, I am struggling to upload my presentation and report but can't yet. What  could be the problem? "
              },
              {
                "type": "user",
                "user_id": "U03TEPYRM2P"
              }
            ]
          }
        ]
      }
    ],
    "team": "T03U4J8HMUG",
    "user_team": "T03U4J8HMUG",
    "source_team": "T03U4J8HMUG",
    "user_profile": {
      "avatar_hash": "g164928c3a69",
      "image_72": "https://secure.gravatar.com/avatar/164928c3a69af29d42a5e90b928e2f71.jpg?s=72&d=https%3A%2F%2Fa.slack-edge.com%2Fdf10d%2Fimg%2Favatars%2Fava_0010-72.png",
      "first_name": "Debra",
      "real_name": "Debra Lawrence",
      "display_name": "Debra Lawrence",
      "team": "T03U4J8HMUG",
      "name": "Debra",
      "is_restricted": false,
      "is_ultra_restricted": false
    },
    "thread_ts": "1665860156.152649",
    "reply_count": 1,
    "reply_users_count": 1,
    "latest_reply": "1665861034.737979",
    "reply_users": [
      "U03TEPYRM2P"
    ],
    "replies": [
      {
        "user": "U03TEPYRM2P",
        "ts": "1665861034.737979"
      }
    ],
    "is_locked": false,
    "subscribed": true,
    "last_read": "1665861034.737979"
  },
  {
    "client_msg_id": "831fbee5-11ad-4d08-aae8-362b3fefcb0e",
    "type": "message",
    "text": "Size of file limited?",
    "user": "U03V5Q9N516",
    "ts": "1665860258.137869",
    "blocks": [
      {
        "type": "rich_text",
        "block_id": "s1wY",
        "elements": [
          {
            "type": "rich_text_section",
            "elements": [
              {
                "type": "text",
                "text": "Size of file limited?"
              }
            ]
          }
        ]
      }
    ],
    "team": "T03U4J8HMUG",
    "user_team": "T03U4J8HMUG",
    "source_team": "T03U4J8HMUG",
    "user_profile": {
      "avatar_hash": "g164928c3a69",
      "image_72": "https://secure.gravatar.com/avatar/164928c3a69af29d42a5e90b928e2f71.jpg?s=72&d=https%3A%2F%2Fa.slack-edge.com%2Fdf10d%2Fimg%2Favatars%2Fava_0010-72.png",
      "first_name": "Debra",
      "real_name": "Debra Lawrence",
      "display_name": "Debra Lawrence",
      "team": "T03U4J8HMUG",
      "name": "Debra",
      "is_restricted": false,
      "is_ultra_restricted": false
    }
  },
  {
    "client_msg_id": "895f0b38-8e3e-4510-bcbd-bca0245a2695",
    "type": "message",
    "text": "<@U03UDBUL7CL>",
    "user": "U03V5Q9N516",
    "ts": "1665860264.891909",
    "blocks": [
      {
        "type": "rich_text",
        "block_id": "iQk",
        "elements": [
          {
            "type": "rich_text_section",
            "elements": [
              {
                "type": "user",
                "user_id": "U03UDBUL7CL"
              }
            ]
          }
        ]
      }
    ],
    "team": "T03U4J8HMUG",
    "user_team": "T03U4J8HMUG",
    "source_team": "T03U4J8HMUG",
    "user_profile": {
      "avatar_hash": "g164928c3a69",
      "image_72": "https://secure.gravatar.com/avatar/164928c3a69af29d42a5e90b928e2f71.jpg?s=72&d=https%3A%2F%2Fa.slack-edge.com%2Fdf10d%2Fimg%2Favatars%2Fava_0010-72.png",
      "first_name": "Debra",
      "real_name": "Debra Lawrence",
      "display_name": "Debra Lawrence",
      "team": "T03U4J8HMUG",
      "name": "Debra",
      "is_restricted": false,
      "is_ultra_restricted": false
    }
  },
  {
    "client_msg_id": "ED0A17E6-1DE4-457F-9BB5-6BB863266C37",
    "type": "message",
    "text": "You can check your network. Try to close the classroom and try again. ",
    "user": "U03TEPYRM2P",
    "ts": "1665861034.737979",
    "blocks": [
      {
        "type": "rich_text",
        "block_id": "Tpo",
        "elements": [
          {
            "type": "rich_text_section",
            "elements": [
              {
                "type": "text",
                "text": "You can "
              },
              {
                "type": "text",
                "text": "check your network."
              },
              {
                "type": "text",
                "text": " Try to close "
              },
              {
                "type": "text",
                "text": "the classroom"
              },
              {
                "type": "text",
                "text": " and try "
              },
              {
                "type": "text",
                "text": "again."
              },
              {
                "type": "text",
                "text": " "
              }
            ]
          }
        ]
      }
    ],
    "team": "T03U4J8HMUG",
    "user_team": "T03U4J8HMUG",
    "source_team": "T03U4J8HMUG",
    "user_profile": {
      "avatar_hash": "f113df20f89c",
      "image_72": "https://avatars.slack-edge.com/2022-08-23/3977820714178_f113df20f89c894062b4_72.jpg",
      "first_name": "Garrett",
      "real_name": "Garrett Bell",
      "display_name": "Garrett Bell",
      "team": "T03U4J8HMUG",
      "name": "Garrett",
      "is_restricted": false,
      "is_ultra_restricted": false
    },
    "thread_ts": "1665860156.152649",
    "parent_user_id": "U03V5Q9N516"
  }
]