[
  {
    "client_msg_id": "3e39a045-e380-40c3-a76f-c13480538102",
    "type": "message",
    "text": "@channel Week 1 best submissions issue have been fixed you can check and learn more.",
    "user": "U03UDBUL7CL",
    "ts": "1661955073.663599",
    "blocks": [
      {
        "type": "rich_text",
        "block_id": "h3H9",
        "elements": [
          {
            "type": "rich_text_section",
            "elements": [
              {
                "type": "text",
                "text": "@channel Week 1 best submissions issue have been fixed you can check and learn more."
              }
            ]
          }
        ]
      }
    ],
    "team": "T03U4J8HMUG",
    "user_team": "T03U4J8HMUG",
    "source_team": "T03U4J8HMUG",
    "user_profile": {
      "avatar_hash": "4ede570306fd",
      "image_72": "https://avatars.slack-edge.com/2022-08-19/3956338511254_4ede570306fd108b8928_72.png",
      "first_name": "Patricia",
      "real_name": "Patricia Thomas",
      "display_name": "Patricia Thomas",
      "team": "T03U4J8HMUG",
      "name": "Patricia",
      "is_restricted": false,
      "is_ultra_restricted": false
    },
    "thread_ts": "1661761407.846619",
    "parent_user_id": "U03UJGP0C68",
    "reactions": [
      {
        "name": "+1",
        "users": [
          "U03UFV7HFNF",
          "U03UJGP0C68"
        ],
        "count": 2
      }
    ]
  },
  {
    "client_msg_id": "492a3754-4e8c-4b72-8625-0406533ee69d",
    "type": "message",
    "text": "I've file the form to fetch hackerank user info. I would like to know if there is something to submit apart of filling the form.",
    "user": "U03UH397319",
    "ts": "1661973018.090829",
    "blocks": [
      {
        "type": "rich_text",
        "block_id": "whg+c",
        "elements": [
          {
            "type": "rich_text_section",
            "elements": [
              {
                "type": "text",
                "text": "I've file the form to fetch hackerank user info. I would like to know if there is something to submit apart of filling the form."
              }
            ]
          }
        ]
      }
    ],
    "team": "T03U4J8HMUG",
    "user_team": "T03U4J8HMUG",
    "source_team": "T03U4J8HMUG",
    "user_profile": {
      "avatar_hash": "gc7c2fbea497",
      "image_72": "https://secure.gravatar.com/avatar/c7c2fbea4976d191e3ad19004e067c11.jpg?s=72&d=https%3A%2F%2Fa.slack-edge.com%2Fdf10d%2Fimg%2Favatars%2Fava_0014-72.png",
      "first_name": "Brenda",
      "real_name": "Brenda Hernandez",
      "display_name": "Brenda Hernandez",
      "team": "T03U4J8HMUG",
      "name": "Brenda",
      "is_restricted": false,
      "is_ultra_restricted": false
    }
  },
  {
    "type": "message",
    "text": "I think that's supposed to be Thursday",
    "files": [
      {
        "id": "F040EH85LB0",
        "created": 1662013413,
        "timestamp": 1662013413,
        "name": "IMG_20220901_072115_842~2.jpg",
        "title": "IMG_20220901_072115_842~2.jpg",
        "mimetype": "image/jpeg",
        "filetype": "jpg",
        "pretty_type": "JPEG",
        "user": "U03UJN29Y4C",
        "user_team": "T03U4J8HMUG",
        "editable": false,
        "size": 183500,
        "mode": "hosted",
        "is_external": false,
        "external_type": "",
        "is_public": true,
        "public_url_shared": false,
        "display_as_bot": false,
        "username": "",
        "url_private": "https://files.slack.com/files-pri/T03U4J8HMUG-F040EH85LB0/img_20220901_072115_842_2.jpg?t=xoxe-3956620599968-6240746766294-6247387524178-110fc6768eefd7fcb909c4550875ed49",
        "url_private_download": "https://files.slack.com/files-pri/T03U4J8HMUG-F040EH85LB0/download/img_20220901_072115_842_2.jpg?t=xoxe-3956620599968-6240746766294-6247387524178-110fc6768eefd7fcb909c4550875ed49",
        "media_display_type": "unknown",
        "thumb_64": "https://files.slack.com/files-tmb/T03U4J8HMUG-F040EH85LB0-ef6bccf8e2/img_20220901_072115_842_2_64.jpg?t=xoxe-3956620599968-6240746766294-6247387524178-110fc6768eefd7fcb909c4550875ed49",
        "thumb_80": "https://files.slack.com/files-tmb/T03U4J8HMUG-F040EH85LB0-ef6bccf8e2/img_20220901_072115_842_2_80.jpg?t=xoxe-3956620599968-6240746766294-6247387524178-110fc6768eefd7fcb909c4550875ed49",
        "thumb_360": "https://files.slack.com/files-tmb/T03U4J8HMUG-F040EH85LB0-ef6bccf8e2/img_20220901_072115_842_2_360.jpg?t=xoxe-3956620599968-6240746766294-6247387524178-110fc6768eefd7fcb909c4550875ed49",
        "thumb_360_w": 360,
        "thumb_360_h": 210,
        "thumb_480": "https://files.slack.com/files-tmb/T03U4J8HMUG-F040EH85LB0-ef6bccf8e2/img_20220901_072115_842_2_480.jpg?t=xoxe-3956620599968-6240746766294-6247387524178-110fc6768eefd7fcb909c4550875ed49",
        "thumb_480_w": 480,
        "thumb_480_h": 279,
        "thumb_160": "https://files.slack.com/files-tmb/T03U4J8HMUG-F040EH85LB0-ef6bccf8e2/img_20220901_072115_842_2_160.jpg?t=xoxe-3956620599968-6240746766294-6247387524178-110fc6768eefd7fcb909c4550875ed49",
        "thumb_720": "https://files.slack.com/files-tmb/T03U4J8HMUG-F040EH85LB0-ef6bccf8e2/img_20220901_072115_842_2_720.jpg?t=xoxe-3956620599968-6240746766294-6247387524178-110fc6768eefd7fcb909c4550875ed49",
        "thumb_720_w": 720,
        "thumb_720_h": 419,
        "thumb_800": "https://files.slack.com/files-tmb/T03U4J8HMUG-F040EH85LB0-ef6bccf8e2/img_20220901_072115_842_2_800.jpg?t=xoxe-3956620599968-6240746766294-6247387524178-110fc6768eefd7fcb909c4550875ed49",
        "thumb_800_w": 800,
        "thumb_800_h": 466,
        "thumb_960": "https://files.slack.com/files-tmb/T03U4J8HMUG-F040EH85LB0-ef6bccf8e2/img_20220901_072115_842_2_960.jpg?t=xoxe-3956620599968-6240746766294-6247387524178-110fc6768eefd7fcb909c4550875ed49",
        "thumb_960_w": 960,
        "thumb_960_h": 559,
        "thumb_1024": "https://files.slack.com/files-tmb/T03U4J8HMUG-F040EH85LB0-ef6bccf8e2/img_20220901_072115_842_2_1024.jpg?t=xoxe-3956620599968-6240746766294-6247387524178-110fc6768eefd7fcb909c4550875ed49",
        "thumb_1024_w": 1024,
        "thumb_1024_h": 596,
        "original_w": 1685,
        "original_h": 981,
        "thumb_tiny": "AwAbADCYU8EetRjpTx9KQC5HrRR+FIMt045phYWg9Ka2VGc/gacelAWIgeKcPxqNakFADx+NBHfn8KQU6gBMAGig0h6UAf/Z",
        "permalink": "https://10academybatch6.slack.com/files/U03UJN29Y4C/F040EH85LB0/img_20220901_072115_842_2.jpg",
        "permalink_public": "https://slack-files.com/T03U4J8HMUG-F040EH85LB0-ee314e8a83",
        "is_starred": false,
        "has_rich_preview": false,
        "file_access": "visible"
      }
    ],
    "upload": false,
    "user": "U03UJN29Y4C",
    "display_as_bot": false,
    "ts": "1662013432.237929",
    "blocks": [
      {
        "type": "rich_text",
        "block_id": "27/6",
        "elements": [
          {
            "type": "rich_text_section",
            "elements": [
              {
                "type": "text",
                "text": "I think that's supposed to be Thursday"
              }
            ]
          }
        ]
      }
    ],
    "client_msg_id": "c3910f17-ce3d-42bd-8a69-a1ceb787fb89",
    "thread_ts": "1662013432.237929",
    "reply_count": 5,
    "reply_users_count": 4,
    "latest_reply": "1662097265.650759",
    "reply_users": [
      "U03UG1Z21JP",
      "U03TEPYRM2P",
      "U03UJN29Y4C",
      "U03U93GNNVB"
    ],
    "replies": [
      {
        "user": "U03UG1Z21JP",
        "ts": "1662020282.351809"
      },
      {
        "user": "U03TEPYRM2P",
        "ts": "1662022074.465639"
      },
      {
        "user": "U03TEPYRM2P",
        "ts": "1662022510.671029"
      },
      {
        "user": "U03UJN29Y4C",
        "ts": "1662023823.469129"
      },
      {
        "user": "U03U93GNNVB",
        "ts": "1662097265.650759"
      }
    ],
    "is_locked": false,
    "subscribed": true,
    "last_read": "1662097265.650759"
  }
]