[
  {
    "client_msg_id": "07f61a84-8315-4e19-9116-51d2f73729e6",
    "type": "message",
    "text": "I noticed that too",
    "user": "U03UG1Z21JP",
    "ts": "1662020282.351809",
    "blocks": [
      {
        "type": "rich_text",
        "block_id": "qri",
        "elements": [
          {
            "type": "rich_text_section",
            "elements": [
              {
                "type": "text",
                "text": "I noticed that too"
              }
            ]
          }
        ]
      }
    ],
    "team": "T03U4J8HMUG",
    "user_team": "T03U4J8HMUG",
    "source_team": "T03U4J8HMUG",
    "user_profile": {
      "avatar_hash": "a1d3d501dd5d",
      "image_72": "https://avatars.slack-edge.com/2022-08-20/3961568205638_a1d3d501dd5d3f7ebea3_72.jpg",
      "first_name": "Jennifer",
      "real_name": "Jennifer Foley",
      "display_name": "Jennifer Foley",
      "team": "T03U4J8HMUG",
      "name": "Jennifer",
      "is_restricted": false,
      "is_ultra_restricted": false
    },
    "thread_ts": "1662013432.237929",
    "parent_user_id": "U03UJN29Y4C"
  },
  {
    "client_msg_id": "9c0bcf7e-9c72-4760-8591-e7b9e6a32996",
    "type": "message",
    "text": "where did you take this screenshot please?",
    "user": "U03TEPYRM2P",
    "ts": "1662022074.465639",
    "blocks": [
      {
        "type": "rich_text",
        "block_id": "3T61",
        "elements": [
          {
            "type": "rich_text_section",
            "elements": [
              {
                "type": "text",
                "text": "where did you take this screenshot please?"
              }
            ]
          }
        ]
      }
    ],
    "team": "T03U4J8HMUG",
    "user_team": "T03U4J8HMUG",
    "source_team": "T03U4J8HMUG",
    "user_profile": {
      "avatar_hash": "f113df20f89c",
      "image_72": "https://avatars.slack-edge.com/2022-08-23/3977820714178_f113df20f89c894062b4_72.jpg",
      "first_name": "Garrett",
      "real_name": "Garrett Bell",
      "display_name": "Garrett Bell",
      "team": "T03U4J8HMUG",
      "name": "Garrett",
      "is_restricted": false,
      "is_ultra_restricted": false
    },
    "thread_ts": "1662013432.237929",
    "parent_user_id": "U03UJN29Y4C"
  },
  {
    "client_msg_id": "fc403ca0-2bf8-44c4-839d-62eb124e988e",
    "type": "message",
    "text": "<@U03UJN29Y4C>",
    "user": "U03TEPYRM2P",
    "ts": "1662022510.671029",
    "blocks": [
      {
        "type": "rich_text",
        "block_id": "necJf",
        "elements": [
          {
            "type": "rich_text_section",
            "elements": [
              {
                "type": "user",
                "user_id": "U03UJN29Y4C"
              }
            ]
          }
        ]
      }
    ],
    "team": "T03U4J8HMUG",
    "user_team": "T03U4J8HMUG",
    "source_team": "T03U4J8HMUG",
    "user_profile": {
      "avatar_hash": "f113df20f89c",
      "image_72": "https://avatars.slack-edge.com/2022-08-23/3977820714178_f113df20f89c894062b4_72.jpg",
      "first_name": "Garrett",
      "real_name": "Garrett Bell",
      "display_name": "Garrett Bell",
      "team": "T03U4J8HMUG",
      "name": "Garrett",
      "is_restricted": false,
      "is_ultra_restricted": false
    },
    "thread_ts": "1662013432.237929",
    "parent_user_id": "U03UJN29Y4C"
  },
  {
    "client_msg_id": "d97cebf1-4c01-46ad-8df8-83690b153fa2",
    "type": "message",
    "text": "i saw it here <https://www.notion.so/10academy/fbb7cd301a7948b698d9953fdeeb414d?v=2f9f37e628e0452681e4a19cd9d4755c>",
    "user": "U03UJN29Y4C",
    "ts": "1662023823.469129",
    "blocks": [
      {
        "type": "rich_text",
        "block_id": "jTt8Y",
        "elements": [
          {
            "type": "rich_text_section",
            "elements": [
              {
                "type": "text",
                "text": "i saw it here "
              },
              {
                "type": "link",
                "url": "https://www.notion.so/10academy/fbb7cd301a7948b698d9953fdeeb414d?v=2f9f37e628e0452681e4a19cd9d4755c"
              }
            ]
          }
        ]
      }
    ],
    "team": "T03U4J8HMUG",
    "user_team": "T03U4J8HMUG",
    "source_team": "T03U4J8HMUG",
    "user_profile": {
      "avatar_hash": "9bf024280cf1",
      "image_72": "https://avatars.slack-edge.com/2022-10-08/4190947116101_9bf024280cf14dffb003_72.jpg",
      "first_name": "Michelle",
      "real_name": "Michelle Lewis",
      "display_name": "Michelle Lewis",
      "team": "T03U4J8HMUG",
      "name": "Michelle",
      "is_restricted": false,
      "is_ultra_restricted": false
    },
    "attachments": [
      {
        "from_url": "https://www.notion.so/10academy/fbb7cd301a7948b698d9953fdeeb414d?v=2f9f37e628e0452681e4a19cd9d4755c",
        "image_url": "https://www.notion.so/image/https%3A%2F%2Fwww.notion.so%2Fimages%2Fpage-cover%2Fnasa_earth_grid.jpg?table=collection&id=287b88cb-cfdc-4ce2-ae09-36fc4117d5ea&spaceId=106c421d-e3c3-4f2d-a11e-44e044358d74&width=2000&userId=&cache=v2",
        "image_width": 376,
        "image_height": 250,
        "image_bytes": 171698,
        "service_icon": "https://www.notion.so/images/favicon.ico",
        "id": 1,
        "original_url": "https://www.notion.so/10academy/fbb7cd301a7948b698d9953fdeeb414d?v=2f9f37e628e0452681e4a19cd9d4755c",
        "fallback": "10 Academy on Notion: 10 Academy - Batch 6 - Week 2 - Schedule",
        "text": "A new tool for teams &amp; individuals that blends everyday work apps into one.",
        "title": "10 Academy - Batch 6 - Week 2 - Schedule",
        "title_link": "https://www.notion.so/10academy/fbb7cd301a7948b698d9953fdeeb414d?v=2f9f37e628e0452681e4a19cd9d4755c",
        "service_name": "10 Academy on Notion"
      }
    ],
    "thread_ts": "1662013432.237929",
    "parent_user_id": "U03UJN29Y4C"
  },
  {
    "type": "message",
    "subtype": "tombstone",
    "text": "This message was deleted.",
    "user": "USLACKBOT",
    "hidden": true,
    "ts": "1662045970.903379",
    "thread_ts": "1662045970.903379",
    "parent_user_id": "USLACKBOT",
    "reply_count": 3,
    "reply_users_count": 3,
    "latest_reply": "1662046052.802009",
    "reply_users": [
      "U03T89ACUUW",
      "U03V5Q9N516",
      "U03UUR571A5"
    ],
    "replies": [
      {
        "user": "U03T89ACUUW",
        "ts": "1662046018.843889"
      },
      {
        "user": "U03V5Q9N516",
        "ts": "1662046049.698619"
      },
      {
        "user": "U03UUR571A5",
        "ts": "1662046052.802009"
      }
    ],
    "is_locked": false,
    "subscribed": false
  },
  {
    "client_msg_id": "1f87f3a6-9af1-496d-9fe4-5e739152864e",
    "type": "message",
    "text": "<@U03V5Q9N516> can you ask that in <#C03V9GFAVUN|all-week2> channel?",
    "user": "U03T89ACUUW",
    "ts": "1662046018.843889",
    "blocks": [
      {
        "type": "rich_text",
        "block_id": "bTVXM",
        "elements": [
          {
            "type": "rich_text_section",
            "elements": [
              {
                "type": "user",
                "user_id": "U03V5Q9N516"
              },
              {
                "type": "text",
                "text": " can you ask that in "
              },
              {
                "type": "channel",
                "channel_id": "C03V9GFAVUN"
              },
              {
                "type": "text",
                "text": " channel?"
              }
            ]
          }
        ]
      }
    ],
    "team": "T03U4J8HMUG",
    "user_team": "T03U4J8HMUG",
    "source_team": "T03U4J8HMUG",
    "user_profile": {
      "avatar_hash": "5d532c004550",
      "image_72": "https://avatars.slack-edge.com/2022-08-23/3979962953108_5d532c00455016e7842d_72.jpg",
      "first_name": "Carlos",
      "real_name": "Carlos Gross",
      "display_name": "Carlos Gross",
      "team": "T03U4J8HMUG",
      "name": "Carlos",
      "is_restricted": false,
      "is_ultra_restricted": false
    },
    "thread_ts": "1662045970.903379",
    "parent_user_id": "USLACKBOT"
  },
  {
    "client_msg_id": "5b6bc217-e30c-4db4-898e-44de7b162611",
    "type": "message",
    "text": "Ok",
    "user": "U03V5Q9N516",
    "ts": "1662046049.698619",
    "blocks": [
      {
        "type": "rich_text",
        "block_id": "Kbz",
        "elements": [
          {
            "type": "rich_text_section",
            "elements": [
              {
                "type": "text",
                "text": "Ok"
              }
            ]
          }
        ]
      }
    ],
    "team": "T03U4J8HMUG",
    "user_team": "T03U4J8HMUG",
    "source_team": "T03U4J8HMUG",
    "user_profile": {
      "avatar_hash": "g164928c3a69",
      "image_72": "https://secure.gravatar.com/avatar/164928c3a69af29d42a5e90b928e2f71.jpg?s=72&d=https%3A%2F%2Fa.slack-edge.com%2Fdf10d%2Fimg%2Favatars%2Fava_0010-72.png",
      "first_name": "Debra",
      "real_name": "Debra Lawrence",
      "display_name": "Debra Lawrence",
      "team": "T03U4J8HMUG",
      "name": "Debra",
      "is_restricted": false,
      "is_ultra_restricted": false
    },
    "thread_ts": "1662045970.903379",
    "parent_user_id": "USLACKBOT"
  },
  {
    "client_msg_id": "e8c57fa1-8dd4-48b3-97f5-8a36a6c74dfe",
    "type": "message",
    "text": "Group by browser and version it appropriately",
    "user": "U03UUR571A5",
    "ts": "1662046052.802009",
    "blocks": [
      {
        "type": "rich_text",
        "block_id": "VbgM",
        "elements": [
          {
            "type": "rich_text_section",
            "elements": [
              {
                "type": "text",
                "text": "Group by browser and version it appropriately"
              }
            ]
          }
        ]
      }
    ],
    "team": "T03U4J8HMUG",
    "user_team": "T03U4J8HMUG",
    "source_team": "T03U4J8HMUG",
    "user_profile": {
      "avatar_hash": "g95c5cde44bc",
      "image_72": "https://secure.gravatar.com/avatar/95c5cde44bc023bd369920b7e1ed0c94.jpg?s=72&d=https%3A%2F%2Fa.slack-edge.com%2Fdf10d%2Fimg%2Favatars%2Fava_0017-72.png",
      "first_name": "Amy",
      "real_name": "Amy Leon",
      "display_name": "Amy Leon",
      "team": "T03U4J8HMUG",
      "name": "Amy",
      "is_restricted": false,
      "is_ultra_restricted": false
    },
    "thread_ts": "1662045970.903379",
    "parent_user_id": "USLACKBOT"
  },
  {
    "client_msg_id": "baed0798-f001-4c78-9f52-34b54af2338c",
    "type": "message",
    "text": "<@U03TEPYRM2P>",
    "user": "U03U93GNNVB",
    "ts": "1662097265.650759",
    "blocks": [
      {
        "type": "rich_text",
        "block_id": "r2V",
        "elements": [
          {
            "type": "rich_text_section",
            "elements": [
              {
                "type": "user",
                "user_id": "U03TEPYRM2P"
              }
            ]
          }
        ]
      }
    ],
    "team": "T03U4J8HMUG",
    "user_team": "T03U4J8HMUG",
    "source_team": "T03U4J8HMUG",
    "user_profile": {
      "avatar_hash": "a49779ad093d",
      "image_72": "https://avatars.slack-edge.com/2022-08-22/3994045204528_a49779ad093d4fc39a87_72.jpg",
      "first_name": "Katherine",
      "real_name": "Katherine Foster",
      "display_name": "Katherine Foster",
      "team": "T03U4J8HMUG",
      "name": "Katherine",
      "is_restricted": false,
      "is_ultra_restricted": false
    },
    "thread_ts": "1662013432.237929",
    "parent_user_id": "U03UJN29Y4C"
  }
]