[
  {
    "client_msg_id": "c6f96765-6f26-450c-962f-41364936295d",
    "type": "message",
    "text": "<@U03TEPYRM2P> when will today's sessions be posted. Light was out the whole day and i couldn't attend the sessions.",
    "user": "U03UG4Q7V42",
    "ts": "1662397522.743609",
    "blocks": [
      {
        "type": "rich_text",
        "block_id": "8Wv+p",
        "elements": [
          {
            "type": "rich_text_section",
            "elements": [
              {
                "type": "user",
                "user_id": "U03TEPYRM2P"
              },
              {
                "type": "text",
                "text": " when will today's sessions be posted. Light was out the whole day and i couldn't attend the sessions."
              }
            ]
          }
        ]
      }
    ],
    "team": "T03U4J8HMUG",
    "user_team": "T03U4J8HMUG",
    "source_team": "T03U4J8HMUG",
    "user_profile": {
      "avatar_hash": "5bc346a85286",
      "image_72": "https://avatars.slack-edge.com/2022-08-20/3968048875651_5bc346a852866218ec6b_72.png",
      "first_name": "Phillip",
      "real_name": "Phillip Atkins",
      "display_name": "Phillip Atkins",
      "team": "T03U4J8HMUG",
      "name": "Phillip",
      "is_restricted": false,
      "is_ultra_restricted": false
    },
    "thread_ts": "1662397522.743609",
    "reply_count": 1,
    "reply_users_count": 1,
    "latest_reply": "1662398601.190419",
    "reply_users": [
      "U03TEPYRM2P"
    ],
    "replies": [
      {
        "user": "U03TEPYRM2P",
        "ts": "1662398601.190419"
      }
    ],
    "is_locked": false,
    "subscribed": true,
    "last_read": "1662398601.190419"
  },
  {
    "client_msg_id": "752FAEDD-E2C1-4A72-9472-0D4ED5546D9E",
    "type": "message",
    "text": "It will be uploaded soon.",
    "user": "U03TEPYRM2P",
    "ts": "1662398601.190419",
    "blocks": [
      {
        "type": "rich_text",
        "block_id": "1YWEN",
        "elements": [
          {
            "type": "rich_text_section",
            "elements": [
              {
                "type": "text",
                "text": "It will be uploaded soon."
              }
            ]
          }
        ]
      }
    ],
    "team": "T03U4J8HMUG",
    "user_team": "T03U4J8HMUG",
    "source_team": "T03U4J8HMUG",
    "user_profile": {
      "avatar_hash": "f113df20f89c",
      "image_72": "https://avatars.slack-edge.com/2022-08-23/3977820714178_f113df20f89c894062b4_72.jpg",
      "first_name": "Garrett",
      "real_name": "Garrett Bell",
      "display_name": "Garrett Bell",
      "team": "T03U4J8HMUG",
      "name": "Garrett",
      "is_restricted": false,
      "is_ultra_restricted": false
    },
    "thread_ts": "1662397522.743609",
    "parent_user_id": "U03UG4Q7V42",
    "reactions": [
      {
        "name": "raised_hands",
        "users": [
          "U03UG4Q7V42"
        ],
        "count": 1
      }
    ]
  }
]