[
  {
    "client_msg_id": "807ecb81-97cf-46d1-916a-65f159d3f815",
    "type": "message",
    "text": "Hello,\nThe link to the assignment (proof of payment and others are not working).. Only the one of the contract is working.",
    "user": "U03UH397319",
    "ts": "1663743887.128999",
    "blocks": [
      {
        "type": "rich_text",
        "block_id": "COO",
        "elements": [
          {
            "type": "rich_text_section",
            "elements": [
              {
                "type": "text",
                "text": "Hello,\nThe link to the assignment (proof of payment and others are not working).. Only the one of the contract is working."
              }
            ]
          }
        ]
      }
    ],
    "team": "T03U4J8HMUG",
    "user_team": "T03U4J8HMUG",
    "source_team": "T03U4J8HMUG",
    "user_profile": {
      "avatar_hash": "gc7c2fbea497",
      "image_72": "https://secure.gravatar.com/avatar/c7c2fbea4976d191e3ad19004e067c11.jpg?s=72&d=https%3A%2F%2Fa.slack-edge.com%2Fdf10d%2Fimg%2Favatars%2Fava_0014-72.png",
      "first_name": "Brenda",
      "real_name": "Brenda Hernandez",
      "display_name": "Brenda Hernandez",
      "team": "T03U4J8HMUG",
      "name": "Brenda",
      "is_restricted": false,
      "is_ultra_restricted": false
    },
    "thread_ts": "1663743887.128999",
    "reply_count": 3,
    "reply_users_count": 2,
    "latest_reply": "1663744200.219819",
    "reply_users": [
      "U03TEPYRM2P",
      "U03UH397319"
    ],
    "replies": [
      {
        "user": "U03TEPYRM2P",
        "ts": "1663743983.480239"
      },
      {
        "user": "U03UH397319",
        "ts": "1663744180.911239"
      },
      {
        "user": "U03TEPYRM2P",
        "ts": "1663744200.219819"
      }
    ],
    "is_locked": false,
    "subscribed": true,
    "last_read": "1663744200.219819"
  },
  {
    "client_msg_id": "1FC58EDE-E03E-4A3F-9EAD-92EFD489BB42",
    "type": "message",
    "text": "Can you send a screenshot? ",
    "user": "U03TEPYRM2P",
    "ts": "1663743983.480239",
    "blocks": [
      {
        "type": "rich_text",
        "block_id": "oTU",
        "elements": [
          {
            "type": "rich_text_section",
            "elements": [
              {
                "type": "text",
                "text": "Can you send a screenshot? "
              }
            ]
          }
        ]
      }
    ],
    "team": "T03U4J8HMUG",
    "user_team": "T03U4J8HMUG",
    "source_team": "T03U4J8HMUG",
    "user_profile": {
      "avatar_hash": "f113df20f89c",
      "image_72": "https://avatars.slack-edge.com/2022-08-23/3977820714178_f113df20f89c894062b4_72.jpg",
      "first_name": "Garrett",
      "real_name": "Garrett Bell",
      "display_name": "Garrett Bell",
      "team": "T03U4J8HMUG",
      "name": "Garrett",
      "is_restricted": false,
      "is_ultra_restricted": false
    },
    "thread_ts": "1663743887.128999",
    "parent_user_id": "U03UH397319"
  },
  {
    "client_msg_id": "c78365a5-ddf5-4025-97a2-f1928fc80d2e",
    "type": "message",
    "text": "I think the links sent yesterday are working. Thanks.",
    "user": "U03UH397319",
    "ts": "1663744180.911239",
    "blocks": [
      {
        "type": "rich_text",
        "block_id": "Gw7",
        "elements": [
          {
            "type": "rich_text_section",
            "elements": [
              {
                "type": "text",
                "text": "I think the links sent yesterday are working. Thanks."
              }
            ]
          }
        ]
      }
    ],
    "team": "T03U4J8HMUG",
    "user_team": "T03U4J8HMUG",
    "source_team": "T03U4J8HMUG",
    "user_profile": {
      "avatar_hash": "gc7c2fbea497",
      "image_72": "https://secure.gravatar.com/avatar/c7c2fbea4976d191e3ad19004e067c11.jpg?s=72&d=https%3A%2F%2Fa.slack-edge.com%2Fdf10d%2Fimg%2Favatars%2Fava_0014-72.png",
      "first_name": "Brenda",
      "real_name": "Brenda Hernandez",
      "display_name": "Brenda Hernandez",
      "team": "T03U4J8HMUG",
      "name": "Brenda",
      "is_restricted": false,
      "is_ultra_restricted": false
    },
    "thread_ts": "1663743887.128999",
    "parent_user_id": "U03UH397319"
  },
  {
    "client_msg_id": "0AC180DD-A877-4EE9-81EB-780325437274",
    "type": "message",
    "text": "That\u2019s good ",
    "user": "U03TEPYRM2P",
    "ts": "1663744200.219819",
    "blocks": [
      {
        "type": "rich_text",
        "block_id": "2qJv/",
        "elements": [
          {
            "type": "rich_text_section",
            "elements": [
              {
                "type": "text",
                "text": "That\u2019s good "
              }
            ]
          }
        ]
      }
    ],
    "team": "T03U4J8HMUG",
    "user_team": "T03U4J8HMUG",
    "source_team": "T03U4J8HMUG",
    "user_profile": {
      "avatar_hash": "f113df20f89c",
      "image_72": "https://avatars.slack-edge.com/2022-08-23/3977820714178_f113df20f89c894062b4_72.jpg",
      "first_name": "Garrett",
      "real_name": "Garrett Bell",
      "display_name": "Garrett Bell",
      "team": "T03U4J8HMUG",
      "name": "Garrett",
      "is_restricted": false,
      "is_ultra_restricted": false
    },
    "thread_ts": "1663743887.128999",
    "parent_user_id": "U03UH397319"
  },
  {
    "client_msg_id": "7ce46cd1-7075-43a0-8021-41fd33fc719b",
    "type": "message",
    "text": "<@U03TEPYRM2P> how do we know wether the payment delivered or not still i didnt get verfication from u?",
    "user": "U03UHB8CXDY",
    "ts": "1663779188.326619",
    "blocks": [
      {
        "type": "rich_text",
        "block_id": "LOBh",
        "elements": [
          {
            "type": "rich_text_section",
            "elements": [
              {
                "type": "user",
                "user_id": "U03TEPYRM2P"
              },
              {
                "type": "text",
                "text": " how do we know wether the payment delivered or not still i didnt get verfication from u?"
              }
            ]
          }
        ]
      }
    ],
    "team": "T03U4J8HMUG",
    "user_team": "T03U4J8HMUG",
    "source_team": "T03U4J8HMUG",
    "user_profile": {
      "avatar_hash": "374fee609510",
      "image_72": "https://avatars.slack-edge.com/2022-09-30/4159182498980_374fee609510e6ff1526_72.jpg",
      "first_name": "Yvonne",
      "real_name": "Yvonne Gonzalez",
      "display_name": "Yvonne Gonzalez",
      "team": "T03U4J8HMUG",
      "name": "Yvonne",
      "is_restricted": false,
      "is_ultra_restricted": false
    },
    "edited": {
      "user": "U03UHB8CXDY",
      "ts": "1663779205.000000"
    },
    "thread_ts": "1663779188.326619",
    "reply_count": 2,
    "reply_users_count": 2,
    "latest_reply": "1663779768.595429",
    "reply_users": [
      "U03TEPYRM2P",
      "U03UHB8CXDY"
    ],
    "replies": [
      {
        "user": "U03TEPYRM2P",
        "ts": "1663779411.860479"
      },
      {
        "user": "U03UHB8CXDY",
        "ts": "1663779768.595429"
      }
    ],
    "is_locked": false,
    "subscribed": true,
    "last_read": "1663779768.595429"
  },
  {
    "client_msg_id": "f3ddec92-f56c-4034-a174-d138a8504edd",
    "type": "message",
    "text": "Thank you for your concern <@U03UHB8CXDY>. since you have submitted your proof of payment, we would use it to track your payment. However, we will reach out to you if there is a need.",
    "user": "U03TEPYRM2P",
    "ts": "1663779411.860479",
    "blocks": [
      {
        "type": "rich_text",
        "block_id": "Kcf",
        "elements": [
          {
            "type": "rich_text_section",
            "elements": [
              {
                "type": "text",
                "text": "Thank you for your concern "
              },
              {
                "type": "user",
                "user_id": "U03UHB8CXDY"
              },
              {
                "type": "text",
                "text": ". since you have submitted your proof of payment, we would use it to track your payment. However, we will reach out to you if there is a need."
              }
            ]
          }
        ]
      }
    ],
    "team": "T03U4J8HMUG",
    "user_team": "T03U4J8HMUG",
    "source_team": "T03U4J8HMUG",
    "user_profile": {
      "avatar_hash": "f113df20f89c",
      "image_72": "https://avatars.slack-edge.com/2022-08-23/3977820714178_f113df20f89c894062b4_72.jpg",
      "first_name": "Garrett",
      "real_name": "Garrett Bell",
      "display_name": "Garrett Bell",
      "team": "T03U4J8HMUG",
      "name": "Garrett",
      "is_restricted": false,
      "is_ultra_restricted": false
    },
    "thread_ts": "1663779188.326619",
    "parent_user_id": "U03UHB8CXDY"
  },
  {
    "client_msg_id": "08adbe34-08cb-4b48-be8a-7c5c5555eec6",
    "type": "message",
    "text": "Great!!!thanks",
    "user": "U03UHB8CXDY",
    "ts": "1663779768.595429",
    "blocks": [
      {
        "type": "rich_text",
        "block_id": "JEqC",
        "elements": [
          {
            "type": "rich_text_section",
            "elements": [
              {
                "type": "text",
                "text": "Great!!!thanks"
              }
            ]
          }
        ]
      }
    ],
    "team": "T03U4J8HMUG",
    "user_team": "T03U4J8HMUG",
    "source_team": "T03U4J8HMUG",
    "user_profile": {
      "avatar_hash": "374fee609510",
      "image_72": "https://avatars.slack-edge.com/2022-09-30/4159182498980_374fee609510e6ff1526_72.jpg",
      "first_name": "Yvonne",
      "real_name": "Yvonne Gonzalez",
      "display_name": "Yvonne Gonzalez",
      "team": "T03U4J8HMUG",
      "name": "Yvonne",
      "is_restricted": false,
      "is_ultra_restricted": false
    },
    "thread_ts": "1663779188.326619",
    "parent_user_id": "U03UHB8CXDY"
  },
  {
    "client_msg_id": "1e796eff-2e64-4dd6-bf7a-bc5f8ea7fe07",
    "type": "message",
    "text": "Hello everyone\n\n<@U03TEPYRM2P>  why google classroom asks me to re submit?  I was submitted yesterday but this happened. Anyone with such problem?",
    "user": "U03V5Q9N516",
    "ts": "1663820517.674349",
    "blocks": [
      {
        "type": "rich_text",
        "block_id": "nQO",
        "elements": [
          {
            "type": "rich_text_section",
            "elements": [
              {
                "type": "text",
                "text": "Hello everyone\n\n"
              },
              {
                "type": "user",
                "user_id": "U03TEPYRM2P"
              },
              {
                "type": "text",
                "text": "  why google classroom asks me to re submit?  I was submitted yesterday but this happened. Anyone with such problem?"
              }
            ]
          }
        ]
      }
    ],
    "team": "T03U4J8HMUG",
    "user_team": "T03U4J8HMUG",
    "source_team": "T03U4J8HMUG",
    "user_profile": {
      "avatar_hash": "g164928c3a69",
      "image_72": "https://secure.gravatar.com/avatar/164928c3a69af29d42a5e90b928e2f71.jpg?s=72&d=https%3A%2F%2Fa.slack-edge.com%2Fdf10d%2Fimg%2Favatars%2Fava_0010-72.png",
      "first_name": "Debra",
      "real_name": "Debra Lawrence",
      "display_name": "Debra Lawrence",
      "team": "T03U4J8HMUG",
      "name": "Debra",
      "is_restricted": false,
      "is_ultra_restricted": false
    },
    "edited": {
      "user": "U03V5Q9N516",
      "ts": "1663820882.000000"
    },
    "thread_ts": "1663820517.674349",
    "reply_count": 3,
    "reply_users_count": 2,
    "latest_reply": "1663836419.633159",
    "reply_users": [
      "U03TEPYRM2P",
      "U03V5Q9N516"
    ],
    "replies": [
      {
        "user": "U03TEPYRM2P",
        "ts": "1663826106.592069"
      },
      {
        "user": "U03V5Q9N516",
        "ts": "1663827167.816419"
      },
      {
        "user": "U03TEPYRM2P",
        "ts": "1663836419.633159"
      }
    ],
    "is_locked": false,
    "subscribed": true,
    "last_read": "1663836419.633159"
  },
  {
    "client_msg_id": "423420CE-3E48-40C0-8933-3EDBC09CFC83",
    "type": "message",
    "text": "Which of your submission please ? I would like to confirm if we\u2019ve received it. ",
    "user": "U03TEPYRM2P",
    "ts": "1663826106.592069",
    "blocks": [
      {
        "type": "rich_text",
        "block_id": "+Q8",
        "elements": [
          {
            "type": "rich_text_section",
            "elements": [
              {
                "type": "text",
                "text": "Which of your submission please ? I would like to confirm if we\u2019ve received it. "
              }
            ]
          }
        ]
      }
    ],
    "team": "T03U4J8HMUG",
    "user_team": "T03U4J8HMUG",
    "source_team": "T03U4J8HMUG",
    "user_profile": {
      "avatar_hash": "f113df20f89c",
      "image_72": "https://avatars.slack-edge.com/2022-08-23/3977820714178_f113df20f89c894062b4_72.jpg",
      "first_name": "Garrett",
      "real_name": "Garrett Bell",
      "display_name": "Garrett Bell",
      "team": "T03U4J8HMUG",
      "name": "Garrett",
      "is_restricted": false,
      "is_ultra_restricted": false
    },
    "thread_ts": "1663820517.674349",
    "parent_user_id": "U03V5Q9N516"
  },
  {
    "client_msg_id": "aa31fe7b-d370-4e18-84d0-3beff464be27",
    "type": "message",
    "text": "Interim GitHub link",
    "user": "U03V5Q9N516",
    "ts": "1663827167.816419",
    "blocks": [
      {
        "type": "rich_text",
        "block_id": "IxfJX",
        "elements": [
          {
            "type": "rich_text_section",
            "elements": [
              {
                "type": "text",
                "text": "Interim GitHub link"
              }
            ]
          }
        ]
      }
    ],
    "team": "T03U4J8HMUG",
    "user_team": "T03U4J8HMUG",
    "source_team": "T03U4J8HMUG",
    "user_profile": {
      "avatar_hash": "g164928c3a69",
      "image_72": "https://secure.gravatar.com/avatar/164928c3a69af29d42a5e90b928e2f71.jpg?s=72&d=https%3A%2F%2Fa.slack-edge.com%2Fdf10d%2Fimg%2Favatars%2Fava_0010-72.png",
      "first_name": "Debra",
      "real_name": "Debra Lawrence",
      "display_name": "Debra Lawrence",
      "team": "T03U4J8HMUG",
      "name": "Debra",
      "is_restricted": false,
      "is_ultra_restricted": false
    },
    "thread_ts": "1663820517.674349",
    "parent_user_id": "U03V5Q9N516"
  }
]