[
  {
    "client_msg_id": "c8a12441-631a-481b-b745-32c0f5dfddb7",
    "type": "message",
    "text": "done already, thanks",
    "user": "U03UVHCV6KB",
    "ts": "1661242841.901149",
    "blocks": [
      {
        "type": "rich_text",
        "block_id": "MKah0",
        "elements": [
          {
            "type": "rich_text_section",
            "elements": [
              {
                "type": "text",
                "text": "done already, thanks"
              }
            ]
          }
        ]
      }
    ],
    "team": "T03U4J8HMUG",
    "user_team": "T03U4J8HMUG",
    "source_team": "T03U4J8HMUG",
    "user_profile": {
      "avatar_hash": "gc9619121f99",
      "image_72": "https://secure.gravatar.com/avatar/c9619121f998ee4a7e46177f2a5729de.jpg?s=72&d=https%3A%2F%2Fa.slack-edge.com%2Fdf10d%2Fimg%2Favatars%2Fava_0002-72.png",
      "first_name": "Travis",
      "real_name": "Travis Butler",
      "display_name": "Travis Butler",
      "team": "T03U4J8HMUG",
      "name": "Travis",
      "is_restricted": false,
      "is_ultra_restricted": false
    },
    "thread_ts": "1661232016.288839",
    "parent_user_id": "U03U93GNNVB"
  }
]