[
  {
    "client_msg_id": "d7355834-bf60-4761-89d7-6a681f20d7c3",
    "type": "message",
    "text": "<https://developer.algorand.org/docs/sdks/python/?registration_success=1?registration_success=1>",
    "user": "U03UUMR26Q1",
    "ts": "1664372113.079629",
    "blocks": [
      {
        "type": "rich_text",
        "block_id": "q=8",
        "elements": [
          {
            "type": "rich_text_section",
            "elements": [
              {
                "type": "link",
                "url": "https://developer.algorand.org/docs/sdks/python/?registration_success=1?registration_success=1"
              }
            ]
          }
        ]
      }
    ],
    "team": "T03U4J8HMUG",
    "user_team": "T03U4J8HMUG",
    "source_team": "T03U4J8HMUG",
    "user_profile": {
      "avatar_hash": "706054da5590",
      "image_72": "https://avatars.slack-edge.com/2022-09-02/4051525321520_706054da55906fd18009_72.jpg",
      "first_name": "Samuel",
      "real_name": "Samuel King",
      "display_name": "Samuel King",
      "team": "T03U4J8HMUG",
      "name": "Samuel",
      "is_restricted": false,
      "is_ultra_restricted": false
    },
    "attachments": [
      {
        "from_url": "https://developer.algorand.org/docs/sdks/python/?registration_success=1?registration_success=1",
        "image_url": "https://algorand-devloper-portal-app.s3.amazonaws.com/static/img/algorandShareImage.png",
        "image_width": 476,
        "image_height": 250,
        "image_bytes": 275201,
        "service_icon": "https://developer.algorand.org/docs/assets/images/favicon.png",
        "id": 1,
        "original_url": "https://developer.algorand.org/docs/sdks/python/?registration_success=1?registration_success=1",
        "fallback": "Your first transaction - Algorand Developer Portal",
        "text": "Algorand Developer Docs, SDKs, REST APIs, CLI tools, ecosystem projects, metrics dashboard and sample code, how-tos, and news from the Algorand developer community",
        "title": "Your first transaction - Algorand Developer Portal",
        "title_link": "https://developer.algorand.org/docs/sdks/python/?registration_success=1?registration_success=1",
        "service_name": "developer.algorand.org"
      }
    ]
  },
  {
    "client_msg_id": "59616300-743d-4c71-a8a1-814e92b69200",
    "type": "message",
    "text": "<https://dev.to/yakult/tutorial-build-your-first-dapp-with-remix-and-etherscan-52kf>",
    "user": "U03U1HAG9TR",
    "ts": "1664396561.322389",
    "blocks": [
      {
        "type": "rich_text",
        "block_id": "w3cV7",
        "elements": [
          {
            "type": "rich_text_section",
            "elements": [
              {
                "type": "link",
                "url": "https://dev.to/yakult/tutorial-build-your-first-dapp-with-remix-and-etherscan-52kf"
              }
            ]
          }
        ]
      }
    ],
    "team": "T03U4J8HMUG",
    "user_team": "T03U4J8HMUG",
    "source_team": "T03U4J8HMUG",
    "user_profile": {
      "avatar_hash": "4e4331305ef1",
      "image_72": "https://avatars.slack-edge.com/2022-08-20/3980783297649_4e4331305ef102cc4346_72.jpg",
      "first_name": "Robert",
      "real_name": "Robert Carter",
      "display_name": "Robert Carter",
      "team": "T03U4J8HMUG",
      "name": "Robert",
      "is_restricted": false,
      "is_ultra_restricted": false
    },
    "attachments": [
      {
        "from_url": "https://dev.to/yakult/tutorial-build-your-first-dapp-with-remix-and-etherscan-52kf",
        "image_url": "https://dev.to/social_previews/article/987949.png",
        "image_width": 470,
        "image_height": 250,
        "image_bytes": 50265,
        "service_icon": "https://res.cloudinary.com/practicaldev/image/fetch/s--gDM0_LTS--/c_limit,f_png,fl_progressive,q_80,w_180/https://practicaldev-herokuapp-com.freetls.fastly.net/assets/devlogo-pwa-512.png",
        "id": 1,
        "original_url": "https://dev.to/yakult/tutorial-build-your-first-dapp-with-remix-and-etherscan-52kf",
        "fallback": "DEV Community \ud83d\udc69\ud83d\udcbb\ud83d\udc68\ud83d\udcbb: Web3 Tutorial : build your first DAPP with Remix and Etherscan",
        "text": "In this tutorial with 7 detailed tasks, we will build a DApp step by step. Task 1: Preparation for...",
        "title": "Web3 Tutorial : build your first DAPP with Remix and Etherscan",
        "title_link": "https://dev.to/yakult/tutorial-build-your-first-dapp-with-remix-and-etherscan-52kf",
        "service_name": "DEV Community \ud83d\udc69\ud83d\udcbb\ud83d\udc68\ud83d\udcbb"
      }
    ]
  },
  {
    "client_msg_id": "cd5bc73c-d9e8-4870-8e4f-162e8d133f46",
    "type": "message",
    "text": "Hi <!channel>, please let's use the <#C03T89PMJKG|all-resources> channel for sharing resources. This channel is for lodging complains related to accessing any of our platforms or other technical issues. Thank you",
    "user": "U03TEPYRM2P",
    "ts": "1664425079.859219",
    "blocks": [
      {
        "type": "rich_text",
        "block_id": "oCi/",
        "elements": [
          {
            "type": "rich_text_section",
            "elements": [
              {
                "type": "text",
                "text": "Hi "
              },
              {
                "type": "broadcast",
                "range": "channel"
              },
              {
                "type": "text",
                "text": ", please let's use the "
              },
              {
                "type": "channel",
                "channel_id": "C03T89PMJKG"
              },
              {
                "type": "text",
                "text": " channel for sharing resources. This channel is for lodging complains related to accessing any of our platforms or other technical issues. Thank you"
              }
            ]
          }
        ]
      }
    ],
    "team": "T03U4J8HMUG",
    "user_team": "T03U4J8HMUG",
    "source_team": "T03U4J8HMUG",
    "user_profile": {
      "avatar_hash": "f113df20f89c",
      "image_72": "https://avatars.slack-edge.com/2022-08-23/3977820714178_f113df20f89c894062b4_72.jpg",
      "first_name": "Garrett",
      "real_name": "Garrett Bell",
      "display_name": "Garrett Bell",
      "team": "T03U4J8HMUG",
      "name": "Garrett",
      "is_restricted": false,
      "is_ultra_restricted": false
    }
  }
]