[
  {
    "type": "message",
    "subtype": "channel_join",
    "ts": "1662981898.691299",
    "user": "U03U9EJR362",
    "text": "<@U03U9EJR362> has joined the channel"
  },
  {
    "type": "message",
    "subtype": "channel_join",
    "ts": "1662981925.591549",
    "user": "U03UG5VFN03",
    "text": "<@U03UG5VFN03> has joined the channel",
    "inviter": "U03U9EJR362"
  },
  {
    "type": "message",
    "subtype": "channel_join",
    "ts": "1662981925.646949",
    "user": "U03UG1RTXAP",
    "text": "<@U03UG1RTXAP> has joined the channel",
    "inviter": "U03U9EJR362"
  },
  {
    "type": "message",
    "subtype": "channel_join",
    "ts": "1662981925.704009",
    "user": "U03V61VGQG0",
    "text": "<@U03V61VGQG0> has joined the channel",
    "inviter": "U03U9EJR362"
  },
  {
    "type": "message",
    "subtype": "channel_join",
    "ts": "1662981925.764159",
    "user": "U03UHB8CXDY",
    "text": "<@U03UHB8CXDY> has joined the channel",
    "inviter": "U03U9EJR362"
  },
  {
    "client_msg_id": "b51aa7a6-8b36-4352-aa80-90f63893ac33",
    "type": "message",
    "text": "hi guys.",
    "user": "U03U9EJR362",
    "ts": "1662981972.629459",
    "blocks": [
      {
        "type": "rich_text",
        "block_id": "rkP",
        "elements": [
          {
            "type": "rich_text_section",
            "elements": [
              {
                "type": "text",
                "text": "hi guys."
              }
            ]
          }
        ]
      }
    ],
    "team": "T03U4J8HMUG",
    "user_team": "T03U4J8HMUG",
    "source_team": "T03U4J8HMUG",
    "user_profile": {
      "avatar_hash": "gc0133e965fb",
      "image_72": "https://secure.gravatar.com/avatar/c0133e965fb5500f9a83b69df54a7dc6.jpg?s=72&d=https%3A%2F%2Fa.slack-edge.com%2Fdf10d%2Fimg%2Favatars%2Fava_0006-72.png",
      "first_name": "Nicholas",
      "real_name": "Nicholas Friedman",
      "display_name": "Nicholas Friedman",
      "team": "T03U4J8HMUG",
      "name": "Nicholas",
      "is_restricted": false,
      "is_ultra_restricted": false
    }
  },
  {
    "client_msg_id": "7C56E1D8-4FEE-4CF8-AADC-9525971C9C50",
    "type": "message",
    "text": "It's good to be back with you guys :relaxed: ",
    "user": "U03V61VGQG0",
    "ts": "1662983714.894139",
    "blocks": [
      {
        "type": "rich_text",
        "block_id": "FWSaW",
        "elements": [
          {
            "type": "rich_text_section",
            "elements": [
              {
                "type": "text",
                "text": "It's good to be back with you guys "
              },
              {
                "type": "emoji",
                "name": "relaxed",
                "unicode": "263a-fe0f"
              },
              {
                "type": "text",
                "text": " "
              }
            ]
          }
        ]
      }
    ],
    "team": "T03U4J8HMUG",
    "user_team": "T03U4J8HMUG",
    "source_team": "T03U4J8HMUG",
    "user_profile": {
      "avatar_hash": "5e18062f5298",
      "image_72": "https://avatars.slack-edge.com/2022-08-29/3997574519670_5e18062f5298c6182ca5_72.jpg",
      "first_name": "Paula",
      "real_name": "Paula Bryant",
      "display_name": "Paula Bryant",
      "team": "T03U4J8HMUG",
      "name": "Paula",
      "is_restricted": false,
      "is_ultra_restricted": false
    },
    "thread_ts": "1662983714.894139",
    "reply_count": 1,
    "reply_users_count": 1,
    "latest_reply": "1662985855.880149",
    "reply_users": [
      "U03U9EJR362"
    ],
    "replies": [
      {
        "user": "U03U9EJR362",
        "ts": "1662985855.880149"
      }
    ],
    "is_locked": false,
    "subscribed": false
  },
  {
    "client_msg_id": "484f3bef-9f2a-4c80-b231-ca17970e4f02",
    "type": "message",
    "text": "Me too bro.",
    "user": "U03U9EJR362",
    "ts": "1662985855.880149",
    "blocks": [
      {
        "type": "rich_text",
        "block_id": "yVw",
        "elements": [
          {
            "type": "rich_text_section",
            "elements": [
              {
                "type": "text",
                "text": "Me too bro."
              }
            ]
          }
        ]
      }
    ],
    "team": "T03U4J8HMUG",
    "user_team": "T03U4J8HMUG",
    "source_team": "T03U4J8HMUG",
    "user_profile": {
      "avatar_hash": "gc0133e965fb",
      "image_72": "https://secure.gravatar.com/avatar/c0133e965fb5500f9a83b69df54a7dc6.jpg?s=72&d=https%3A%2F%2Fa.slack-edge.com%2Fdf10d%2Fimg%2Favatars%2Fava_0006-72.png",
      "first_name": "Nicholas",
      "real_name": "Nicholas Friedman",
      "display_name": "Nicholas Friedman",
      "team": "T03U4J8HMUG",
      "name": "Nicholas",
      "is_restricted": false,
      "is_ultra_restricted": false
    },
    "thread_ts": "1662983714.894139",
    "parent_user_id": "U03V61VGQG0"
  },
  {
    "client_msg_id": "6afd6fe7-30d5-4057-966c-ff119c1b18ed",
    "type": "message",
    "text": "yep",
    "user": "U03UG5VFN03",
    "ts": "1662987455.070039",
    "blocks": [
      {
        "type": "rich_text",
        "block_id": "tFP",
        "elements": [
          {
            "type": "rich_text_section",
            "elements": [
              {
                "type": "text",
                "text": "yep"
              }
            ]
          }
        ]
      }
    ],
    "team": "T03U4J8HMUG",
    "user_team": "T03U4J8HMUG",
    "source_team": "T03U4J8HMUG",
    "user_profile": {
      "avatar_hash": "1eec51b41e1b",
      "image_72": "https://avatars.slack-edge.com/2022-08-20/3980936144801_1eec51b41e1b370500be_72.png",
      "first_name": "Nancy",
      "real_name": "Nancy Craig",
      "display_name": "Nancy Craig",
      "team": "T03U4J8HMUG",
      "name": "Nancy",
      "is_restricted": false,
      "is_ultra_restricted": false
    }
  },
  {
    "client_msg_id": "c08a00c4-cd85-45cb-99f4-f6c6bf5dfbcc",
    "type": "message",
    "text": "how are doing guys can we prepare a meeting around 1 of ethiopian time",
    "user": "U03UG5VFN03",
    "ts": "1662990490.065289",
    "blocks": [
      {
        "type": "rich_text",
        "block_id": "=Xnr",
        "elements": [
          {
            "type": "rich_text_section",
            "elements": [
              {
                "type": "text",
                "text": "how are doing guys can we prepare a meeting around 1 of ethiopian time"
              }
            ]
          }
        ]
      }
    ],
    "team": "T03U4J8HMUG",
    "user_team": "T03U4J8HMUG",
    "source_team": "T03U4J8HMUG",
    "user_profile": {
      "avatar_hash": "1eec51b41e1b",
      "image_72": "https://avatars.slack-edge.com/2022-08-20/3980936144801_1eec51b41e1b370500be_72.png",
      "first_name": "Nancy",
      "real_name": "Nancy Craig",
      "display_name": "Nancy Craig",
      "team": "T03U4J8HMUG",
      "name": "Nancy",
      "is_restricted": false,
      "is_ultra_restricted": false
    }
  },
  {
    "client_msg_id": "8c843de2-cd7c-4f2f-b9c8-6c2626371f63",
    "type": "message",
    "text": "yes we can, but add few people to the group,",
    "user": "U03U9EJR362",
    "ts": "1662991448.274529",
    "blocks": [
      {
        "type": "rich_text",
        "block_id": "Cmwr",
        "elements": [
          {
            "type": "rich_text_section",
            "elements": [
              {
                "type": "text",
                "text": "yes we can, but add few people to the group,"
              }
            ]
          }
        ]
      }
    ],
    "team": "T03U4J8HMUG",
    "user_team": "T03U4J8HMUG",
    "source_team": "T03U4J8HMUG",
    "user_profile": {
      "avatar_hash": "gc0133e965fb",
      "image_72": "https://secure.gravatar.com/avatar/c0133e965fb5500f9a83b69df54a7dc6.jpg?s=72&d=https%3A%2F%2Fa.slack-edge.com%2Fdf10d%2Fimg%2Favatars%2Fava_0006-72.png",
      "first_name": "Nicholas",
      "real_name": "Nicholas Friedman",
      "display_name": "Nicholas Friedman",
      "team": "T03U4J8HMUG",
      "name": "Nicholas",
      "is_restricted": false,
      "is_ultra_restricted": false
    }
  },
  {
    "client_msg_id": "8df2f1b7-c583-4551-8e95-db7557a988e5",
    "type": "message",
    "text": "are you asked ante",
    "user": "U03UG5VFN03",
    "ts": "1662991494.419469",
    "blocks": [
      {
        "type": "rich_text",
        "block_id": "nFfZ",
        "elements": [
          {
            "type": "rich_text_section",
            "elements": [
              {
                "type": "text",
                "text": "are you asked ante"
              }
            ]
          }
        ]
      }
    ],
    "team": "T03U4J8HMUG",
    "user_team": "T03U4J8HMUG",
    "source_team": "T03U4J8HMUG",
    "user_profile": {
      "avatar_hash": "1eec51b41e1b",
      "image_72": "https://avatars.slack-edge.com/2022-08-20/3980936144801_1eec51b41e1b370500be_72.png",
      "first_name": "Nancy",
      "real_name": "Nancy Craig",
      "display_name": "Nancy Craig",
      "team": "T03U4J8HMUG",
      "name": "Nancy",
      "is_restricted": false,
      "is_ultra_restricted": false
    }
  },
  {
    "client_msg_id": "1ad570fc-7dce-489e-bdd2-0644968fb204",
    "type": "message",
    "text": "jo",
    "user": "U03UG5VFN03",
    "ts": "1662991499.545149",
    "blocks": [
      {
        "type": "rich_text",
        "block_id": "svk",
        "elements": [
          {
            "type": "rich_text_section",
            "elements": [
              {
                "type": "text",
                "text": "jo"
              }
            ]
          }
        ]
      }
    ],
    "team": "T03U4J8HMUG",
    "user_team": "T03U4J8HMUG",
    "source_team": "T03U4J8HMUG",
    "user_profile": {
      "avatar_hash": "1eec51b41e1b",
      "image_72": "https://avatars.slack-edge.com/2022-08-20/3980936144801_1eec51b41e1b370500be_72.png",
      "first_name": "Nancy",
      "real_name": "Nancy Craig",
      "display_name": "Nancy Craig",
      "team": "T03U4J8HMUG",
      "name": "Nancy",
      "is_restricted": false,
      "is_ultra_restricted": false
    }
  },
  {
    "client_msg_id": "48b7f2ea-4637-4497-9732-b64ed72c2d2b",
    "type": "message",
    "text": "and other you may inteded or ask yehask if he know them",
    "user": "U03UG5VFN03",
    "ts": "1662991530.962799",
    "blocks": [
      {
        "type": "rich_text",
        "block_id": "MDbR",
        "elements": [
          {
            "type": "rich_text_section",
            "elements": [
              {
                "type": "text",
                "text": "and other you may inteded or ask yehask if he know them"
              }
            ]
          }
        ]
      }
    ],
    "team": "T03U4J8HMUG",
    "user_team": "T03U4J8HMUG",
    "source_team": "T03U4J8HMUG",
    "user_profile": {
      "avatar_hash": "1eec51b41e1b",
      "image_72": "https://avatars.slack-edge.com/2022-08-20/3980936144801_1eec51b41e1b370500be_72.png",
      "first_name": "Nancy",
      "real_name": "Nancy Craig",
      "display_name": "Nancy Craig",
      "team": "T03U4J8HMUG",
      "name": "Nancy",
      "is_restricted": false,
      "is_ultra_restricted": false
    }
  },
  {
    "client_msg_id": "b673913f-9f49-4ce0-816a-d8d1a519798e",
    "type": "message",
    "text": "yea they are on the group already.",
    "user": "U03U9EJR362",
    "ts": "1662991554.222109",
    "blocks": [
      {
        "type": "rich_text",
        "block_id": "Ro+S3",
        "elements": [
          {
            "type": "rich_text_section",
            "elements": [
              {
                "type": "text",
                "text": "yea they are on the group already."
              }
            ]
          }
        ]
      }
    ],
    "team": "T03U4J8HMUG",
    "user_team": "T03U4J8HMUG",
    "source_team": "T03U4J8HMUG",
    "user_profile": {
      "avatar_hash": "gc0133e965fb",
      "image_72": "https://secure.gravatar.com/avatar/c0133e965fb5500f9a83b69df54a7dc6.jpg?s=72&d=https%3A%2F%2Fa.slack-edge.com%2Fdf10d%2Fimg%2Favatars%2Fava_0006-72.png",
      "first_name": "Nicholas",
      "real_name": "Nicholas Friedman",
      "display_name": "Nicholas Friedman",
      "team": "T03U4J8HMUG",
      "name": "Nicholas",
      "is_restricted": false,
      "is_ultra_restricted": false
    }
  },
  {
    "client_msg_id": "9601584c-528d-449d-854b-2ddb5010484e",
    "type": "message",
    "text": "can I ask on the slack",
    "user": "U03UG5VFN03",
    "ts": "1662991581.246089",
    "blocks": [
      {
        "type": "rich_text",
        "block_id": "HMo",
        "elements": [
          {
            "type": "rich_text_section",
            "elements": [
              {
                "type": "text",
                "text": "can I ask on the slack"
              }
            ]
          }
        ]
      }
    ],
    "team": "T03U4J8HMUG",
    "user_team": "T03U4J8HMUG",
    "source_team": "T03U4J8HMUG",
    "user_profile": {
      "avatar_hash": "1eec51b41e1b",
      "image_72": "https://avatars.slack-edge.com/2022-08-20/3980936144801_1eec51b41e1b370500be_72.png",
      "first_name": "Nancy",
      "real_name": "Nancy Craig",
      "display_name": "Nancy Craig",
      "team": "T03U4J8HMUG",
      "name": "Nancy",
      "is_restricted": false,
      "is_ultra_restricted": false
    }
  },
  {
    "client_msg_id": "2d8cde67-c332-4422-8b26-7eada71ffdb5",
    "type": "message",
    "text": "sure",
    "user": "U03U9EJR362",
    "ts": "1662991590.415219",
    "blocks": [
      {
        "type": "rich_text",
        "block_id": "VwI",
        "elements": [
          {
            "type": "rich_text_section",
            "elements": [
              {
                "type": "text",
                "text": "sure"
              }
            ]
          }
        ]
      }
    ],
    "team": "T03U4J8HMUG",
    "user_team": "T03U4J8HMUG",
    "source_team": "T03U4J8HMUG",
    "user_profile": {
      "avatar_hash": "gc0133e965fb",
      "image_72": "https://secure.gravatar.com/avatar/c0133e965fb5500f9a83b69df54a7dc6.jpg?s=72&d=https%3A%2F%2Fa.slack-edge.com%2Fdf10d%2Fimg%2Favatars%2Fava_0006-72.png",
      "first_name": "Nicholas",
      "real_name": "Nicholas Friedman",
      "display_name": "Nicholas Friedman",
      "team": "T03U4J8HMUG",
      "name": "Nicholas",
      "is_restricted": false,
      "is_ultra_restricted": false
    }
  },
  {
    "client_msg_id": "F509E6CA-74A2-489E-9C0B-2F6571714A1D",
    "type": "message",
    "text": "How many individuals are required in total? ",
    "user": "U03V61VGQG0",
    "ts": "1662991628.869699",
    "blocks": [
      {
        "type": "rich_text",
        "block_id": "FEW3n",
        "elements": [
          {
            "type": "rich_text_section",
            "elements": [
              {
                "type": "text",
                "text": "How many individuals are required in total? "
              }
            ]
          }
        ]
      }
    ],
    "team": "T03U4J8HMUG",
    "user_team": "T03U4J8HMUG",
    "source_team": "T03U4J8HMUG",
    "user_profile": {
      "avatar_hash": "5e18062f5298",
      "image_72": "https://avatars.slack-edge.com/2022-08-29/3997574519670_5e18062f5298c6182ca5_72.jpg",
      "first_name": "Paula",
      "real_name": "Paula Bryant",
      "display_name": "Paula Bryant",
      "team": "T03U4J8HMUG",
      "name": "Paula",
      "is_restricted": false,
      "is_ultra_restricted": false
    }
  },
  {
    "client_msg_id": "5658e839-c6d1-4f96-b80f-250ac1d8d23b",
    "type": "message",
    "text": "i think up to 10",
    "user": "U03U9EJR362",
    "ts": "1662991689.946329",
    "blocks": [
      {
        "type": "rich_text",
        "block_id": "BWEeO",
        "elements": [
          {
            "type": "rich_text_section",
            "elements": [
              {
                "type": "text",
                "text": "i think up to 10"
              }
            ]
          }
        ]
      }
    ],
    "team": "T03U4J8HMUG",
    "user_team": "T03U4J8HMUG",
    "source_team": "T03U4J8HMUG",
    "user_profile": {
      "avatar_hash": "gc0133e965fb",
      "image_72": "https://secure.gravatar.com/avatar/c0133e965fb5500f9a83b69df54a7dc6.jpg?s=72&d=https%3A%2F%2Fa.slack-edge.com%2Fdf10d%2Fimg%2Favatars%2Fava_0006-72.png",
      "first_name": "Nicholas",
      "real_name": "Nicholas Friedman",
      "display_name": "Nicholas Friedman",
      "team": "T03U4J8HMUG",
      "name": "Nicholas",
      "is_restricted": false,
      "is_ultra_restricted": false
    }
  },
  {
    "client_msg_id": "C29C7F91-367E-444E-9481-849D615D9DA6",
    "type": "message",
    "text": "I think it's better to include foreigners :grin:",
    "user": "U03V61VGQG0",
    "ts": "1662991840.573209",
    "blocks": [
      {
        "type": "rich_text",
        "block_id": "CM8G",
        "elements": [
          {
            "type": "rich_text_section",
            "elements": [
              {
                "type": "text",
                "text": "I think it's better to include foreigners "
              },
              {
                "type": "emoji",
                "name": "grin",
                "unicode": "1f601"
              }
            ]
          }
        ]
      }
    ],
    "team": "T03U4J8HMUG",
    "user_team": "T03U4J8HMUG",
    "source_team": "T03U4J8HMUG",
    "user_profile": {
      "avatar_hash": "5e18062f5298",
      "image_72": "https://avatars.slack-edge.com/2022-08-29/3997574519670_5e18062f5298c6182ca5_72.jpg",
      "first_name": "Paula",
      "real_name": "Paula Bryant",
      "display_name": "Paula Bryant",
      "team": "T03U4J8HMUG",
      "name": "Paula",
      "is_restricted": false,
      "is_ultra_restricted": false
    }
  },
  {
    "client_msg_id": "461f8ecb-9085-412e-9253-d41f34ae9a86",
    "type": "message",
    "text": ":+1::smile:i agree",
    "user": "U03U9EJR362",
    "ts": "1662992708.286409",
    "blocks": [
      {
        "type": "rich_text",
        "block_id": "vhXD",
        "elements": [
          {
            "type": "rich_text_section",
            "elements": [
              {
                "type": "emoji",
                "name": "+1",
                "unicode": "1f44d"
              },
              {
                "type": "emoji",
                "name": "smile",
                "unicode": "1f604"
              },
              {
                "type": "text",
                "text": "i agree"
              }
            ]
          }
        ]
      }
    ],
    "team": "T03U4J8HMUG",
    "user_team": "T03U4J8HMUG",
    "source_team": "T03U4J8HMUG",
    "user_profile": {
      "avatar_hash": "gc0133e965fb",
      "image_72": "https://secure.gravatar.com/avatar/c0133e965fb5500f9a83b69df54a7dc6.jpg?s=72&d=https%3A%2F%2Fa.slack-edge.com%2Fdf10d%2Fimg%2Favatars%2Fava_0006-72.png",
      "first_name": "Nicholas",
      "real_name": "Nicholas Friedman",
      "display_name": "Nicholas Friedman",
      "team": "T03U4J8HMUG",
      "name": "Nicholas",
      "is_restricted": false,
      "is_ultra_restricted": false
    }
  },
  {
    "client_msg_id": "7d42d640-8ffe-4815-88c0-95346b1122a3",
    "type": "message",
    "text": "I was invited anyone interested",
    "user": "U03UG5VFN03",
    "ts": "1662995042.846399",
    "blocks": [
      {
        "type": "rich_text",
        "block_id": "8Hxs/",
        "elements": [
          {
            "type": "rich_text_section",
            "elements": [
              {
                "type": "text",
                "text": "I was invited anyone interested"
              }
            ]
          }
        ]
      }
    ],
    "team": "T03U4J8HMUG",
    "user_team": "T03U4J8HMUG",
    "source_team": "T03U4J8HMUG",
    "user_profile": {
      "avatar_hash": "1eec51b41e1b",
      "image_72": "https://avatars.slack-edge.com/2022-08-20/3980936144801_1eec51b41e1b370500be_72.png",
      "first_name": "Nancy",
      "real_name": "Nancy Craig",
      "display_name": "Nancy Craig",
      "team": "T03U4J8HMUG",
      "name": "Nancy",
      "is_restricted": false,
      "is_ultra_restricted": false
    }
  }
]