[
  {
    "type": "message",
    "subtype": "channel_join",
    "ts": "1667220877.358969",
    "user": "U03U9EJR362",
    "text": "<@U03U9EJR362> has joined the channel"
  },
  {
    "type": "message",
    "subtype": "channel_join",
    "ts": "1667220994.700199",
    "user": "U03UVHCV6KB",
    "text": "<@U03UVHCV6KB> has joined the channel",
    "inviter": "U03U9EJR362"
  },
  {
    "type": "message",
    "subtype": "channel_join",
    "ts": "1667220994.763749",
    "user": "U03UHB8CXDY",
    "text": "<@U03UHB8CXDY> has joined the channel",
    "inviter": "U03U9EJR362"
  },
  {
    "type": "message",
    "subtype": "channel_join",
    "ts": "1667220994.826239",
    "user": "U03V785NLSU",
    "text": "<@U03V785NLSU> has joined the channel",
    "inviter": "U03U9EJR362"
  },
  {
    "type": "message",
    "subtype": "channel_join",
    "ts": "1667220994.891309",
    "user": "U03UG4Q7V42",
    "text": "<@U03UG4Q7V42> has joined the channel",
    "inviter": "U03U9EJR362"
  },
  {
    "type": "message",
    "subtype": "channel_join",
    "ts": "1667220994.949819",
    "user": "U03U1J51VFZ",
    "text": "<@U03U1J51VFZ> has joined the channel",
    "inviter": "U03U9EJR362"
  },
  {
    "type": "message",
    "subtype": "channel_join",
    "ts": "1667220995.005819",
    "user": "U03UG0SFHGT",
    "text": "<@U03UG0SFHGT> has joined the channel",
    "inviter": "U03U9EJR362"
  },
  {
    "client_msg_id": "0c1a4940-c51b-4653-82be-14b2e7ad722f",
    "type": "message",
    "text": "Hi:wave:",
    "user": "U03V785NLSU",
    "ts": "1667232621.771849",
    "blocks": [
      {
        "type": "rich_text",
        "block_id": "CzPr",
        "elements": [
          {
            "type": "rich_text_section",
            "elements": [
              {
                "type": "text",
                "text": "Hi"
              },
              {
                "type": "emoji",
                "name": "wave",
                "unicode": "1f44b"
              }
            ]
          }
        ]
      }
    ],
    "team": "T03U4J8HMUG",
    "user_team": "T03U4J8HMUG",
    "source_team": "T03U4J8HMUG",
    "user_profile": {
      "avatar_hash": "48d5c88821e9",
      "image_72": "https://avatars.slack-edge.com/2022-08-21/3993277785968_48d5c88821e922581e17_72.jpg",
      "first_name": "Ashley",
      "real_name": "Ashley Hamilton",
      "display_name": "Ashley Hamilton",
      "team": "T03U4J8HMUG",
      "name": "Ashley",
      "is_restricted": false,
      "is_ultra_restricted": false
    }
  },
  {
    "client_msg_id": "5fc954c1-6958-40fe-b145-f44fee2b922f",
    "type": "message",
    "text": "Hello <@U03V785NLSU>",
    "user": "U03U9EJR362",
    "ts": "1667232722.330009",
    "blocks": [
      {
        "type": "rich_text",
        "block_id": "P51",
        "elements": [
          {
            "type": "rich_text_section",
            "elements": [
              {
                "type": "text",
                "text": "Hello "
              },
              {
                "type": "user",
                "user_id": "U03V785NLSU"
              }
            ]
          }
        ]
      }
    ],
    "team": "T03U4J8HMUG",
    "user_team": "T03U4J8HMUG",
    "source_team": "T03U4J8HMUG",
    "user_profile": {
      "avatar_hash": "gc0133e965fb",
      "image_72": "https://secure.gravatar.com/avatar/c0133e965fb5500f9a83b69df54a7dc6.jpg?s=72&d=https%3A%2F%2Fa.slack-edge.com%2Fdf10d%2Fimg%2Favatars%2Fava_0006-72.png",
      "first_name": "Nicholas",
      "real_name": "Nicholas Friedman",
      "display_name": "Nicholas Friedman",
      "team": "T03U4J8HMUG",
      "name": "Nicholas",
      "is_restricted": false,
      "is_ultra_restricted": false
    }
  },
  {
    "client_msg_id": "5a99287c-63ab-4586-ad1a-593f9d51398b",
    "type": "message",
    "text": "Hello",
    "user": "U03U1J51VFZ",
    "ts": "1667232753.140119",
    "blocks": [
      {
        "type": "rich_text",
        "block_id": "Zlfhw",
        "elements": [
          {
            "type": "rich_text_section",
            "elements": [
              {
                "type": "text",
                "text": "Hello"
              }
            ]
          }
        ]
      }
    ],
    "team": "T03U4J8HMUG",
    "user_team": "T03U4J8HMUG",
    "source_team": "T03U4J8HMUG",
    "user_profile": {
      "avatar_hash": "f10afbc7b806",
      "image_72": "https://avatars.slack-edge.com/2022-08-20/3968075210083_f10afbc7b8060c472ad0_72.png",
      "first_name": "Cheryl",
      "real_name": "Cheryl Hudson",
      "display_name": "Cheryl Hudson",
      "team": "T03U4J8HMUG",
      "name": "Cheryl",
      "is_restricted": false,
      "is_ultra_restricted": false
    }
  },
  {
    "client_msg_id": "81534abb-5121-4597-9a93-aa21de2c7114",
    "type": "message",
    "text": "Welcome",
    "user": "U03U9EJR362",
    "ts": "1667232773.213349",
    "blocks": [
      {
        "type": "rich_text",
        "block_id": "w4OI",
        "elements": [
          {
            "type": "rich_text_section",
            "elements": [
              {
                "type": "text",
                "text": "Welcome"
              }
            ]
          }
        ]
      }
    ],
    "team": "T03U4J8HMUG",
    "user_team": "T03U4J8HMUG",
    "source_team": "T03U4J8HMUG",
    "user_profile": {
      "avatar_hash": "gc0133e965fb",
      "image_72": "https://secure.gravatar.com/avatar/c0133e965fb5500f9a83b69df54a7dc6.jpg?s=72&d=https%3A%2F%2Fa.slack-edge.com%2Fdf10d%2Fimg%2Favatars%2Fava_0006-72.png",
      "first_name": "Nicholas",
      "real_name": "Nicholas Friedman",
      "display_name": "Nicholas Friedman",
      "team": "T03U4J8HMUG",
      "name": "Nicholas",
      "is_restricted": false,
      "is_ultra_restricted": false
    },
    "reactions": [
      {
        "name": "raised_hands",
        "users": [
          "U03U1J51VFZ"
        ],
        "count": 1
      },
      {
        "name": "raised_hands::skin-tone-4",
        "users": [
          "U03UG4Q7V42"
        ],
        "count": 1
      }
    ]
  },
  {
    "client_msg_id": "646efbdc-4a47-4cfd-b017-92c9beffea82",
    "type": "message",
    "text": "Hi all, has anyone managed to access the instance?",
    "user": "U03UG4Q7V42",
    "ts": "1667234008.113589",
    "blocks": [
      {
        "type": "rich_text",
        "block_id": "MhK",
        "elements": [
          {
            "type": "rich_text_section",
            "elements": [
              {
                "type": "text",
                "text": "Hi all, has anyone managed to access the instance?"
              }
            ]
          }
        ]
      }
    ],
    "team": "T03U4J8HMUG",
    "user_team": "T03U4J8HMUG",
    "source_team": "T03U4J8HMUG",
    "user_profile": {
      "avatar_hash": "5bc346a85286",
      "image_72": "https://avatars.slack-edge.com/2022-08-20/3968048875651_5bc346a852866218ec6b_72.png",
      "first_name": "Phillip",
      "real_name": "Phillip Atkins",
      "display_name": "Phillip Atkins",
      "team": "T03U4J8HMUG",
      "name": "Phillip",
      "is_restricted": false,
      "is_ultra_restricted": false
    },
    "thread_ts": "1667234008.113589",
    "reply_count": 4,
    "reply_users_count": 3,
    "latest_reply": "1667238156.369419",
    "reply_users": [
      "U03U9EJR362",
      "U03UG4Q7V42",
      "U03V785NLSU"
    ],
    "replies": [
      {
        "user": "U03U9EJR362",
        "ts": "1667235440.401269"
      },
      {
        "user": "U03UG4Q7V42",
        "ts": "1667235500.359339"
      },
      {
        "user": "U03V785NLSU",
        "ts": "1667237910.469429"
      },
      {
        "user": "U03UG4Q7V42",
        "ts": "1667238156.369419"
      }
    ],
    "is_locked": false,
    "subscribed": false
  },
  {
    "client_msg_id": "95b62c2a-817f-41c2-9fd3-e52e83e8f7da",
    "type": "message",
    "text": "From my side, I didn't manage it. I think the instance is not available now.",
    "user": "U03U9EJR362",
    "ts": "1667235440.401269",
    "blocks": [
      {
        "type": "rich_text",
        "block_id": "kHEH",
        "elements": [
          {
            "type": "rich_text_section",
            "elements": [
              {
                "type": "text",
                "text": "From my side, I didn't manage it. I think the instance is not available now."
              }
            ]
          }
        ]
      }
    ],
    "team": "T03U4J8HMUG",
    "user_team": "T03U4J8HMUG",
    "source_team": "T03U4J8HMUG",
    "user_profile": {
      "avatar_hash": "gc0133e965fb",
      "image_72": "https://secure.gravatar.com/avatar/c0133e965fb5500f9a83b69df54a7dc6.jpg?s=72&d=https%3A%2F%2Fa.slack-edge.com%2Fdf10d%2Fimg%2Favatars%2Fava_0006-72.png",
      "first_name": "Nicholas",
      "real_name": "Nicholas Friedman",
      "display_name": "Nicholas Friedman",
      "team": "T03U4J8HMUG",
      "name": "Nicholas",
      "is_restricted": false,
      "is_ultra_restricted": false
    },
    "thread_ts": "1667234008.113589",
    "parent_user_id": "U03UG4Q7V42"
  },
  {
    "client_msg_id": "760aa552-7f85-4c52-acfd-b2db8f1d3ade",
    "type": "message",
    "text": "Oh okay thanks Bire",
    "user": "U03UG4Q7V42",
    "ts": "1667235500.359339",
    "blocks": [
      {
        "type": "rich_text",
        "block_id": "BDECf",
        "elements": [
          {
            "type": "rich_text_section",
            "elements": [
              {
                "type": "text",
                "text": "Oh okay thanks Bire"
              }
            ]
          }
        ]
      }
    ],
    "team": "T03U4J8HMUG",
    "user_team": "T03U4J8HMUG",
    "source_team": "T03U4J8HMUG",
    "user_profile": {
      "avatar_hash": "5bc346a85286",
      "image_72": "https://avatars.slack-edge.com/2022-08-20/3968048875651_5bc346a852866218ec6b_72.png",
      "first_name": "Phillip",
      "real_name": "Phillip Atkins",
      "display_name": "Phillip Atkins",
      "team": "T03U4J8HMUG",
      "name": "Phillip",
      "is_restricted": false,
      "is_ultra_restricted": false
    },
    "thread_ts": "1667234008.113589",
    "parent_user_id": "U03UG4Q7V42",
    "reactions": [
      {
        "name": "white_check_mark",
        "users": [
          "U03U9EJR362"
        ],
        "count": 1
      }
    ]
  },
  {
    "client_msg_id": "34368cf4-c882-4580-9929-a693775e6fdb",
    "type": "message",
    "text": "are we working with one repo?",
    "user": "U03V785NLSU",
    "ts": "1667236773.529879",
    "blocks": [
      {
        "type": "rich_text",
        "block_id": "6rYO",
        "elements": [
          {
            "type": "rich_text_section",
            "elements": [
              {
                "type": "text",
                "text": "are we working with one repo?"
              }
            ]
          }
        ]
      }
    ],
    "team": "T03U4J8HMUG",
    "user_team": "T03U4J8HMUG",
    "source_team": "T03U4J8HMUG",
    "user_profile": {
      "avatar_hash": "48d5c88821e9",
      "image_72": "https://avatars.slack-edge.com/2022-08-21/3993277785968_48d5c88821e922581e17_72.jpg",
      "first_name": "Ashley",
      "real_name": "Ashley Hamilton",
      "display_name": "Ashley Hamilton",
      "team": "T03U4J8HMUG",
      "name": "Ashley",
      "is_restricted": false,
      "is_ultra_restricted": false
    },
    "thread_ts": "1667236773.529879",
    "reply_count": 2,
    "reply_users_count": 2,
    "latest_reply": "1667237236.102859",
    "reply_users": [
      "U03U9EJR362",
      "U03V785NLSU"
    ],
    "replies": [
      {
        "user": "U03U9EJR362",
        "ts": "1667237162.884089"
      },
      {
        "user": "U03V785NLSU",
        "ts": "1667237236.102859"
      }
    ],
    "is_locked": false,
    "subscribed": false
  },
  {
    "client_msg_id": "0ecc887a-c272-4aef-9715-099a7a972b46",
    "type": "message",
    "text": "I think it is good if we use 1 organizational repo, so we can contribute with our respective branch.",
    "user": "U03U1J51VFZ",
    "ts": "1667237068.323339",
    "blocks": [
      {
        "type": "rich_text",
        "block_id": "D6oW",
        "elements": [
          {
            "type": "rich_text_section",
            "elements": [
              {
                "type": "text",
                "text": "I think it is good if we use 1 organizational repo, so we can contribute with our respective branch."
              }
            ]
          }
        ]
      }
    ],
    "team": "T03U4J8HMUG",
    "user_team": "T03U4J8HMUG",
    "source_team": "T03U4J8HMUG",
    "user_profile": {
      "avatar_hash": "f10afbc7b806",
      "image_72": "https://avatars.slack-edge.com/2022-08-20/3968075210083_f10afbc7b8060c472ad0_72.png",
      "first_name": "Cheryl",
      "real_name": "Cheryl Hudson",
      "display_name": "Cheryl Hudson",
      "team": "T03U4J8HMUG",
      "name": "Cheryl",
      "is_restricted": false,
      "is_ultra_restricted": false
    },
    "reactions": [
      {
        "name": "raised_hands::skin-tone-3",
        "users": [
          "U03U9EJR362"
        ],
        "count": 1
      },
      {
        "name": "raised_hands::skin-tone-4",
        "users": [
          "U03UG4Q7V42"
        ],
        "count": 1
      }
    ]
  },
  {
    "client_msg_id": "06a10d91-4857-47b6-8c3b-7a362840b3b9",
    "type": "message",
    "text": "yes -&gt;Each person\u2019s code contributions must be demonstrated as branches or commits.",
    "user": "U03U9EJR362",
    "ts": "1667237162.884089",
    "blocks": [
      {
        "type": "rich_text",
        "block_id": "fPdvX",
        "elements": [
          {
            "type": "rich_text_section",
            "elements": [
              {
                "type": "text",
                "text": "yes ->Each person\u2019s code contributions must be demonstrated as branches or commits."
              }
            ]
          }
        ]
      }
    ],
    "team": "T03U4J8HMUG",
    "user_team": "T03U4J8HMUG",
    "source_team": "T03U4J8HMUG",
    "user_profile": {
      "avatar_hash": "gc0133e965fb",
      "image_72": "https://secure.gravatar.com/avatar/c0133e965fb5500f9a83b69df54a7dc6.jpg?s=72&d=https%3A%2F%2Fa.slack-edge.com%2Fdf10d%2Fimg%2Favatars%2Fava_0006-72.png",
      "first_name": "Nicholas",
      "real_name": "Nicholas Friedman",
      "display_name": "Nicholas Friedman",
      "team": "T03U4J8HMUG",
      "name": "Nicholas",
      "is_restricted": false,
      "is_ultra_restricted": false
    },
    "thread_ts": "1667236773.529879",
    "parent_user_id": "U03V785NLSU"
  },
  {
    "client_msg_id": "af7746a7-e4b3-4d08-bf7a-643f99fa4f8f",
    "type": "message",
    "text": "<mailto:maggycheppy@gmail.com|maggycheppy@gmail.com>  here's m email when you set it up.",
    "user": "U03V785NLSU",
    "ts": "1667237236.102859",
    "blocks": [
      {
        "type": "rich_text",
        "block_id": "pci",
        "elements": [
          {
            "type": "rich_text_section",
            "elements": [
              {
                "type": "link",
                "url": "mailto:maggycheppy@gmail.com",
                "text": "maggycheppy@gmail.com"
              },
              {
                "type": "text",
                "text": "  here's m email when you set it up."
              }
            ]
          }
        ]
      }
    ],
    "team": "T03U4J8HMUG",
    "user_team": "T03U4J8HMUG",
    "source_team": "T03U4J8HMUG",
    "user_profile": {
      "avatar_hash": "48d5c88821e9",
      "image_72": "https://avatars.slack-edge.com/2022-08-21/3993277785968_48d5c88821e922581e17_72.jpg",
      "first_name": "Ashley",
      "real_name": "Ashley Hamilton",
      "display_name": "Ashley Hamilton",
      "team": "T03U4J8HMUG",
      "name": "Ashley",
      "is_restricted": false,
      "is_ultra_restricted": false
    },
    "thread_ts": "1667236773.529879",
    "parent_user_id": "U03V785NLSU",
    "reactions": [
      {
        "name": "+1::skin-tone-3",
        "users": [
          "U03U9EJR362"
        ],
        "count": 1
      }
    ]
  },
  {
    "client_msg_id": "64b28fbb-8133-4841-bd78-84c7dc6c7137",
    "type": "message",
    "text": "I also can't from my side. We can't access the data until we connect to the instance, right?",
    "user": "U03V785NLSU",
    "ts": "1667237910.469429",
    "blocks": [
      {
        "type": "rich_text",
        "block_id": "8L9",
        "elements": [
          {
            "type": "rich_text_section",
            "elements": [
              {
                "type": "text",
                "text": "I also can't from my side. We can't access the data until we connect to the instance, right?"
              }
            ]
          }
        ]
      }
    ],
    "team": "T03U4J8HMUG",
    "user_team": "T03U4J8HMUG",
    "source_team": "T03U4J8HMUG",
    "user_profile": {
      "avatar_hash": "48d5c88821e9",
      "image_72": "https://avatars.slack-edge.com/2022-08-21/3993277785968_48d5c88821e922581e17_72.jpg",
      "first_name": "Ashley",
      "real_name": "Ashley Hamilton",
      "display_name": "Ashley Hamilton",
      "team": "T03U4J8HMUG",
      "name": "Ashley",
      "is_restricted": false,
      "is_ultra_restricted": false
    },
    "thread_ts": "1667234008.113589",
    "parent_user_id": "U03UG4Q7V42"
  },
  {
    "type": "message",
    "subtype": "channel_join",
    "ts": "1667237965.596749",
    "user": "U03UKL27B0R",
    "text": "<@U03UKL27B0R> has joined the channel",
    "inviter": "U03V785NLSU",
    "reactions": [
      {
        "name": "white_check_mark",
        "users": [
          "U03U9EJR362"
        ],
        "count": 1
      }
    ]
  },
  {
    "client_msg_id": "ac918486-643f-4f07-927a-35cec82b0178",
    "type": "message",
    "text": "HI <@U03UKL27B0R> is the instance ready? We can't access it yet.",
    "user": "U03V785NLSU",
    "ts": "1667238035.785969",
    "blocks": [
      {
        "type": "rich_text",
        "block_id": "osKK",
        "elements": [
          {
            "type": "rich_text_section",
            "elements": [
              {
                "type": "text",
                "text": "HI "
              },
              {
                "type": "user",
                "user_id": "U03UKL27B0R"
              },
              {
                "type": "text",
                "text": " is the instance ready? We can't access it yet."
              }
            ]
          }
        ]
      }
    ],
    "team": "T03U4J8HMUG",
    "user_team": "T03U4J8HMUG",
    "source_team": "T03U4J8HMUG",
    "user_profile": {
      "avatar_hash": "48d5c88821e9",
      "image_72": "https://avatars.slack-edge.com/2022-08-21/3993277785968_48d5c88821e922581e17_72.jpg",
      "first_name": "Ashley",
      "real_name": "Ashley Hamilton",
      "display_name": "Ashley Hamilton",
      "team": "T03U4J8HMUG",
      "name": "Ashley",
      "is_restricted": false,
      "is_ultra_restricted": false
    }
  },
  {
    "client_msg_id": "b02cbf70-fa9a-4ab5-9cb8-5a9cee05b281",
    "type": "message",
    "text": "Yeah i think so",
    "user": "U03UG4Q7V42",
    "ts": "1667238156.369419",
    "blocks": [
      {
        "type": "rich_text",
        "block_id": "aZH",
        "elements": [
          {
            "type": "rich_text_section",
            "elements": [
              {
                "type": "text",
                "text": "Yeah i think so"
              }
            ]
          }
        ]
      }
    ],
    "team": "T03U4J8HMUG",
    "user_team": "T03U4J8HMUG",
    "source_team": "T03U4J8HMUG",
    "user_profile": {
      "avatar_hash": "5bc346a85286",
      "image_72": "https://avatars.slack-edge.com/2022-08-20/3968048875651_5bc346a852866218ec6b_72.png",
      "first_name": "Phillip",
      "real_name": "Phillip Atkins",
      "display_name": "Phillip Atkins",
      "team": "T03U4J8HMUG",
      "name": "Phillip",
      "is_restricted": false,
      "is_ultra_restricted": false
    },
    "thread_ts": "1667234008.113589",
    "parent_user_id": "U03UG4Q7V42",
    "reactions": [
      {
        "name": "+1::skin-tone-3",
        "users": [
          "U03U9EJR362"
        ],
        "count": 1
      }
    ]
  },
  {
    "client_msg_id": "36ca1885-239e-49b8-b8e1-05770753710b",
    "type": "message",
    "text": "Sorry, <@U03V785NLSU> I asked him before, and he responds \"We are forming a group for instance access and will update you guys.\"",
    "user": "U03U9EJR362",
    "ts": "1667238337.838509",
    "blocks": [
      {
        "type": "rich_text",
        "block_id": "F/D",
        "elements": [
          {
            "type": "rich_text_section",
            "elements": [
              {
                "type": "text",
                "text": "Sorry, "
              },
              {
                "type": "user",
                "user_id": "U03V785NLSU"
              },
              {
                "type": "text",
                "text": " I asked him before, and he responds \"We are forming a group for instance access and will update you guys.\""
              }
            ]
          }
        ]
      }
    ],
    "team": "T03U4J8HMUG",
    "user_team": "T03U4J8HMUG",
    "source_team": "T03U4J8HMUG",
    "user_profile": {
      "avatar_hash": "gc0133e965fb",
      "image_72": "https://secure.gravatar.com/avatar/c0133e965fb5500f9a83b69df54a7dc6.jpg?s=72&d=https%3A%2F%2Fa.slack-edge.com%2Fdf10d%2Fimg%2Favatars%2Fava_0006-72.png",
      "first_name": "Nicholas",
      "real_name": "Nicholas Friedman",
      "display_name": "Nicholas Friedman",
      "team": "T03U4J8HMUG",
      "name": "Nicholas",
      "is_restricted": false,
      "is_ultra_restricted": false
    },
    "reactions": [
      {
        "name": "+1",
        "users": [
          "U03V785NLSU"
        ],
        "count": 1
      }
    ]
  },
  {
    "client_msg_id": "db1a51ae-ff36-4d97-8a34-4551bbd9411d",
    "type": "message",
    "text": "<!here>, we weren't able to create the instances with GPU access. We will try to make it ready till midnight or tomorrow morning.",
    "user": "U03UKL27B0R",
    "ts": "1667239390.993949",
    "blocks": [
      {
        "type": "rich_text",
        "block_id": "Khc",
        "elements": [
          {
            "type": "rich_text_section",
            "elements": [
              {
                "type": "broadcast",
                "range": "here"
              },
              {
                "type": "text",
                "text": ", we weren't able to create the instances with GPU access. We will try to make it ready till midnight or tomorrow morning."
              }
            ]
          }
        ]
      }
    ],
    "team": "T03U4J8HMUG",
    "user_team": "T03U4J8HMUG",
    "source_team": "T03U4J8HMUG",
    "user_profile": {
      "avatar_hash": "85058b6ca368",
      "image_72": "https://avatars.slack-edge.com/2022-08-18/3961513756852_85058b6ca368839d0014_72.png",
      "first_name": "Brittany",
      "real_name": "Brittany Garcia",
      "display_name": "Brittany Garcia",
      "team": "T03U4J8HMUG",
      "name": "Brittany",
      "is_restricted": false,
      "is_ultra_restricted": false
    },
    "reactions": [
      {
        "name": "raised_hands",
        "users": [
          "U03UVHCV6KB",
          "U03U1J51VFZ",
          "U03UG0SFHGT"
        ],
        "count": 3
      },
      {
        "name": "raised_hands::skin-tone-4",
        "users": [
          "U03UG4Q7V42"
        ],
        "count": 1
      },
      {
        "name": "raised_hands::skin-tone-3",
        "users": [
          "U03U9EJR362"
        ],
        "count": 1
      }
    ]
  },
  {
    "client_msg_id": "3359c710-28a1-4296-8c0b-e029e36fe1bf",
    "type": "message",
    "text": "Hello everyone. I've set up a repo for us to work on with a main branch protection rule. We can add a commit to our branch and make a pull request before we can merge directly to the main branch. As a result, at least one team member must approve the branch merging in order to avoid merge conflicts. Don't forget to accept the invitation, too.\nThis is our repo :<https://github.com/ad-Optimisation/ad_optimisation>",
    "user": "U03U9EJR362",
    "ts": "1667247726.026439",
    "blocks": [
      {
        "type": "rich_text",
        "block_id": "pecvb",
        "elements": [
          {
            "type": "rich_text_section",
            "elements": [
              {
                "type": "text",
                "text": "Hello everyone. I've set up a repo for us to work on with a main branch protection rule. We can add a commit to our branch and make a pull request before we can merge directly to the main branch. As a result, at least one team member must approve the branch merging in order to avoid merge conflicts. Don't forget to accept the invitation, too.\nThis is our repo :"
              },
              {
                "type": "link",
                "url": "https://github.com/ad-Optimisation/ad_optimisation"
              }
            ]
          }
        ]
      }
    ],
    "team": "T03U4J8HMUG",
    "user_team": "T03U4J8HMUG",
    "source_team": "T03U4J8HMUG",
    "user_profile": {
      "avatar_hash": "gc0133e965fb",
      "image_72": "https://secure.gravatar.com/avatar/c0133e965fb5500f9a83b69df54a7dc6.jpg?s=72&d=https%3A%2F%2Fa.slack-edge.com%2Fdf10d%2Fimg%2Favatars%2Fava_0006-72.png",
      "first_name": "Nicholas",
      "real_name": "Nicholas Friedman",
      "display_name": "Nicholas Friedman",
      "team": "T03U4J8HMUG",
      "name": "Nicholas",
      "is_restricted": false,
      "is_ultra_restricted": false
    },
    "attachments": [
      {
        "id": 1,
        "color": "24292f",
        "bot_id": "B03UYH1BWQZ",
        "app_unfurl_url": "https://github.com/ad-Optimisation/ad_optimisation",
        "is_app_unfurl": true,
        "app_id": "A01BP7R4KNY",
        "fallback": "ad-Optimisation/ad_optimisation",
        "title": "ad-Optimisation/ad_optimisation",
        "fields": [
          {
            "value": "3 hours ago",
            "title": "Last updated",
            "short": true
          }
        ]
      }
    ],
    "reactions": [
      {
        "name": "white_check_mark",
        "users": [
          "U03UG4Q7V42",
          "U03UHB8CXDY",
          "U03UG0SFHGT"
        ],
        "count": 3
      }
    ]
  }
]