[
  {
    "client_msg_id": "A30DE6AB-65D5-4846-8C35-20864F951B61",
    "type": "message",
    "text": "<@U03U9EJR362> I can\u2019t, I\u2019m in a noisy place atm.",
    "user": "U03V785NLSU",
    "ts": "1667809745.890659",
    "blocks": [
      {
        "type": "rich_text",
        "block_id": "E7eLx",
        "elements": [
          {
            "type": "rich_text_section",
            "elements": [
              {
                "type": "user",
                "user_id": "U03U9EJR362"
              },
              {
                "type": "text",
                "text": " I can\u2019t, I\u2019m in a noisy place atm."
              }
            ]
          }
        ]
      }
    ],
    "team": "T03U4J8HMUG",
    "user_team": "T03U4J8HMUG",
    "source_team": "T03U4J8HMUG",
    "user_profile": {
      "avatar_hash": "48d5c88821e9",
      "image_72": "https://avatars.slack-edge.com/2022-08-21/3993277785968_48d5c88821e922581e17_72.jpg",
      "first_name": "Ashley",
      "real_name": "Ashley Hamilton",
      "display_name": "Ashley Hamilton",
      "team": "T03U4J8HMUG",
      "name": "Ashley",
      "is_restricted": false,
      "is_ultra_restricted": false
    },
    "thread_ts": "1667807598.812679",
    "parent_user_id": "U03U9EJR362",
    "reactions": [
      {
        "name": "+1::skin-tone-3",
        "users": [
          "U03U9EJR362"
        ],
        "count": 1
      }
    ]
  },
  {
    "client_msg_id": "093202b0-32ac-485d-8808-bbddc7aa26c0",
    "type": "message",
    "text": ":hot_face:",
    "user": "U03V785NLSU",
    "ts": "1667813655.905889",
    "blocks": [
      {
        "type": "rich_text",
        "block_id": "xkRf",
        "elements": [
          {
            "type": "rich_text_section",
            "elements": [
              {
                "type": "emoji",
                "name": "hot_face",
                "unicode": "1f975"
              }
            ]
          }
        ]
      }
    ],
    "team": "T03U4J8HMUG",
    "user_team": "T03U4J8HMUG",
    "source_team": "T03U4J8HMUG",
    "user_profile": {
      "avatar_hash": "48d5c88821e9",
      "image_72": "https://avatars.slack-edge.com/2022-08-21/3993277785968_48d5c88821e922581e17_72.jpg",
      "first_name": "Ashley",
      "real_name": "Ashley Hamilton",
      "display_name": "Ashley Hamilton",
      "team": "T03U4J8HMUG",
      "name": "Ashley",
      "is_restricted": false,
      "is_ultra_restricted": false
    },
    "thread_ts": "1667813655.905889",
    "reply_count": 1,
    "reply_users_count": 1,
    "latest_reply": "1667814342.646599",
    "reply_users": [
      "U03U9EJR362"
    ],
    "replies": [
      {
        "user": "U03U9EJR362",
        "ts": "1667814342.646599"
      }
    ],
    "is_locked": false,
    "subscribed": false
  },
  {
    "client_msg_id": "5a5107d4-ffea-4c3e-aae0-5875978323fd",
    "type": "message",
    "text": "Sorry guys!",
    "user": "U03U9EJR362",
    "ts": "1667813921.069149",
    "blocks": [
      {
        "type": "rich_text",
        "block_id": "N4+8",
        "elements": [
          {
            "type": "rich_text_section",
            "elements": [
              {
                "type": "text",
                "text": "Sorry guys!"
              }
            ]
          }
        ]
      }
    ],
    "team": "T03U4J8HMUG",
    "user_team": "T03U4J8HMUG",
    "source_team": "T03U4J8HMUG",
    "user_profile": {
      "avatar_hash": "gc0133e965fb",
      "image_72": "https://secure.gravatar.com/avatar/c0133e965fb5500f9a83b69df54a7dc6.jpg?s=72&d=https%3A%2F%2Fa.slack-edge.com%2Fdf10d%2Fimg%2Favatars%2Fava_0006-72.png",
      "first_name": "Nicholas",
      "real_name": "Nicholas Friedman",
      "display_name": "Nicholas Friedman",
      "team": "T03U4J8HMUG",
      "name": "Nicholas",
      "is_restricted": false,
      "is_ultra_restricted": false
    },
    "edited": {
      "user": "U03U9EJR362",
      "ts": "1667814153.000000"
    }
  },
  {
    "client_msg_id": "1a3372d9-fcc9-4d1b-bad2-30d54966f006",
    "type": "message",
    "text": ":pensive:",
    "user": "U03U9EJR362",
    "ts": "1667814012.100109",
    "blocks": [
      {
        "type": "rich_text",
        "block_id": "Izuc",
        "elements": [
          {
            "type": "rich_text_section",
            "elements": [
              {
                "type": "emoji",
                "name": "pensive",
                "unicode": "1f614"
              }
            ]
          }
        ]
      }
    ],
    "team": "T03U4J8HMUG",
    "user_team": "T03U4J8HMUG",
    "source_team": "T03U4J8HMUG",
    "user_profile": {
      "avatar_hash": "gc0133e965fb",
      "image_72": "https://secure.gravatar.com/avatar/c0133e965fb5500f9a83b69df54a7dc6.jpg?s=72&d=https%3A%2F%2Fa.slack-edge.com%2Fdf10d%2Fimg%2Favatars%2Fava_0006-72.png",
      "first_name": "Nicholas",
      "real_name": "Nicholas Friedman",
      "display_name": "Nicholas Friedman",
      "team": "T03U4J8HMUG",
      "name": "Nicholas",
      "is_restricted": false,
      "is_ultra_restricted": false
    }
  },
  {
    "client_msg_id": "ea057597-85eb-40d9-94cd-79bb315b8abd",
    "type": "message",
    "text": "<@U03UVHCV6KB> :yawning_face:",
    "user": "U03U9EJR362",
    "ts": "1667814062.083059",
    "blocks": [
      {
        "type": "rich_text",
        "block_id": "Nka",
        "elements": [
          {
            "type": "rich_text_section",
            "elements": [
              {
                "type": "user",
                "user_id": "U03UVHCV6KB"
              },
              {
                "type": "text",
                "text": " "
              },
              {
                "type": "emoji",
                "name": "yawning_face",
                "unicode": "1f971"
              }
            ]
          }
        ]
      }
    ],
    "team": "T03U4J8HMUG",
    "user_team": "T03U4J8HMUG",
    "source_team": "T03U4J8HMUG",
    "user_profile": {
      "avatar_hash": "gc0133e965fb",
      "image_72": "https://secure.gravatar.com/avatar/c0133e965fb5500f9a83b69df54a7dc6.jpg?s=72&d=https%3A%2F%2Fa.slack-edge.com%2Fdf10d%2Fimg%2Favatars%2Fava_0006-72.png",
      "first_name": "Nicholas",
      "real_name": "Nicholas Friedman",
      "display_name": "Nicholas Friedman",
      "team": "T03U4J8HMUG",
      "name": "Nicholas",
      "is_restricted": false,
      "is_ultra_restricted": false
    },
    "thread_ts": "1667807598.812679",
    "parent_user_id": "U03U9EJR362"
  },
  {
    "client_msg_id": "92a5a03e-0222-4283-996a-1d8fa32cb1fe",
    "type": "message",
    "text": "whats up with the yawning face man? hehe:rolling_on_the_floor_laughing:",
    "user": "U03UVHCV6KB",
    "ts": "1667814114.896159",
    "blocks": [
      {
        "type": "rich_text",
        "block_id": "XHlag",
        "elements": [
          {
            "type": "rich_text_section",
            "elements": [
              {
                "type": "text",
                "text": "whats up with the yawning face man? hehe"
              },
              {
                "type": "emoji",
                "name": "rolling_on_the_floor_laughing",
                "unicode": "1f923"
              }
            ]
          }
        ]
      }
    ],
    "team": "T03U4J8HMUG",
    "user_team": "T03U4J8HMUG",
    "source_team": "T03U4J8HMUG",
    "user_profile": {
      "avatar_hash": "gc9619121f99",
      "image_72": "https://secure.gravatar.com/avatar/c9619121f998ee4a7e46177f2a5729de.jpg?s=72&d=https%3A%2F%2Fa.slack-edge.com%2Fdf10d%2Fimg%2Favatars%2Fava_0002-72.png",
      "first_name": "Travis",
      "real_name": "Travis Butler",
      "display_name": "Travis Butler",
      "team": "T03U4J8HMUG",
      "name": "Travis",
      "is_restricted": false,
      "is_ultra_restricted": false
    },
    "thread_ts": "1667807598.812679",
    "parent_user_id": "U03U9EJR362"
  },
  {
    "client_msg_id": "37f22250-cd0a-4a3c-8849-f9dbd00482a3",
    "type": "message",
    "text": "good experience for next challenges:grin:",
    "user": "U03U9EJR362",
    "ts": "1667814248.393489",
    "blocks": [
      {
        "type": "rich_text",
        "block_id": "5PWC",
        "elements": [
          {
            "type": "rich_text_section",
            "elements": [
              {
                "type": "text",
                "text": "good experience for next challenges"
              },
              {
                "type": "emoji",
                "name": "grin",
                "unicode": "1f601"
              }
            ]
          }
        ]
      }
    ],
    "team": "T03U4J8HMUG",
    "user_team": "T03U4J8HMUG",
    "source_team": "T03U4J8HMUG",
    "user_profile": {
      "avatar_hash": "gc0133e965fb",
      "image_72": "https://secure.gravatar.com/avatar/c0133e965fb5500f9a83b69df54a7dc6.jpg?s=72&d=https%3A%2F%2Fa.slack-edge.com%2Fdf10d%2Fimg%2Favatars%2Fava_0006-72.png",
      "first_name": "Nicholas",
      "real_name": "Nicholas Friedman",
      "display_name": "Nicholas Friedman",
      "team": "T03U4J8HMUG",
      "name": "Nicholas",
      "is_restricted": false,
      "is_ultra_restricted": false
    },
    "thread_ts": "1667807598.812679",
    "parent_user_id": "U03U9EJR362"
  },
  {
    "client_msg_id": "5a3acdd9-d710-4351-bc17-36814915c097",
    "type": "message",
    "text": "Yeah defiantely man",
    "user": "U03UVHCV6KB",
    "ts": "1667814272.120119",
    "blocks": [
      {
        "type": "rich_text",
        "block_id": "chOY",
        "elements": [
          {
            "type": "rich_text_section",
            "elements": [
              {
                "type": "text",
                "text": "Yeah defiantely man"
              }
            ]
          }
        ]
      }
    ],
    "team": "T03U4J8HMUG",
    "user_team": "T03U4J8HMUG",
    "source_team": "T03U4J8HMUG",
    "user_profile": {
      "avatar_hash": "gc9619121f99",
      "image_72": "https://secure.gravatar.com/avatar/c9619121f998ee4a7e46177f2a5729de.jpg?s=72&d=https%3A%2F%2Fa.slack-edge.com%2Fdf10d%2Fimg%2Favatars%2Fava_0002-72.png",
      "first_name": "Travis",
      "real_name": "Travis Butler",
      "display_name": "Travis Butler",
      "team": "T03U4J8HMUG",
      "name": "Travis",
      "is_restricted": false,
      "is_ultra_restricted": false
    },
    "thread_ts": "1667807598.812679",
    "parent_user_id": "U03U9EJR362"
  },
  {
    "client_msg_id": "f578f341-0348-40d2-97a7-03fa951a0e9c",
    "type": "message",
    "text": "Sometimes it happens",
    "user": "U03U9EJR362",
    "ts": "1667814342.646599",
    "blocks": [
      {
        "type": "rich_text",
        "block_id": "ZS/+2",
        "elements": [
          {
            "type": "rich_text_section",
            "elements": [
              {
                "type": "text",
                "text": "Sometimes it happens"
              }
            ]
          }
        ]
      }
    ],
    "team": "T03U4J8HMUG",
    "user_team": "T03U4J8HMUG",
    "source_team": "T03U4J8HMUG",
    "user_profile": {
      "avatar_hash": "gc0133e965fb",
      "image_72": "https://secure.gravatar.com/avatar/c0133e965fb5500f9a83b69df54a7dc6.jpg?s=72&d=https%3A%2F%2Fa.slack-edge.com%2Fdf10d%2Fimg%2Favatars%2Fava_0006-72.png",
      "first_name": "Nicholas",
      "real_name": "Nicholas Friedman",
      "display_name": "Nicholas Friedman",
      "team": "T03U4J8HMUG",
      "name": "Nicholas",
      "is_restricted": false,
      "is_ultra_restricted": false
    },
    "thread_ts": "1667813655.905889",
    "parent_user_id": "U03V785NLSU"
  }
]