[
  {
    "client_msg_id": "2baf64c7-5073-426c-ae3e-d86b69086ee8",
    "type": "message",
    "text": "C an we have another meeting today?",
    "user": "U03UJN29Y4C",
    "ts": "1665044397.776299",
    "blocks": [
      {
        "type": "rich_text",
        "block_id": "dtq00",
        "elements": [
          {
            "type": "rich_text_section",
            "elements": [
              {
                "type": "text",
                "text": "C an we have another meeting today?"
              }
            ]
          }
        ]
      }
    ],
    "team": "T03U4J8HMUG",
    "user_team": "T03U4J8HMUG",
    "source_team": "T03U4J8HMUG",
    "user_profile": {
      "avatar_hash": "9bf024280cf1",
      "image_72": "https://avatars.slack-edge.com/2022-10-08/4190947116101_9bf024280cf14dffb003_72.jpg",
      "first_name": "Michelle",
      "real_name": "Michelle Lewis",
      "display_name": "Michelle Lewis",
      "team": "T03U4J8HMUG",
      "name": "Michelle",
      "is_restricted": false,
      "is_ultra_restricted": false
    }
  },
  {
    "client_msg_id": "b8f09579-0a0d-428d-b8ea-9f65693a3dd3",
    "type": "message",
    "text": "yeah, we have a meeting. not sure when though",
    "user": "U03V61VGQG0",
    "ts": "1665047063.390269",
    "blocks": [
      {
        "type": "rich_text",
        "block_id": "nU646",
        "elements": [
          {
            "type": "rich_text_section",
            "elements": [
              {
                "type": "text",
                "text": "yeah, we have a meeting. not sure when though"
              }
            ]
          }
        ]
      }
    ],
    "team": "T03U4J8HMUG",
    "user_team": "T03U4J8HMUG",
    "source_team": "T03U4J8HMUG",
    "user_profile": {
      "avatar_hash": "5e18062f5298",
      "image_72": "https://avatars.slack-edge.com/2022-08-29/3997574519670_5e18062f5298c6182ca5_72.jpg",
      "first_name": "Paula",
      "real_name": "Paula Bryant",
      "display_name": "Paula Bryant",
      "team": "T03U4J8HMUG",
      "name": "Paula",
      "is_restricted": false,
      "is_ultra_restricted": false
    }
  },
  {
    "client_msg_id": "563e8053-4c5c-4080-a492-253b6dc16257",
    "type": "message",
    "text": "Yes after the debate is over, which means 12:00 PM UTC.",
    "user": "U03UUR571A5",
    "ts": "1665047134.988369",
    "blocks": [
      {
        "type": "rich_text",
        "block_id": "Tnipy",
        "elements": [
          {
            "type": "rich_text_section",
            "elements": [
              {
                "type": "text",
                "text": "Yes after the debate is over, which means 12:00 PM UTC."
              }
            ]
          }
        ]
      }
    ],
    "team": "T03U4J8HMUG",
    "user_team": "T03U4J8HMUG",
    "source_team": "T03U4J8HMUG",
    "user_profile": {
      "avatar_hash": "g95c5cde44bc",
      "image_72": "https://secure.gravatar.com/avatar/95c5cde44bc023bd369920b7e1ed0c94.jpg?s=72&d=https%3A%2F%2Fa.slack-edge.com%2Fdf10d%2Fimg%2Favatars%2Fava_0017-72.png",
      "first_name": "Amy",
      "real_name": "Amy Leon",
      "display_name": "Amy Leon",
      "team": "T03U4J8HMUG",
      "name": "Amy",
      "is_restricted": false,
      "is_ultra_restricted": false
    },
    "edited": {
      "user": "U03UUR571A5",
      "ts": "1665047150.000000"
    }
  },
  {
    "client_msg_id": "e7f62c2b-8b4c-426e-9527-ff6dfa60c619",
    "type": "message",
    "text": "<!here> Can we have a quick call after CBS",
    "user": "U03UUR571A5",
    "ts": "1665058002.539499",
    "blocks": [
      {
        "type": "rich_text",
        "block_id": "vchT",
        "elements": [
          {
            "type": "rich_text_section",
            "elements": [
              {
                "type": "broadcast",
                "range": "here"
              },
              {
                "type": "text",
                "text": " Can we have a quick call after CBS"
              }
            ]
          }
        ]
      }
    ],
    "team": "T03U4J8HMUG",
    "user_team": "T03U4J8HMUG",
    "source_team": "T03U4J8HMUG",
    "user_profile": {
      "avatar_hash": "g95c5cde44bc",
      "image_72": "https://secure.gravatar.com/avatar/95c5cde44bc023bd369920b7e1ed0c94.jpg?s=72&d=https%3A%2F%2Fa.slack-edge.com%2Fdf10d%2Fimg%2Favatars%2Fava_0017-72.png",
      "first_name": "Amy",
      "real_name": "Amy Leon",
      "display_name": "Amy Leon",
      "team": "T03U4J8HMUG",
      "name": "Amy",
      "is_restricted": false,
      "is_ultra_restricted": false
    },
    "edited": {
      "user": "U03UUR571A5",
      "ts": "1665058014.000000"
    }
  },
  {
    "client_msg_id": "2eea9536-4d2a-4953-9a25-373a207b8fd9",
    "type": "message",
    "text": "Sure.",
    "user": "U03UUP56MDF",
    "ts": "1665058023.372039",
    "blocks": [
      {
        "type": "rich_text",
        "block_id": "/KXf",
        "elements": [
          {
            "type": "rich_text_section",
            "elements": [
              {
                "type": "text",
                "text": "Sure."
              }
            ]
          }
        ]
      }
    ],
    "team": "T03U4J8HMUG",
    "user_team": "T03U4J8HMUG",
    "source_team": "T03U4J8HMUG",
    "user_profile": {
      "avatar_hash": "g00725318689",
      "image_72": "https://secure.gravatar.com/avatar/007253186898705d4f28c384188b8a63.jpg?s=72&d=https%3A%2F%2Fa.slack-edge.com%2Fdf10d%2Fimg%2Favatars%2Fava_0007-72.png",
      "first_name": "Mark",
      "real_name": "Mark Crawford",
      "display_name": "Mark Crawford",
      "team": "T03U4J8HMUG",
      "name": "Mark",
      "is_restricted": false,
      "is_ultra_restricted": false
    }
  },
  {
    "client_msg_id": "c415435e-7144-4185-8d2b-4ae9ef312361",
    "type": "message",
    "text": "Alright",
    "user": "U03UJN29Y4C",
    "ts": "1665058087.869759",
    "blocks": [
      {
        "type": "rich_text",
        "block_id": "J7S",
        "elements": [
          {
            "type": "rich_text_section",
            "elements": [
              {
                "type": "text",
                "text": "Alright"
              }
            ]
          }
        ]
      }
    ],
    "team": "T03U4J8HMUG",
    "user_team": "T03U4J8HMUG",
    "source_team": "T03U4J8HMUG",
    "user_profile": {
      "avatar_hash": "9bf024280cf1",
      "image_72": "https://avatars.slack-edge.com/2022-10-08/4190947116101_9bf024280cf14dffb003_72.jpg",
      "first_name": "Michelle",
      "real_name": "Michelle Lewis",
      "display_name": "Michelle Lewis",
      "team": "T03U4J8HMUG",
      "name": "Michelle",
      "is_restricted": false,
      "is_ultra_restricted": false
    }
  },
  {
    "client_msg_id": "b7c545e9-194d-4caf-81ed-dbdd36fbe8e4",
    "type": "message",
    "text": "Sure",
    "user": "U03U1J51VFZ",
    "ts": "1665058112.942319",
    "blocks": [
      {
        "type": "rich_text",
        "block_id": "7fz1O",
        "elements": [
          {
            "type": "rich_text_section",
            "elements": [
              {
                "type": "text",
                "text": "Sure"
              }
            ]
          }
        ]
      }
    ],
    "team": "T03U4J8HMUG",
    "user_team": "T03U4J8HMUG",
    "source_team": "T03U4J8HMUG",
    "user_profile": {
      "avatar_hash": "f10afbc7b806",
      "image_72": "https://avatars.slack-edge.com/2022-08-20/3968075210083_f10afbc7b8060c472ad0_72.png",
      "first_name": "Cheryl",
      "real_name": "Cheryl Hudson",
      "display_name": "Cheryl Hudson",
      "team": "T03U4J8HMUG",
      "name": "Cheryl",
      "is_restricted": false,
      "is_ultra_restricted": false
    }
  },
  {
    "client_msg_id": "f110749d-4c60-49b1-80fc-6a1592c00675",
    "type": "message",
    "text": "Gmeet link please",
    "user": "U03UJN29Y4C",
    "ts": "1665059463.335979",
    "blocks": [
      {
        "type": "rich_text",
        "block_id": "5Gf3",
        "elements": [
          {
            "type": "rich_text_section",
            "elements": [
              {
                "type": "text",
                "text": "Gmeet link please"
              }
            ]
          }
        ]
      }
    ],
    "team": "T03U4J8HMUG",
    "user_team": "T03U4J8HMUG",
    "source_team": "T03U4J8HMUG",
    "user_profile": {
      "avatar_hash": "9bf024280cf1",
      "image_72": "https://avatars.slack-edge.com/2022-10-08/4190947116101_9bf024280cf14dffb003_72.jpg",
      "first_name": "Michelle",
      "real_name": "Michelle Lewis",
      "display_name": "Michelle Lewis",
      "team": "T03U4J8HMUG",
      "name": "Michelle",
      "is_restricted": false,
      "is_ultra_restricted": false
    }
  },
  {
    "client_msg_id": "9e15c522-32cb-4ee5-b327-fbf09367e250",
    "type": "message",
    "text": "We can use the old one",
    "user": "U03UUR571A5",
    "ts": "1665059602.339869",
    "blocks": [
      {
        "type": "rich_text",
        "block_id": "z7er",
        "elements": [
          {
            "type": "rich_text_section",
            "elements": [
              {
                "type": "text",
                "text": "We can use the old one"
              }
            ]
          }
        ]
      }
    ],
    "team": "T03U4J8HMUG",
    "user_team": "T03U4J8HMUG",
    "source_team": "T03U4J8HMUG",
    "user_profile": {
      "avatar_hash": "g95c5cde44bc",
      "image_72": "https://secure.gravatar.com/avatar/95c5cde44bc023bd369920b7e1ed0c94.jpg?s=72&d=https%3A%2F%2Fa.slack-edge.com%2Fdf10d%2Fimg%2Favatars%2Fava_0017-72.png",
      "first_name": "Amy",
      "real_name": "Amy Leon",
      "display_name": "Amy Leon",
      "team": "T03U4J8HMUG",
      "name": "Amy",
      "is_restricted": false,
      "is_ultra_restricted": false
    }
  },
  {
    "type": "message",
    "text": "<!here>",
    "user": "U03UUR571A5",
    "ts": "1665059633.331549",
    "blocks": [
      {
        "type": "rich_text",
        "block_id": "w0JT",
        "elements": [
          {
            "type": "rich_text_section",
            "elements": [
              {
                "type": "broadcast",
                "range": "here"
              }
            ]
          }
        ]
      }
    ],
    "team": "T03U4J8HMUG",
    "user_team": "T03U4J8HMUG",
    "source_team": "T03U4J8HMUG",
    "user_profile": {
      "avatar_hash": "g95c5cde44bc",
      "image_72": "https://secure.gravatar.com/avatar/95c5cde44bc023bd369920b7e1ed0c94.jpg?s=72&d=https%3A%2F%2Fa.slack-edge.com%2Fdf10d%2Fimg%2Favatars%2Fava_0017-72.png",
      "first_name": "Amy",
      "real_name": "Amy Leon",
      "display_name": "Amy Leon",
      "team": "T03U4J8HMUG",
      "name": "Amy",
      "is_restricted": false,
      "is_ultra_restricted": false
    },
    "attachments": [
      {
        "from_url": "https://10academybatch6.slack.com/archives/C04595M5XT3/p1664952213025569?thread_ts=1664952213025569&cid=C04595M5XT3",
        "ts": "1664952213.025569",
        "author_id": "U03UUR571A5",
        "channel_id": "C04595M5XT3",
        "channel_team": "T03U4J8HMUG",
        "is_msg_unfurl": true,
        "is_thread_root_unfurl": true,
        "message_blocks": [
          {
            "team": "T03U4J8HMUG",
            "channel": "C04595M5XT3",
            "ts": "1664952213.025569",
            "message": {
              "blocks": [
                {
                  "type": "rich_text",
                  "block_id": "JJSn",
                  "elements": [
                    {
                      "type": "rich_text_section",
                      "elements": [
                        {
                          "type": "text",
                          "text": "Join before 5 minutes "
                        },
                        {
                          "type": "emoji",
                          "name": "laughing",
                          "unicode": "1f606"
                        },
                        {
                          "type": "emoji",
                          "name": "smile",
                          "unicode": "1f604"
                        },
                        {
                          "type": "text",
                          "text": "\nFollow up Meeting\nWednesday, October 5 \u00b7 10:00 \u2013 10:30am\nGoogle Meet joining info\nVideo call link: "
                        },
                        {
                          "type": "link",
                          "url": "https://meet.google.com/qab-dyzj-ozp"
                        }
                      ]
                    }
                  ]
                }
              ]
            }
          }
        ],
        "color": "D0D0D0",
        "is_share": true,
        "fallback": "[October 5th, 2022 9:43 AM] natrix277: Join before 5 minutes :laughing::smile:\nFollow up Meeting\nWednesday, October 5 \u00b7 10:00 \u2013 10:30am\nGoogle Meet joining info\nVideo call link: <https://meet.google.com/qab-dyzj-ozp>",
        "text": "Join before 5 minutes :laughing::smile:\nFollow up Meeting\nWednesday, October 5 \u00b7 10:00 \u2013 10:30am\nGoogle Meet joining info\nVideo call link: <https://meet.google.com/qab-dyzj-ozp>",
        "author_name": "Natnael Melese",
        "author_link": "https://10academybatch6.slack.com/team/U03UUR571A5",
        "author_icon": "https://secure.gravatar.com/avatar/95c5cde44bc023bd369920b7e1ed0c94.jpg?s=48&d=https%3A%2F%2Fa.slack-edge.com%2Fdf10d%2Fimg%2Favatars%2Fava_0017-48.png",
        "author_subname": "Natnael Melese",
        "mrkdwn_in": [
          "text"
        ],
        "footer": "Thread in Slack Conversation"
      }
    ]
  },
  {
    "client_msg_id": "ffcc4a9d-4cb7-4ae3-912c-d17a943a0142",
    "type": "message",
    "text": "is the meeting now?",
    "user": "U03V61VGQG0",
    "ts": "1665059644.884289",
    "blocks": [
      {
        "type": "rich_text",
        "block_id": "JjR",
        "elements": [
          {
            "type": "rich_text_section",
            "elements": [
              {
                "type": "text",
                "text": "is the meeting now?"
              }
            ]
          }
        ]
      }
    ],
    "team": "T03U4J8HMUG",
    "user_team": "T03U4J8HMUG",
    "source_team": "T03U4J8HMUG",
    "user_profile": {
      "avatar_hash": "5e18062f5298",
      "image_72": "https://avatars.slack-edge.com/2022-08-29/3997574519670_5e18062f5298c6182ca5_72.jpg",
      "first_name": "Paula",
      "real_name": "Paula Bryant",
      "display_name": "Paula Bryant",
      "team": "T03U4J8HMUG",
      "name": "Paula",
      "is_restricted": false,
      "is_ultra_restricted": false
    }
  },
  {
    "client_msg_id": "28d3ace7-3a24-42ce-988f-8dd2fac0382e",
    "type": "message",
    "text": "Yes we are about to join.",
    "user": "U03UUR571A5",
    "ts": "1665059659.097029",
    "blocks": [
      {
        "type": "rich_text",
        "block_id": "PTf",
        "elements": [
          {
            "type": "rich_text_section",
            "elements": [
              {
                "type": "text",
                "text": "Yes we are about to join."
              }
            ]
          }
        ]
      }
    ],
    "team": "T03U4J8HMUG",
    "user_team": "T03U4J8HMUG",
    "source_team": "T03U4J8HMUG",
    "user_profile": {
      "avatar_hash": "g95c5cde44bc",
      "image_72": "https://secure.gravatar.com/avatar/95c5cde44bc023bd369920b7e1ed0c94.jpg?s=72&d=https%3A%2F%2Fa.slack-edge.com%2Fdf10d%2Fimg%2Favatars%2Fava_0017-72.png",
      "first_name": "Amy",
      "real_name": "Amy Leon",
      "display_name": "Amy Leon",
      "team": "T03U4J8HMUG",
      "name": "Amy",
      "is_restricted": false,
      "is_ultra_restricted": false
    }
  },
  {
    "client_msg_id": "ba47c10b-8513-4134-aac5-dbf66e218826",
    "type": "message",
    "text": "Please do join the meeting",
    "user": "U03UJN29Y4C",
    "ts": "1665059878.839609",
    "blocks": [
      {
        "type": "rich_text",
        "block_id": "ynXu",
        "elements": [
          {
            "type": "rich_text_section",
            "elements": [
              {
                "type": "text",
                "text": "Please do join the meeting"
              }
            ]
          }
        ]
      }
    ],
    "team": "T03U4J8HMUG",
    "user_team": "T03U4J8HMUG",
    "source_team": "T03U4J8HMUG",
    "user_profile": {
      "avatar_hash": "9bf024280cf1",
      "image_72": "https://avatars.slack-edge.com/2022-10-08/4190947116101_9bf024280cf14dffb003_72.jpg",
      "first_name": "Michelle",
      "real_name": "Michelle Lewis",
      "display_name": "Michelle Lewis",
      "team": "T03U4J8HMUG",
      "name": "Michelle",
      "is_restricted": false,
      "is_ultra_restricted": false
    }
  },
  {
    "client_msg_id": "c6b625b6-feb6-4f0c-bc04-723173c8746b",
    "type": "message",
    "text": "ow is it started? sorry",
    "user": "U03V61VGQG0",
    "ts": "1665060055.023719",
    "blocks": [
      {
        "type": "rich_text",
        "block_id": "MBM",
        "elements": [
          {
            "type": "rich_text_section",
            "elements": [
              {
                "type": "text",
                "text": "ow is it started? sorry"
              }
            ]
          }
        ]
      }
    ],
    "team": "T03U4J8HMUG",
    "user_team": "T03U4J8HMUG",
    "source_team": "T03U4J8HMUG",
    "user_profile": {
      "avatar_hash": "5e18062f5298",
      "image_72": "https://avatars.slack-edge.com/2022-08-29/3997574519670_5e18062f5298c6182ca5_72.jpg",
      "first_name": "Paula",
      "real_name": "Paula Bryant",
      "display_name": "Paula Bryant",
      "team": "T03U4J8HMUG",
      "name": "Paula",
      "is_restricted": false,
      "is_ultra_restricted": false
    }
  },
  {
    "client_msg_id": "8e3bd1f0-d929-4b9d-833f-522eea2bb0fa",
    "type": "message",
    "text": "I'm in the jupyterhub now, how do I get to the directory containing our repo?",
    "user": "U03UJN29Y4C",
    "ts": "1665078872.965359",
    "blocks": [
      {
        "type": "rich_text",
        "block_id": "BxFdD",
        "elements": [
          {
            "type": "rich_text_section",
            "elements": [
              {
                "type": "text",
                "text": "I'm in the jupyterhub now, how do I get to the directory containing our repo?"
              }
            ]
          }
        ]
      }
    ],
    "team": "T03U4J8HMUG",
    "user_team": "T03U4J8HMUG",
    "source_team": "T03U4J8HMUG",
    "user_profile": {
      "avatar_hash": "9bf024280cf1",
      "image_72": "https://avatars.slack-edge.com/2022-10-08/4190947116101_9bf024280cf14dffb003_72.jpg",
      "first_name": "Michelle",
      "real_name": "Michelle Lewis",
      "display_name": "Michelle Lewis",
      "team": "T03U4J8HMUG",
      "name": "Michelle",
      "is_restricted": false,
      "is_ultra_restricted": false
    }
  },
  {
    "client_msg_id": "f5572ba7-17d0-4a82-bf94-53fcb3cf6b4d",
    "type": "message",
    "text": "Where did you clone the repo",
    "user": "U03UUR571A5",
    "ts": "1665081178.201789",
    "blocks": [
      {
        "type": "rich_text",
        "block_id": "jkhe",
        "elements": [
          {
            "type": "rich_text_section",
            "elements": [
              {
                "type": "text",
                "text": "Where did you clone the repo"
              }
            ]
          }
        ]
      }
    ],
    "team": "T03U4J8HMUG",
    "user_team": "T03U4J8HMUG",
    "source_team": "T03U4J8HMUG",
    "user_profile": {
      "avatar_hash": "g95c5cde44bc",
      "image_72": "https://secure.gravatar.com/avatar/95c5cde44bc023bd369920b7e1ed0c94.jpg?s=72&d=https%3A%2F%2Fa.slack-edge.com%2Fdf10d%2Fimg%2Favatars%2Fava_0017-72.png",
      "first_name": "Amy",
      "real_name": "Amy Leon",
      "display_name": "Amy Leon",
      "team": "T03U4J8HMUG",
      "name": "Amy",
      "is_restricted": false,
      "is_ultra_restricted": false
    }
  },
  {
    "client_msg_id": "40c68175-b254-4bda-89cb-332e14244209",
    "type": "message",
    "text": "<https://www.kai-waehner.de/blog/2020/08/07/apache-kafka-handling-large-messages-and-files-for-image-video-audio-processing/>",
    "user": "U03UUR571A5",
    "ts": "1665089308.764609",
    "blocks": [
      {
        "type": "rich_text",
        "block_id": "g1e",
        "elements": [
          {
            "type": "rich_text_section",
            "elements": [
              {
                "type": "link",
                "url": "https://www.kai-waehner.de/blog/2020/08/07/apache-kafka-handling-large-messages-and-files-for-image-video-audio-processing/"
              }
            ]
          }
        ]
      }
    ],
    "team": "T03U4J8HMUG",
    "user_team": "T03U4J8HMUG",
    "source_team": "T03U4J8HMUG",
    "user_profile": {
      "avatar_hash": "g95c5cde44bc",
      "image_72": "https://secure.gravatar.com/avatar/95c5cde44bc023bd369920b7e1ed0c94.jpg?s=72&d=https%3A%2F%2Fa.slack-edge.com%2Fdf10d%2Fimg%2Favatars%2Fava_0017-72.png",
      "first_name": "Amy",
      "real_name": "Amy Leon",
      "display_name": "Amy Leon",
      "team": "T03U4J8HMUG",
      "name": "Amy",
      "is_restricted": false,
      "is_ultra_restricted": false
    },
    "attachments": [
      {
        "from_url": "https://www.kai-waehner.de/blog/2020/08/07/apache-kafka-handling-large-messages-and-files-for-image-video-audio-processing/",
        "ts": 1596790012,
        "image_url": "https://www.kai-waehner.de/wp-content/uploads/2020/08/Apache-Kafka-for-Large-Messages-like-Audio-Video-Image-Files.jpg",
        "image_width": 332,
        "image_height": 250,
        "image_bytes": 50720,
        "service_icon": "https://www.kai-waehner.de/wp-content/uploads/2020/01/cropped-favicon-180x180.png",
        "id": 1,
        "original_url": "https://www.kai-waehner.de/blog/2020/08/07/apache-kafka-handling-large-messages-and-files-for-image-video-audio-processing/",
        "fallback": "Kai Waehner: Handling Large Messages with Apache Kafka (CSV, XML, Image, Video, Audio, Files) - Kai Waehner",
        "text": "Blog about architectures, best practices and use cases for data streaming, analytics, hybrid cloud infrastructure, internet of things, crypto, and more",
        "title": "Handling Large Messages with Apache Kafka (CSV, XML, Image, Video, Audio, Files) - Kai Waehner",
        "title_link": "https://www.kai-waehner.de/blog/2020/08/07/apache-kafka-handling-large-messages-and-files-for-image-video-audio-processing/",
        "service_name": "Kai Waehner",
        "fields": [
          {
            "value": "Kai Waehner",
            "title": "Written by",
            "short": true
          },
          {
            "value": "19 minutes",
            "title": "Est. reading time",
            "short": true
          }
        ]
      }
    ]
  },
  {
    "client_msg_id": "cf207f81-d087-4ca2-a278-aab939858824",
    "type": "message",
    "text": "Cloned the repo in my jupyterhub, and locally",
    "user": "U03UJN29Y4C",
    "ts": "1665124869.427319",
    "blocks": [
      {
        "type": "rich_text",
        "block_id": "MiR",
        "elements": [
          {
            "type": "rich_text_section",
            "elements": [
              {
                "type": "text",
                "text": "Cloned the repo in my jupyterhub, and locally"
              }
            ]
          }
        ]
      }
    ],
    "team": "T03U4J8HMUG",
    "user_team": "T03U4J8HMUG",
    "source_team": "T03U4J8HMUG",
    "user_profile": {
      "avatar_hash": "9bf024280cf1",
      "image_72": "https://avatars.slack-edge.com/2022-10-08/4190947116101_9bf024280cf14dffb003_72.jpg",
      "first_name": "Michelle",
      "real_name": "Michelle Lewis",
      "display_name": "Michelle Lewis",
      "team": "T03U4J8HMUG",
      "name": "Michelle",
      "is_restricted": false,
      "is_ultra_restricted": false
    }
  },
  {
    "client_msg_id": "99a78a1f-5cd2-428e-bbd2-1fa68c38072b",
    "type": "message",
    "text": "Can I do it locally?",
    "user": "U03UJN29Y4C",
    "ts": "1665124882.713409",
    "blocks": [
      {
        "type": "rich_text",
        "block_id": "ya7",
        "elements": [
          {
            "type": "rich_text_section",
            "elements": [
              {
                "type": "text",
                "text": "Can I do it locally?"
              }
            ]
          }
        ]
      }
    ],
    "team": "T03U4J8HMUG",
    "user_team": "T03U4J8HMUG",
    "source_team": "T03U4J8HMUG",
    "user_profile": {
      "avatar_hash": "9bf024280cf1",
      "image_72": "https://avatars.slack-edge.com/2022-10-08/4190947116101_9bf024280cf14dffb003_72.jpg",
      "first_name": "Michelle",
      "real_name": "Michelle Lewis",
      "display_name": "Michelle Lewis",
      "team": "T03U4J8HMUG",
      "name": "Michelle",
      "is_restricted": false,
      "is_ultra_restricted": false
    },
    "thread_ts": "1665124882.713409",
    "reply_count": 16,
    "reply_users_count": 3,
    "latest_reply": "1665126977.151749",
    "reply_users": [
      "U03UUR571A5",
      "U03UJN29Y4C",
      "U03V61VGQG0"
    ],
    "replies": [
      {
        "user": "U03UUR571A5",
        "ts": "1665124936.954049"
      },
      {
        "user": "U03UJN29Y4C",
        "ts": "1665124961.063459"
      },
      {
        "user": "U03UUR571A5",
        "ts": "1665124964.533759"
      },
      {
        "user": "U03UUR571A5",
        "ts": "1665124984.213659"
      },
      {
        "user": "U03UUR571A5",
        "ts": "1665124996.469239"
      },
      {
        "user": "U03UJN29Y4C",
        "ts": "1665125086.287659"
      },
      {
        "user": "U03UUR571A5",
        "ts": "1665125201.963549"
      },
      {
        "user": "U03UUR571A5",
        "ts": "1665125215.375779"
      },
      {
        "user": "U03UUR571A5",
        "ts": "1665125232.025819"
      },
      {
        "user": "U03UJN29Y4C",
        "ts": "1665125320.433749"
      },
      {
        "user": "U03V61VGQG0",
        "ts": "1665125369.783409"
      },
      {
        "user": "U03UJN29Y4C",
        "ts": "1665125449.289479"
      },
      {
        "user": "U03V61VGQG0",
        "ts": "1665125508.601329"
      },
      {
        "user": "U03UJN29Y4C",
        "ts": "1665125786.452929"
      },
      {
        "user": "U03V61VGQG0",
        "ts": "1665125890.807309"
      },
      {
        "user": "U03UJN29Y4C",
        "ts": "1665126977.151749"
      }
    ],
    "is_locked": false,
    "subscribed": false
  },
  {
    "client_msg_id": "5be804c4-e488-485f-a99a-5fe7da1216f1",
    "type": "message",
    "text": "<!here> Lets have check-in meeting at 7:15AM UTC",
    "user": "U03UUR571A5",
    "ts": "1665124885.073869",
    "blocks": [
      {
        "type": "rich_text",
        "block_id": "hQ1K",
        "elements": [
          {
            "type": "rich_text_section",
            "elements": [
              {
                "type": "broadcast",
                "range": "here"
              },
              {
                "type": "text",
                "text": " Lets have check-in meeting at 7:15AM UTC"
              }
            ]
          }
        ]
      }
    ],
    "team": "T03U4J8HMUG",
    "user_team": "T03U4J8HMUG",
    "source_team": "T03U4J8HMUG",
    "user_profile": {
      "avatar_hash": "g95c5cde44bc",
      "image_72": "https://secure.gravatar.com/avatar/95c5cde44bc023bd369920b7e1ed0c94.jpg?s=72&d=https%3A%2F%2Fa.slack-edge.com%2Fdf10d%2Fimg%2Favatars%2Fava_0017-72.png",
      "first_name": "Amy",
      "real_name": "Amy Leon",
      "display_name": "Amy Leon",
      "team": "T03U4J8HMUG",
      "name": "Amy",
      "is_restricted": false,
      "is_ultra_restricted": false
    }
  },
  {
    "client_msg_id": "960f3bb9-3894-44b6-b19e-88e1e0184bbd",
    "type": "message",
    "text": "Alright, noted",
    "user": "U03UJN29Y4C",
    "ts": "1665124900.382829",
    "blocks": [
      {
        "type": "rich_text",
        "block_id": "Fevcc",
        "elements": [
          {
            "type": "rich_text_section",
            "elements": [
              {
                "type": "text",
                "text": "Alright, noted"
              }
            ]
          }
        ]
      }
    ],
    "team": "T03U4J8HMUG",
    "user_team": "T03U4J8HMUG",
    "source_team": "T03U4J8HMUG",
    "user_profile": {
      "avatar_hash": "9bf024280cf1",
      "image_72": "https://avatars.slack-edge.com/2022-10-08/4190947116101_9bf024280cf14dffb003_72.jpg",
      "first_name": "Michelle",
      "real_name": "Michelle Lewis",
      "display_name": "Michelle Lewis",
      "team": "T03U4J8HMUG",
      "name": "Michelle",
      "is_restricted": false,
      "is_ultra_restricted": false
    }
  },
  {
    "client_msg_id": "aac7b973-858e-4349-8e99-7df2ef53e61b",
    "type": "message",
    "text": "you can't have access to the borkers from local, just clone the repo in your /home/&lt;username&gt;/ directory",
    "user": "U03UUR571A5",
    "ts": "1665124936.954049",
    "blocks": [
      {
        "type": "rich_text",
        "block_id": "5TeB",
        "elements": [
          {
            "type": "rich_text_section",
            "elements": [
              {
                "type": "text",
                "text": "you can't have access to the borkers from local, just clone the repo in your /home/<username>/ directory"
              }
            ]
          }
        ]
      }
    ],
    "team": "T03U4J8HMUG",
    "user_team": "T03U4J8HMUG",
    "source_team": "T03U4J8HMUG",
    "user_profile": {
      "avatar_hash": "g95c5cde44bc",
      "image_72": "https://secure.gravatar.com/avatar/95c5cde44bc023bd369920b7e1ed0c94.jpg?s=72&d=https%3A%2F%2Fa.slack-edge.com%2Fdf10d%2Fimg%2Favatars%2Fava_0017-72.png",
      "first_name": "Amy",
      "real_name": "Amy Leon",
      "display_name": "Amy Leon",
      "team": "T03U4J8HMUG",
      "name": "Amy",
      "is_restricted": false,
      "is_ultra_restricted": false
    },
    "thread_ts": "1665124882.713409",
    "parent_user_id": "U03UJN29Y4C"
  },
  {
    "client_msg_id": "ae820cbd-bbd7-4a74-886b-f2dec76140a3",
    "type": "message",
    "text": "I've done that already",
    "user": "U03UJN29Y4C",
    "ts": "1665124961.063459",
    "blocks": [
      {
        "type": "rich_text",
        "block_id": "lfrQ",
        "elements": [
          {
            "type": "rich_text_section",
            "elements": [
              {
                "type": "text",
                "text": "I've done that already"
              }
            ]
          }
        ]
      }
    ],
    "team": "T03U4J8HMUG",
    "user_team": "T03U4J8HMUG",
    "source_team": "T03U4J8HMUG",
    "user_profile": {
      "avatar_hash": "9bf024280cf1",
      "image_72": "https://avatars.slack-edge.com/2022-10-08/4190947116101_9bf024280cf14dffb003_72.jpg",
      "first_name": "Michelle",
      "real_name": "Michelle Lewis",
      "display_name": "Michelle Lewis",
      "team": "T03U4J8HMUG",
      "name": "Michelle",
      "is_restricted": false,
      "is_ultra_restricted": false
    },
    "thread_ts": "1665124882.713409",
    "parent_user_id": "U03UJN29Y4C"
  },
  {
    "client_msg_id": "eba1fc8a-3599-400b-afe6-5eead7330bec",
    "type": "message",
    "text": "and the dags are /home/ariflow/dags folder",
    "user": "U03UUR571A5",
    "ts": "1665124964.533759",
    "blocks": [
      {
        "type": "rich_text",
        "block_id": "GJIH",
        "elements": [
          {
            "type": "rich_text_section",
            "elements": [
              {
                "type": "text",
                "text": "and the dags are /home/ariflow/dags folder"
              }
            ]
          }
        ]
      }
    ],
    "team": "T03U4J8HMUG",
    "user_team": "T03U4J8HMUG",
    "source_team": "T03U4J8HMUG",
    "user_profile": {
      "avatar_hash": "g95c5cde44bc",
      "image_72": "https://secure.gravatar.com/avatar/95c5cde44bc023bd369920b7e1ed0c94.jpg?s=72&d=https%3A%2F%2Fa.slack-edge.com%2Fdf10d%2Fimg%2Favatars%2Fava_0017-72.png",
      "first_name": "Amy",
      "real_name": "Amy Leon",
      "display_name": "Amy Leon",
      "team": "T03U4J8HMUG",
      "name": "Amy",
      "is_restricted": false,
      "is_ultra_restricted": false
    },
    "thread_ts": "1665124882.713409",
    "parent_user_id": "U03UJN29Y4C"
  },
  {
    "client_msg_id": "13bc811e-e1b9-4b62-bb4d-8bd7060babda",
    "type": "message",
    "text": "you can work from there..",
    "user": "U03UUR571A5",
    "ts": "1665124984.213659",
    "blocks": [
      {
        "type": "rich_text",
        "block_id": "zQta",
        "elements": [
          {
            "type": "rich_text_section",
            "elements": [
              {
                "type": "text",
                "text": "you can work from there.."
              }
            ]
          }
        ]
      }
    ],
    "team": "T03U4J8HMUG",
    "user_team": "T03U4J8HMUG",
    "source_team": "T03U4J8HMUG",
    "user_profile": {
      "avatar_hash": "g95c5cde44bc",
      "image_72": "https://secure.gravatar.com/avatar/95c5cde44bc023bd369920b7e1ed0c94.jpg?s=72&d=https%3A%2F%2Fa.slack-edge.com%2Fdf10d%2Fimg%2Favatars%2Fava_0017-72.png",
      "first_name": "Amy",
      "real_name": "Amy Leon",
      "display_name": "Amy Leon",
      "team": "T03U4J8HMUG",
      "name": "Amy",
      "is_restricted": false,
      "is_ultra_restricted": false
    },
    "thread_ts": "1665124882.713409",
    "parent_user_id": "U03UJN29Y4C"
  },
  {
    "client_msg_id": "cf54c10f-e93b-440f-89da-4e0d87f74851",
    "type": "message",
    "text": "Everybody has permission",
    "user": "U03UUR571A5",
    "ts": "1665124996.469239",
    "blocks": [
      {
        "type": "rich_text",
        "block_id": "flT",
        "elements": [
          {
            "type": "rich_text_section",
            "elements": [
              {
                "type": "text",
                "text": "Everybody has permission"
              }
            ]
          }
        ]
      }
    ],
    "team": "T03U4J8HMUG",
    "user_team": "T03U4J8HMUG",
    "source_team": "T03U4J8HMUG",
    "user_profile": {
      "avatar_hash": "g95c5cde44bc",
      "image_72": "https://secure.gravatar.com/avatar/95c5cde44bc023bd369920b7e1ed0c94.jpg?s=72&d=https%3A%2F%2Fa.slack-edge.com%2Fdf10d%2Fimg%2Favatars%2Fava_0017-72.png",
      "first_name": "Amy",
      "real_name": "Amy Leon",
      "display_name": "Amy Leon",
      "team": "T03U4J8HMUG",
      "name": "Amy",
      "is_restricted": false,
      "is_ultra_restricted": false
    },
    "thread_ts": "1665124882.713409",
    "parent_user_id": "U03UJN29Y4C"
  },
  {
    "client_msg_id": "59e2f6d2-8d0a-424b-879c-f43d13e276d9",
    "type": "message",
    "text": "Just to be clear, the dag will have just one task, what does the task do?",
    "user": "U03UJN29Y4C",
    "ts": "1665125086.287659",
    "blocks": [
      {
        "type": "rich_text",
        "block_id": "btE7k",
        "elements": [
          {
            "type": "rich_text_section",
            "elements": [
              {
                "type": "text",
                "text": "Just to be clear, the dag will have just one task, what does the task do?"
              }
            ]
          }
        ]
      }
    ],
    "team": "T03U4J8HMUG",
    "user_team": "T03U4J8HMUG",
    "source_team": "T03U4J8HMUG",
    "user_profile": {
      "avatar_hash": "9bf024280cf1",
      "image_72": "https://avatars.slack-edge.com/2022-10-08/4190947116101_9bf024280cf14dffb003_72.jpg",
      "first_name": "Michelle",
      "real_name": "Michelle Lewis",
      "display_name": "Michelle Lewis",
      "team": "T03U4J8HMUG",
      "name": "Michelle",
      "is_restricted": false,
      "is_ultra_restricted": false
    },
    "thread_ts": "1665124882.713409",
    "parent_user_id": "U03UJN29Y4C"
  },
  {
    "client_msg_id": "c67f8ce2-52ec-4f88-ae48-6dfc83a266a3",
    "type": "message",
    "text": "Might have more than 1 task",
    "user": "U03UUR571A5",
    "ts": "1665125201.963549",
    "blocks": [
      {
        "type": "rich_text",
        "block_id": "dIG",
        "elements": [
          {
            "type": "rich_text_section",
            "elements": [
              {
                "type": "text",
                "text": "Might have more than 1 task"
              }
            ]
          }
        ]
      }
    ],
    "team": "T03U4J8HMUG",
    "user_team": "T03U4J8HMUG",
    "source_team": "T03U4J8HMUG",
    "user_profile": {
      "avatar_hash": "g95c5cde44bc",
      "image_72": "https://secure.gravatar.com/avatar/95c5cde44bc023bd369920b7e1ed0c94.jpg?s=72&d=https%3A%2F%2Fa.slack-edge.com%2Fdf10d%2Fimg%2Favatars%2Fava_0017-72.png",
      "first_name": "Amy",
      "real_name": "Amy Leon",
      "display_name": "Amy Leon",
      "team": "T03U4J8HMUG",
      "name": "Amy",
      "is_restricted": false,
      "is_ultra_restricted": false
    },
    "thread_ts": "1665124882.713409",
    "parent_user_id": "U03UJN29Y4C"
  },
  {
    "client_msg_id": "ed48466e-bde2-41ce-a61c-48daec6d760d",
    "type": "message",
    "text": "And the main thing is batch processing there",
    "user": "U03UUR571A5",
    "ts": "1665125215.375779",
    "blocks": [
      {
        "type": "rich_text",
        "block_id": "AKoJ",
        "elements": [
          {
            "type": "rich_text_section",
            "elements": [
              {
                "type": "text",
                "text": "And the main thing is batch processing there"
              }
            ]
          }
        ]
      }
    ],
    "team": "T03U4J8HMUG",
    "user_team": "T03U4J8HMUG",
    "source_team": "T03U4J8HMUG",
    "user_profile": {
      "avatar_hash": "g95c5cde44bc",
      "image_72": "https://secure.gravatar.com/avatar/95c5cde44bc023bd369920b7e1ed0c94.jpg?s=72&d=https%3A%2F%2Fa.slack-edge.com%2Fdf10d%2Fimg%2Favatars%2Fava_0017-72.png",
      "first_name": "Amy",
      "real_name": "Amy Leon",
      "display_name": "Amy Leon",
      "team": "T03U4J8HMUG",
      "name": "Amy",
      "is_restricted": false,
      "is_ultra_restricted": false
    },
    "thread_ts": "1665124882.713409",
    "parent_user_id": "U03UJN29Y4C"
  },
  {
    "client_msg_id": "dafbe865-8d53-4409-b62e-b5a5d8879c8d",
    "type": "message",
    "text": "All the inputs audios",
    "user": "U03UUR571A5",
    "ts": "1665125232.025819",
    "blocks": [
      {
        "type": "rich_text",
        "block_id": "aFq",
        "elements": [
          {
            "type": "rich_text_section",
            "elements": [
              {
                "type": "text",
                "text": "All the inputs audios"
              }
            ]
          }
        ]
      }
    ],
    "team": "T03U4J8HMUG",
    "user_team": "T03U4J8HMUG",
    "source_team": "T03U4J8HMUG",
    "user_profile": {
      "avatar_hash": "g95c5cde44bc",
      "image_72": "https://secure.gravatar.com/avatar/95c5cde44bc023bd369920b7e1ed0c94.jpg?s=72&d=https%3A%2F%2Fa.slack-edge.com%2Fdf10d%2Fimg%2Favatars%2Fava_0017-72.png",
      "first_name": "Amy",
      "real_name": "Amy Leon",
      "display_name": "Amy Leon",
      "team": "T03U4J8HMUG",
      "name": "Amy",
      "is_restricted": false,
      "is_ultra_restricted": false
    },
    "thread_ts": "1665124882.713409",
    "parent_user_id": "U03UJN29Y4C"
  },
  {
    "client_msg_id": "ed54f0f4-e44e-45f9-8583-dd97a7356f1f",
    "type": "message",
    "text": "Okay, batch process the input to the Kafka broker",
    "user": "U03UJN29Y4C",
    "ts": "1665125320.433749",
    "blocks": [
      {
        "type": "rich_text",
        "block_id": "fogF",
        "elements": [
          {
            "type": "rich_text_section",
            "elements": [
              {
                "type": "text",
                "text": "Okay, batch process the input to the Kafka broker"
              }
            ]
          }
        ]
      }
    ],
    "team": "T03U4J8HMUG",
    "user_team": "T03U4J8HMUG",
    "source_team": "T03U4J8HMUG",
    "user_profile": {
      "avatar_hash": "9bf024280cf1",
      "image_72": "https://avatars.slack-edge.com/2022-10-08/4190947116101_9bf024280cf14dffb003_72.jpg",
      "first_name": "Michelle",
      "real_name": "Michelle Lewis",
      "display_name": "Michelle Lewis",
      "team": "T03U4J8HMUG",
      "name": "Michelle",
      "is_restricted": false,
      "is_ultra_restricted": false
    },
    "thread_ts": "1665124882.713409",
    "parent_user_id": "U03UJN29Y4C"
  },
  {
    "client_msg_id": "56d00496-5ed6-4e31-8663-64dedae99c2d",
    "type": "message",
    "text": "I think the dags should orchestrate batch processing by calling spark executors.",
    "user": "U03V61VGQG0",
    "ts": "1665125369.783409",
    "blocks": [
      {
        "type": "rich_text",
        "block_id": "bj+",
        "elements": [
          {
            "type": "rich_text_section",
            "elements": [
              {
                "type": "text",
                "text": "I think the dags should orchestrate batch processing by calling spark executors."
              }
            ]
          }
        ]
      }
    ],
    "team": "T03U4J8HMUG",
    "user_team": "T03U4J8HMUG",
    "source_team": "T03U4J8HMUG",
    "user_profile": {
      "avatar_hash": "5e18062f5298",
      "image_72": "https://avatars.slack-edge.com/2022-08-29/3997574519670_5e18062f5298c6182ca5_72.jpg",
      "first_name": "Paula",
      "real_name": "Paula Bryant",
      "display_name": "Paula Bryant",
      "team": "T03U4J8HMUG",
      "name": "Paula",
      "is_restricted": false,
      "is_ultra_restricted": false
    },
    "thread_ts": "1665124882.713409",
    "parent_user_id": "U03UJN29Y4C"
  },
  {
    "client_msg_id": "4569f4cc-88bc-4b4c-8fab-25933629579c",
    "type": "message",
    "text": "The code that takes the input is in the which file please",
    "user": "U03UJN29Y4C",
    "ts": "1665125449.289479",
    "blocks": [
      {
        "type": "rich_text",
        "block_id": "To1",
        "elements": [
          {
            "type": "rich_text_section",
            "elements": [
              {
                "type": "text",
                "text": "The code that takes the input is in the which file please"
              }
            ]
          }
        ]
      }
    ],
    "team": "T03U4J8HMUG",
    "user_team": "T03U4J8HMUG",
    "source_team": "T03U4J8HMUG",
    "user_profile": {
      "avatar_hash": "9bf024280cf1",
      "image_72": "https://avatars.slack-edge.com/2022-10-08/4190947116101_9bf024280cf14dffb003_72.jpg",
      "first_name": "Michelle",
      "real_name": "Michelle Lewis",
      "display_name": "Michelle Lewis",
      "team": "T03U4J8HMUG",
      "name": "Michelle",
      "is_restricted": false,
      "is_ultra_restricted": false
    },
    "thread_ts": "1665124882.713409",
    "parent_user_id": "U03UJN29Y4C"
  },
  {
    "client_msg_id": "049dc063-e50c-40af-9483-d0c667e0ef10",
    "type": "message",
    "text": "the inputs are not yet generated, you can work by creating your own sample file.",
    "user": "U03V61VGQG0",
    "ts": "1665125508.601329",
    "blocks": [
      {
        "type": "rich_text",
        "block_id": "zKI",
        "elements": [
          {
            "type": "rich_text_section",
            "elements": [
              {
                "type": "text",
                "text": "the inputs are not yet generated, you can work by creating your own sample file."
              }
            ]
          }
        ]
      }
    ],
    "team": "T03U4J8HMUG",
    "user_team": "T03U4J8HMUG",
    "source_team": "T03U4J8HMUG",
    "user_profile": {
      "avatar_hash": "5e18062f5298",
      "image_72": "https://avatars.slack-edge.com/2022-08-29/3997574519670_5e18062f5298c6182ca5_72.jpg",
      "first_name": "Paula",
      "real_name": "Paula Bryant",
      "display_name": "Paula Bryant",
      "team": "T03U4J8HMUG",
      "name": "Paula",
      "is_restricted": false,
      "is_ultra_restricted": false
    },
    "thread_ts": "1665124882.713409",
    "parent_user_id": "U03UJN29Y4C"
  },
  {
    "client_msg_id": "469808b1-93a6-44ff-9b6f-9bbed4469a34",
    "type": "message",
    "text": "I'm talking about the code that implements getting the inputs, not the input themselves. I'd mostly likely be working with it",
    "user": "U03UJN29Y4C",
    "ts": "1665125786.452929",
    "blocks": [
      {
        "type": "rich_text",
        "block_id": "iv8+",
        "elements": [
          {
            "type": "rich_text_section",
            "elements": [
              {
                "type": "text",
                "text": "I'm talking about the code that implements getting the inputs, not the input themselves. I'd mostly likely be working with it"
              }
            ]
          }
        ]
      }
    ],
    "team": "T03U4J8HMUG",
    "user_team": "T03U4J8HMUG",
    "source_team": "T03U4J8HMUG",
    "user_profile": {
      "avatar_hash": "9bf024280cf1",
      "image_72": "https://avatars.slack-edge.com/2022-10-08/4190947116101_9bf024280cf14dffb003_72.jpg",
      "first_name": "Michelle",
      "real_name": "Michelle Lewis",
      "display_name": "Michelle Lewis",
      "team": "T03U4J8HMUG",
      "name": "Michelle",
      "is_restricted": false,
      "is_ultra_restricted": false
    },
    "thread_ts": "1665124882.713409",
    "parent_user_id": "U03UJN29Y4C"
  },
  {
    "client_msg_id": "6d9ae84d-4028-4bfc-8eee-069ba466d8b2",
    "type": "message",
    "text": "it's also not yet written, If you are working on airflow you can go to `/home/airflow/dags/` directory and work in there. there is a single dag that executes topic fetching, you can see that as example.",
    "user": "U03V61VGQG0",
    "ts": "1665125890.807309",
    "blocks": [
      {
        "type": "rich_text",
        "block_id": "haTwU",
        "elements": [
          {
            "type": "rich_text_section",
            "elements": [
              {
                "type": "text",
                "text": "it's also not yet written, If you are working on airflow you can go to "
              },
              {
                "type": "text",
                "text": "/home/airflow/dags/",
                "style": {
                  "code": true
                }
              },
              {
                "type": "text",
                "text": " directory and work in there. there is a single dag that executes topic fetching, you can see that as example."
              }
            ]
          }
        ]
      }
    ],
    "team": "T03U4J8HMUG",
    "user_team": "T03U4J8HMUG",
    "source_team": "T03U4J8HMUG",
    "user_profile": {
      "avatar_hash": "5e18062f5298",
      "image_72": "https://avatars.slack-edge.com/2022-08-29/3997574519670_5e18062f5298c6182ca5_72.jpg",
      "first_name": "Paula",
      "real_name": "Paula Bryant",
      "display_name": "Paula Bryant",
      "team": "T03U4J8HMUG",
      "name": "Paula",
      "is_restricted": false,
      "is_ultra_restricted": false
    },
    "thread_ts": "1665124882.713409",
    "parent_user_id": "U03UJN29Y4C"
  }
]