[
  {
    "client_msg_id": "651e32f9-f375-4762-bdbd-dbb1a5d82a98",
    "type": "message",
    "text": "guys I am planning to present the general overview from my medium blog,\n\nis there anyone who is able to show the demo?",
    "user": "U03V61VGQG0",
    "ts": "1665391249.489359",
    "blocks": [
      {
        "type": "rich_text",
        "block_id": "G3uD",
        "elements": [
          {
            "type": "rich_text_section",
            "elements": [
              {
                "type": "text",
                "text": "guys I am planning to present the general overview from my medium blog,\n\nis there anyone who is able to show the demo?"
              }
            ]
          }
        ]
      }
    ],
    "team": "T03U4J8HMUG",
    "user_team": "T03U4J8HMUG",
    "source_team": "T03U4J8HMUG",
    "user_profile": {
      "avatar_hash": "5e18062f5298",
      "image_72": "https://avatars.slack-edge.com/2022-08-29/3997574519670_5e18062f5298c6182ca5_72.jpg",
      "first_name": "Paula",
      "real_name": "Paula Bryant",
      "display_name": "Paula Bryant",
      "team": "T03U4J8HMUG",
      "name": "Paula",
      "is_restricted": false,
      "is_ultra_restricted": false
    }
  },
  {
    "client_msg_id": "533b78d0-2175-46e9-a711-e79c737c4b0c",
    "type": "message",
    "text": "I will show the demo",
    "user": "U03UUR571A5",
    "ts": "1665391271.846179",
    "blocks": [
      {
        "type": "rich_text",
        "block_id": "Qu4F",
        "elements": [
          {
            "type": "rich_text_section",
            "elements": [
              {
                "type": "text",
                "text": "I will show the demo"
              }
            ]
          }
        ]
      }
    ],
    "team": "T03U4J8HMUG",
    "user_team": "T03U4J8HMUG",
    "source_team": "T03U4J8HMUG",
    "user_profile": {
      "avatar_hash": "g95c5cde44bc",
      "image_72": "https://secure.gravatar.com/avatar/95c5cde44bc023bd369920b7e1ed0c94.jpg?s=72&d=https%3A%2F%2Fa.slack-edge.com%2Fdf10d%2Fimg%2Favatars%2Fava_0017-72.png",
      "first_name": "Amy",
      "real_name": "Amy Leon",
      "display_name": "Amy Leon",
      "team": "T03U4J8HMUG",
      "name": "Amy",
      "is_restricted": false,
      "is_ultra_restricted": false
    }
  },
  {
    "client_msg_id": "3698632d-003f-4b1f-8002-78467dd5dc4f",
    "type": "message",
    "text": "ow that's great",
    "user": "U03V61VGQG0",
    "ts": "1665391305.079429",
    "blocks": [
      {
        "type": "rich_text",
        "block_id": "EIGnH",
        "elements": [
          {
            "type": "rich_text_section",
            "elements": [
              {
                "type": "text",
                "text": "ow that's great"
              }
            ]
          }
        ]
      }
    ],
    "team": "T03U4J8HMUG",
    "user_team": "T03U4J8HMUG",
    "source_team": "T03U4J8HMUG",
    "user_profile": {
      "avatar_hash": "5e18062f5298",
      "image_72": "https://avatars.slack-edge.com/2022-08-29/3997574519670_5e18062f5298c6182ca5_72.jpg",
      "first_name": "Paula",
      "real_name": "Paula Bryant",
      "display_name": "Paula Bryant",
      "team": "T03U4J8HMUG",
      "name": "Paula",
      "is_restricted": false,
      "is_ultra_restricted": false
    }
  },
  {
    "client_msg_id": "d4fb8f34-48b1-4a34-929e-9463055a5662",
    "type": "message",
    "text": "You take 2 minutes and I will do it in 1 minute",
    "user": "U03UUR571A5",
    "ts": "1665391319.731929",
    "blocks": [
      {
        "type": "rich_text",
        "block_id": "A6/w",
        "elements": [
          {
            "type": "rich_text_section",
            "elements": [
              {
                "type": "text",
                "text": "You take 2 minutes and I will do it in 1 minute"
              }
            ]
          }
        ]
      }
    ],
    "team": "T03U4J8HMUG",
    "user_team": "T03U4J8HMUG",
    "source_team": "T03U4J8HMUG",
    "user_profile": {
      "avatar_hash": "g95c5cde44bc",
      "image_72": "https://secure.gravatar.com/avatar/95c5cde44bc023bd369920b7e1ed0c94.jpg?s=72&d=https%3A%2F%2Fa.slack-edge.com%2Fdf10d%2Fimg%2Favatars%2Fava_0017-72.png",
      "first_name": "Amy",
      "real_name": "Amy Leon",
      "display_name": "Amy Leon",
      "team": "T03U4J8HMUG",
      "name": "Amy",
      "is_restricted": false,
      "is_ultra_restricted": false
    }
  },
  {
    "client_msg_id": "1531e987-4301-49c7-afa5-3aa9afdbc3fc",
    "type": "message",
    "text": "sure,",
    "user": "U03V61VGQG0",
    "ts": "1665391327.484499",
    "blocks": [
      {
        "type": "rich_text",
        "block_id": "FtAb",
        "elements": [
          {
            "type": "rich_text_section",
            "elements": [
              {
                "type": "text",
                "text": "sure,"
              }
            ]
          }
        ]
      }
    ],
    "team": "T03U4J8HMUG",
    "user_team": "T03U4J8HMUG",
    "source_team": "T03U4J8HMUG",
    "user_profile": {
      "avatar_hash": "5e18062f5298",
      "image_72": "https://avatars.slack-edge.com/2022-08-29/3997574519670_5e18062f5298c6182ca5_72.jpg",
      "first_name": "Paula",
      "real_name": "Paula Bryant",
      "display_name": "Paula Bryant",
      "team": "T03U4J8HMUG",
      "name": "Paula",
      "is_restricted": false,
      "is_ultra_restricted": false
    }
  },
  {
    "client_msg_id": "89cb3dc1-ca2f-474e-8a1b-106074c4a2e1",
    "type": "message",
    "text": "<!here> hello guys, how are you doing?\nI just wanted to ask how last week's challenge was for you, and if you had any suggestions to improve our performance for this week's challenge?",
    "user": "U03UUP56MDF",
    "ts": "1665391959.003939",
    "blocks": [
      {
        "type": "rich_text",
        "block_id": "LxuC",
        "elements": [
          {
            "type": "rich_text_section",
            "elements": [
              {
                "type": "broadcast",
                "range": "here"
              },
              {
                "type": "text",
                "text": " hello guys, how are you doing?\nI just wanted to ask how last week's challenge was for you, and if you had any suggestions to improve our performance for this week's challenge?"
              }
            ]
          }
        ]
      }
    ],
    "team": "T03U4J8HMUG",
    "user_team": "T03U4J8HMUG",
    "source_team": "T03U4J8HMUG",
    "user_profile": {
      "avatar_hash": "g00725318689",
      "image_72": "https://secure.gravatar.com/avatar/007253186898705d4f28c384188b8a63.jpg?s=72&d=https%3A%2F%2Fa.slack-edge.com%2Fdf10d%2Fimg%2Favatars%2Fava_0007-72.png",
      "first_name": "Mark",
      "real_name": "Mark Crawford",
      "display_name": "Mark Crawford",
      "team": "T03U4J8HMUG",
      "name": "Mark",
      "is_restricted": false,
      "is_ultra_restricted": false
    }
  },
  {
    "client_msg_id": "a920d661-1f90-45ed-994d-555883730c5b",
    "type": "message",
    "text": "<@U03UUR571A5> It was a very good and precise demo. Good Job",
    "user": "U03V61VGQG0",
    "ts": "1665392135.041569",
    "blocks": [
      {
        "type": "rich_text",
        "block_id": "HuJ",
        "elements": [
          {
            "type": "rich_text_section",
            "elements": [
              {
                "type": "user",
                "user_id": "U03UUR571A5"
              },
              {
                "type": "text",
                "text": " It was a very good and precise demo. Good Job"
              }
            ]
          }
        ]
      }
    ],
    "team": "T03U4J8HMUG",
    "user_team": "T03U4J8HMUG",
    "source_team": "T03U4J8HMUG",
    "user_profile": {
      "avatar_hash": "5e18062f5298",
      "image_72": "https://avatars.slack-edge.com/2022-08-29/3997574519670_5e18062f5298c6182ca5_72.jpg",
      "first_name": "Paula",
      "real_name": "Paula Bryant",
      "display_name": "Paula Bryant",
      "team": "T03U4J8HMUG",
      "name": "Paula",
      "is_restricted": false,
      "is_ultra_restricted": false
    },
    "reactions": [
      {
        "name": "raised_hands",
        "users": [
          "U03UUR571A5"
        ],
        "count": 1
      },
      {
        "name": "+1",
        "users": [
          "U03UUMR26Q1"
        ],
        "count": 1
      }
    ]
  },
  {
    "client_msg_id": "0e4806dd-b109-4232-9e0f-b58470574a85",
    "type": "message",
    "text": "<@U03UUP56MDF> yeah, we should do the planning today and start working from there. I think the question of who is working on what task had been the major confusion overall.",
    "user": "U03V61VGQG0",
    "ts": "1665392222.135979",
    "blocks": [
      {
        "type": "rich_text",
        "block_id": "foF",
        "elements": [
          {
            "type": "rich_text_section",
            "elements": [
              {
                "type": "user",
                "user_id": "U03UUP56MDF"
              },
              {
                "type": "text",
                "text": " yeah, we should do the planning today and start working from there. I think the question of who is working on what task had been the major confusion overall."
              }
            ]
          }
        ]
      }
    ],
    "team": "T03U4J8HMUG",
    "user_team": "T03U4J8HMUG",
    "source_team": "T03U4J8HMUG",
    "user_profile": {
      "avatar_hash": "5e18062f5298",
      "image_72": "https://avatars.slack-edge.com/2022-08-29/3997574519670_5e18062f5298c6182ca5_72.jpg",
      "first_name": "Paula",
      "real_name": "Paula Bryant",
      "display_name": "Paula Bryant",
      "team": "T03U4J8HMUG",
      "name": "Paula",
      "is_restricted": false,
      "is_ultra_restricted": false
    },
    "edited": {
      "user": "U03V61VGQG0",
      "ts": "1665392244.000000"
    }
  },
  {
    "client_msg_id": "c6f59a25-0292-4d2d-ba18-5c0f51865fec",
    "type": "message",
    "text": "YES that was our major weakness. And I suggest we start working today too, we have to use every minute we have.",
    "user": "U03UUR571A5",
    "ts": "1665392319.105649",
    "blocks": [
      {
        "type": "rich_text",
        "block_id": "hhVPe",
        "elements": [
          {
            "type": "rich_text_section",
            "elements": [
              {
                "type": "text",
                "text": "YES that was our major weakness. And I suggest we start working today too, we have to use every minute we have."
              }
            ]
          }
        ]
      }
    ],
    "team": "T03U4J8HMUG",
    "user_team": "T03U4J8HMUG",
    "source_team": "T03U4J8HMUG",
    "user_profile": {
      "avatar_hash": "g95c5cde44bc",
      "image_72": "https://secure.gravatar.com/avatar/95c5cde44bc023bd369920b7e1ed0c94.jpg?s=72&d=https%3A%2F%2Fa.slack-edge.com%2Fdf10d%2Fimg%2Favatars%2Fava_0017-72.png",
      "first_name": "Amy",
      "real_name": "Amy Leon",
      "display_name": "Amy Leon",
      "team": "T03U4J8HMUG",
      "name": "Amy",
      "is_restricted": false,
      "is_ultra_restricted": false
    },
    "reactions": [
      {
        "name": "raised_hands",
        "users": [
          "U03V61VGQG0"
        ],
        "count": 1
      }
    ]
  },
  {
    "client_msg_id": "5cf726a0-da18-430c-8b3c-a823ab96256f",
    "type": "message",
    "text": "That is good <@U03UUR571A5> and I think we all have to get the same understanding on the tasks given. So each of us can have the idea on how we implement those ideas and of course we will have clear understanding on the task(s) each of us are working on.",
    "user": "U03U1J51VFZ",
    "ts": "1665400640.524469",
    "blocks": [
      {
        "type": "rich_text",
        "block_id": "E5nNI",
        "elements": [
          {
            "type": "rich_text_section",
            "elements": [
              {
                "type": "text",
                "text": "That is good "
              },
              {
                "type": "user",
                "user_id": "U03UUR571A5"
              },
              {
                "type": "text",
                "text": " and I think we all have to get the same understanding on the tasks given. So each of us can have the idea on how we implement those ideas and of course we will have clear understanding on the task(s) each of us are working on."
              }
            ]
          }
        ]
      }
    ],
    "team": "T03U4J8HMUG",
    "user_team": "T03U4J8HMUG",
    "source_team": "T03U4J8HMUG",
    "user_profile": {
      "avatar_hash": "f10afbc7b806",
      "image_72": "https://avatars.slack-edge.com/2022-08-20/3968075210083_f10afbc7b8060c472ad0_72.png",
      "first_name": "Cheryl",
      "real_name": "Cheryl Hudson",
      "display_name": "Cheryl Hudson",
      "team": "T03U4J8HMUG",
      "name": "Cheryl",
      "is_restricted": false,
      "is_ultra_restricted": false
    }
  },
  {
    "client_msg_id": "db009c9a-832e-4b17-a7a6-128abb22bd36",
    "type": "message",
    "text": "<!here> so til tomorrow morning lets have a clear understanding of the challenge and lets have a meeting 1 hour before stand-up, lets share our understanding there and I suggest everybody should come up with the tasks they want to work on, and we will talk about that on tomorrow's meeting too.",
    "user": "U03UUR571A5",
    "ts": "1665402252.179449",
    "blocks": [
      {
        "type": "rich_text",
        "block_id": "mwx",
        "elements": [
          {
            "type": "rich_text_section",
            "elements": [
              {
                "type": "broadcast",
                "range": "here"
              },
              {
                "type": "text",
                "text": " so til tomorrow morning lets have a clear understanding of the challenge and lets have a meeting 1 hour before stand-up, lets share our understanding there and I suggest everybody should come up with the tasks they want to work on, and we will talk about that on tomorrow's meeting too."
              }
            ]
          }
        ]
      }
    ],
    "team": "T03U4J8HMUG",
    "user_team": "T03U4J8HMUG",
    "source_team": "T03U4J8HMUG",
    "user_profile": {
      "avatar_hash": "g95c5cde44bc",
      "image_72": "https://secure.gravatar.com/avatar/95c5cde44bc023bd369920b7e1ed0c94.jpg?s=72&d=https%3A%2F%2Fa.slack-edge.com%2Fdf10d%2Fimg%2Favatars%2Fava_0017-72.png",
      "first_name": "Amy",
      "real_name": "Amy Leon",
      "display_name": "Amy Leon",
      "team": "T03U4J8HMUG",
      "name": "Amy",
      "is_restricted": false,
      "is_ultra_restricted": false
    },
    "thread_ts": "1665402252.179449",
    "reply_count": 6,
    "reply_users_count": 2,
    "latest_reply": "1665404942.492119",
    "reply_users": [
      "U03U1J51VFZ",
      "U03UUR571A5"
    ],
    "replies": [
      {
        "user": "U03U1J51VFZ",
        "ts": "1665403551.679629"
      },
      {
        "user": "U03UUR571A5",
        "ts": "1665403649.865429"
      },
      {
        "user": "U03U1J51VFZ",
        "ts": "1665403871.672879"
      },
      {
        "user": "U03UUR571A5",
        "ts": "1665404445.222129"
      },
      {
        "user": "U03U1J51VFZ",
        "ts": "1665404875.914789"
      },
      {
        "user": "U03UUR571A5",
        "ts": "1665404942.492119"
      }
    ],
    "is_locked": false,
    "subscribed": false,
    "reactions": [
      {
        "name": "+1",
        "users": [
          "U03UUMR26Q1"
        ],
        "count": 1
      }
    ]
  },
  {
    "client_msg_id": "6ccaa277-7d7e-4aeb-b0e0-23b60f9b297a",
    "type": "message",
    "text": "yes, that's a good idea.",
    "user": "U03V61VGQG0",
    "ts": "1665402352.400559",
    "blocks": [
      {
        "type": "rich_text",
        "block_id": "Emiq1",
        "elements": [
          {
            "type": "rich_text_section",
            "elements": [
              {
                "type": "text",
                "text": "yes, that's a good idea."
              }
            ]
          }
        ]
      }
    ],
    "team": "T03U4J8HMUG",
    "user_team": "T03U4J8HMUG",
    "source_team": "T03U4J8HMUG",
    "user_profile": {
      "avatar_hash": "5e18062f5298",
      "image_72": "https://avatars.slack-edge.com/2022-08-29/3997574519670_5e18062f5298c6182ca5_72.jpg",
      "first_name": "Paula",
      "real_name": "Paula Bryant",
      "display_name": "Paula Bryant",
      "team": "T03U4J8HMUG",
      "name": "Paula",
      "is_restricted": false,
      "is_ultra_restricted": false
    }
  },
  {
    "client_msg_id": "46a19a59-0e2e-4dec-a67c-a70c47542579",
    "type": "message",
    "text": "tomorrow morning is good. In addition to that I have a suggestion if we have one additional meeting today evening  to share what we have so far and specify the tasks. so for tomorrow's meeting we all have clear decision on the task we want to work on.",
    "user": "U03U1J51VFZ",
    "ts": "1665403551.679629",
    "blocks": [
      {
        "type": "rich_text",
        "block_id": "0fu",
        "elements": [
          {
            "type": "rich_text_section",
            "elements": [
              {
                "type": "text",
                "text": "tomorrow morning is good. In addition to that I have a suggestion if we have one additional meeting today evening  to share what we have so far and specify the tasks. so for tomorrow's meeting we all have clear decision on the task we want to work on."
              }
            ]
          }
        ]
      }
    ],
    "team": "T03U4J8HMUG",
    "user_team": "T03U4J8HMUG",
    "source_team": "T03U4J8HMUG",
    "user_profile": {
      "avatar_hash": "f10afbc7b806",
      "image_72": "https://avatars.slack-edge.com/2022-08-20/3968075210083_f10afbc7b8060c472ad0_72.png",
      "first_name": "Cheryl",
      "real_name": "Cheryl Hudson",
      "display_name": "Cheryl Hudson",
      "team": "T03U4J8HMUG",
      "name": "Cheryl",
      "is_restricted": false,
      "is_ultra_restricted": false
    },
    "thread_ts": "1665402252.179449",
    "parent_user_id": "U03UUR571A5"
  },
  {
    "client_msg_id": "802c0145-51d8-494b-a3e6-8ee9cd29138b",
    "type": "message",
    "text": "We can do that, but everybody has to be there.",
    "user": "U03UUR571A5",
    "ts": "1665403649.865429",
    "blocks": [
      {
        "type": "rich_text",
        "block_id": "1Zhvn",
        "elements": [
          {
            "type": "rich_text_section",
            "elements": [
              {
                "type": "text",
                "text": "We can do that, but everybody has to be there."
              }
            ]
          }
        ]
      }
    ],
    "team": "T03U4J8HMUG",
    "user_team": "T03U4J8HMUG",
    "source_team": "T03U4J8HMUG",
    "user_profile": {
      "avatar_hash": "g95c5cde44bc",
      "image_72": "https://secure.gravatar.com/avatar/95c5cde44bc023bd369920b7e1ed0c94.jpg?s=72&d=https%3A%2F%2Fa.slack-edge.com%2Fdf10d%2Fimg%2Favatars%2Fava_0017-72.png",
      "first_name": "Amy",
      "real_name": "Amy Leon",
      "display_name": "Amy Leon",
      "team": "T03U4J8HMUG",
      "name": "Amy",
      "is_restricted": false,
      "is_ultra_restricted": false
    },
    "thread_ts": "1665402252.179449",
    "parent_user_id": "U03UUR571A5"
  },
  {
    "client_msg_id": "596be122-fbb8-4a87-bd81-96170e9e1ff7",
    "type": "message",
    "text": "yeah all of us should be there and today's meeting doesn't need to be that long.",
    "user": "U03U1J51VFZ",
    "ts": "1665403871.672879",
    "blocks": [
      {
        "type": "rich_text",
        "block_id": "aCFa4",
        "elements": [
          {
            "type": "rich_text_section",
            "elements": [
              {
                "type": "text",
                "text": "yeah all of us should be there and today's meeting doesn't need to be that long."
              }
            ]
          }
        ]
      }
    ],
    "team": "T03U4J8HMUG",
    "user_team": "T03U4J8HMUG",
    "source_team": "T03U4J8HMUG",
    "user_profile": {
      "avatar_hash": "f10afbc7b806",
      "image_72": "https://avatars.slack-edge.com/2022-08-20/3968075210083_f10afbc7b8060c472ad0_72.png",
      "first_name": "Cheryl",
      "real_name": "Cheryl Hudson",
      "display_name": "Cheryl Hudson",
      "team": "T03U4J8HMUG",
      "name": "Cheryl",
      "is_restricted": false,
      "is_ultra_restricted": false
    },
    "thread_ts": "1665402252.179449",
    "parent_user_id": "U03UUR571A5"
  },
  {
    "client_msg_id": "993d761a-c7ee-45dc-af2a-1c63b875cccb",
    "type": "message",
    "text": "Yea 30 minutes max.",
    "user": "U03UUR571A5",
    "ts": "1665404445.222129",
    "blocks": [
      {
        "type": "rich_text",
        "block_id": "13lX",
        "elements": [
          {
            "type": "rich_text_section",
            "elements": [
              {
                "type": "text",
                "text": "Yea 30 minutes max."
              }
            ]
          }
        ]
      }
    ],
    "team": "T03U4J8HMUG",
    "user_team": "T03U4J8HMUG",
    "source_team": "T03U4J8HMUG",
    "user_profile": {
      "avatar_hash": "g95c5cde44bc",
      "image_72": "https://secure.gravatar.com/avatar/95c5cde44bc023bd369920b7e1ed0c94.jpg?s=72&d=https%3A%2F%2Fa.slack-edge.com%2Fdf10d%2Fimg%2Favatars%2Fava_0017-72.png",
      "first_name": "Amy",
      "real_name": "Amy Leon",
      "display_name": "Amy Leon",
      "team": "T03U4J8HMUG",
      "name": "Amy",
      "is_restricted": false,
      "is_ultra_restricted": false
    },
    "thread_ts": "1665402252.179449",
    "parent_user_id": "U03UUR571A5",
    "reactions": [
      {
        "name": "+1",
        "users": [
          "U03U1J51VFZ"
        ],
        "count": 1
      }
    ]
  },
  {
    "client_msg_id": "8c5db3b4-49a0-4faa-b246-e1963960720e",
    "type": "message",
    "text": "what time should we meet then?",
    "user": "U03U1J51VFZ",
    "ts": "1665404875.914789",
    "blocks": [
      {
        "type": "rich_text",
        "block_id": "Y3Jw",
        "elements": [
          {
            "type": "rich_text_section",
            "elements": [
              {
                "type": "text",
                "text": "what time should we meet then?"
              }
            ]
          }
        ]
      }
    ],
    "team": "T03U4J8HMUG",
    "user_team": "T03U4J8HMUG",
    "source_team": "T03U4J8HMUG",
    "user_profile": {
      "avatar_hash": "f10afbc7b806",
      "image_72": "https://avatars.slack-edge.com/2022-08-20/3968075210083_f10afbc7b8060c472ad0_72.png",
      "first_name": "Cheryl",
      "real_name": "Cheryl Hudson",
      "display_name": "Cheryl Hudson",
      "team": "T03U4J8HMUG",
      "name": "Cheryl",
      "is_restricted": false,
      "is_ultra_restricted": false
    },
    "thread_ts": "1665402252.179449",
    "parent_user_id": "U03UUR571A5"
  },
  {
    "client_msg_id": "26a705c6-9ca9-4a0f-aef4-4a2a0b906d14",
    "type": "message",
    "text": "After the tutorial session.",
    "user": "U03UUR571A5",
    "ts": "1665404942.492119",
    "blocks": [
      {
        "type": "rich_text",
        "block_id": "=nbg",
        "elements": [
          {
            "type": "rich_text_section",
            "elements": [
              {
                "type": "text",
                "text": "After the tutorial session."
              }
            ]
          }
        ]
      }
    ],
    "team": "T03U4J8HMUG",
    "user_team": "T03U4J8HMUG",
    "source_team": "T03U4J8HMUG",
    "user_profile": {
      "avatar_hash": "g95c5cde44bc",
      "image_72": "https://secure.gravatar.com/avatar/95c5cde44bc023bd369920b7e1ed0c94.jpg?s=72&d=https%3A%2F%2Fa.slack-edge.com%2Fdf10d%2Fimg%2Favatars%2Fava_0017-72.png",
      "first_name": "Amy",
      "real_name": "Amy Leon",
      "display_name": "Amy Leon",
      "team": "T03U4J8HMUG",
      "name": "Amy",
      "is_restricted": false,
      "is_ultra_restricted": false
    },
    "thread_ts": "1665402252.179449",
    "parent_user_id": "U03UUR571A5"
  },
  {
    "client_msg_id": "a2142945-6b80-437f-84fb-99b426d84c6c",
    "type": "message",
    "text": "<!here> Can everybody join a quick call after the tutorial session? We will only have the call if everybody is able to make it.",
    "user": "U03UUR571A5",
    "ts": "1665405130.041539",
    "blocks": [
      {
        "type": "rich_text",
        "block_id": "esS6",
        "elements": [
          {
            "type": "rich_text_section",
            "elements": [
              {
                "type": "broadcast",
                "range": "here"
              },
              {
                "type": "text",
                "text": " Can everybody join a quick call after the tutorial session? We will only have the call if everybody is able to make it."
              }
            ]
          }
        ]
      }
    ],
    "team": "T03U4J8HMUG",
    "user_team": "T03U4J8HMUG",
    "source_team": "T03U4J8HMUG",
    "user_profile": {
      "avatar_hash": "g95c5cde44bc",
      "image_72": "https://secure.gravatar.com/avatar/95c5cde44bc023bd369920b7e1ed0c94.jpg?s=72&d=https%3A%2F%2Fa.slack-edge.com%2Fdf10d%2Fimg%2Favatars%2Fava_0017-72.png",
      "first_name": "Amy",
      "real_name": "Amy Leon",
      "display_name": "Amy Leon",
      "team": "T03U4J8HMUG",
      "name": "Amy",
      "is_restricted": false,
      "is_ultra_restricted": false
    },
    "edited": {
      "user": "U03UUR571A5",
      "ts": "1665405982.000000"
    },
    "thread_ts": "1665405130.041539",
    "reply_count": 1,
    "reply_users_count": 1,
    "latest_reply": "1665405922.518769",
    "reply_users": [
      "U03UUP56MDF"
    ],
    "replies": [
      {
        "user": "U03UUP56MDF",
        "ts": "1665405922.518769"
      }
    ],
    "is_locked": false,
    "subscribed": false
  },
  {
    "client_msg_id": "44021bdb-3998-40eb-b648-4298f3d0dae0",
    "type": "message",
    "text": "sure we can.",
    "user": "U03UUMR26Q1",
    "ts": "1665405180.090359",
    "blocks": [
      {
        "type": "rich_text",
        "block_id": "cXK",
        "elements": [
          {
            "type": "rich_text_section",
            "elements": [
              {
                "type": "text",
                "text": "sure we can."
              }
            ]
          }
        ]
      }
    ],
    "team": "T03U4J8HMUG",
    "user_team": "T03U4J8HMUG",
    "source_team": "T03U4J8HMUG",
    "user_profile": {
      "avatar_hash": "706054da5590",
      "image_72": "https://avatars.slack-edge.com/2022-09-02/4051525321520_706054da55906fd18009_72.jpg",
      "first_name": "Samuel",
      "real_name": "Samuel King",
      "display_name": "Samuel King",
      "team": "T03U4J8HMUG",
      "name": "Samuel",
      "is_restricted": false,
      "is_ultra_restricted": false
    }
  },
  {
    "client_msg_id": "756b0d70-a3e9-4ce8-be89-f8a8820c3589",
    "type": "message",
    "text": "can you put the link here.",
    "user": "U03UUMR26Q1",
    "ts": "1665405203.820259",
    "blocks": [
      {
        "type": "rich_text",
        "block_id": "NcLo",
        "elements": [
          {
            "type": "rich_text_section",
            "elements": [
              {
                "type": "text",
                "text": "can you put the link here."
              }
            ]
          }
        ]
      }
    ],
    "team": "T03U4J8HMUG",
    "user_team": "T03U4J8HMUG",
    "source_team": "T03U4J8HMUG",
    "user_profile": {
      "avatar_hash": "706054da5590",
      "image_72": "https://avatars.slack-edge.com/2022-09-02/4051525321520_706054da55906fd18009_72.jpg",
      "first_name": "Samuel",
      "real_name": "Samuel King",
      "display_name": "Samuel King",
      "team": "T03U4J8HMUG",
      "name": "Samuel",
      "is_restricted": false,
      "is_ultra_restricted": false
    }
  },
  {
    "client_msg_id": "3f3e3090-aea2-4c9e-91dc-a89574938d03",
    "type": "message",
    "text": "we can use this one.\n<https://meet.google.com/qab-dyzj-ozp>",
    "user": "U03UUR571A5",
    "ts": "1665405286.662829",
    "blocks": [
      {
        "type": "rich_text",
        "block_id": "2Ym0w",
        "elements": [
          {
            "type": "rich_text_section",
            "elements": [
              {
                "type": "text",
                "text": "we can use this one.\n"
              },
              {
                "type": "link",
                "url": "https://meet.google.com/qab-dyzj-ozp"
              }
            ]
          }
        ]
      }
    ],
    "team": "T03U4J8HMUG",
    "user_team": "T03U4J8HMUG",
    "source_team": "T03U4J8HMUG",
    "user_profile": {
      "avatar_hash": "g95c5cde44bc",
      "image_72": "https://secure.gravatar.com/avatar/95c5cde44bc023bd369920b7e1ed0c94.jpg?s=72&d=https%3A%2F%2Fa.slack-edge.com%2Fdf10d%2Fimg%2Favatars%2Fava_0017-72.png",
      "first_name": "Amy",
      "real_name": "Amy Leon",
      "display_name": "Amy Leon",
      "team": "T03U4J8HMUG",
      "name": "Amy",
      "is_restricted": false,
      "is_ultra_restricted": false
    },
    "attachments": [
      {
        "from_url": "https://meet.google.com/qab-dyzj-ozp",
        "thumb_url": "https://fonts.gstatic.com/s/i/productlogos/meet_2020q4/v1/web-96dp/logo_meet_2020q4_color_2x_web_96dp.png",
        "thumb_width": 192,
        "thumb_height": 192,
        "service_icon": "http://fonts.gstatic.com/s/i/productlogos/meet_2020q4/v1/web-24dp/logo_meet_2020q4_color_1x_web_24dp.png",
        "id": 1,
        "original_url": "https://meet.google.com/qab-dyzj-ozp",
        "fallback": "Meet",
        "text": "Real-time meetings by Google. Using your browser, share your video, desktop, and presentations with teammates and customers.",
        "title": "Meet",
        "title_link": "https://meet.google.com/qab-dyzj-ozp",
        "service_name": "meet.google.com"
      }
    ],
    "reactions": [
      {
        "name": "+1",
        "users": [
          "U03UUMR26Q1"
        ],
        "count": 1
      }
    ]
  },
  {
    "client_msg_id": "c9781811-cca2-4f8e-a1a7-f57f7a42736a",
    "type": "message",
    "text": "Sure",
    "user": "U03UUP56MDF",
    "ts": "1665405922.518769",
    "blocks": [
      {
        "type": "rich_text",
        "block_id": "vTb",
        "elements": [
          {
            "type": "rich_text_section",
            "elements": [
              {
                "type": "text",
                "text": "Sure"
              }
            ]
          }
        ]
      }
    ],
    "team": "T03U4J8HMUG",
    "user_team": "T03U4J8HMUG",
    "source_team": "T03U4J8HMUG",
    "user_profile": {
      "avatar_hash": "g00725318689",
      "image_72": "https://secure.gravatar.com/avatar/007253186898705d4f28c384188b8a63.jpg?s=72&d=https%3A%2F%2Fa.slack-edge.com%2Fdf10d%2Fimg%2Favatars%2Fava_0007-72.png",
      "first_name": "Mark",
      "real_name": "Mark Crawford",
      "display_name": "Mark Crawford",
      "team": "T03U4J8HMUG",
      "name": "Mark",
      "is_restricted": false,
      "is_ultra_restricted": false
    },
    "thread_ts": "1665405130.041539",
    "parent_user_id": "U03UUR571A5"
  },
  {
    "client_msg_id": "f8fad214-9338-455b-ba01-501b32832ddf",
    "type": "message",
    "text": "the meeting is now right?",
    "user": "U03V61VGQG0",
    "ts": "1665412222.423159",
    "blocks": [
      {
        "type": "rich_text",
        "block_id": "oTb",
        "elements": [
          {
            "type": "rich_text_section",
            "elements": [
              {
                "type": "text",
                "text": "the meeting is now right?"
              }
            ]
          }
        ]
      }
    ],
    "team": "T03U4J8HMUG",
    "user_team": "T03U4J8HMUG",
    "source_team": "T03U4J8HMUG",
    "user_profile": {
      "avatar_hash": "5e18062f5298",
      "image_72": "https://avatars.slack-edge.com/2022-08-29/3997574519670_5e18062f5298c6182ca5_72.jpg",
      "first_name": "Paula",
      "real_name": "Paula Bryant",
      "display_name": "Paula Bryant",
      "team": "T03U4J8HMUG",
      "name": "Paula",
      "is_restricted": false,
      "is_ultra_restricted": false
    }
  },
  {
    "client_msg_id": "30b88919-98f5-4032-8261-ca5391208bc2",
    "type": "message",
    "text": "Yes.",
    "user": "U03UUR571A5",
    "ts": "1665412484.475129",
    "blocks": [
      {
        "type": "rich_text",
        "block_id": "Jz5P",
        "elements": [
          {
            "type": "rich_text_section",
            "elements": [
              {
                "type": "text",
                "text": "Yes."
              }
            ]
          }
        ]
      }
    ],
    "team": "T03U4J8HMUG",
    "user_team": "T03U4J8HMUG",
    "source_team": "T03U4J8HMUG",
    "user_profile": {
      "avatar_hash": "g95c5cde44bc",
      "image_72": "https://secure.gravatar.com/avatar/95c5cde44bc023bd369920b7e1ed0c94.jpg?s=72&d=https%3A%2F%2Fa.slack-edge.com%2Fdf10d%2Fimg%2Favatars%2Fava_0017-72.png",
      "first_name": "Amy",
      "real_name": "Amy Leon",
      "display_name": "Amy Leon",
      "team": "T03U4J8HMUG",
      "name": "Amy",
      "is_restricted": false,
      "is_ultra_restricted": false
    }
  },
  {
    "client_msg_id": "3d1164b7-0c18-4642-a9e9-863bcb6746a4",
    "type": "message",
    "text": "if it is started let me in",
    "user": "U03U1J51VFZ",
    "ts": "1665412525.763839",
    "blocks": [
      {
        "type": "rich_text",
        "block_id": "dNh",
        "elements": [
          {
            "type": "rich_text_section",
            "elements": [
              {
                "type": "text",
                "text": "if it is started let me in"
              }
            ]
          }
        ]
      }
    ],
    "team": "T03U4J8HMUG",
    "user_team": "T03U4J8HMUG",
    "source_team": "T03U4J8HMUG",
    "user_profile": {
      "avatar_hash": "f10afbc7b806",
      "image_72": "https://avatars.slack-edge.com/2022-08-20/3968075210083_f10afbc7b8060c472ad0_72.png",
      "first_name": "Cheryl",
      "real_name": "Cheryl Hudson",
      "display_name": "Cheryl Hudson",
      "team": "T03U4J8HMUG",
      "name": "Cheryl",
      "is_restricted": false,
      "is_ultra_restricted": false
    }
  },
  {
    "client_msg_id": "b6386b54-de62-480e-ad3f-60804cab7abf",
    "type": "message",
    "text": "<!here> meeting has started",
    "user": "U03V61VGQG0",
    "ts": "1665412786.041369",
    "blocks": [
      {
        "type": "rich_text",
        "block_id": "q9i",
        "elements": [
          {
            "type": "rich_text_section",
            "elements": [
              {
                "type": "broadcast",
                "range": "here"
              },
              {
                "type": "text",
                "text": " meeting has started"
              }
            ]
          }
        ]
      }
    ],
    "team": "T03U4J8HMUG",
    "user_team": "T03U4J8HMUG",
    "source_team": "T03U4J8HMUG",
    "user_profile": {
      "avatar_hash": "5e18062f5298",
      "image_72": "https://avatars.slack-edge.com/2022-08-29/3997574519670_5e18062f5298c6182ca5_72.jpg",
      "first_name": "Paula",
      "real_name": "Paula Bryant",
      "display_name": "Paula Bryant",
      "team": "T03U4J8HMUG",
      "name": "Paula",
      "is_restricted": false,
      "is_ultra_restricted": false
    }
  },
  {
    "client_msg_id": "b39f106f-d561-4b96-8624-ec0440bd9800",
    "type": "message",
    "text": "I'm sorry I missed the meeting. I stepped out.",
    "user": "U03UJN29Y4C",
    "ts": "1665414573.699829",
    "blocks": [
      {
        "type": "rich_text",
        "block_id": "B/HxN",
        "elements": [
          {
            "type": "rich_text_section",
            "elements": [
              {
                "type": "text",
                "text": "I'm sorry I missed the meeting. I stepped out."
              }
            ]
          }
        ]
      }
    ],
    "team": "T03U4J8HMUG",
    "user_team": "T03U4J8HMUG",
    "source_team": "T03U4J8HMUG",
    "user_profile": {
      "avatar_hash": "9bf024280cf1",
      "image_72": "https://avatars.slack-edge.com/2022-10-08/4190947116101_9bf024280cf14dffb003_72.jpg",
      "first_name": "Michelle",
      "real_name": "Michelle Lewis",
      "display_name": "Michelle Lewis",
      "team": "T03U4J8HMUG",
      "name": "Michelle",
      "is_restricted": false,
      "is_ultra_restricted": false
    }
  },
  {
    "client_msg_id": "52c31405-cc18-4a8f-8450-803d7999b8bb",
    "type": "message",
    "text": "To ensure all members' presence in meeting, can we have fixed meeting time twice a day. I understand the 7am UTC catch up meeting is already fixed, I think it's best to fix another for later in the day.",
    "user": "U03UJN29Y4C",
    "ts": "1665414790.658659",
    "blocks": [
      {
        "type": "rich_text",
        "block_id": "i/9B",
        "elements": [
          {
            "type": "rich_text_section",
            "elements": [
              {
                "type": "text",
                "text": "To ensure all members' presence in meeting, can we have fixed meeting time twice a day. I understand the 7am UTC catch up meeting is already fixed, I think it's best to fix another for later in the day."
              }
            ]
          }
        ]
      }
    ],
    "team": "T03U4J8HMUG",
    "user_team": "T03U4J8HMUG",
    "source_team": "T03U4J8HMUG",
    "user_profile": {
      "avatar_hash": "9bf024280cf1",
      "image_72": "https://avatars.slack-edge.com/2022-10-08/4190947116101_9bf024280cf14dffb003_72.jpg",
      "first_name": "Michelle",
      "real_name": "Michelle Lewis",
      "display_name": "Michelle Lewis",
      "team": "T03U4J8HMUG",
      "name": "Michelle",
      "is_restricted": false,
      "is_ultra_restricted": false
    }
  },
  {
    "client_msg_id": "9bc18431-be83-49a6-aa11-06b61615496d",
    "type": "message",
    "text": "<!here> 7 AM UTC is fixed meeting time, before an hour from the daily standup. The later one is not mandatory since everybody might not be able to make it, but if we face any major issue we can have those kind of calls.",
    "user": "U03UUR571A5",
    "ts": "1665415043.333889",
    "blocks": [
      {
        "type": "rich_text",
        "block_id": "m3iT9",
        "elements": [
          {
            "type": "rich_text_section",
            "elements": [
              {
                "type": "broadcast",
                "range": "here"
              },
              {
                "type": "text",
                "text": " 7 AM UTC is fixed meeting time, before an hour from the daily standup. The later one is not mandatory since everybody might not be able to make it, but if we face any major issue we can have those kind of calls."
              }
            ]
          }
        ]
      }
    ],
    "team": "T03U4J8HMUG",
    "user_team": "T03U4J8HMUG",
    "source_team": "T03U4J8HMUG",
    "user_profile": {
      "avatar_hash": "g95c5cde44bc",
      "image_72": "https://secure.gravatar.com/avatar/95c5cde44bc023bd369920b7e1ed0c94.jpg?s=72&d=https%3A%2F%2Fa.slack-edge.com%2Fdf10d%2Fimg%2Favatars%2Fava_0017-72.png",
      "first_name": "Amy",
      "real_name": "Amy Leon",
      "display_name": "Amy Leon",
      "team": "T03U4J8HMUG",
      "name": "Amy",
      "is_restricted": false,
      "is_ultra_restricted": false
    },
    "edited": {
      "user": "U03UUR571A5",
      "ts": "1665415113.000000"
    }
  },
  {
    "client_msg_id": "90491ad3-79cf-409e-bbed-ba98fb7475ec",
    "type": "message",
    "text": "Hello everyone, we'll be having our meeting with group 5 on Thursday after the stand-up.",
    "user": "U03UUP56MDF",
    "ts": "1665422619.626019",
    "blocks": [
      {
        "type": "rich_text",
        "block_id": "+1X",
        "elements": [
          {
            "type": "rich_text_section",
            "elements": [
              {
                "type": "text",
                "text": "Hello everyone, we'll be having our meeting with group 5 on Thursday after the stand-up."
              }
            ]
          }
        ]
      }
    ],
    "team": "T03U4J8HMUG",
    "user_team": "T03U4J8HMUG",
    "source_team": "T03U4J8HMUG",
    "user_profile": {
      "avatar_hash": "g00725318689",
      "image_72": "https://secure.gravatar.com/avatar/007253186898705d4f28c384188b8a63.jpg?s=72&d=https%3A%2F%2Fa.slack-edge.com%2Fdf10d%2Fimg%2Favatars%2Fava_0007-72.png",
      "first_name": "Mark",
      "real_name": "Mark Crawford",
      "display_name": "Mark Crawford",
      "team": "T03U4J8HMUG",
      "name": "Mark",
      "is_restricted": false,
      "is_ultra_restricted": false
    },
    "edited": {
      "user": "U03UUP56MDF",
      "ts": "1665422863.000000"
    },
    "reactions": [
      {
        "name": "white_check_mark",
        "users": [
          "U03UUR571A5"
        ],
        "count": 1
      }
    ]
  },
  {
    "client_msg_id": "b269f10f-836b-479d-a924-f573f23d55b8",
    "type": "message",
    "text": "But we are group 2",
    "user": "U03UJN29Y4C",
    "ts": "1665422789.813479",
    "blocks": [
      {
        "type": "rich_text",
        "block_id": "VXM",
        "elements": [
          {
            "type": "rich_text_section",
            "elements": [
              {
                "type": "text",
                "text": "But we are group 2"
              }
            ]
          }
        ]
      }
    ],
    "team": "T03U4J8HMUG",
    "user_team": "T03U4J8HMUG",
    "source_team": "T03U4J8HMUG",
    "user_profile": {
      "avatar_hash": "9bf024280cf1",
      "image_72": "https://avatars.slack-edge.com/2022-10-08/4190947116101_9bf024280cf14dffb003_72.jpg",
      "first_name": "Michelle",
      "real_name": "Michelle Lewis",
      "display_name": "Michelle Lewis",
      "team": "T03U4J8HMUG",
      "name": "Michelle",
      "is_restricted": false,
      "is_ultra_restricted": false
    }
  },
  {
    "client_msg_id": "972f04bb-112e-431a-8130-04d107b39725",
    "type": "message",
    "text": "Sorry my mistake I meant to say group 5.",
    "user": "U03UUP56MDF",
    "ts": "1665422842.530179",
    "blocks": [
      {
        "type": "rich_text",
        "block_id": "g+k5",
        "elements": [
          {
            "type": "rich_text_section",
            "elements": [
              {
                "type": "text",
                "text": "Sorry my mistake I meant to say group 5."
              }
            ]
          }
        ]
      }
    ],
    "team": "T03U4J8HMUG",
    "user_team": "T03U4J8HMUG",
    "source_team": "T03U4J8HMUG",
    "user_profile": {
      "avatar_hash": "g00725318689",
      "image_72": "https://secure.gravatar.com/avatar/007253186898705d4f28c384188b8a63.jpg?s=72&d=https%3A%2F%2Fa.slack-edge.com%2Fdf10d%2Fimg%2Favatars%2Fava_0007-72.png",
      "first_name": "Mark",
      "real_name": "Mark Crawford",
      "display_name": "Mark Crawford",
      "team": "T03U4J8HMUG",
      "name": "Mark",
      "is_restricted": false,
      "is_ultra_restricted": false
    }
  },
  {
    "client_msg_id": "59581120-b4f8-4b94-9438-c3785f2a5155",
    "type": "message",
    "text": "Alright",
    "user": "U03UJN29Y4C",
    "ts": "1665422902.736409",
    "blocks": [
      {
        "type": "rich_text",
        "block_id": "nRxDD",
        "elements": [
          {
            "type": "rich_text_section",
            "elements": [
              {
                "type": "text",
                "text": "Alright"
              }
            ]
          }
        ]
      }
    ],
    "team": "T03U4J8HMUG",
    "user_team": "T03U4J8HMUG",
    "source_team": "T03U4J8HMUG",
    "user_profile": {
      "avatar_hash": "9bf024280cf1",
      "image_72": "https://avatars.slack-edge.com/2022-10-08/4190947116101_9bf024280cf14dffb003_72.jpg",
      "first_name": "Michelle",
      "real_name": "Michelle Lewis",
      "display_name": "Michelle Lewis",
      "team": "T03U4J8HMUG",
      "name": "Michelle",
      "is_restricted": false,
      "is_ultra_restricted": false
    }
  },
  {
    "client_msg_id": "586a944f-b41f-4ca5-993b-6d4f87502562",
    "type": "message",
    "text": "Working environment for this week,\n`conda activate g2_env_crypto`",
    "user": "U03UUR571A5",
    "ts": "1665441185.044169",
    "blocks": [
      {
        "type": "rich_text",
        "block_id": "l/b",
        "elements": [
          {
            "type": "rich_text_section",
            "elements": [
              {
                "type": "text",
                "text": "Working environment for this week,\n"
              },
              {
                "type": "text",
                "text": "conda activate g2_env_crypto",
                "style": {
                  "code": true
                }
              }
            ]
          }
        ]
      }
    ],
    "team": "T03U4J8HMUG",
    "user_team": "T03U4J8HMUG",
    "source_team": "T03U4J8HMUG",
    "user_profile": {
      "avatar_hash": "g95c5cde44bc",
      "image_72": "https://secure.gravatar.com/avatar/95c5cde44bc023bd369920b7e1ed0c94.jpg?s=72&d=https%3A%2F%2Fa.slack-edge.com%2Fdf10d%2Fimg%2Favatars%2Fava_0017-72.png",
      "first_name": "Amy",
      "real_name": "Amy Leon",
      "display_name": "Amy Leon",
      "team": "T03U4J8HMUG",
      "name": "Amy",
      "is_restricted": false,
      "is_ultra_restricted": false
    },
    "edited": {
      "user": "U03UUR571A5",
      "ts": "1665441215.000000"
    }
  },
  {
    "client_msg_id": "2c3caa7b-3018-4bd9-92ac-feda3c40b9a6",
    "type": "message",
    "text": "Our group resource sharing doc.\n<https://docs.google.com/document/d/1NXaTt-yHLsWQaP4xJ56IYxfq5nqb0yP8s-KpAmacoQ0/edit?usp=sharing>",
    "user": "U03UUR571A5",
    "ts": "1665444705.602109",
    "blocks": [
      {
        "type": "rich_text",
        "block_id": "0W6jv",
        "elements": [
          {
            "type": "rich_text_section",
            "elements": [
              {
                "type": "text",
                "text": "Our group resource sharing doc.\n"
              },
              {
                "type": "link",
                "url": "https://docs.google.com/document/d/1NXaTt-yHLsWQaP4xJ56IYxfq5nqb0yP8s-KpAmacoQ0/edit?usp=sharing"
              }
            ]
          }
        ]
      }
    ],
    "team": "T03U4J8HMUG",
    "user_team": "T03U4J8HMUG",
    "source_team": "T03U4J8HMUG",
    "user_profile": {
      "avatar_hash": "g95c5cde44bc",
      "image_72": "https://secure.gravatar.com/avatar/95c5cde44bc023bd369920b7e1ed0c94.jpg?s=72&d=https%3A%2F%2Fa.slack-edge.com%2Fdf10d%2Fimg%2Favatars%2Fava_0017-72.png",
      "first_name": "Amy",
      "real_name": "Amy Leon",
      "display_name": "Amy Leon",
      "team": "T03U4J8HMUG",
      "name": "Amy",
      "is_restricted": false,
      "is_ultra_restricted": false
    }
  },
  {
    "type": "message",
    "text": "Having this problem when I try to run back testing with backtrader",
    "files": [
      {
        "id": "F045QTL3J14",
        "created": 1665448642,
        "timestamp": 1665448642,
        "name": "IMG_20221011_033152_385.jpg",
        "title": "IMG_20221011_033152_385.jpg",
        "mimetype": "image/jpeg",
        "filetype": "jpg",
        "pretty_type": "JPEG",
        "user": "U03U1J51VFZ",
        "user_team": "T03U4J8HMUG",
        "editable": false,
        "size": 69286,
        "mode": "hosted",
        "is_external": false,
        "external_type": "",
        "is_public": true,
        "public_url_shared": false,
        "display_as_bot": false,
        "username": "",
        "url_private": "https://files.slack.com/files-pri/T03U4J8HMUG-F045QTL3J14/img_20221011_033152_385.jpg?t=xoxe-3956620599968-6240746766294-6247387524178-110fc6768eefd7fcb909c4550875ed49",
        "url_private_download": "https://files.slack.com/files-pri/T03U4J8HMUG-F045QTL3J14/download/img_20221011_033152_385.jpg?t=xoxe-3956620599968-6240746766294-6247387524178-110fc6768eefd7fcb909c4550875ed49",
        "media_display_type": "unknown",
        "thumb_64": "https://files.slack.com/files-tmb/T03U4J8HMUG-F045QTL3J14-a948754da6/img_20221011_033152_385_64.jpg?t=xoxe-3956620599968-6240746766294-6247387524178-110fc6768eefd7fcb909c4550875ed49",
        "thumb_80": "https://files.slack.com/files-tmb/T03U4J8HMUG-F045QTL3J14-a948754da6/img_20221011_033152_385_80.jpg?t=xoxe-3956620599968-6240746766294-6247387524178-110fc6768eefd7fcb909c4550875ed49",
        "thumb_360": "https://files.slack.com/files-tmb/T03U4J8HMUG-F045QTL3J14-a948754da6/img_20221011_033152_385_360.jpg?t=xoxe-3956620599968-6240746766294-6247387524178-110fc6768eefd7fcb909c4550875ed49",
        "thumb_360_w": 360,
        "thumb_360_h": 206,
        "thumb_480": "https://files.slack.com/files-tmb/T03U4J8HMUG-F045QTL3J14-a948754da6/img_20221011_033152_385_480.jpg?t=xoxe-3956620599968-6240746766294-6247387524178-110fc6768eefd7fcb909c4550875ed49",
        "thumb_480_w": 480,
        "thumb_480_h": 275,
        "thumb_160": "https://files.slack.com/files-tmb/T03U4J8HMUG-F045QTL3J14-a948754da6/img_20221011_033152_385_160.jpg?t=xoxe-3956620599968-6240746766294-6247387524178-110fc6768eefd7fcb909c4550875ed49",
        "thumb_720": "https://files.slack.com/files-tmb/T03U4J8HMUG-F045QTL3J14-a948754da6/img_20221011_033152_385_720.jpg?t=xoxe-3956620599968-6240746766294-6247387524178-110fc6768eefd7fcb909c4550875ed49",
        "thumb_720_w": 720,
        "thumb_720_h": 412,
        "thumb_800": "https://files.slack.com/files-tmb/T03U4J8HMUG-F045QTL3J14-a948754da6/img_20221011_033152_385_800.jpg?t=xoxe-3956620599968-6240746766294-6247387524178-110fc6768eefd7fcb909c4550875ed49",
        "thumb_800_w": 800,
        "thumb_800_h": 458,
        "thumb_960": "https://files.slack.com/files-tmb/T03U4J8HMUG-F045QTL3J14-a948754da6/img_20221011_033152_385_960.jpg?t=xoxe-3956620599968-6240746766294-6247387524178-110fc6768eefd7fcb909c4550875ed49",
        "thumb_960_w": 960,
        "thumb_960_h": 550,
        "thumb_1024": "https://files.slack.com/files-tmb/T03U4J8HMUG-F045QTL3J14-a948754da6/img_20221011_033152_385_1024.jpg?t=xoxe-3956620599968-6240746766294-6247387524178-110fc6768eefd7fcb909c4550875ed49",
        "thumb_1024_w": 1024,
        "thumb_1024_h": 586,
        "original_w": 1280,
        "original_h": 733,
        "thumb_tiny": "AwAbADCocfT8KTP0oNN6GgB+T60m4+9ITSZ96AFyf8ijNJRmgBx6U2p9ikdKTYvpVKLZPOiLge9ITntU2xfSjYuelHIxc6IaKn8tPT9aTy19KOVj50f/2Q==",
        "permalink": "https://10academybatch6.slack.com/files/U03U1J51VFZ/F045QTL3J14/img_20221011_033152_385.jpg",
        "permalink_public": "https://slack-files.com/T03U4J8HMUG-F045QTL3J14-598aeb45d6",
        "is_starred": false,
        "has_rich_preview": false,
        "file_access": "visible"
      }
    ],
    "upload": false,
    "user": "U03U1J51VFZ",
    "display_as_bot": false,
    "ts": "1665448647.071639",
    "blocks": [
      {
        "type": "rich_text",
        "block_id": "w7k",
        "elements": [
          {
            "type": "rich_text_section",
            "elements": [
              {
                "type": "text",
                "text": "Having this problem when I try to run back testing with backtrader"
              }
            ]
          }
        ]
      }
    ],
    "client_msg_id": "2fe10b96-5e3e-4da4-8dbf-500dbd46527f",
    "thread_ts": "1665448647.071639",
    "reply_count": 20,
    "reply_users_count": 4,
    "latest_reply": "1665478937.391709",
    "reply_users": [
      "U03V61VGQG0",
      "U03U1J51VFZ",
      "U03UUR571A5",
      "U03UUP56MDF"
    ],
    "replies": [
      {
        "user": "U03V61VGQG0",
        "ts": "1665451561.890449"
      },
      {
        "user": "U03U1J51VFZ",
        "ts": "1665467318.313059"
      },
      {
        "user": "U03V61VGQG0",
        "ts": "1665476801.487849"
      },
      {
        "user": "U03UUR571A5",
        "ts": "1665476914.029469"
      },
      {
        "user": "U03UUR571A5",
        "ts": "1665476959.800599"
      },
      {
        "user": "U03V61VGQG0",
        "ts": "1665477119.336099"
      },
      {
        "user": "U03UUR571A5",
        "ts": "1665477220.259429"
      },
      {
        "user": "U03V61VGQG0",
        "ts": "1665477239.480509"
      },
      {
        "user": "U03UUR571A5",
        "ts": "1665477260.731319"
      },
      {
        "user": "U03UUR571A5",
        "ts": "1665477268.890039"
      },
      {
        "user": "U03V61VGQG0",
        "ts": "1665477294.208429"
      },
      {
        "user": "U03V61VGQG0",
        "ts": "1665477404.830239"
      },
      {
        "user": "U03UUR571A5",
        "ts": "1665477512.761129"
      },
      {
        "user": "U03UUR571A5",
        "ts": "1665477532.954809"
      },
      {
        "user": "U03UUR571A5",
        "ts": "1665477603.987039"
      },
      {
        "user": "U03UUP56MDF",
        "ts": "1665478093.377369"
      },
      {
        "user": "U03UUR571A5",
        "ts": "1665478200.499049"
      },
      {
        "user": "U03UUP56MDF",
        "ts": "1665478251.652619"
      },
      {
        "user": "U03UUR571A5",
        "ts": "1665478347.820459"
      },
      {
        "user": "U03UUP56MDF",
        "ts": "1665478937.391709"
      }
    ],
    "is_locked": false,
    "subscribed": false
  },
  {
    "client_msg_id": "0a25fbd3-0e77-4ed0-a997-88f3463cc96c",
    "type": "message",
    "text": "you have to install ipykernel\n```pip install ipykernel```\nfrom terminal",
    "user": "U03V61VGQG0",
    "ts": "1665451561.890449",
    "blocks": [
      {
        "type": "rich_text",
        "block_id": "Oi9",
        "elements": [
          {
            "type": "rich_text_section",
            "elements": [
              {
                "type": "text",
                "text": "you have to install ipykernel\n"
              }
            ]
          },
          {
            "type": "rich_text_preformatted",
            "elements": [
              {
                "type": "text",
                "text": "pip install ipykernel"
              }
            ],
            "border": 0
          },
          {
            "type": "rich_text_section",
            "elements": [
              {
                "type": "text",
                "text": "from terminal"
              }
            ]
          }
        ]
      }
    ],
    "team": "T03U4J8HMUG",
    "user_team": "T03U4J8HMUG",
    "source_team": "T03U4J8HMUG",
    "user_profile": {
      "avatar_hash": "5e18062f5298",
      "image_72": "https://avatars.slack-edge.com/2022-08-29/3997574519670_5e18062f5298c6182ca5_72.jpg",
      "first_name": "Paula",
      "real_name": "Paula Bryant",
      "display_name": "Paula Bryant",
      "team": "T03U4J8HMUG",
      "name": "Paula",
      "is_restricted": false,
      "is_ultra_restricted": false
    },
    "thread_ts": "1665448647.071639",
    "parent_user_id": "U03U1J51VFZ"
  },
  {
    "client_msg_id": "08ecefcb-8dca-4cfe-b6ff-150ee1125e1c",
    "type": "message",
    "text": "I did install ipykernel but still the same",
    "user": "U03U1J51VFZ",
    "ts": "1665467318.313059",
    "blocks": [
      {
        "type": "rich_text",
        "block_id": "4uAD",
        "elements": [
          {
            "type": "rich_text_section",
            "elements": [
              {
                "type": "text",
                "text": "I did install ipykernel but still the same"
              }
            ]
          }
        ]
      }
    ],
    "team": "T03U4J8HMUG",
    "user_team": "T03U4J8HMUG",
    "source_team": "T03U4J8HMUG",
    "user_profile": {
      "avatar_hash": "f10afbc7b806",
      "image_72": "https://avatars.slack-edge.com/2022-08-20/3968075210083_f10afbc7b8060c472ad0_72.png",
      "first_name": "Cheryl",
      "real_name": "Cheryl Hudson",
      "display_name": "Cheryl Hudson",
      "team": "T03U4J8HMUG",
      "name": "Cheryl",
      "is_restricted": false,
      "is_ultra_restricted": false
    },
    "thread_ts": "1665448647.071639",
    "parent_user_id": "U03U1J51VFZ"
  }
]