[
  {
    "client_msg_id": "0b672f97-76c1-498a-a081-5098bc94678c",
    "type": "message",
    "text": "*<!here>* good morning our meeting has started, please join using the link.\n<https://meet.google.com/iwq-wbyc-jzx>",
    "user": "U03UUP56MDF",
    "ts": "1665817412.844129",
    "blocks": [
      {
        "type": "rich_text",
        "block_id": "BTfc",
        "elements": [
          {
            "type": "rich_text_section",
            "elements": [
              {
                "type": "broadcast",
                "range": "here",
                "style": {
                  "bold": true
                }
              },
              {
                "type": "text",
                "text": " good morning our meeting has started, please join using the link.\n"
              },
              {
                "type": "link",
                "url": "https://meet.google.com/iwq-wbyc-jzx"
              }
            ]
          }
        ]
      }
    ],
    "team": "T03U4J8HMUG",
    "user_team": "T03U4J8HMUG",
    "source_team": "T03U4J8HMUG",
    "user_profile": {
      "avatar_hash": "g00725318689",
      "image_72": "https://secure.gravatar.com/avatar/007253186898705d4f28c384188b8a63.jpg?s=72&d=https%3A%2F%2Fa.slack-edge.com%2Fdf10d%2Fimg%2Favatars%2Fava_0007-72.png",
      "first_name": "Mark",
      "real_name": "Mark Crawford",
      "display_name": "Mark Crawford",
      "team": "T03U4J8HMUG",
      "name": "Mark",
      "is_restricted": false,
      "is_ultra_restricted": false
    },
    "attachments": [
      {
        "from_url": "https://meet.google.com/iwq-wbyc-jzx",
        "thumb_url": "https://fonts.gstatic.com/s/i/productlogos/meet_2020q4/v1/web-96dp/logo_meet_2020q4_color_2x_web_96dp.png",
        "thumb_width": 192,
        "thumb_height": 192,
        "service_icon": "http://fonts.gstatic.com/s/i/productlogos/meet_2020q4/v1/web-24dp/logo_meet_2020q4_color_1x_web_24dp.png",
        "id": 1,
        "original_url": "https://meet.google.com/iwq-wbyc-jzx",
        "fallback": "Meet",
        "text": "Real-time meetings by Google. Using your browser, share your video, desktop, and presentations with teammates and customers.",
        "title": "Meet",
        "title_link": "https://meet.google.com/iwq-wbyc-jzx",
        "service_name": "meet.google.com"
      }
    ]
  },
  {
    "client_msg_id": "2f1e9101-08a7-425b-8c1a-5db8c9f49681",
    "type": "message",
    "text": "<!here> please use the Google doc link to write about which component of the project you've been working on and how it was implemented for the final report.\n<https://docs.google.com/document/d/1-qn96NWFLpz9m54F7UjQRCwo2WmgKh0BcJ7SNdY1QdE/edit?usp=sharing>",
    "user": "U03UUP56MDF",
    "ts": "1665819217.921429",
    "blocks": [
      {
        "type": "rich_text",
        "block_id": "7/AP",
        "elements": [
          {
            "type": "rich_text_section",
            "elements": [
              {
                "type": "broadcast",
                "range": "here"
              },
              {
                "type": "text",
                "text": " please use the Google doc link to write about which component of the project you've been working on and how it was implemented for the final report.\n"
              },
              {
                "type": "link",
                "url": "https://docs.google.com/document/d/1-qn96NWFLpz9m54F7UjQRCwo2WmgKh0BcJ7SNdY1QdE/edit?usp=sharing"
              }
            ]
          }
        ]
      }
    ],
    "team": "T03U4J8HMUG",
    "user_team": "T03U4J8HMUG",
    "source_team": "T03U4J8HMUG",
    "user_profile": {
      "avatar_hash": "g00725318689",
      "image_72": "https://secure.gravatar.com/avatar/007253186898705d4f28c384188b8a63.jpg?s=72&d=https%3A%2F%2Fa.slack-edge.com%2Fdf10d%2Fimg%2Favatars%2Fava_0007-72.png",
      "first_name": "Mark",
      "real_name": "Mark Crawford",
      "display_name": "Mark Crawford",
      "team": "T03U4J8HMUG",
      "name": "Mark",
      "is_restricted": false,
      "is_ultra_restricted": false
    }
  },
  {
    "client_msg_id": "6247d991-1a42-4ad9-92e0-46d38d8cb68a",
    "type": "message",
    "text": "<!here> I have added a brief description for some of the components used in our project, please update the doc with details of the different parts you've been working on.",
    "user": "U03UUP56MDF",
    "ts": "1665846910.396959",
    "blocks": [
      {
        "type": "rich_text",
        "block_id": "rj8SW",
        "elements": [
          {
            "type": "rich_text_section",
            "elements": [
              {
                "type": "broadcast",
                "range": "here"
              },
              {
                "type": "text",
                "text": " I have added a brief description for some of the components used in our project, please update the doc with details of the different parts you've been working on."
              }
            ]
          }
        ]
      }
    ],
    "team": "T03U4J8HMUG",
    "user_team": "T03U4J8HMUG",
    "source_team": "T03U4J8HMUG",
    "user_profile": {
      "avatar_hash": "g00725318689",
      "image_72": "https://secure.gravatar.com/avatar/007253186898705d4f28c384188b8a63.jpg?s=72&d=https%3A%2F%2Fa.slack-edge.com%2Fdf10d%2Fimg%2Favatars%2Fava_0007-72.png",
      "first_name": "Mark",
      "real_name": "Mark Crawford",
      "display_name": "Mark Crawford",
      "team": "T03U4J8HMUG",
      "name": "Mark",
      "is_restricted": false,
      "is_ultra_restricted": false
    }
  }
]