[
  {
    "type": "message",
    "text": "we have a presentation today, i prepared a short powerpoint.....can anyone present this?",
    "files": [
      {
        "id": "F0413SJQ1J8",
        "created": 1662361814,
        "timestamp": 1662361814,
        "name": "General presentation_2.pdf",
        "title": "General presentation_2.pdf",
        "mimetype": "application/pdf",
        "filetype": "pdf",
        "pretty_type": "PDF",
        "user": "U03UJGP0C68",
        "user_team": "T03U4J8HMUG",
        "editable": false,
        "size": 183432,
        "mode": "hosted",
        "is_external": false,
        "external_type": "",
        "is_public": true,
        "public_url_shared": false,
        "display_as_bot": false,
        "username": "",
        "url_private": "https://files.slack.com/files-pri/T03U4J8HMUG-F0413SJQ1J8/general_presentation_2.pdf?t=xoxe-3956620599968-6240746766294-6247387524178-110fc6768eefd7fcb909c4550875ed49",
        "url_private_download": "https://files.slack.com/files-pri/T03U4J8HMUG-F0413SJQ1J8/download/general_presentation_2.pdf?t=xoxe-3956620599968-6240746766294-6247387524178-110fc6768eefd7fcb909c4550875ed49",
        "media_display_type": "unknown",
        "thumb_pdf": "https://files.slack.com/files-tmb/T03U4J8HMUG-F0413SJQ1J8-ba7b57ecf0/general_presentation_2_thumb_pdf.png?t=xoxe-3956620599968-6240746766294-6247387524178-110fc6768eefd7fcb909c4550875ed49",
        "thumb_pdf_w": 1100,
        "thumb_pdf_h": 619,
        "permalink": "https://10academybatch6.slack.com/files/U03UJGP0C68/F0413SJQ1J8/general_presentation_2.pdf",
        "permalink_public": "https://slack-files.com/T03U4J8HMUG-F0413SJQ1J8-fcd46d2871",
        "is_starred": false,
        "has_rich_preview": false,
        "file_access": "visible"
      }
    ],
    "upload": false,
    "user": "U03UJGP0C68",
    "display_as_bot": false,
    "ts": "1662361833.850829",
    "blocks": [
      {
        "type": "rich_text",
        "block_id": "=6zgz",
        "elements": [
          {
            "type": "rich_text_section",
            "elements": [
              {
                "type": "text",
                "text": "we have a presentation today, i prepared a short powerpoint.....can anyone present this?"
              }
            ]
          }
        ]
      }
    ],
    "client_msg_id": "1ce68483-cbb1-4071-9d93-0b7ccb0e5e26"
  },
  {
    "client_msg_id": "acf5df3a-04e1-4c95-a5c9-3442b6a27a0e",
    "type": "message",
    "text": "I have other session, I'm attending that",
    "user": "U03UJGFG2HJ",
    "ts": "1662363367.105599",
    "blocks": [
      {
        "type": "rich_text",
        "block_id": "Bf+zY",
        "elements": [
          {
            "type": "rich_text_section",
            "elements": [
              {
                "type": "text",
                "text": "I have other session, I'm attending that"
              }
            ]
          }
        ]
      }
    ],
    "team": "T03U4J8HMUG",
    "user_team": "T03U4J8HMUG",
    "source_team": "T03U4J8HMUG",
    "user_profile": {
      "avatar_hash": "g61b0889f8df",
      "image_72": "https://secure.gravatar.com/avatar/61b0889f8dfa980264e64c2abc7b2e94.jpg?s=72&d=https%3A%2F%2Fa.slack-edge.com%2Fdf10d%2Fimg%2Favatars%2Fava_0008-72.png",
      "first_name": "Vernon",
      "real_name": "Vernon Garcia",
      "display_name": "Vernon Garcia",
      "team": "T03U4J8HMUG",
      "name": "Vernon",
      "is_restricted": false,
      "is_ultra_restricted": false
    },
    "reactions": [
      {
        "name": "+1",
        "users": [
          "U03UJGP0C68"
        ],
        "count": 1
      }
    ]
  },
  {
    "client_msg_id": "32c704ad-2710-499d-9aab-a976157802c1",
    "type": "message",
    "text": "<@U03UJGP0C68> you were the one and only for week 2:rolling_on_the_floor_laughing:. So please present yourself.",
    "user": "U03UG569P7U",
    "ts": "1662364339.745859",
    "blocks": [
      {
        "type": "rich_text",
        "block_id": "ZFJ/F",
        "elements": [
          {
            "type": "rich_text_section",
            "elements": [
              {
                "type": "user",
                "user_id": "U03UJGP0C68"
              },
              {
                "type": "text",
                "text": " you were the one and only for week 2"
              },
              {
                "type": "emoji",
                "name": "rolling_on_the_floor_laughing",
                "unicode": "1f923"
              },
              {
                "type": "text",
                "text": ". So please present yourself."
              }
            ]
          }
        ]
      }
    ],
    "team": "T03U4J8HMUG",
    "user_team": "T03U4J8HMUG",
    "source_team": "T03U4J8HMUG",
    "user_profile": {
      "avatar_hash": "29bf17011a4a",
      "image_72": "https://avatars.slack-edge.com/2022-08-20/3968176356738_29bf17011a4a887b2730_72.png",
      "first_name": "Melissa",
      "real_name": "Melissa Ingram",
      "display_name": "Melissa Ingram",
      "team": "T03U4J8HMUG",
      "name": "Melissa",
      "is_restricted": false,
      "is_ultra_restricted": false
    }
  },
  {
    "client_msg_id": "9f5d3135-e9fc-430d-a2fc-dfca91d49b66",
    "type": "message",
    "text": "haha enem eko ke sequential behuala alserahum mnm\ngn gudachn new week 2 grade kemr",
    "user": "U03UJGP0C68",
    "ts": "1662364413.909689",
    "blocks": [
      {
        "type": "rich_text",
        "block_id": "LfxM",
        "elements": [
          {
            "type": "rich_text_section",
            "elements": [
              {
                "type": "text",
                "text": "haha enem eko ke sequential behuala alserahum mnm\ngn gudachn new week 2 grade kemr"
              }
            ]
          }
        ]
      }
    ],
    "team": "T03U4J8HMUG",
    "user_team": "T03U4J8HMUG",
    "source_team": "T03U4J8HMUG",
    "user_profile": {
      "avatar_hash": "259faccdce43",
      "image_72": "https://avatars.slack-edge.com/2022-08-20/3965145363573_259faccdce439a8c6345_72.png",
      "first_name": "Judith",
      "real_name": "Judith Bolton",
      "display_name": "Judith Bolton",
      "team": "T03U4J8HMUG",
      "name": "Judith",
      "is_restricted": false,
      "is_ultra_restricted": false
    }
  },
  {
    "client_msg_id": "8eeb3aa6-7988-4809-9094-0af23efd6d4d",
    "type": "message",
    "text": "They said one out of four weeks will not be taken",
    "user": "U03UG569P7U",
    "ts": "1662364514.604629",
    "blocks": [
      {
        "type": "rich_text",
        "block_id": "/SXh",
        "elements": [
          {
            "type": "rich_text_section",
            "elements": [
              {
                "type": "text",
                "text": "They said one out of four weeks will not be taken"
              }
            ]
          }
        ]
      }
    ],
    "team": "T03U4J8HMUG",
    "user_team": "T03U4J8HMUG",
    "source_team": "T03U4J8HMUG",
    "user_profile": {
      "avatar_hash": "29bf17011a4a",
      "image_72": "https://avatars.slack-edge.com/2022-08-20/3968176356738_29bf17011a4a887b2730_72.png",
      "first_name": "Melissa",
      "real_name": "Melissa Ingram",
      "display_name": "Melissa Ingram",
      "team": "T03U4J8HMUG",
      "name": "Melissa",
      "is_restricted": false,
      "is_ultra_restricted": false
    }
  },
  {
    "client_msg_id": "26eae5e1-ebd2-4e86-8770-5945ce8e8f48",
    "type": "message",
    "text": "oh great so beka kezi behuala yalewn work hard",
    "user": "U03UJGP0C68",
    "ts": "1662364565.503969",
    "blocks": [
      {
        "type": "rich_text",
        "block_id": "om2xv",
        "elements": [
          {
            "type": "rich_text_section",
            "elements": [
              {
                "type": "text",
                "text": "oh great so beka kezi behuala yalewn work hard"
              }
            ]
          }
        ]
      }
    ],
    "team": "T03U4J8HMUG",
    "user_team": "T03U4J8HMUG",
    "source_team": "T03U4J8HMUG",
    "user_profile": {
      "avatar_hash": "259faccdce43",
      "image_72": "https://avatars.slack-edge.com/2022-08-20/3965145363573_259faccdce439a8c6345_72.png",
      "first_name": "Judith",
      "real_name": "Judith Bolton",
      "display_name": "Judith Bolton",
      "team": "T03U4J8HMUG",
      "name": "Judith",
      "is_restricted": false,
      "is_ultra_restricted": false
    }
  },
  {
    "client_msg_id": "de86451a-e87e-4997-ade8-ca804cbe4826",
    "type": "message",
    "text": "gd nw. now I have 4G wireless in addition to braodband",
    "user": "U03UG569P7U",
    "ts": "1662364608.285639",
    "blocks": [
      {
        "type": "rich_text",
        "block_id": "QfgB",
        "elements": [
          {
            "type": "rich_text_section",
            "elements": [
              {
                "type": "text",
                "text": "gd nw. now I have 4G wireless in addition to braodband"
              }
            ]
          }
        ]
      }
    ],
    "team": "T03U4J8HMUG",
    "user_team": "T03U4J8HMUG",
    "source_team": "T03U4J8HMUG",
    "user_profile": {
      "avatar_hash": "29bf17011a4a",
      "image_72": "https://avatars.slack-edge.com/2022-08-20/3968176356738_29bf17011a4a887b2730_72.png",
      "first_name": "Melissa",
      "real_name": "Melissa Ingram",
      "display_name": "Melissa Ingram",
      "team": "T03U4J8HMUG",
      "name": "Melissa",
      "is_restricted": false,
      "is_ultra_restricted": false
    }
  },
  {
    "client_msg_id": "edfbaf25-6673-4b54-8efd-08dc563ac86b",
    "type": "message",
    "text": "great great",
    "user": "U03UJGP0C68",
    "ts": "1662364878.234369",
    "blocks": [
      {
        "type": "rich_text",
        "block_id": "vtLq=",
        "elements": [
          {
            "type": "rich_text_section",
            "elements": [
              {
                "type": "text",
                "text": "great great"
              }
            ]
          }
        ]
      }
    ],
    "team": "T03U4J8HMUG",
    "user_team": "T03U4J8HMUG",
    "source_team": "T03U4J8HMUG",
    "user_profile": {
      "avatar_hash": "259faccdce43",
      "image_72": "https://avatars.slack-edge.com/2022-08-20/3965145363573_259faccdce439a8c6345_72.png",
      "first_name": "Judith",
      "real_name": "Judith Bolton",
      "display_name": "Judith Bolton",
      "team": "T03U4J8HMUG",
      "name": "Judith",
      "is_restricted": false,
      "is_ultra_restricted": false
    }
  }
]