[
  {
    "client_msg_id": "3c1311a9-32f8-45b8-bfc5-cb0af8a4fc07",
    "type": "message",
    "text": "<tel:+251911812245|+251911812245> Sennay",
    "user": "U03UD63A8PP",
    "ts": "1661843209.494249",
    "blocks": [
      {
        "type": "rich_text",
        "block_id": "YHdB",
        "elements": [
          {
            "type": "rich_text_section",
            "elements": [
              {
                "type": "link",
                "url": "tel:+251911812245",
                "text": "+251911812245"
              },
              {
                "type": "text",
                "text": " Sennay"
              }
            ]
          }
        ]
      }
    ],
    "team": "T03U4J8HMUG",
    "user_team": "T03U4J8HMUG",
    "source_team": "T03U4J8HMUG",
    "user_profile": {
      "avatar_hash": "8e252a3de508",
      "image_72": "https://avatars.slack-edge.com/2022-08-20/3961564595062_8e252a3de5084e8b5810_72.jpg",
      "first_name": "Randy",
      "real_name": "Randy Miller",
      "display_name": "Randy Miller",
      "team": "T03U4J8HMUG",
      "name": "Randy",
      "is_restricted": false,
      "is_ultra_restricted": false
    }
  },
  {
    "client_msg_id": "DF57011E-7B2B-4E1F-897A-BC4A883CA74E",
    "type": "message",
    "text": "<tel:0912097394|0912097394> Natnael",
    "user": "U03UJGP0C68",
    "ts": "1661843221.216819",
    "blocks": [
      {
        "type": "rich_text",
        "block_id": "KMJi",
        "elements": [
          {
            "type": "rich_text_section",
            "elements": [
              {
                "type": "link",
                "url": "tel:0912097394",
                "text": "0912097394"
              },
              {
                "type": "text",
                "text": " "
              },
              {
                "type": "text",
                "text": "Natnael"
              }
            ]
          }
        ]
      }
    ],
    "team": "T03U4J8HMUG",
    "user_team": "T03U4J8HMUG",
    "source_team": "T03U4J8HMUG",
    "user_profile": {
      "avatar_hash": "259faccdce43",
      "image_72": "https://avatars.slack-edge.com/2022-08-20/3965145363573_259faccdce439a8c6345_72.png",
      "first_name": "Judith",
      "real_name": "Judith Bolton",
      "display_name": "Judith Bolton",
      "team": "T03U4J8HMUG",
      "name": "Judith",
      "is_restricted": false,
      "is_ultra_restricted": false
    }
  },
  {
    "client_msg_id": "e2e594db-3911-4e9f-a5be-c8c194043042",
    "type": "message",
    "text": "0941316223 Lia",
    "user": "U03UJGFG2HJ",
    "ts": "1661843263.413109",
    "blocks": [
      {
        "type": "rich_text",
        "block_id": "2LL/=",
        "elements": [
          {
            "type": "rich_text_section",
            "elements": [
              {
                "type": "text",
                "text": "0941316223 Lia"
              }
            ]
          }
        ]
      }
    ],
    "team": "T03U4J8HMUG",
    "user_team": "T03U4J8HMUG",
    "source_team": "T03U4J8HMUG",
    "user_profile": {
      "avatar_hash": "g61b0889f8df",
      "image_72": "https://secure.gravatar.com/avatar/61b0889f8dfa980264e64c2abc7b2e94.jpg?s=72&d=https%3A%2F%2Fa.slack-edge.com%2Fdf10d%2Fimg%2Favatars%2Fava_0008-72.png",
      "first_name": "Vernon",
      "real_name": "Vernon Garcia",
      "display_name": "Vernon Garcia",
      "team": "T03U4J8HMUG",
      "name": "Vernon",
      "is_restricted": false,
      "is_ultra_restricted": false
    }
  },
  {
    "client_msg_id": "0438a633-d260-44d7-9030-9b58544ed0e2",
    "type": "message",
    "text": "sorry guys",
    "user": "U03UG569P7U",
    "ts": "1661843851.792919",
    "blocks": [
      {
        "type": "rich_text",
        "block_id": "zopo",
        "elements": [
          {
            "type": "rich_text_section",
            "elements": [
              {
                "type": "text",
                "text": "sorry guys"
              }
            ]
          }
        ]
      }
    ],
    "team": "T03U4J8HMUG",
    "user_team": "T03U4J8HMUG",
    "source_team": "T03U4J8HMUG",
    "user_profile": {
      "avatar_hash": "29bf17011a4a",
      "image_72": "https://avatars.slack-edge.com/2022-08-20/3968176356738_29bf17011a4a887b2730_72.png",
      "first_name": "Melissa",
      "real_name": "Melissa Ingram",
      "display_name": "Melissa Ingram",
      "team": "T03U4J8HMUG",
      "name": "Melissa",
      "is_restricted": false,
      "is_ultra_restricted": false
    }
  },
  {
    "client_msg_id": "b6b152d1-fa23-4821-b513-c66546f43de7",
    "type": "message",
    "text": "0965645911",
    "user": "U03UG569P7U",
    "ts": "1661843862.160069",
    "blocks": [
      {
        "type": "rich_text",
        "block_id": "zJVE",
        "elements": [
          {
            "type": "rich_text_section",
            "elements": [
              {
                "type": "text",
                "text": "0965645911"
              }
            ]
          }
        ]
      }
    ],
    "team": "T03U4J8HMUG",
    "user_team": "T03U4J8HMUG",
    "source_team": "T03U4J8HMUG",
    "user_profile": {
      "avatar_hash": "29bf17011a4a",
      "image_72": "https://avatars.slack-edge.com/2022-08-20/3968176356738_29bf17011a4a887b2730_72.png",
      "first_name": "Melissa",
      "real_name": "Melissa Ingram",
      "display_name": "Melissa Ingram",
      "team": "T03U4J8HMUG",
      "name": "Melissa",
      "is_restricted": false,
      "is_ultra_restricted": false
    }
  },
  {
    "client_msg_id": "f152dc61-f799-49d9-999b-a66eee7c87f6",
    "type": "message",
    "text": "hi guys, so have you reached on decision? which task you want to work on?",
    "user": "U03UJGP0C68",
    "ts": "1661858113.795199",
    "blocks": [
      {
        "type": "rich_text",
        "block_id": "0xD3",
        "elements": [
          {
            "type": "rich_text_section",
            "elements": [
              {
                "type": "text",
                "text": "hi guys, so have you reached on decision? which task you want to work on?"
              }
            ]
          }
        ]
      }
    ],
    "team": "T03U4J8HMUG",
    "user_team": "T03U4J8HMUG",
    "source_team": "T03U4J8HMUG",
    "user_profile": {
      "avatar_hash": "259faccdce43",
      "image_72": "https://avatars.slack-edge.com/2022-08-20/3965145363573_259faccdce439a8c6345_72.png",
      "first_name": "Judith",
      "real_name": "Judith Bolton",
      "display_name": "Judith Bolton",
      "team": "T03U4J8HMUG",
      "name": "Judith",
      "is_restricted": false,
      "is_ultra_restricted": false
    }
  },
  {
    "client_msg_id": "2e480136-6ad1-46fc-926b-1a9e84ef4196",
    "type": "message",
    "text": "we forgot to discuss all the tasks kdm...\nwe have to do EDA, Sequential AB test, Classical AB test and if possible we could proceed to task 2\nso please choose a task from these list :point_up:",
    "user": "U03UJGP0C68",
    "ts": "1661858845.184879",
    "blocks": [
      {
        "type": "rich_text",
        "block_id": "ogKD",
        "elements": [
          {
            "type": "rich_text_section",
            "elements": [
              {
                "type": "text",
                "text": "we forgot to discuss all the tasks kdm...\nwe have to do EDA, Sequential AB test, Classical AB test and if possible we could proceed to task 2\nso please choose a task from these list "
              },
              {
                "type": "emoji",
                "name": "point_up",
                "unicode": "261d-fe0f"
              }
            ]
          }
        ]
      }
    ],
    "team": "T03U4J8HMUG",
    "user_team": "T03U4J8HMUG",
    "source_team": "T03U4J8HMUG",
    "user_profile": {
      "avatar_hash": "259faccdce43",
      "image_72": "https://avatars.slack-edge.com/2022-08-20/3965145363573_259faccdce439a8c6345_72.png",
      "first_name": "Judith",
      "real_name": "Judith Bolton",
      "display_name": "Judith Bolton",
      "team": "T03U4J8HMUG",
      "name": "Judith",
      "is_restricted": false,
      "is_ultra_restricted": false
    }
  },
  {
    "client_msg_id": "2f6b0551-8b13-486f-b4ad-e1067621c309",
    "type": "message",
    "text": "Let me try classical Ab test,",
    "user": "U03UJGFG2HJ",
    "ts": "1661859482.372339",
    "blocks": [
      {
        "type": "rich_text",
        "block_id": "IiB",
        "elements": [
          {
            "type": "rich_text_section",
            "elements": [
              {
                "type": "text",
                "text": "Let me try classical Ab test,"
              }
            ]
          }
        ]
      }
    ],
    "team": "T03U4J8HMUG",
    "user_team": "T03U4J8HMUG",
    "source_team": "T03U4J8HMUG",
    "user_profile": {
      "avatar_hash": "g61b0889f8df",
      "image_72": "https://secure.gravatar.com/avatar/61b0889f8dfa980264e64c2abc7b2e94.jpg?s=72&d=https%3A%2F%2Fa.slack-edge.com%2Fdf10d%2Fimg%2Favatars%2Fava_0008-72.png",
      "first_name": "Vernon",
      "real_name": "Vernon Garcia",
      "display_name": "Vernon Garcia",
      "team": "T03U4J8HMUG",
      "name": "Vernon",
      "is_restricted": false,
      "is_ultra_restricted": false
    }
  },
  {
    "client_msg_id": "dc7658d5-cfb5-4391-bcef-75e3a7091859",
    "type": "message",
    "text": "ok good, so <@U03UD63A8PP> and I will work on the sequential AB test...sounds good Senay? do you have anything in mind?",
    "user": "U03UJGP0C68",
    "ts": "1661859980.939929",
    "blocks": [
      {
        "type": "rich_text",
        "block_id": "zyYV",
        "elements": [
          {
            "type": "rich_text_section",
            "elements": [
              {
                "type": "text",
                "text": "ok good, so "
              },
              {
                "type": "user",
                "user_id": "U03UD63A8PP"
              },
              {
                "type": "text",
                "text": " and I will work on the sequential AB test...sounds good Senay? do you have anything in mind?"
              }
            ]
          }
        ]
      }
    ],
    "team": "T03U4J8HMUG",
    "user_team": "T03U4J8HMUG",
    "source_team": "T03U4J8HMUG",
    "user_profile": {
      "avatar_hash": "259faccdce43",
      "image_72": "https://avatars.slack-edge.com/2022-08-20/3965145363573_259faccdce439a8c6345_72.png",
      "first_name": "Judith",
      "real_name": "Judith Bolton",
      "display_name": "Judith Bolton",
      "team": "T03U4J8HMUG",
      "name": "Judith",
      "is_restricted": false,
      "is_ultra_restricted": false
    }
  },
  {
    "client_msg_id": "a1a2f016-729f-48f8-98e8-d8699e363297",
    "type": "message",
    "text": "I think <@U03UG569P7U> , you are comfortable with working on data cleaning and EDA right?",
    "user": "U03UJGP0C68",
    "ts": "1661860007.382949",
    "blocks": [
      {
        "type": "rich_text",
        "block_id": "o79",
        "elements": [
          {
            "type": "rich_text_section",
            "elements": [
              {
                "type": "text",
                "text": "I think "
              },
              {
                "type": "user",
                "user_id": "U03UG569P7U"
              },
              {
                "type": "text",
                "text": " , you are comfortable with working on data cleaning and EDA right?"
              }
            ]
          }
        ]
      }
    ],
    "team": "T03U4J8HMUG",
    "user_team": "T03U4J8HMUG",
    "source_team": "T03U4J8HMUG",
    "user_profile": {
      "avatar_hash": "259faccdce43",
      "image_72": "https://avatars.slack-edge.com/2022-08-20/3965145363573_259faccdce439a8c6345_72.png",
      "first_name": "Judith",
      "real_name": "Judith Bolton",
      "display_name": "Judith Bolton",
      "team": "T03U4J8HMUG",
      "name": "Judith",
      "is_restricted": false,
      "is_ultra_restricted": false
    }
  },
  {
    "client_msg_id": "54faaceb-0093-43a2-82ce-bdde1c10f321",
    "type": "message",
    "text": "Ok",
    "user": "U03UD63A8PP",
    "ts": "1661863104.653979",
    "blocks": [
      {
        "type": "rich_text",
        "block_id": "0rDx",
        "elements": [
          {
            "type": "rich_text_section",
            "elements": [
              {
                "type": "text",
                "text": "Ok"
              }
            ]
          }
        ]
      }
    ],
    "team": "T03U4J8HMUG",
    "user_team": "T03U4J8HMUG",
    "source_team": "T03U4J8HMUG",
    "user_profile": {
      "avatar_hash": "8e252a3de508",
      "image_72": "https://avatars.slack-edge.com/2022-08-20/3961564595062_8e252a3de5084e8b5810_72.jpg",
      "first_name": "Randy",
      "real_name": "Randy Miller",
      "display_name": "Randy Miller",
      "team": "T03U4J8HMUG",
      "name": "Randy",
      "is_restricted": false,
      "is_ultra_restricted": false
    },
    "reactions": [
      {
        "name": "raised_hands",
        "users": [
          "U03UJGP0C68"
        ],
        "count": 1
      }
    ]
  },
  {
    "client_msg_id": "6afa95a5-71e8-42c6-bc77-92a23ff3b357",
    "type": "message",
    "text": "I have more or less completed the sequential a/b test please review it and approve my pull request <@U03UD63A8PP> if anything is missing (especially if you can make different plots) please improve it\n\nHow are we doing so far? Though I don't see any new branches in the repo yaschegere neger kale let's discuss it here",
    "user": "U03UJGP0C68",
    "ts": "1661882672.386619",
    "blocks": [
      {
        "type": "rich_text",
        "block_id": "tIMg",
        "elements": [
          {
            "type": "rich_text_section",
            "elements": [
              {
                "type": "text",
                "text": "I have more or less completed the sequential a/b test please review it and approve my pull request "
              },
              {
                "type": "user",
                "user_id": "U03UD63A8PP"
              },
              {
                "type": "text",
                "text": " if anything is missing (especially if you can make different plots) please improve it\n\nHow are we doing so far? Though I don't see any new branches in the repo yaschegere neger kale let's discuss it here"
              }
            ]
          }
        ]
      }
    ],
    "team": "T03U4J8HMUG",
    "user_team": "T03U4J8HMUG",
    "source_team": "T03U4J8HMUG",
    "user_profile": {
      "avatar_hash": "259faccdce43",
      "image_72": "https://avatars.slack-edge.com/2022-08-20/3965145363573_259faccdce439a8c6345_72.png",
      "first_name": "Judith",
      "real_name": "Judith Bolton",
      "display_name": "Judith Bolton",
      "team": "T03U4J8HMUG",
      "name": "Judith",
      "is_restricted": false,
      "is_ultra_restricted": false
    },
    "edited": {
      "user": "U03UJGP0C68",
      "ts": "1661918332.000000"
    }
  }
]